id,firstName,lastName,gender,matchName,nationality,nationalityId,position,type,dateOfBirth,countryOfBirth,countryOfBirthId,height,weight,shirtNumber,startDate,status,active,shortFirstName,shortLastName,placeOfBirth,foot,endDate,secondNationality,secondNationalityId,knownName
1gkvh4fvq1sxnhl8hiagpqehh,Boris,Gáll,Male,B. Gáll,Slovakia,7dybe8679n9bgyrcxi383pq3y,Attacker,player,1994-04-27,Slovakia,7dybe8679n9bgyrcxi383pq3y,177.0,69.0,8.0,2023-07-01Z,active,yes,NaN,NaN,NaN,NaN,NaN,NaN,NaN,NaN
1si77ro8hvk5qzmqmftf54kmi,Moritz,Römling,Male,M. Römling,Germany,36min0qztu8eydwvpv8t1is0m,Defender,player,2001-04-30,Germany,36min0qztu8eydwvpv8t1is0m,186.0,76.0,33.0,2025-08-22Z,active,yes,Moritz,Römling,Witten,left,NaN,NaN,NaN,NaN
2qokadl62eifjx6m6homcsijt,Adrián,Knurovský,Male,A. Knurovský,Slovakia,7dybe8679n9bgyrcxi383pq3y,Goalkeeper,player,1996-11-08,Slovakia,7dybe8679n9bgyrcxi383pq3y,199.0,90.0,1.0,2024-07-01Z,active,yes,NaN,NaN,NaN,NaN,NaN,NaN,NaN,NaN
2yhln049w2tvmmf2iteagi8a2,Stanislav,Olejník,Male,S. Olejník,Slovakia,7dybe8679n9bgyrcxi383pq3y,Attacker,player,2002-03-31,Slovakia,7dybe8679n9bgyrcxi383pq3y,NaN,NaN,11.0,2024-08-02Z,active,yes,NaN,NaN,NaN,NaN,NaN,NaN,NaN,NaN
3iuilty0mjw3ukhoxqyito4mi,Dominique Celidor,Simon,Male,D. Simon,France,7gww28djs405rfga69smki84o,Midfielder,player,2000-07-29,France,7gww28djs405rfga69smki84o,NaN,NaN,29.0,2025-08-22Z,active,yes,Dominique,Simon,NaN,NaN,2026-06-30Z,NaN,NaN,NaN
3j8xwqfdkhecuepoh6s6sh4gl,Pavol,Bajza,Male,P. Bajza,Slovakia,7dybe8679n9bgyrcxi383pq3y,Goalkeeper,player,1991-09-04,Slovakia,7dybe8679n9bgyrcxi383pq3y,195.0,89.0,91.0,2025-06-15Z,active,yes,Pavol,Bajza,Žilina,right,NaN,NaN,NaN,NaN
3jug5s4lmb833a9c5e6glmz8p,Roman,Begala,Male,R. Begala,Slovakia,7dybe8679n9bgyrcxi383pq3y,Midfielder,player,1999-07-18,Slovakia,7dybe8679n9bgyrcxi383pq3y,175.0,NaN,5.0,2025-07-01Z,active,yes,Roman,Begala,NaN,NaN,NaN,NaN,NaN,NaN
3qmxwch83tjfitdteuo1krmxh,Daniels,Balodis,Male,D. Balodis,Latvia,6s9bglosczqlp9cxh3ze5hdm5,Defender,player,1998-06-10,Latvia,6s9bglosczqlp9cxh3ze5hdm5,185.0,70.0,22.0,2025-07-23Z,active,yes,Daniels,Balodis,Riga,right,NaN,NaN,NaN,NaN
459nbpa2i67z8z28k2bs3yy8l,Michal,Sipľak,Male,M. Sipľak,Slovakia,7dybe8679n9bgyrcxi383pq3y,Defender,player,1996-02-02,Slovakia,7dybe8679n9bgyrcxi383pq3y,184.0,80.0,3.0,2025-07-01Z,active,yes,Michal,Siplak,Bardejov,left,NaN,NaN,NaN,NaN
4b1lgnasxb84dnih8w1pzrndg,Kyrylo,Siheiev,Male,K. Siheiev,Ukraine,315w6fk6umfzf4qvba3t55u61,Midfielder,player,2004-05-16,Ukraine,315w6fk6umfzf4qvba3t55u61,182.0,67.0,14.0,2025-07-14Z,active,yes,Kyrylo,Siheiev,Horlivka,right,2026-06-30Z,NaN,NaN,NaN
5e2qh0fbsa9qwlwzv5wsx86xg,Vladyslav,Kravets,Male,V. Kravets,Ukraine,315w6fk6umfzf4qvba3t55u61,Goalkeeper,player,2005-01-28,Ukraine,315w6fk6umfzf4qvba3t55u61,NaN,NaN,NaN,2025-09-05Z,active,no,Vladyslav,Kravets,NaN,NaN,2025-09-06Z,NaN,NaN,NaN
5p12h2xenxthhesbyi2hgmmsp,Jaroslav,Hynek,Male,J. Hynek,Czechia,5md5tpwr2nmqao528prx43jr7,NaN,coach,1975-09-05,Czechia,5md5tpwr2nmqao528prx43jr7,NaN,NaN,NaN,2025-03-20Z,active,no,Jaroslav,Hynek,NaN,NaN,2025-09-02Z,NaN,NaN,NaN
6viyilrzzpm5u542b3rl4oa21,Denis,Potoma,Male,D. Potoma,Slovakia,7dybe8679n9bgyrcxi383pq3y,Midfielder,player,2000-02-15,Slovakia,7dybe8679n9bgyrcxi383pq3y,175.0,65.0,17.0,2024-07-26Z,active,no,Denis,Potoma,Svidník,NaN,2025-08-26Z,NaN,NaN,NaN
75tv50esg8s1hdlrn4w3v4lih,Ioan-Călin,Revenco,Male,I. Revenco,Moldova,389mdnq78a55g2gr040a3mmtj,Defender,player,2000-06-26,Moldova,389mdnq78a55g2gr040a3mmtj,176.0,70.0,2.0,2025-07-01Z,active,yes,Ioan-Calin,Revenco,Chișinău,right,NaN,Romania,17oj2qrzqlkhdjvazum10sx2i,NaN
83jtk0ynvhrgrw7owyd33nk5x,Maksym,Kuchynskyi,Male,M. Kuchynskyi,Ukraine,315w6fk6umfzf4qvba3t55u61,Goalkeeper,player,1988-06-28,Ukraine,315w6fk6umfzf4qvba3t55u61,190.0,87.0,99.0,2025-07-01Z,active,yes,NaN,NaN,Zaporizhzhia,NaN,NaN,NaN,NaN,NaN
8i1kvwv9cvrinitko3zyii21h,Jozef,Menich,Male,J. Menich,Slovakia,7dybe8679n9bgyrcxi383pq3y,Defender,player,1994-09-15,Slovakia,7dybe8679n9bgyrcxi383pq3y,184.0,80.0,31.0,2024-08-02Z,active,yes,Jozef,Menich,NaN,NaN,NaN,NaN,NaN,NaN
94nt9fr8s7rcyslxlvpecxcoa,Filip,Souček,Male,F. Souček,Czechia,5md5tpwr2nmqao528prx43jr7,Defender,player,2000-09-18,Czechia,5md5tpwr2nmqao528prx43jr7,NaN,NaN,7.0,2025-07-09Z,active,yes,Filip,Soucek,NaN,NaN,NaN,NaN,NaN,NaN
9qbwknvomo3d9a4erwpa4a4fd,Łukasz,Wolsztyński,Male,Ł. Wolsztyński,Poland,27baqb7359ywdvsxxklx1kn11,Attacker,player,1994-12-08,Poland,27baqb7359ywdvsxxklx1kn11,183.0,73.0,10.0,2025-07-01Z,active,yes,Lukasz,Wolsztynski,Knurów,right,NaN,NaN,NaN,NaN
9v77cc745ybg3kwy5761cycyc,Marek,Terpák,Male,M. Terpák,Slovakia,7dybe8679n9bgyrcxi383pq3y,Midfielder,player,2007-05-04,Slovakia,7dybe8679n9bgyrcxi383pq3y,NaN,NaN,NaN,2025-07-01Z,active,yes,NaN,NaN,NaN,NaN,NaN,NaN,NaN,NaN
a8xlp3jex51vaei34v7f2gglw,Jakub,Molnár,Male,J. Molnár,Slovakia,7dybe8679n9bgyrcxi383pq3y,Midfielder,player,NaN,Slovakia,7dybe8679n9bgyrcxi383pq3y,NaN,NaN,NaN,2025-07-01Z,active,yes,NaN,NaN,NaN,NaN,NaN,NaN,NaN,NaN
bcfayigqu8oygm1xvpgl9akt1,Martin,Regáli,Male,M. Regáli,Slovakia,7dybe8679n9bgyrcxi383pq3y,Attacker,player,1993-10-12,Slovakia,7dybe8679n9bgyrcxi383pq3y,180.0,71.0,9.0,2025-02-11Z,active,yes,Martin,Regáli,Prešov,right,NaN,NaN,NaN,NaN
cmglu8v2ydovsaiw988b5cr9w,Peter,Juritka,Male,P. Juritka,Slovakia,7dybe8679n9bgyrcxi383pq3y,Attacker,player,2004-07-31,Slovakia,7dybe8679n9bgyrcxi383pq3y,NaN,NaN,77.0,2025-06-19Z,active,yes,NaN,NaN,NaN,NaN,2026-06-30Z,NaN,NaN,NaN
cnthnxlaag1q0h85393o7etxw,Gļebs,Patika,Male,G. Patika,Latvia,6s9bglosczqlp9cxh3ze5hdm5,Attacker,player,2004-11-09,Latvia,6s9bglosczqlp9cxh3ze5hdm5,183.0,NaN,19.0,2025-08-12Z,active,yes,Glebs,Patika,Riga,right,NaN,NaN,NaN,NaN
dju1k1rsggcz54bivw0md7m5l,Vladimír,Cifranič,Male,V. Cifranič,Slovakia,7dybe8679n9bgyrcxi383pq3y,NaN,coach,1975-10-01,Slovakia,7dybe8679n9bgyrcxi383pq3y,NaN,NaN,NaN,2025-09-03Z,active,yes,NaN,NaN,NaN,NaN,NaN,NaN,NaN,NaN
dyqqb9jtg1oyznuvpz16mg0k5,Patrik,Šimko,Male,P. Šimko,Slovakia,7dybe8679n9bgyrcxi383pq3y,Defender,player,1991-07-08,Slovakia,7dybe8679n9bgyrcxi383pq3y,185.0,79.0,4.0,2023-07-12Z,active,yes,Patrik,Simko,NaN,NaN,NaN,NaN,NaN,NaN
ef3rhuo7yei01o8o2pdpyenkl,Taras,Bondarenko,Male,T. Bondarenko,Ukraine,315w6fk6umfzf4qvba3t55u61,Defender,player,1992-09-23,Ukraine,315w6fk6umfzf4qvba3t55u61,183.0,67.0,55.0,2025-09-05Z,active,yes,Taras,Bondarenko,NaN,NaN,2025-12-31Z,NaN,NaN,NaN
eohv4yfzmjh0i70ps5p0spw4,Landing,Sagna,Male,L. Sagna,Senegal,6hhqyhr5cwq2pfprlazyposyk,Attacker,player,1999-12-22,Senegal,6hhqyhr5cwq2pfprlazyposyk,NaN,NaN,80.0,2024-07-19Z,active,yes,NaN,NaN,NaN,NaN,NaN,NaN,NaN,NaN
et4mglw8d0mwweghd2hmzz9jo,Hélder,Gomes Morim,Male,Hélder Morim,Portugal,1nbm5i9a0403zzvltn17lxinc,Midfielder,player,2001-05-14,Portugal,1nbm5i9a0403zzvltn17lxinc,175.0,65.0,70.0,2025-07-10Z,active,yes,Hélder,Gomes Morim,Póvoa de Varzim,left,NaN,NaN,NaN,Hélder Morim
eu6y488eb9zhaf6cqp9gu16ok,Andy,Masaryk,Male,A. Masaryk,Slovakia,7dybe8679n9bgyrcxi383pq3y,Attacker,player,2005-04-07,Slovakia,7dybe8679n9bgyrcxi383pq3y,NaN,NaN,97.0,2025-07-21Z,active,yes,Andy,Masaryk,NaN,NaN,2026-06-30Z,NaN,NaN,NaN
f2at3vb7a0duvxqon63v0prrp,Juraj,Kotula,Male,J. Kotula,Slovakia,7dybe8679n9bgyrcxi383pq3y,Defender,player,1995-09-30,Slovakia,7dybe8679n9bgyrcxi383pq3y,183.0,80.0,28.0,2025-02-19Z,active,yes,Juraj,Kotula,Bratislava,both,NaN,NaN,NaN,NaN
m37bqjsovidurd3q3uxtnfu1,Václav,Míka,Male,V. Míka,Czechia,5md5tpwr2nmqao528prx43jr7,Defender,player,2000-06-01,Czechia,5md5tpwr2nmqao528prx43jr7,NaN,NaN,6.0,2025-06-25Z,active,yes,Václav,Míka,NaN,NaN,2026-06-30Z,NaN,NaN,NaN
qw2y6w8ykgg5jvwjioepyy5m,Bleron,Krasniqi,Male,B. Krasniqi,Kosovo,86u6edbqifdjsn49mbp2anw7p,Midfielder,player,2002-05-18,Kosovo,86u6edbqifdjsn49mbp2anw7p,184.0,61.0,23.0,2025-08-27Z,active,yes,Bleron,Krasniqi,Ferizaj,both,NaN,Germany,36min0qztu8eydwvpv8t1is0m,NaN
wziz3x7i4sqr7seg67419c0k,Artur,Ukhan,Male,A. Ukhan,Ukraine,315w6fk6umfzf4qvba3t55u61,Midfielder,player,2007-08-24,Ukraine,315w6fk6umfzf4qvba3t55u61,NaN,NaN,NaN,2025-07-11Z,active,yes,NaN,NaN,NaN,NaN,NaN,NaN,NaN,NaN
17zcph3xmk6rhrzepsl2bmk4q,Andrija,Katić,Male,A. Katić,Serbia,5w4ve503bjdsshwx9ho6jxzx0,Goalkeeper,player,2002-02-17,Serbia,5w4ve503bjdsshwx9ho6jxzx0,195.0,83.0,1.0,2024-07-04Z,active,yes,Andrija,Katic,Kruševac,NaN,NaN,NaN,NaN,NaN
18443jomfufijc5n6b35ejlcl,Lukáš,Skovajsa,Male,L. Skovajsa,Slovakia,7dybe8679n9bgyrcxi383pq3y,Defender,player,1994-03-27,Slovakia,7dybe8679n9bgyrcxi383pq3y,181.0,77.0,25.0,2023-07-04Z,active,yes,Lukás,Skovajsa,Trenčín,NaN,NaN,NaN,NaN,NaN
1dluk435oh06er5avj9ilstpm,Chinonso,Emeka,Male,C. Emeka,Nigeria,63pvdwrsiq5b07mzi8igqei9p,Attacker,player,2001-08-30,Nigeria,63pvdwrsiq5b07mzi8igqei9p,189.0,NaN,9.0,2022-10-01Z,active,no,Chinonso,Emeka,NaN,NaN,2025-08-08Z,NaN,NaN,NaN
1g6ypyohdmo7r620zv00usb9w,Denis,Adamkovič,Male,D. Adamkovič,Slovakia,7dybe8679n9bgyrcxi383pq3y,Attacker,player,2006-10-25,Slovakia,7dybe8679n9bgyrcxi383pq3y,NaN,NaN,80.0,2024-11-29Z,active,yes,Denis,Adamkovic,NaN,NaN,NaN,NaN,NaN,NaN
2bs4lbqqztz4amzex14zfqzqi,Franko,Sabljić,Male,F. Sabljić,Bosnia and Herzegovina,4fue8u54361o79fbiu9qwxjer,Attacker,player,2003-09-17,Bosnia and Herzegovina,4fue8u54361o79fbiu9qwxjer,196.0,NaN,70.0,2025-07-07Z,active,yes,Franko,Sabljic,Mostar,left,NaN,Croatia,37hlakrwxyuzovaeoo4sezusp,NaN
2hivpagsggwzpck6sw99do9as,Nikolas,Brandis,Male,N. Brandis,Slovakia,7dybe8679n9bgyrcxi383pq3y,Defender,player,2005-05-06,Slovakia,7dybe8679n9bgyrcxi383pq3y,NaN,NaN,12.0,2025-07-01Z,active,yes,Nikolas,Brandis,NaN,NaN,NaN,NaN,NaN,NaN
2jjvwjuz1ztyy70krjwxrqjv8,Nicholas Theodore,Dmitrović,Male,N. Dmitrović,England,1fk5l4hkqk12i7zske6mcqju6,Attacker,player,2006-01-09,England,1fk5l4hkqk12i7zske6mcqju6,NaN,NaN,67.0,2025-07-25Z,active,yes,NaN,NaN,NaN,NaN,NaN,Serbia,5w4ve503bjdsshwx9ho6jxzx0,NaN
2wkjaxnjj1ai935di1hotw3dg,Dávid,Straka,Male,D. Straka,Slovakia,7dybe8679n9bgyrcxi383pq3y,Midfielder,player,2006-09-19,Slovakia,7dybe8679n9bgyrcxi383pq3y,NaN,NaN,NaN,2025-06-27Z,active,yes,NaN,NaN,NaN,NaN,NaN,NaN,NaN,NaN
3fkgi0ogin01f9u9az7sairkk,Marselino,Ferdinan Philipus,Male,M. Ferdinan,Indonesia,1zi2c00k6skx48tn692uem0n6,Midfielder,player,2004-09-09,Indonesia,1zi2c00k6skx48tn692uem0n6,178.0,67.0,NaN,2025-09-06Z,active,yes,Marselino,Ferdinan,Jakarta,right,2026-06-30Z,NaN,NaN,NaN
3zr1bups9z7w6lzi2ysj9nm51,Jakub,Holúbek,Male,J. Holúbek,Slovakia,7dybe8679n9bgyrcxi383pq3y,Defender,player,1991-01-12,Slovakia,7dybe8679n9bgyrcxi383pq3y,180.0,77.0,14.0,2024-06-15Z,active,yes,Jakub,Holúbek,Trenčín,left,NaN,NaN,NaN,NaN
410p7dcz1zqvkje53kev8jk6h,Richard,Križan,Male,R. Križan,Slovakia,7dybe8679n9bgyrcxi383pq3y,Defender,player,1997-09-23,Slovakia,7dybe8679n9bgyrcxi383pq3y,190.0,85.0,33.0,2025-07-31Z,active,yes,Richard,Krizan,NaN,right,NaN,NaN,NaN,NaN
430cujc2dwptr8ue1z3qarxuc,Bright,Donkor,Male,B. Donkor,Ghana,2q2sw72utw5gu9t5y4knckwba,Attacker,player,2005-01-10,Ghana,2q2sw72utw5gu9t5y4knckwba,NaN,NaN,NaN,2025-07-01Z,active,no,Bright,Donkor,NaN,NaN,2025-08-25Z,NaN,NaN,NaN
4pcaytse22bol0z7eaufggh04,Dimitri,Jepihhin,Male,D. Jepihhin,Estonia,64smib5liu1qh78iaylufxj99,Attacker,player,2005-10-28,Estonia,64smib5liu1qh78iaylufxj99,NaN,NaN,22.0,2025-02-21Z,active,yes,Dimitri,Jepihhin,Tallinn,NaN,NaN,NaN,NaN,NaN
51122ab5lix4gg0dyncw7wtuc,Viktor,Simic,Male,V. Simic,Croatia,37hlakrwxyuzovaeoo4sezusp,Defender,player,2005-10-14,Italy,25f2cmb2r8mk5rj92tzer6kvv,NaN,NaN,23.0,2025-07-01Z,active,yes,NaN,NaN,NaN,NaN,NaN,NaN,NaN,NaN
5ru8vcjapkbpqa2tdgzd6dbmc,Adam Mustapha,Yakubu Hassan,Male,A. Yakubu,Nigeria,63pvdwrsiq5b07mzi8igqei9p,Midfielder,player,2005-02-01,Nigeria,63pvdwrsiq5b07mzi8igqei9p,NaN,NaN,8.0,2024-09-03Z,active,yes,Adam,Yakubu,NaN,right,NaN,NaN,NaN,NaN
5w3jmzuq05jmljucwdsdkb1uc,Samuel,Bagín,Male,S. Bagín,Slovakia,7dybe8679n9bgyrcxi383pq3y,Defender,player,2004-02-08,Slovakia,7dybe8679n9bgyrcxi383pq3y,189.0,NaN,2.0,2021-05-07Z,active,yes,Samuel,Bagín,NaN,NaN,NaN,NaN,NaN,NaN
5z0g3l4s56p11t3wgrpjhko9h,Sean Richard,Goss,Male,S. Goss,Northern Ireland,5euslv7jutsauoqt3o2lj9bvi,Midfielder,player,1995-10-01,Germany,36min0qztu8eydwvpv8t1is0m,179.0,74.0,16.0,2025-02-25Z,active,yes,Sean,Goss,Wegberg,left,NaN,England,1fk5l4hkqk12i7zske6mcqju6,NaN
617unia8rrl6umoe9ti7o3yms,Sani,Suleiman,Male,S. Suleiman,Nigeria,63pvdwrsiq5b07mzi8igqei9p,Attacker,player,2006-09-01,Nigeria,63pvdwrsiq5b07mzi8igqei9p,NaN,NaN,77.0,2024-07-22Z,active,yes,Sani,Suleiman,NaN,NaN,NaN,NaN,NaN,NaN
69h930ebovyl7rut5dz4r2iok,Molik Jesse,Khan,Male,M. Khan,Trinidad and Tobago,635ed0499golbw7h62vt7g53j,Midfielder,player,2004-04-08,Trinidad and Tobago,635ed0499golbw7h62vt7g53j,183.0,76.0,17.0,2025-01-25Z,active,yes,Molik,Khan,San Fernando,right,NaN,NaN,NaN,NaN
6x92etecq26qwuk9cmptvndas,Antonio,Baždarić,Male,A. Baždarić,Croatia,37hlakrwxyuzovaeoo4sezusp,Midfielder,player,2006-01-08,Slovenia,63vptz9g2ckqnnlxhd1oqn4xq,NaN,NaN,89.0,2025-07-10Z,active,yes,Antonio,Bazdaric,Ljubljana,NaN,NaN,NaN,NaN,NaN
789btd0gnhmy0qiwpij6pzuhg,Dylann,Kam,Male,D. Kam,Burkina Faso,2ggql4uo9h0p3c67wkm68ibol,Attacker,player,2004-10-21,Burkina Faso,2ggql4uo9h0p3c67wkm68ibol,NaN,NaN,NaN,2025-08-04Z,active,yes,Dylann,Kam,NaN,NaN,NaN,NaN,NaN,NaN
7plnzzirl3q10vucy37p7b6ui,Pepijn,Doesburg,Male,P. Doesburg,Netherlands,6hzi5pltnz67q4la8yli9qfv6,Attacker,player,2001-01-17,Netherlands,6hzi5pltnz67q4la8yli9qfv6,189.0,75.0,99.0,2025-01-25Z,active,yes,Pepijn,Doesburg,Rotterdam,right,NaN,NaN,NaN,NaN
7t9bynn5mbmy3b0v9cduifxex,Loïc Anthony,Bessilé,Male,L. Bessilé,Togo,3jiuckrqd0zejkm452st5dyq7,Defender,player,1999-02-19,France,7gww28djs405rfga69smki84o,182.0,80.0,29.0,2025-01-25Z,active,yes,Loïc,Bessilé,Toulouse,left,NaN,France,7gww28djs405rfga69smki84o,NaN
8tqxi0nvgzh1gkb0r4w062t5g,Matej,Obšivan,Male,M. Obšivan,Slovakia,7dybe8679n9bgyrcxi383pq3y,Defender,player,2005-06-06,Slovakia,7dybe8679n9bgyrcxi383pq3y,NaN,NaN,NaN,2026-01-01Z,active,no,Matej,Obsivan,NaN,NaN,NaN,NaN,NaN,NaN
8y1dv126alw2wisl9hlx6ioes,Ľuboš,Praženka,Male,Ľ. Praženka,Slovakia,7dybe8679n9bgyrcxi383pq3y,Attacker,player,2005-06-20,Slovakia,7dybe8679n9bgyrcxi383pq3y,NaN,NaN,NaN,2026-01-01Z,active,no,Lubos,Prazenka,NaN,NaN,NaN,NaN,NaN,NaN
95jf68g1ogtz7q1cnlam4bn6c,Matúš,Slavíček,Male,M. Slavíček,Slovakia,7dybe8679n9bgyrcxi383pq3y,Goalkeeper,player,2003-07-11,Slovakia,7dybe8679n9bgyrcxi383pq3y,NaN,NaN,NaN,2026-01-21Z,active,no,Matús,Slavícek,NaN,NaN,NaN,NaN,NaN,NaN
a8arrpa5myjkzun3m4xfxy784,Lukáš,Mikulaj,Male,L. Mikulaj,Slovakia,7dybe8679n9bgyrcxi383pq3y,Attacker,player,2005-04-11,Slovakia,7dybe8679n9bgyrcxi383pq3y,NaN,NaN,21.0,2023-07-01Z,active,yes,Lukás,Mikulaj,NaN,NaN,NaN,NaN,NaN,NaN
ao72d1mt8ddpksplwi6t2fjf8,Jude Cide,Sunday,Male,J. Sunday,Nigeria,63pvdwrsiq5b07mzi8igqei9p,Attacker,player,2004-10-04,Nigeria,63pvdwrsiq5b07mzi8igqei9p,NaN,NaN,7.0,2023-07-21Z,active,no,Jude,Sunday,NaN,NaN,2025-08-21Z,NaN,NaN,NaN
b3b4ebv8jfukcu74rfyref5zo,Tadeáš,Hájovský,Male,T. Hájovský,Slovakia,7dybe8679n9bgyrcxi383pq3y,Midfielder,player,2005-09-30,Slovakia,7dybe8679n9bgyrcxi383pq3y,NaN,NaN,6.0,2023-07-01Z,active,yes,Tadeás,Hájovsky,NaN,NaN,NaN,NaN,NaN,NaN
caxomndm1cv4hh8hwe4n333ai,Luka,Damjanović,Male,L. Damjanović,Bosnia and Herzegovina,4fue8u54361o79fbiu9qwxjer,Goalkeeper,player,2003-09-10,Bosnia and Herzegovina,4fue8u54361o79fbiu9qwxjer,NaN,NaN,83.0,2025-07-01Z,active,yes,Luka,Damjanovic,Banja Luka,NaN,NaN,NaN,NaN,NaN
csd08bjjmkgvhftswd8107k7o,Rayan-Élie,Ouattara Guibero,Male,R. Guibero,Côte d'Ivoire,tin6kf561ywonqan0mettr98,Attacker,player,2004-05-08,Côte d'Ivoire,tin6kf561ywonqan0mettr98,NaN,NaN,24.0,2025-07-09Z,active,yes,Rayan,Guibero,NaN,NaN,NaN,NaN,NaN,NaN
djdpiv6igyzhn5cyun0yeam6t,Ricardo,Moniz,Male,R. Moniz,Netherlands,6hzi5pltnz67q4la8yli9qfv6,NaN,coach,1964-06-17,Netherlands,6hzi5pltnz67q4la8yli9qfv6,167.0,68.0,NaN,2025-06-18Z,active,yes,Ricardo,Moniz,Rotterdam,NaN,NaN,NaN,NaN,NaN
eb8x7hgrv802sxywlq1wrhlka,Johnson,Nsumoh Kalu,Male,J. Nsumoh,Nigeria,63pvdwrsiq5b07mzi8igqei9p,Attacker,player,2001-06-14,Nigeria,63pvdwrsiq5b07mzi8igqei9p,NaN,NaN,11.0,2025-01-31Z,active,yes,Johnson,Nsumoh,NaN,NaN,NaN,NaN,NaN,NaN
eiw84wsldydp7izgl43b8st1w,Alex,Húdok,Male,A. Húdok,Slovakia,7dybe8679n9bgyrcxi383pq3y,Goalkeeper,player,2006-05-06,Slovakia,7dybe8679n9bgyrcxi383pq3y,NaN,NaN,74.0,2023-07-01Z,active,yes,Alex,Húdok,NaN,NaN,NaN,NaN,NaN,NaN
kanz7uzg7be4sy9dgyfpv2ay,Justen,Shelden Kranthove,Male,J. Kranthove,Netherlands,6hzi5pltnz67q4la8yli9qfv6,Defender,player,2004-09-19,Netherlands,6hzi5pltnz67q4la8yli9qfv6,NaN,NaN,19.0,2025-03-04Z,active,yes,Justen,Kranthove,NaN,NaN,NaN,Suriname,31vay1njxmbs7vtbfp1wo2dx1,NaN
uzxusvr3cozrr5u278qtlyc4,Adrián,Fiala,Male,A. Fiala,Slovakia,7dybe8679n9bgyrcxi383pq3y,Midfielder,player,2005-05-02,Slovakia,7dybe8679n9bgyrcxi383pq3y,NaN,NaN,18.0,2024-06-15Z,active,yes,Adrián,Fiala,NaN,NaN,NaN,NaN,NaN,NaN
z4fjg53quqxjh0sjx9u7hg4,Hugo,Pávek,Male,H. Pávek,Slovakia,7dybe8679n9bgyrcxi383pq3y,Defender,player,2005-06-02,Slovakia,7dybe8679n9bgyrcxi383pq3y,NaN,NaN,90.0,2024-06-15Z,active,yes,Hugo,Pávek,NaN,NaN,NaN,NaN,NaN,NaN
12395z7ydxxjuz4sj034ane21,Christián,Herc,Male,C. Herc,Slovakia,7dybe8679n9bgyrcxi383pq3y,Midfielder,player,1998-09-30,Slovakia,7dybe8679n9bgyrcxi383pq3y,185.0,72.0,24.0,2023-07-25Z,active,yes,Christián,Herc,Levice,right,NaN,NaN,NaN,NaN
17v4rpvw3iff0o0q3xuqnesd0,Leandro Filipe,de Almeida Dornelles,Male,Filipe,Brazil,2vufyvpoxd9lfl9f6vpp7tz6y,Goalkeeper,player,2003-01-26,Brazil,2vufyvpoxd9lfl9f6vpp7tz6y,195.0,100.0,1.0,2024-02-23Z,active,yes,Leandro Filipe,de Almeida Dornelles,NaN,NaN,NaN,NaN,NaN,Filipe
1gq668oo73fi2nyyrjol7axud,Taras,Kacharaba,Male,T. Kacharaba,Ukraine,315w6fk6umfzf4qvba3t55u61,Defender,player,1995-01-07,Ukraine,315w6fk6umfzf4qvba3t55u61,189.0,79.0,33.0,2024-02-07Z,active,yes,Taras,Kacharaba,Zhydachiv,right,NaN,NaN,NaN,NaN
26o54gfj8locvr6la1hh0n9xw,Karol,Blaško,Male,K. Blaško,Slovakia,7dybe8679n9bgyrcxi383pq3y,Midfielder,player,2007-03-31,Slovakia,7dybe8679n9bgyrcxi383pq3y,NaN,NaN,5.0,2024-11-22Z,active,yes,Karol,Blasko,NaN,NaN,NaN,NaN,NaN,NaN
2mtiow3m5vincvwvdzrgixdsk,Attila,Németh,Male,A. Németh,Slovakia,7dybe8679n9bgyrcxi383pq3y,Goalkeeper,player,2004-03-01,Slovakia,7dybe8679n9bgyrcxi383pq3y,NaN,NaN,44.0,2024-06-15Z,active,yes,Attila,Németh,NaN,NaN,NaN,NaN,NaN,NaN
2rq9bdoqppx3thlsm79j2i0ru,Márk,Csinger,Male,M. Csinger,Hungary,1vy5vlux7mj2r7r9ktd71hhpo,Defender,player,2003-05-31,Hungary,1vy5vlux7mj2r7r9ktd71hhpo,NaN,NaN,21.0,2023-07-01Z,active,no,Márk,Csinger,NaN,right,2025-08-01Z,NaN,NaN,NaN
3u05uuu1hxkeg8tczbyu0hp0p,Jan-Christoph,Bartels,Male,J. Bartels,Germany,36min0qztu8eydwvpv8t1is0m,Goalkeeper,player,1999-01-13,Germany,36min0qztu8eydwvpv8t1is0m,188.0,80.0,NaN,2025-09-04Z,active,yes,Jan-Christoph,Bartels,Wiesbaden,right,NaN,NaN,NaN,NaN
4fvgqwfpl4eezh867r1y53zai,George,Gagua,Male,G. Gagua,Georgia,55mqz7j6585f2jhgfhn62lomr,Attacker,player,2001-10-10,Georgia,55mqz7j6585f2jhgfhn62lomr,193.0,NaN,29.0,2025-07-24Z,active,yes,Giorgi,Gagua,Tbilisi,NaN,NaN,NaN,NaN,NaN
4j9biro6pflykl0eg1yf977dg,Clement,Ansah,Male,C. Ansah,Ghana,2q2sw72utw5gu9t5y4knckwba,Midfielder,player,2005-01-02,Ghana,2q2sw72utw5gu9t5y4knckwba,NaN,NaN,NaN,2025-08-19Z,active,yes,NaN,NaN,Tema,NaN,NaN,NaN,NaN,NaN
4oyhm7pqtbpe805qcyioudwyc,Gergő,Végh,Male,G. Végh,Slovakia,7dybe8679n9bgyrcxi383pq3y,Defender,player,2006-02-04,Slovakia,7dybe8679n9bgyrcxi383pq3y,NaN,NaN,NaN,2025-07-01Z,active,yes,NaN,NaN,NaN,NaN,NaN,NaN,NaN,NaN
4ryug5pbklraoj9dj5gygyju1,Tsotne,Kapanadze,Male,T. Kapanadze,Georgia,55mqz7j6585f2jhgfhn62lomr,Defender,player,2001-08-30,Georgia,55mqz7j6585f2jhgfhn62lomr,NaN,NaN,22.0,2025-01-31Z,active,yes,Tsotne,Kapanadze,NaN,NaN,NaN,NaN,NaN,NaN
5keqk0houbdodlxfqfyldzhuc,Máté,Tuboly,Male,M. Tuboly,Hungary,1vy5vlux7mj2r7r9ktd71hhpo,Midfielder,player,2004-09-15,Hungary,1vy5vlux7mj2r7r9ktd71hhpo,NaN,NaN,68.0,2024-06-15Z,active,yes,Máté,Tuboly,NaN,NaN,NaN,NaN,NaN,NaN
6sv1kkdj3enr557ysc4ou8tn8,Abdoulaye,Gueye,Male,A. Gueye,Senegal,6hhqyhr5cwq2pfprlazyposyk,Midfielder,player,2005-05-23,Senegal,6hhqyhr5cwq2pfprlazyposyk,184.0,NaN,11.0,2025-07-08Z,active,yes,Abdoulaye,Gueye,NaN,NaN,NaN,NaN,NaN,NaN
6vy1ci3n2w1hkep8jrxytujca,Ivan,Dolček,Male,I. Dolček,Croatia,37hlakrwxyuzovaeoo4sezusp,Attacker,player,2000-04-24,Croatia,37hlakrwxyuzovaeoo4sezusp,181.0,76.0,NaN,2026-01-01Z,active,no,Ivan,Dolcek,Koprivnica,left,NaN,NaN,NaN,NaN
7eb63uicl4nz306gu2pmpry1g,Pablo Antonio,Ortíz Cabezas,Male,P. Ortíz,Colombia,6kby8rq1p01fg5ds38ckkrcs5,Defender,player,2000-06-08,Colombia,6kby8rq1p01fg5ds38ckkrcs5,190.0,70.0,NaN,2026-01-01Z,active,no,Pablo,Ortíz,Tumaco,left,NaN,NaN,NaN,NaN
7kqz981gp8u8qi7rhpx4723o4,Nathan,Udvaros,Male,N. Udvaros,Slovakia,7dybe8679n9bgyrcxi383pq3y,Midfielder,player,2007-09-17,Slovakia,7dybe8679n9bgyrcxi383pq3y,NaN,NaN,36.0,2025-07-01Z,active,yes,Nathan,Udvaros,NaN,NaN,NaN,NaN,NaN,NaN
88060wrfsohc3ia02m5dbvwno,Rabby,Mateta Pepa,Male,R. Mateta,Belgium,4wbzjcclyefma1ourvjsu4q2j,Midfielder,player,2006-07-13,Belgium,4wbzjcclyefma1ourvjsu4q2j,NaN,NaN,NaN,2025-08-18Z,active,yes,Rabby,Mateta,NaN,NaN,NaN,Congo DR,6xq2smnxqvc5bh7vzza9ljiy9,NaN
8cdx7aahcxg6be4qiwv9vq39w,Viktor,Đukanović,Male,V. Đukanović,Montenegro,1411jebgwo2ja1erogsq81lg9,Attacker,player,2004-01-29,Montenegro,1411jebgwo2ja1erogsq81lg9,184.0,70.0,7.0,2025-02-04Z,active,yes,Viktor,Djukanovic,Nikšić,right,2025-12-31Z,NaN,NaN,NaN
94jrke415kozp4ycyq1u5ysbt,Filip,Blažek,Male,F. Blažek,Slovakia,7dybe8679n9bgyrcxi383pq3y,Defender,player,1998-03-11,Slovakia,7dybe8679n9bgyrcxi383pq3y,189.0,84.0,NaN,2025-08-22Z,active,yes,Filip,Blazek,Skalica,right,NaN,NaN,NaN,NaN
9u1gind4axt2ed71lgxhzjeac,Rhyan,Modesto de Oliveira Galdino,Male,Rhyan,Brazil,2vufyvpoxd9lfl9f6vpp7tz6y,Midfielder,player,2003-01-08,Brazil,2vufyvpoxd9lfl9f6vpp7tz6y,183.0,73.0,49.0,2025-02-07Z,active,yes,Rhyan,Modesto de Oliveira Galdino,NaN,left,NaN,NaN,NaN,Rhyan
a9i6blufzaamts0utvmkg3m22,Samsondin,Ouro,Male,S. Ouro,Togo,3jiuckrqd0zejkm452st5dyq7,Midfielder,player,2000-03-02,Germany,36min0qztu8eydwvpv8t1is0m,183.0,NaN,NaN,2025-08-31Z,active,yes,Samsondin,Ouro,Reutlingen,NaN,NaN,Germany,36min0qztu8eydwvpv8t1is0m,NaN
afpfpzu7m5r32yj1qwb82j8yc,Stefan,Đukanović,Male,S. Đukanović,Montenegro,1411jebgwo2ja1erogsq81lg9,Midfielder,player,2006-06-23,Montenegro,1411jebgwo2ja1erogsq81lg9,NaN,NaN,NaN,2025-07-15Z,active,yes,Stefan,Djukanovic,Nikšić,NaN,2026-06-30Z,NaN,NaN,NaN
akxxpzh5qg4vk2na0xl3k9fdg,Martin,Jenčuš,Male,M. Jenčuš,Slovakia,7dybe8679n9bgyrcxi383pq3y,Midfielder,player,2008-01-03,Slovakia,7dybe8679n9bgyrcxi383pq3y,NaN,NaN,38.0,2024-11-09Z,active,yes,Martin,Jencus,NaN,NaN,NaN,NaN,NaN,NaN
b1o797a6gxohsv92t5ebw4lm2,Alejandro,Méndez García,Male,Alex Méndez,Spain,49ih1pwv3ahshdf8uzrimi54c,Defender,player,2001-07-28,Spain,49ih1pwv3ahshdf8uzrimi54c,180.0,68.0,18.0,2023-01-25Z,active,yes,Alejandro,Méndez García,NaN,NaN,NaN,NaN,NaN,Alex Méndez
c6g6kz1nm08mfoe1e4wec8i96,Branislav,Fodrek,Male,B. Fodrek,Slovakia,7dybe8679n9bgyrcxi383pq3y,NaN,coach,1981-02-05,Slovakia,7dybe8679n9bgyrcxi383pq3y,182.0,80.0,NaN,2024-11-27Z,active,yes,Branislav,Fodrek,Pozsony,NaN,NaN,NaN,NaN,NaN
cb4mvicklqdxsd06l0zx091xw,Adam,Lami,Male,A. Lami,Slovakia,7dybe8679n9bgyrcxi383pq3y,Defender,player,2006-10-28,Slovakia,7dybe8679n9bgyrcxi383pq3y,NaN,NaN,NaN,2025-07-01Z,active,yes,NaN,NaN,NaN,NaN,NaN,NaN,NaN,NaN
crvofju9cmj8k5fy6bcz3ntw4,Denis,Valko,Male,D. Valko,Slovakia,7dybe8679n9bgyrcxi383pq3y,Attacker,player,2007-04-13,Slovakia,7dybe8679n9bgyrcxi383pq3y,NaN,NaN,15.0,2025-04-25Z,active,yes,Denis,Valko,NaN,NaN,NaN,NaN,NaN,NaN
cytkx7gkged2di00mjulgrqvp,Klemen,Nemanič,Male,K. Nemanič,Slovenia,63vptz9g2ckqnnlxhd1oqn4xq,Defender,player,1996-11-07,Slovenia,63vptz9g2ckqnnlxhd1oqn4xq,194.0,91.0,81.0,2025-07-01Z,active,yes,Klemen,Nemanic,Ljubljana,left,NaN,NaN,NaN,NaN
cz8rap253qxnx9l0g1sj6dt04,Mahmudu,Bajo,Male,M. Bajo,Gambia,4ix3ulx7h2a09r16jo9qdbuvp,Midfielder,player,2004-08-15,Gambia,4ix3ulx7h2a09r16jo9qdbuvp,178.0,NaN,6.0,2024-07-18Z,active,no,Mahmudu,Bajo,NaN,NaN,2025-08-01Z,NaN,NaN,NaN
d4k91nsdr9bwivcca7naey8lw,Levente,Bősze,Male,L. Bősze,Hungary,1vy5vlux7mj2r7r9ktd71hhpo,Midfielder,player,2009-02-18,Hungary,1vy5vlux7mj2r7r9ktd71hhpo,NaN,NaN,13.0,2024-07-10Z,active,yes,Levente,Bosze,NaN,NaN,NaN,NaN,NaN,NaN
d88612l7fy9dvqe1kulqevlsk,Vasilios,Kaltsas,Male,V. Kaltsas,Greece,6lpgd60z890no2v46zdecrcss,Goalkeeper,player,2007-03-25,Greece,6lpgd60z890no2v46zdecrcss,195.0,NaN,30.0,2024-02-09Z,active,yes,Vasilios,Kaltsas,NaN,right,NaN,NaN,NaN,NaN
dphjm5otyeb004tqonfbbct90,Damir,Redzic,Male,D. Redzic,Hungary,1vy5vlux7mj2r7r9ktd71hhpo,Attacker,player,2003-03-23,Hungary,1vy5vlux7mj2r7r9ktd71hhpo,NaN,NaN,23.0,2024-07-03Z,active,yes,Damir,Redzic,NaN,NaN,NaN,NaN,NaN,NaN
du28e4s5bntunw94yzsdh4acq,Matej,Trusa,Male,M. Trusa,Slovakia,7dybe8679n9bgyrcxi383pq3y,Attacker,player,2000-11-29,Slovakia,7dybe8679n9bgyrcxi383pq3y,184.0,74.0,46.0,2023-07-01Z,active,yes,Matej,Trusa,NaN,NaN,NaN,NaN,NaN,NaN
efjgg9qr6hdz7ufboa07q5y7e,Ammar Manaf,Ramadan,Male,Ammar Ramadan,Syria,3tsnzfkszhsktmhsmwar1tvp8,Attacker,player,2001-01-05,Syria,3tsnzfkszhsktmhsmwar1tvp8,174.0,72.0,10.0,2022-07-23Z,active,yes,Ammar Manaf,Ramadan,Edlib,left,NaN,NaN,NaN,Ammar Ramadan
eje5qbwydavpurasv1lyw5xih,Aleksandar,Popović,Male,A. Popović,Serbia,5w4ve503bjdsshwx9ho6jxzx0,Goalkeeper,player,1999-09-27,Serbia,5w4ve503bjdsshwx9ho6jxzx0,NaN,NaN,41.0,2023-07-28Z,active,yes,Aleksandar,Popovic,NaN,NaN,NaN,NaN,NaN,NaN
eo2n0d4wvaszqhhsyjnbd64no,Alioune,Sylla,Male,A. Sylla,Senegal,6hhqyhr5cwq2pfprlazyposyk,Midfielder,player,2003-01-25,Senegal,6hhqyhr5cwq2pfprlazyposyk,180.0,NaN,19.0,2025-02-07Z,active,yes,Alioune,Sylla,NaN,both,NaN,NaN,NaN,NaN
m7jophwr7f9kh85a13qp9xw5,Andreas,Gruber,Male,A. Gruber,Austria,hcs1bd49qliqqity6o268jyt,Attacker,player,1995-06-29,Austria,hcs1bd49qliqqity6o268jyt,174.0,70.0,9.0,2025-07-01Z,active,yes,Andreas,Gruber,Mürzzuschlag,left,NaN,NaN,NaN,NaN
1nsjai8x5bgirx5rufesjptjp,Milan,Dimun,Male,M. Dimun,Slovakia,7dybe8679n9bgyrcxi383pq3y,Midfielder,player,1996-09-19,Slovakia,7dybe8679n9bgyrcxi383pq3y,186.0,76.0,7.0,2025-07-01Z,active,yes,Milan,Dimun,Košice,NaN,NaN,NaN,NaN,NaN
2dfqwqvlzmlog1qjlctpemo7o,Milan Šimon,Rehuš,Male,M. Rehuš,Slovakia,7dybe8679n9bgyrcxi383pq3y,Midfielder,player,2005-08-04,Slovakia,7dybe8679n9bgyrcxi383pq3y,169.0,NaN,77.0,2025-07-01Z,active,yes,Milan,Rehus,NaN,left,NaN,NaN,NaN,NaN
2vd1l32utzuzqlnbu4h6toh9m,Roman,Čerepkai,Male,R. Čerepkai,Slovakia,7dybe8679n9bgyrcxi383pq3y,Attacker,player,2002-04-06,Slovakia,7dybe8679n9bgyrcxi383pq3y,NaN,NaN,9.0,2025-01-25Z,active,yes,Roman,Cerepkai,NaN,NaN,NaN,NaN,NaN,NaN
3omfml7tlou0vbo3ykbgtlwr8,Tomas,Handlovic,Male,T. Handlovic,Slovakia,7dybe8679n9bgyrcxi383pq3y,Defender,player,2007-02-09,Slovakia,7dybe8679n9bgyrcxi383pq3y,NaN,NaN,NaN,2024-07-01Z,active,yes,Tomas,Handlovic,NaN,NaN,NaN,NaN,NaN,NaN
3p9zmquh318g7ovqgmpuryllh,Dominik,Kružliak,Male,D. Kružliak,Slovakia,7dybe8679n9bgyrcxi383pq3y,Defender,player,1996-07-10,Slovakia,7dybe8679n9bgyrcxi383pq3y,183.0,79.0,24.0,2023-09-08Z,active,yes,Dominik,Kruzliak,NaN,NaN,NaN,NaN,NaN,NaN
4bs5o1anoabt0vzq829grlqtw,Mario,Pejazić,Male,M. Pejazić,Austria,hcs1bd49qliqqity6o268jyt,Defender,player,2005-01-21,Austria,hcs1bd49qliqqity6o268jyt,179.0,NaN,6.0,2025-07-01Z,active,yes,Mario,Pejazic,Steyr,left,NaN,NaN,NaN,NaN
4exxis3zo1rw0emqjarlykvyt,Matej,Jakúbek,Male,M. Jakúbek,Slovakia,7dybe8679n9bgyrcxi383pq3y,Midfielder,player,1995-01-19,Slovakia,7dybe8679n9bgyrcxi383pq3y,186.0,76.0,13.0,2025-02-01Z,active,yes,Matej,Jakúbek,Považská Bystrica,right,NaN,NaN,NaN,NaN
4fa1s0rx15g8zc72qnm1vohd5,Osman Jovan,Kakay,Male,O. Kakay,Sierra Leone,7kilikg56sxc0dsd6168dr57b,Defender,player,1997-08-25,England,1fk5l4hkqk12i7zske6mcqju6,180.0,66.0,29.0,2025-07-16Z,active,yes,Osman,Kakay,London,right,NaN,England,1fk5l4hkqk12i7zske6mcqju6,NaN
4wtqt7xl5c6mltvdxjc5oo0k5,Roman,Skuhravý,Male,R. Skuhravý,Czechia,5md5tpwr2nmqao528prx43jr7,NaN,coach,1975-01-06,Czechia,5md5tpwr2nmqao528prx43jr7,181.0,81.0,NaN,2024-09-27Z,active,yes,Roman,Skuhravy,NaN,right,NaN,NaN,NaN,NaN
5tket1yu8f6hhpi64ocmvvifo,Filip,Kalanin,Male,F. Kalanin,Slovakia,7dybe8679n9bgyrcxi383pq3y,Goalkeeper,player,2009-08-30,Slovakia,7dybe8679n9bgyrcxi383pq3y,NaN,NaN,30.0,2025-07-01Z,active,yes,Filip,Kalanin,NaN,NaN,NaN,NaN,NaN,NaN
5uol2o9loy0ihrff17kz2ux2h,Marek,Zsigmund,Male,M. Zsigmund,Slovakia,7dybe8679n9bgyrcxi383pq3y,Midfielder,player,1997-04-20,Slovakia,7dybe8679n9bgyrcxi383pq3y,174.0,76.0,25.0,2024-06-15Z,active,yes,Marek,Zsigmund,Ružomberok,NaN,NaN,NaN,NaN,NaN
5vjwd4k2n8vpnb84g2wi15nu1,Ján,Krivák,Male,J. Krivák,Slovakia,7dybe8679n9bgyrcxi383pq3y,Defender,player,1993-11-10,Slovakia,7dybe8679n9bgyrcxi383pq3y,186.0,78.0,20.0,2022-07-01Z,active,yes,Ján,Krivák,Vranov nad Topľou,right,NaN,NaN,NaN,NaN
5wyuw013si213wc4hogdngjmy,Adam,Goljan,Male,A. Goljan,Slovakia,7dybe8679n9bgyrcxi383pq3y,Midfielder,player,2001-04-15,Slovakia,7dybe8679n9bgyrcxi383pq3y,NaN,NaN,19.0,2025-07-01Z,active,yes,Adam,Goljan,NaN,NaN,NaN,NaN,NaN,NaN
6s10z97elkdywexo91oyjmvx0,Vladimir,Perišić,Male,V. Perišić,Montenegro,1411jebgwo2ja1erogsq81lg9,Attacker,player,2004-08-26,Montenegro,1411jebgwo2ja1erogsq81lg9,NaN,NaN,87.0,2025-07-09Z,active,yes,Vladimir,Perisic,NaN,NaN,2026-06-30Z,NaN,NaN,NaN
6um29l0f5fkk73if6g76mc1k9,Dávid,Šípoš,Male,D. Šípoš,Slovakia,7dybe8679n9bgyrcxi383pq3y,Goalkeeper,player,1998-08-14,Slovakia,7dybe8679n9bgyrcxi383pq3y,189.0,73.0,1.0,2024-06-21Z,active,yes,Dávid,Sípos,Topoľčany,NaN,NaN,NaN,NaN,NaN
7upoddkjyfaxts7xa5908b504,Michal,Domik,Male,M. Domik,Slovakia,7dybe8679n9bgyrcxi383pq3y,Midfielder,player,2003-03-28,Slovakia,7dybe8679n9bgyrcxi383pq3y,NaN,NaN,16.0,2025-02-14Z,active,yes,Michal,Domik,NaN,NaN,NaN,NaN,NaN,NaN
88m1d6wwdft7cxtbg0fn77w15,Matej,Madleňák,Male,M. Madleňák,Slovakia,7dybe8679n9bgyrcxi383pq3y,Defender,player,1999-02-07,Slovakia,7dybe8679n9bgyrcxi383pq3y,185.0,75.0,23.0,2025-07-01Z,active,yes,Matej,Madlenák,NaN,NaN,NaN,NaN,NaN,NaN
95aokv8dk9sj9uq57k7t7po15,Daniel,Magda,Male,D. Magda,Slovakia,7dybe8679n9bgyrcxi383pq3y,Defender,player,1997-11-25,Slovakia,7dybe8679n9bgyrcxi383pq3y,184.0,80.0,21.0,2024-06-15Z,active,yes,Daniel,Magda,Prešov,right,NaN,NaN,NaN,NaN
9kmmlvfxro0meb5tngkoc3nkk,Miroslav,Sovič,Male,M. Sovič,Slovakia,7dybe8679n9bgyrcxi383pq3y,Midfielder,player,2004-05-12,Slovakia,7dybe8679n9bgyrcxi383pq3y,NaN,NaN,15.0,2025-01-01Z,active,yes,Miroslav,Sovic,NaN,NaN,NaN,NaN,NaN,NaN
ayyvfu297dt8eyfz8hsao6044,Erlantz,Palacín Alfonso,Male,Erlantz Palacín,Spain,49ih1pwv3ahshdf8uzrimi54c,Defender,player,2003-02-10,Spain,49ih1pwv3ahshdf8uzrimi54c,183.0,NaN,2.0,2025-07-01Z,active,yes,Erlantz,Palacín,Galdakao,right,NaN,NaN,NaN,NaN
bhcspf4ywysgcdou5zxqp7q3t,Zyen,Thyfearious Jones,Male,Z. Jones,USA,7hr2f89v44y65dyu9k92vprwn,Attacker,player,2000-08-25,USA,7hr2f89v44y65dyu9k92vprwn,181.0,72.0,10.0,2024-01-19Z,active,yes,Zyen,Jones,Clarkston,left,NaN,NaN,NaN,NaN
c48bc2einekwfyew18c0zqf6y,Karlo,Miljanič,Male,K. Miljanič,Croatia,37hlakrwxyuzovaeoo4sezusp,Attacker,player,2002-01-02,Croatia,37hlakrwxyuzovaeoo4sezusp,NaN,NaN,27.0,2024-06-24Z,active,yes,Karlo,Miljanic,Vinkovci,NaN,NaN,NaN,NaN,NaN
ccqnvvzi7538l36j7soqk1gk4,Mario,Rabatin,Male,M. Rabatin,Slovakia,7dybe8679n9bgyrcxi383pq3y,Attacker,player,2008-01-05,Slovakia,7dybe8679n9bgyrcxi383pq3y,NaN,NaN,NaN,2025-07-01Z,active,yes,NaN,NaN,NaN,NaN,NaN,NaN,NaN,NaN
cct8et1uoe33plxks4xicyln8,Dárius,Vašičkanin,Male,D. Vašičkanin,Slovakia,7dybe8679n9bgyrcxi383pq3y,Unknown,player,NaN,Slovakia,7dybe8679n9bgyrcxi383pq3y,NaN,NaN,NaN,2025-07-01Z,active,yes,NaN,NaN,NaN,NaN,NaN,NaN,NaN,NaN
d7qnv5jqvy89ptfbuavesrr4k,Jakub,Jakubko,Male,J. Jakubko,Slovakia,7dybe8679n9bgyrcxi383pq3y,Defender,player,2004-08-24,Slovakia,7dybe8679n9bgyrcxi383pq3y,NaN,NaN,5.0,2024-07-01Z,active,no,Jakub,Jakubko,NaN,NaN,2025-08-19Z,NaN,NaN,NaN
dr4dfbnqn7p2gr1t282nhr02c,Juraj,Teplan,Male,J. Teplan,Slovakia,7dybe8679n9bgyrcxi383pq3y,Defender,player,2002-07-07,Slovakia,7dybe8679n9bgyrcxi383pq3y,NaN,NaN,NaN,2025-07-09Z,active,yes,Juraj,Teplan,NaN,NaN,NaN,NaN,NaN,NaN
e05t9j6pmt4j5dobxo7gtb6xh,Matúš,Kira,Male,M. Kira,Slovakia,7dybe8679n9bgyrcxi383pq3y,Goalkeeper,player,1994-10-10,Slovakia,7dybe8679n9bgyrcxi383pq3y,185.0,80.0,22.0,2022-07-01Z,active,yes,Matús,Kira,Košice,NaN,NaN,NaN,NaN,NaN
e0rj8gdbkvmhcgnf7ogszvrze,Emilian,Metu,Male,E. Metu,Austria,hcs1bd49qliqqity6o268jyt,Midfielder,player,2003-04-18,Austria,hcs1bd49qliqqity6o268jyt,191.0,70.0,31.0,2025-07-17Z,active,yes,Emilian,Metu,Wiener Neustadt,left,NaN,Nigeria,63pvdwrsiq5b07mzi8igqei9p,NaN
e682lrnq4i6espsj0wmybyesq,Mátyás,Kovács,Male,M. Kovács,Hungary,1vy5vlux7mj2r7r9ktd71hhpo,Midfielder,player,2003-07-07,Hungary,1vy5vlux7mj2r7r9ktd71hhpo,NaN,NaN,17.0,2025-08-04Z,active,yes,Mátyás,Kovács,NaN,NaN,2026-06-30Z,NaN,NaN,Mátyás Kovács
efzj62gq6dj8lxaew8rxf24gk,Dominík,Veselý,Male,D. Veselý,Slovakia,7dybe8679n9bgyrcxi383pq3y,Midfielder,player,2005-01-16,Slovakia,7dybe8679n9bgyrcxi383pq3y,NaN,NaN,90.0,2025-07-01Z,active,yes,Dominík,Vesely,NaN,NaN,NaN,NaN,NaN,NaN
elj30r95td06j5bwae2yxewpg,Amadou,Haidara,Male,A. Haidara,Senegal,6hhqyhr5cwq2pfprlazyposyk,Defender,player,2004-08-27,Senegal,6hhqyhr5cwq2pfprlazyposyk,NaN,NaN,NaN,2025-09-06Z,active,yes,NaN,NaN,NaN,NaN,NaN,NaN,NaN,NaN
tbbthwwwpfkm7luezvil0no5,Dávid,Gallovič,Male,D. Gallovič,Slovakia,7dybe8679n9bgyrcxi383pq3y,Midfielder,player,1996-04-23,Slovakia,7dybe8679n9bgyrcxi383pq3y,NaN,NaN,8.0,2021-07-01Z,active,yes,Dávid,Gallovic,NaN,NaN,NaN,NaN,NaN,NaN
269h5oycdn2yy8ndlg0xbu7vu,Stefan,Škrbo,Male,S. Škrbo,Austria,hcs1bd49qliqqity6o268jyt,Midfielder,player,2001-01-23,Austria,hcs1bd49qliqqity6o268jyt,176.0,NaN,7.0,2025-07-01Z,active,yes,Stefan,Skrbo,NaN,NaN,NaN,NaN,NaN,NaN
2jvbo8qpcd0ror8hvqdtkafh1,Martin,Mikovič,Male,M. Mikovič,Slovakia,7dybe8679n9bgyrcxi383pq3y,Defender,player,1990-09-12,Slovakia,7dybe8679n9bgyrcxi383pq3y,168.0,67.0,29.0,2025-01-01Z,active,yes,Martin,Mikovic,Trnava,NaN,NaN,NaN,NaN,NaN
37kdms01y82ssm7arh4i56ml1,Roman,Procházka,Male,R. Procházka,Slovakia,7dybe8679n9bgyrcxi383pq3y,Midfielder,player,1989-03-14,Slovakia,7dybe8679n9bgyrcxi383pq3y,184.0,76.0,6.0,2021-07-01Z,active,yes,Roman,Procházka,Trnava,right,NaN,NaN,NaN,NaN
4je5qxn65q08ollwl53x6zfca,Abdulrahman,Taiwo,Male,A. Taiwo,Nigeria,63pvdwrsiq5b07mzi8igqei9p,Attacker,player,1998-08-05,Nigeria,63pvdwrsiq5b07mzi8igqei9p,185.0,NaN,NaN,2025-09-06Z,active,yes,Abdulrahman,Taiwo,Lagos,NaN,2026-06-30Z,NaN,NaN,NaN
4s2x327i20p6hm0fwo8fgges,Filip,Trello,Male,F. Trello,Slovakia,7dybe8679n9bgyrcxi383pq3y,Midfielder,player,2007-01-28,Slovakia,7dybe8679n9bgyrcxi383pq3y,NaN,NaN,20.0,2024-08-07Z,active,yes,Filip,Trello,NaN,NaN,NaN,NaN,NaN,NaN
53x5oslkqc22k95dl9yzfiqne,Roko,Jureškin,Male,R. Jureškin,Croatia,37hlakrwxyuzovaeoo4sezusp,Defender,player,2000-09-29,Croatia,37hlakrwxyuzovaeoo4sezusp,NaN,NaN,3.0,2024-09-13Z,active,yes,Roko,Jureskin,NaN,NaN,NaN,NaN,NaN,NaN
5c9mr875hob9e1m8e9lhe7mqx,Martin,Vantruba,Male,M. Vantruba,Slovakia,7dybe8679n9bgyrcxi383pq3y,Goalkeeper,player,1998-02-07,Slovakia,7dybe8679n9bgyrcxi383pq3y,196.0,90.0,72.0,2022-07-01Z,active,yes,Martin,Vantruba,Trnava,right,NaN,NaN,NaN,NaN
5qwergu94zpb6wglhk008qbro,Idjessi Yethro,Metsoko,Male,I. Metsoko,Togo,3jiuckrqd0zejkm452st5dyq7,Attacker,player,2002-03-14,France,7gww28djs405rfga69smki84o,NaN,NaN,93.0,2025-06-15Z,active,yes,Idjessi,Metsoko,NaN,NaN,2025-12-31Z,France,7gww28djs405rfga69smki84o,NaN
6afxu9qxcnbhgv8dn7apkgaqy,Timotej,Kudlička,Male,T. Kudlička,Slovakia,7dybe8679n9bgyrcxi383pq3y,Midfielder,player,2003-08-19,Slovakia,7dybe8679n9bgyrcxi383pq3y,NaN,NaN,19.0,2025-07-04Z,active,yes,Timotej,Kudlicka,NaN,NaN,2026-06-30Z,NaN,NaN,NaN
76c6kd9bgphgw68z4wwoy1fdg,Dávid,Bukovský,Male,D. Bukovský,Slovakia,7dybe8679n9bgyrcxi383pq3y,Attacker,player,2007-08-27,Slovakia,7dybe8679n9bgyrcxi383pq3y,NaN,NaN,22.0,2024-07-24Z,active,yes,Dávid,Bukovsky,NaN,NaN,NaN,NaN,NaN,NaN
7ajpbuluuj3qhbe2fy0zmaz56,Giorgi,Moistsrapishvili,Male,G. Moistsrapishvili,Georgia,55mqz7j6585f2jhgfhn62lomr,Midfielder,player,2001-09-29,Georgia,55mqz7j6585f2jhgfhn62lomr,183.0,NaN,28.0,2025-06-25Z,active,yes,Giorgi,Moistsrapishvili,Poti,right,NaN,NaN,NaN,NaN
7fjouk68ko4vy0qcz6fs0wl0q,Denys,Taraduda,Male,D. Taraduda,Ukraine,315w6fk6umfzf4qvba3t55u61,Defender,player,2000-08-17,Ukraine,315w6fk6umfzf4qvba3t55u61,186.0,78.0,44.0,2025-07-01Z,active,yes,Denys,Taraduda,Boikivske,NaN,NaN,NaN,NaN,NaN
81ew6ob155tml2iekt6z1dwfe,Cédric,Badolo,Male,C. Badolo,Burkina Faso,2ggql4uo9h0p3c67wkm68ibol,Midfielder,player,1998-11-04,Burkina Faso,2ggql4uo9h0p3c67wkm68ibol,178.0,72.0,88.0,2025-01-28Z,active,yes,Cédric,Badolo,Ouagadougou,right,NaN,NaN,NaN,NaN
85gvgl3l7qbx81dqeube4z561,Hilary,Chukwah Gong,Male,H. Gong,Nigeria,63pvdwrsiq5b07mzi8igqei9p,Midfielder,player,1998-10-10,Nigeria,63pvdwrsiq5b07mzi8igqei9p,169.0,72.0,18.0,2025-07-01Z,active,yes,Hilary,Gong,Zawan,right,NaN,NaN,NaN,NaN
85jw7q58nuiekjl7snvmkjyp6,Patrick Emeka,Nwadike,Male,P. Nwadike,Sweden,1z6l2c33w2kyz9rdefs1d68nb,Defender,player,1998-08-29,Sweden,1z6l2c33w2kyz9rdefs1d68nb,190.0,87.0,2.0,2025-07-01Z,active,yes,Patrick,Nwadike,NaN,right,NaN,NaN,NaN,NaN
8aafj44ljp6uds7sy7v8o9j3d,Michal,Tomič,Male,M. Tomič,Slovakia,7dybe8679n9bgyrcxi383pq3y,Defender,player,1999-03-30,Slovakia,7dybe8679n9bgyrcxi383pq3y,182.0,73.0,27.0,2025-06-23Z,active,yes,Michal,Tomic,Myjava,right,NaN,NaN,NaN,NaN
94ur977ld30j48js3hk6x2cr8,Luka,Khorkheli,Male,L. Khorkheli,Georgia,55mqz7j6585f2jhgfhn62lomr,Midfielder,player,2000-01-31,Georgia,55mqz7j6585f2jhgfhn62lomr,NaN,NaN,NaN,2025-09-06Z,active,yes,Luka,Khorkheli,NaN,NaN,NaN,NaN,NaN,Luka Khorkheli
9nf6sppqywgsvrzrg99xaq76d,Miloš,Kratochvíl,Male,M. Kratochvíl,Czechia,5md5tpwr2nmqao528prx43jr7,Midfielder,player,1996-04-26,Czechia,5md5tpwr2nmqao528prx43jr7,186.0,79.0,14.0,2024-07-03Z,active,yes,Milos,Kratochvíl,NaN,right,NaN,NaN,NaN,NaN
9nrps1br9mhbl7huhbuldlyvp,Michal,Ščasný,Male,M. Ščasný,Czechia,5md5tpwr2nmqao528prx43jr7,NaN,coach,1978-08-19,Czechia,5md5tpwr2nmqao528prx43jr7,177.0,75.0,NaN,2025-06-06Z,active,yes,Michal,Scasny,Prague,NaN,NaN,NaN,NaN,NaN
a0eof0c5ifjrxf1nbyfropdjp,Erik,Daniel,Male,E. Daniel,Czechia,5md5tpwr2nmqao528prx43jr7,Midfielder,player,1992-02-04,Czechia,5md5tpwr2nmqao528prx43jr7,178.0,75.0,23.0,2022-07-22Z,active,no,Erik,Daniel,Bratislava,right,2025-08-26Z,Slovakia,7dybe8679n9bgyrcxi383pq3y,NaN
a9d6193fiy29cm1ldun2mow0k,Patrik,Vasiľ,Male,P. Vasiľ,Slovakia,7dybe8679n9bgyrcxi383pq3y,Goalkeeper,player,2004-12-05,Slovakia,7dybe8679n9bgyrcxi383pq3y,184.0,NaN,41.0,2024-11-15Z,active,yes,Patrik,Vasil,NaN,NaN,NaN,NaN,NaN,NaN
bkwvqabu13v1d8kt207rvc00k,Patrick,Karhan,Male,P. Karhan,Slovakia,7dybe8679n9bgyrcxi383pq3y,Midfielder,player,2003-06-19,Germany,36min0qztu8eydwvpv8t1is0m,185.0,NaN,21.0,2024-07-01Z,active,yes,Patrick,Karhan,Wolfsburg,right,NaN,Germany,36min0qztu8eydwvpv8t1is0m,NaN
bpa4041uf6rhu659hwa08o1lg,Marek,Ujlaky,Male,M. Ujlaky,Slovakia,7dybe8679n9bgyrcxi383pq3y,Defender,player,2003-12-03,Slovakia,7dybe8679n9bgyrcxi383pq3y,184.0,NaN,13.0,2021-04-02Z,active,yes,Marek,Ujlaky,NaN,right,NaN,NaN,NaN,NaN
bq1i8z906frmxd7upktyfcgd1,Kristián,Koštrna,Male,K. Koštrna,Slovakia,7dybe8679n9bgyrcxi383pq3y,Defender,player,1993-12-15,Slovakia,7dybe8679n9bgyrcxi383pq3y,176.0,71.0,24.0,2025-06-28Z,active,yes,Kristián,Kostrna,Hlohovec,NaN,NaN,NaN,NaN,NaN
cm7ceie86tfwjhbqk76pvic4p,Libor,Holík,Male,L. Holík,Czechia,5md5tpwr2nmqao528prx43jr7,Defender,player,1998-05-12,Czechia,5md5tpwr2nmqao528prx43jr7,180.0,72.0,4.0,2024-06-19Z,active,yes,Libor,Holík,NaN,right,NaN,NaN,NaN,NaN
cxz4zddmoyebzx57afocncvoq,Philip,Azango Elayo,Male,P. Azango,Nigeria,63pvdwrsiq5b07mzi8igqei9p,Midfielder,player,1997-05-21,Nigeria,63pvdwrsiq5b07mzi8igqei9p,166.0,75.0,11.0,2023-06-15Z,active,yes,Philip,Azango,Jos Plateau,left,NaN,NaN,NaN,NaN
d9hdipnzq4k4cgojv6akpcyxh,Erik,Sabo,Male,E. Sabo,Slovakia,7dybe8679n9bgyrcxi383pq3y,Midfielder,player,1991-11-22,Slovakia,7dybe8679n9bgyrcxi383pq3y,187.0,74.0,52.0,2024-08-06Z,active,yes,Erik,Sabo,Šúrovce,right,NaN,NaN,NaN,NaN
dtkyk7u6a1zbyjo0xh01xeead,Filip,Twardzik,Male,F. Twardzik,Czechia,5md5tpwr2nmqao528prx43jr7,Defender,player,1993-02-10,Czechia,5md5tpwr2nmqao528prx43jr7,185.0,78.0,33.0,2024-07-01Z,active,yes,Filip,Twardzik,Trinec,left,NaN,NaN,NaN,NaN
eim53fbgajnpydps3071jxivp,Jakub,Paur,Male,J. Paur,Slovakia,7dybe8679n9bgyrcxi383pq3y,Attacker,player,1992-07-04,Slovakia,7dybe8679n9bgyrcxi383pq3y,184.0,75.0,17.0,2022-07-01Z,active,yes,Jakub,Paur,Žilina,right,NaN,NaN,NaN,NaN
jf5ow5qxswm7urne6c6pnzkl,Michal,Ďuriš,Male,M. Ďuriš,Slovakia,7dybe8679n9bgyrcxi383pq3y,Attacker,player,1988-06-01,Czechia,5md5tpwr2nmqao528prx43jr7,183.0,75.0,57.0,2024-02-15Z,active,yes,Michal,Duris,Uherské Hradiště,right,NaN,Czechia,5md5tpwr2nmqao528prx43jr7,NaN
k5zoj6nv60whksh42eztymsp,Žiga,Frelih,Male,Ž. Frelih,Slovenia,63vptz9g2ckqnnlxhd1oqn4xq,Goalkeeper,player,1998-02-06,Slovenia,63vptz9g2ckqnnlxhd1oqn4xq,197.0,90.0,1.0,2024-06-16Z,active,yes,Ziga,Frelih,Ljubljana,NaN,NaN,NaN,NaN,NaN
2h8ono3z5nscm9pngv3mak0oa,Roland,Galčík,Male,R. Galčík,Slovakia,7dybe8679n9bgyrcxi383pq3y,Attacker,player,2001-07-30,Slovakia,7dybe8679n9bgyrcxi383pq3y,NaN,NaN,7.0,2023-06-22Z,active,yes,Roland,Galcík,NaN,NaN,NaN,NaN,NaN,NaN
30i2mfkxpg4921ir9cu2uavx0,Alin,Lérint,Male,A. Lérint,Slovakia,7dybe8679n9bgyrcxi383pq3y,Attacker,player,2008-05-27,Slovakia,7dybe8679n9bgyrcxi383pq3y,NaN,NaN,97.0,2025-06-15Z,active,yes,NaN,NaN,Nitra,NaN,NaN,NaN,NaN,NaN
3bc1w51ucrvl6kice2eoojkes,Ridwan,Sanusi,Male,R. Sanusi,Nigeria,63pvdwrsiq5b07mzi8igqei9p,Midfielder,player,2002-09-21,Nigeria,63pvdwrsiq5b07mzi8igqei9p,NaN,NaN,NaN,2025-08-29Z,active,yes,Ridwan,Sanusi,NaN,NaN,2026-06-30Z,NaN,NaN,NaN
3ubz0dppyj2t7x0j4fk9lt7v8,Adrian,Petic,Male,A. Petic,Slovakia,7dybe8679n9bgyrcxi383pq3y,Midfielder,player,2007-10-11,Slovakia,7dybe8679n9bgyrcxi383pq3y,NaN,NaN,6.0,2025-09-13Z,active,yes,NaN,NaN,NaN,NaN,NaN,NaN,NaN,NaN
3wvogcbnz0t7ce4qhpegjn3tg,Mohammed,Sallah,Male,M. Sallah,Gambia,4ix3ulx7h2a09r16jo9qdbuvp,Midfielder,player,2006-02-17,Gambia,4ix3ulx7h2a09r16jo9qdbuvp,NaN,NaN,20.0,2025-02-19Z,active,yes,NaN,NaN,NaN,NaN,NaN,NaN,NaN,NaN
3yvh2wn1zvnzdl0y1d6n3x7th,Samuel,Štefánik,Male,S. Štefánik,Slovakia,7dybe8679n9bgyrcxi383pq3y,Midfielder,player,1991-11-16,Slovakia,7dybe8679n9bgyrcxi383pq3y,177.0,74.0,26.0,2024-07-16Z,active,yes,Samuel,Stefánik,Bánovce nad Bebravou,right,NaN,NaN,NaN,NaN
463e49o3i91ihutgy2q4zsd79,Matúš,Marcin,Male,M. Marcin,Slovakia,7dybe8679n9bgyrcxi383pq3y,Attacker,player,1994-04-06,Slovakia,7dybe8679n9bgyrcxi383pq3y,178.0,77.0,11.0,2025-07-01Z,active,yes,NaN,NaN,Prešov,both,NaN,NaN,NaN,NaN
4b31zehtdej8twqlvax4na39w,Davit,Hakobyan,Male,D. Hakobyan,Armenia,687vx665s4d88stgnq72a84k6,Midfielder,player,2005-08-09,Armenia,687vx665s4d88stgnq72a84k6,NaN,NaN,45.0,2025-06-20Z,active,yes,NaN,NaN,NaN,NaN,NaN,NaN,NaN,NaN
4fuzlwry4gqghvvzem4fvxlhw,Aleksa,Marković,Male,A. Marković,Serbia,5w4ve503bjdsshwx9ho6jxzx0,Defender,player,2002-06-10,Hungary,1vy5vlux7mj2r7r9ktd71hhpo,NaN,NaN,18.0,2024-01-24Z,active,yes,Alex,Markovic,NaN,NaN,NaN,Hungary,1vy5vlux7mj2r7r9ktd71hhpo,NaN
4kyzzckx6o34dt4ioy3cdr02c,Radek,Šiler,Male,R. Šiler,Czechia,5md5tpwr2nmqao528prx43jr7,Attacker,player,2004-09-10,Czechia,5md5tpwr2nmqao528prx43jr7,NaN,NaN,10.0,2025-06-20Z,active,yes,Radek,Siler,NaN,NaN,NaN,NaN,NaN,NaN
5gdbr6ptqv207ytova45dlox6,Štefan,Markulík,Male,Š. Markulík,Slovakia,7dybe8679n9bgyrcxi383pq3y,NaN,coach,1991-10-27,Slovakia,7dybe8679n9bgyrcxi383pq3y,NaN,NaN,NaN,2024-09-02Z,active,yes,NaN,NaN,NaN,NaN,NaN,NaN,NaN,NaN
5i4hanhs1igx4grc5rt6cj4oa,Kevor,Palumets,Male,K. Palumets,Estonia,64smib5liu1qh78iaylufxj99,Midfielder,player,2002-11-21,Estonia,64smib5liu1qh78iaylufxj99,187.0,76.0,80.0,2025-01-25Z,active,yes,Kevor,Palumets,Tallinn,left,NaN,NaN,NaN,NaN
60iemdthu3bvr788oqg37455g,Jorge,Velasco Argenta,Male,Jorge Velasco,Spain,49ih1pwv3ahshdf8uzrimi54c,Midfielder,player,2003-05-25,Spain,49ih1pwv3ahshdf8uzrimi54c,NaN,NaN,NaN,2025-07-01Z,active,no,NaN,NaN,Soto del Real,right,2025-08-25Z,NaN,NaN,NaN
6a33ylquco39t515pwi5itk2x,Matej,Oravec,Male,M. Oravec,Slovakia,7dybe8679n9bgyrcxi383pq3y,Defender,player,1998-03-30,Slovakia,7dybe8679n9bgyrcxi383pq3y,185.0,74.0,4.0,2022-07-01Z,active,yes,Matej,Oravec,Trnava,right,NaN,NaN,NaN,NaN
6l5nyyhk1f31h85a0lsyb74lw,Šimon,Faško,Male,S. Faško,Slovakia,7dybe8679n9bgyrcxi383pq3y,Midfielder,player,2006-04-09,Slovakia,7dybe8679n9bgyrcxi383pq3y,NaN,NaN,25.0,2022-10-28Z,active,yes,NaN,NaN,NaN,NaN,NaN,NaN,NaN,NaN
7d652ns7jnbtq16jpq06qml1w,Daniel,Smékal,Male,D. Smékal,Czechia,5md5tpwr2nmqao528prx43jr7,Attacker,player,2001-12-08,Czechia,5md5tpwr2nmqao528prx43jr7,NaN,NaN,9.0,2024-06-16Z,active,no,Daniel,Smékal,NaN,NaN,2025-09-08Z,NaN,NaN,NaN
7oycboprr3g5tsfan8lm55nca,Ivan,Rehák,Male,I. Rehák,Slovakia,7dybe8679n9bgyrcxi383pq3y,Goalkeeper,player,2001-04-27,Slovakia,7dybe8679n9bgyrcxi383pq3y,NaN,NaN,41.0,2025-07-01Z,active,yes,NaN,NaN,NaN,NaN,NaN,NaN,NaN,NaN
83vlbn8rh51qh9jw871x8sx2i,Andrii,Havrylenko,Male,A. Havrylenko,Ukraine,315w6fk6umfzf4qvba3t55u61,Midfielder,player,2000-08-17,Ukraine,315w6fk6umfzf4qvba3t55u61,184.0,66.0,44.0,2025-07-01Z,active,yes,NaN,NaN,NaN,left,NaN,NaN,NaN,NaN
860mu6vq14s22tbtnh2mtcwk5,Branislav,Ňinaj,Male,B. Ňinaj,Slovakia,7dybe8679n9bgyrcxi383pq3y,Defender,player,1994-05-17,Slovakia,7dybe8679n9bgyrcxi383pq3y,191.0,85.0,88.0,2025-07-01Z,active,yes,Branislav,Ninaj,Bratislava,right,NaN,NaN,NaN,NaN
8fisdnvstq0pks7ppqlfsyr6c,Ousman,Kujabi,Male,O. Kujabi,Gambia,4ix3ulx7h2a09r16jo9qdbuvp,Attacker,player,2005-11-19,Gambia,4ix3ulx7h2a09r16jo9qdbuvp,NaN,NaN,19.0,2025-07-01Z,active,yes,NaN,NaN,Kafuta,NaN,NaN,NaN,NaN,NaN
8g66huzw03lik7hmo4tuco5jo,Filip,Mielke,Male,F. Mielke,Slovakia,7dybe8679n9bgyrcxi383pq3y,Defender,player,2005-04-09,Slovakia,7dybe8679n9bgyrcxi383pq3y,NaN,NaN,3.0,2022-03-11Z,active,yes,Filip,Mielke,NaN,NaN,NaN,NaN,NaN,NaN
8oou13mz7ha5tajr50bhcq710,Alex,Lajčiak,Male,A. Lajčiak,Slovakia,7dybe8679n9bgyrcxi383pq3y,Midfielder,player,2007-12-17,Slovakia,7dybe8679n9bgyrcxi383pq3y,NaN,NaN,22.0,2024-04-06Z,active,yes,NaN,NaN,NaN,NaN,NaN,NaN,NaN,NaN
8zyzglz2boculk7mx8zz3vaj8,Muhammed,Dumbuya,Male,M. Dumbuya,Gambia,4ix3ulx7h2a09r16jo9qdbuvp,Attacker,player,2007-03-19,Gambia,4ix3ulx7h2a09r16jo9qdbuvp,NaN,NaN,30.0,2025-07-01Z,active,yes,NaN,NaN,Banjul,NaN,NaN,NaN,NaN,NaN
a406dhm1zp3wfqgzy16f0g7is,Samuel,Šubert,Male,S. Šubert,Slovakia,7dybe8679n9bgyrcxi383pq3y,Midfielder,player,2007-03-26,Slovakia,7dybe8679n9bgyrcxi383pq3y,NaN,NaN,NaN,2024-10-15Z,active,no,NaN,NaN,NaN,NaN,2025-08-29Z,NaN,NaN,NaN
aowrrokdvc3kfxqjfz1gdj0gk,Séverin,Tatolna,Male,S. Tatolna,Central African Republic,4grlavjd5jd86praiug1voxmd,Defender,player,2002-01-10,Central African Republic,4grlavjd5jd86praiug1voxmd,185.0,76.0,17.0,2025-07-01Z,active,yes,Séverin,Tatolna,NaN,NaN,NaN,Sweden,1z6l2c33w2kyz9rdefs1d68nb,NaN
bist0b8gg6qi30rdd8qx423h0,Ondřej,Deml,Male,O. Deml,Czechia,5md5tpwr2nmqao528prx43jr7,Midfielder,player,2005-01-20,Czechia,5md5tpwr2nmqao528prx43jr7,NaN,NaN,8.0,2025-07-01Z,active,yes,Ondrej,Deml,NaN,NaN,NaN,NaN,NaN,NaN
bqxwqho31gkp20ghh33956x3o,Jakub,Luka,Male,J. Luka,Slovakia,7dybe8679n9bgyrcxi383pq3y,Defender,player,2003-08-18,Slovakia,7dybe8679n9bgyrcxi383pq3y,193.0,NaN,37.0,2025-01-25Z,active,yes,Jakub,Luka,NaN,right,NaN,NaN,NaN,NaN
bs25e89htou4kucgz3c9thej9,René,Paraj,Male,R. Paraj,Slovakia,7dybe8679n9bgyrcxi383pq3y,Midfielder,player,1992-08-14,Slovakia,7dybe8679n9bgyrcxi383pq3y,NaN,NaN,15.0,2019-01-11Z,active,yes,NaN,NaN,Žiar nad Hronom,NaN,NaN,NaN,NaN,NaN
dyne11pf74cddy5qm9q0cbqc4,Vincent,Chyla,Male,V. Chyla,Slovakia,7dybe8679n9bgyrcxi383pq3y,Midfielder,player,2004-01-08,Slovakia,7dybe8679n9bgyrcxi383pq3y,NaN,NaN,13.0,2024-01-24Z,active,yes,Vincent,Chyla,NaN,NaN,NaN,NaN,NaN,NaN
ed9p2pk5x1c6cg0kh3h28rllg,Jakub,Rehak,Male,J. Rehak,Czechia,5md5tpwr2nmqao528prx43jr7,Midfielder,player,2007-03-15,Czechia,5md5tpwr2nmqao528prx43jr7,NaN,NaN,NaN,2025-09-05Z,active,yes,Jakub,Rehak,NaN,NaN,NaN,NaN,NaN,NaN
ef3rhuo7yei01o8o2pdpyenkl,Taras,Bondarenko,Male,T. Bondarenko,Ukraine,315w6fk6umfzf4qvba3t55u61,Defender,player,1992-09-23,Ukraine,315w6fk6umfzf4qvba3t55u61,183.0,67.0,NaN,2026-01-01Z,active,no,Taras,Bondarenko,NaN,NaN,NaN,NaN,NaN,NaN
l48q4t0ucy9dq43rnz8fk1zo,Matej,Jurička,Male,M. Jurička,Slovakia,7dybe8679n9bgyrcxi383pq3y,Goalkeeper,player,2005-08-11,Slovakia,7dybe8679n9bgyrcxi383pq3y,202.0,75.0,95.0,2025-01-25Z,active,yes,NaN,NaN,NaN,right,NaN,NaN,NaN,NaN
175c3vqpypkfz0of6hf2kdtxx,Šimon,Šmehyl,Male,Š. Šmehyl,Slovakia,7dybe8679n9bgyrcxi383pq3y,Defender,player,1994-02-09,Slovakia,7dybe8679n9bgyrcxi383pq3y,175.0,NaN,8.0,2021-07-01Z,active,yes,NaN,NaN,Topoľčany,NaN,NaN,NaN,NaN,NaN
18rnr89ksw4jhunbs92i73ch5,Benjamín,Száraz,Male,B. Száraz,Slovakia,7dybe8679n9bgyrcxi383pq3y,Goalkeeper,player,1998-03-09,Slovakia,7dybe8679n9bgyrcxi383pq3y,189.0,84.0,13.0,2025-01-29Z,active,yes,Benjamin,Szaraz,Veľký Kýr,right,NaN,NaN,NaN,NaN
1gcf2zgdh5zd1690gx9vmv9xw,Máté,Pákozdi,Male,M. Pákozdi,Slovakia,7dybe8679n9bgyrcxi383pq3y,Midfielder,player,2006-04-01,Slovakia,7dybe8679n9bgyrcxi383pq3y,NaN,NaN,NaN,2025-07-01Z,active,yes,NaN,NaN,NaN,NaN,NaN,NaN,NaN,NaN
1p2ugub44nhzuqv0p19ri8wt0,Martin,Mišovič,Male,M. Mišovič,Slovakia,7dybe8679n9bgyrcxi383pq3y,Attacker,player,2004-01-22,Slovakia,7dybe8679n9bgyrcxi383pq3y,NaN,NaN,77.0,2025-07-21Z,active,yes,Martin,Misovic,NaN,NaN,2026-06-30Z,NaN,NaN,NaN
2t84zvt3d2gfe9l7bltmsa0gl,Martin,Gamboš,Male,M. Gamboš,Slovakia,7dybe8679n9bgyrcxi383pq3y,Midfielder,player,1998-01-23,Slovakia,7dybe8679n9bgyrcxi383pq3y,182.0,77.0,NaN,2025-08-29Z,active,yes,Martin,Gambos,Žilina,both,NaN,NaN,NaN,NaN
2w26npeupk3omj37triq7exyi,Erik Zoltán,Gyurákovics,Male,E. Gyurákovics,Hungary,1vy5vlux7mj2r7r9ktd71hhpo,Goalkeeper,player,1999-07-21,Slovakia,7dybe8679n9bgyrcxi383pq3y,190.0,NaN,26.0,2025-07-22Z,active,yes,Erik,Gyurákovics,Bratislava,right,NaN,NaN,NaN,NaN
43ssius9znhjpkfvc93go6wa1,Adam,Krčík,Male,A. Krčík,Slovakia,7dybe8679n9bgyrcxi383pq3y,Defender,player,1996-03-16,Slovakia,7dybe8679n9bgyrcxi383pq3y,NaN,NaN,37.0,2025-07-01Z,active,yes,NaN,NaN,NaN,NaN,NaN,NaN,NaN,NaN
47b72vxpquq1a5sbncfp2c72t,Róbert,Pillár,Male,R. Pillár,Slovakia,7dybe8679n9bgyrcxi383pq3y,Defender,player,1991-05-27,Slovakia,7dybe8679n9bgyrcxi383pq3y,189.0,82.0,21.0,2024-06-18Z,active,yes,Róbert,Pillár,Bardejov,NaN,NaN,NaN,NaN,NaN
497cva6ygshr07y7n2y4v1p79,Martin,Šimko,Male,M. Šimko,Slovakia,7dybe8679n9bgyrcxi383pq3y,Defender,player,1998-05-24,Slovakia,7dybe8679n9bgyrcxi383pq3y,NaN,NaN,3.0,2020-07-31Z,active,yes,NaN,NaN,NaN,NaN,NaN,NaN,NaN,NaN
4engbki50a50mv8wi568zb95g,Zoran,Ivanics,Male,Z. Ivanics,Slovakia,7dybe8679n9bgyrcxi383pq3y,Attacker,player,2005-09-06,Slovakia,7dybe8679n9bgyrcxi383pq3y,NaN,NaN,87.0,2025-07-14Z,active,yes,Zoran,Ivanics,NaN,NaN,NaN,NaN,NaN,NaN
52d3qyuyqu3pbvucsvqxib5ec,Bálint,Csóka,Male,B. Csóka,Slovakia,7dybe8679n9bgyrcxi383pq3y,Attacker,player,2003-03-20,Slovakia,7dybe8679n9bgyrcxi383pq3y,176.0,NaN,19.0,2025-07-19Z,active,yes,Bálint,Csóka,NaN,NaN,NaN,NaN,NaN,NaN
5g2asbwn7z9xomfm9sz5knrv9,Mikuláš,Radványi,Male,M. Radványi,Slovakia,7dybe8679n9bgyrcxi383pq3y,NaN,coach,1968-11-22,Slovakia,7dybe8679n9bgyrcxi383pq3y,NaN,NaN,NaN,2021-07-01Z,active,yes,NaN,NaN,Dunajská Streda,NaN,NaN,NaN,NaN,NaN
5mbnxzg2xpqiylwiwogb1s8b8,Jakub,Palán,Male,J. Palán,Czechia,5md5tpwr2nmqao528prx43jr7,Attacker,player,2006-07-08,Czechia,5md5tpwr2nmqao528prx43jr7,NaN,NaN,18.0,2025-07-25Z,active,yes,NaN,NaN,NaN,NaN,NaN,NaN,NaN,NaN
5zqj5ku1wjsng69lrfrgsy3je,Christian Emmanuel,Nguidjol Bayemi,Male,C. Bayemi,Cameroon,4eb9feio6u267dd1jcwaf38mt,Attacker,player,1998-12-25,Cameroon,4eb9feio6u267dd1jcwaf38mt,NaN,NaN,17.0,2019-07-01Z,active,yes,NaN,NaN,NaN,NaN,NaN,NaN,NaN,NaN
60hb2iku0p4coba4zext3t53o,Dominik,Žák,Male,D. Žák,Czechia,5md5tpwr2nmqao528prx43jr7,Midfielder,player,2000-04-30,Czechia,5md5tpwr2nmqao528prx43jr7,NaN,NaN,12.0,2025-07-02Z,active,yes,NaN,NaN,NaN,NaN,NaN,NaN,NaN,NaN
66yrr8le38s34bbh7ga38cmsq,Nándor Károly,Tamás,Male,N. Tamás,Romania,17oj2qrzqlkhdjvazum10sx2i,Attacker,player,2000-10-24,Romania,17oj2qrzqlkhdjvazum10sx2i,NaN,NaN,22.0,2024-06-15Z,active,yes,Nándor,Tamás,NaN,NaN,NaN,Hungary,1vy5vlux7mj2r7r9ktd71hhpo,NaN
6c0v2gywrmolnaj26uebsqbro,Timotej,Cagáň,Male,T. Cagáň,Slovakia,7dybe8679n9bgyrcxi383pq3y,Defender,player,2005-12-08,Slovakia,7dybe8679n9bgyrcxi383pq3y,NaN,NaN,NaN,2023-07-13Z,active,yes,NaN,NaN,NaN,NaN,NaN,NaN,NaN,NaN
94jds6clsdbzzxlr6fn5e50yc,Dávid,Kmeťo,Male,D. Kmeťo,Slovakia,7dybe8679n9bgyrcxi383pq3y,Midfielder,player,2004-04-23,Slovakia,7dybe8679n9bgyrcxi383pq3y,NaN,NaN,15.0,2025-07-21Z,active,yes,NaN,NaN,NaN,NaN,NaN,NaN,NaN,NaN
9hmybq66cujgggy5pamd220gl,Jozef,Pastorek,Male,J. Pastorek,Slovakia,7dybe8679n9bgyrcxi383pq3y,Midfielder,player,1998-09-26,Slovakia,7dybe8679n9bgyrcxi383pq3y,NaN,NaN,7.0,2021-07-19Z,active,yes,Jozef,Pastorek,NaN,NaN,NaN,NaN,NaN,NaN
9jd3voo6k9idhimulhfsn46sq,Filip,Dlubáč,Male,F. Dlubáč,Slovakia,7dybe8679n9bgyrcxi383pq3y,Goalkeeper,player,2001-02-15,Slovakia,7dybe8679n9bgyrcxi383pq3y,NaN,NaN,1.0,2023-07-01Z,active,yes,NaN,NaN,NaN,NaN,NaN,NaN,NaN,NaN
9jfn80efrwcbqvky609xxravp,Filip,Kiss,Male,F. Kiss,Slovakia,7dybe8679n9bgyrcxi383pq3y,Midfielder,player,1990-10-13,Slovakia,7dybe8679n9bgyrcxi383pq3y,189.0,89.0,14.0,2025-07-01Z,active,yes,Filip,Kiss,Dunajská Streda,both,NaN,Hungary,1vy5vlux7mj2r7r9ktd71hhpo,NaN
9mt84o1omv64u5kd94hsrxazt,Martin,Boďa,Male,M. Boďa,Slovakia,7dybe8679n9bgyrcxi383pq3y,Attacker,player,1997-02-02,Slovakia,7dybe8679n9bgyrcxi383pq3y,194.0,84.0,9.0,2025-06-25Z,active,yes,Martin,Boda,NaN,NaN,2026-06-30Z,NaN,NaN,NaN
9sx1lk7tzcdqeoje9ix93hiw9,Dan,Ožvolda,Male,D. Ožvolda,Czechia,5md5tpwr2nmqao528prx43jr7,Midfielder,player,1996-10-11,Czechia,5md5tpwr2nmqao528prx43jr7,180.0,70.0,6.0,2023-01-20Z,active,yes,NaN,NaN,NaN,right,NaN,NaN,NaN,NaN
9zl45bh349e2cgbqlekbus4q1,Tamás,Németh,Male,T. Németh,Slovakia,7dybe8679n9bgyrcxi383pq3y,Midfielder,player,1999-02-13,Slovakia,7dybe8679n9bgyrcxi383pq3y,NaN,NaN,10.0,2021-07-19Z,active,yes,NaN,NaN,NaN,NaN,NaN,NaN,NaN,NaN
bpbzcyqri0bsz95bwn6113hl,Dominik,Špiriak,Male,D. Špiriak,Slovakia,7dybe8679n9bgyrcxi383pq3y,Defender,player,1999-03-22,Slovakia,7dybe8679n9bgyrcxi383pq3y,181.0,NaN,5.0,2022-07-01Z,active,yes,Dominik,Spiriak,Bratislava,right,NaN,NaN,NaN,NaN
bvo8hf08p2eno9oldufqfbgtl,Ganbayar,Ganbold,Male,G. Ganbold,Mongolia,19cw8kmvywtowb9zfnfswhko8,Midfielder,player,2000-09-03,Mongolia,19cw8kmvywtowb9zfnfswhko8,NaN,NaN,73.0,2022-07-01Z,active,yes,Ganbayar,Ganbold,NaN,NaN,NaN,NaN,NaN,NaN
c83ms1i1lpmx77fl1ojbhs1qt,Elvis,Sukisa Mashike,Male,E. Mashike,Congo DR,6xq2smnxqvc5bh7vzza9ljiy9,Attacker,player,1994-06-06,Congo DR,6xq2smnxqvc5bh7vzza9ljiy9,186.0,80.0,99.0,2025-07-04Z,active,yes,Elvis,Mashike,NaN,NaN,NaN,NaN,NaN,NaN
cafcvazgjd76q9on53l81fe38,Tobias,Fuka,Male,T. Fuka,Slovakia,7dybe8679n9bgyrcxi383pq3y,Goalkeeper,player,2005-12-14,Slovakia,7dybe8679n9bgyrcxi383pq3y,NaN,NaN,NaN,2025-07-23Z,active,yes,NaN,NaN,NaN,NaN,NaN,NaN,NaN,NaN
czmsa802giz2p7gkmnj0c37ro,Zsombor,Mitring,Male,Z. Mitring,Hungary,1vy5vlux7mj2r7r9ktd71hhpo,Attacker,player,2004-04-16,Hungary,1vy5vlux7mj2r7r9ktd71hhpo,178.0,NaN,NaN,2025-08-15Z,active,yes,Zsombor,Mitring,NaN,NaN,NaN,NaN,NaN,NaN
dgf37odryk6lwsqs8og9qymtw,Tibor,Tóth,Male,T. Tóth,Slovakia,7dybe8679n9bgyrcxi383pq3y,Midfielder,player,2003-09-16,Slovakia,7dybe8679n9bgyrcxi383pq3y,NaN,NaN,NaN,2022-04-22Z,active,yes,NaN,NaN,NaN,NaN,NaN,NaN,NaN,NaN
mo16pn32yf5nyghy8un8jkh6,Ondřej,Rudzan,Male,O. Rudzan,Czechia,5md5tpwr2nmqao528prx43jr7,Defender,player,1998-07-25,Czechia,5md5tpwr2nmqao528prx43jr7,NaN,NaN,24.0,2024-07-08Z,active,yes,NaN,NaN,NaN,NaN,NaN,NaN,NaN,NaN
z91a2umckceyag4vm1ry4yl0,Zsolt Barnabás,Hogenbuch,Male,Z. Hogenbuch,Slovakia,7dybe8679n9bgyrcxi383pq3y,Midfielder,player,2006-09-25,Slovakia,7dybe8679n9bgyrcxi383pq3y,NaN,NaN,NaN,2025-07-19Z,active,yes,NaN,NaN,NaN,NaN,NaN,NaN,NaN,NaN
17wb7qv8x70tkgmug9ngw0zys,Branislav,Sokol,Male,B. Sokol,Slovakia,7dybe8679n9bgyrcxi383pq3y,Goalkeeper,player,2004-09-15,Slovakia,7dybe8679n9bgyrcxi383pq3y,NaN,NaN,35.0,2023-04-01Z,active,yes,Branislav,Sokol,NaN,NaN,NaN,NaN,NaN,NaN
1kb5noquewdka7zi5v6mvup9m,Vojtěch,Novák,Male,V. Novák,Czechia,5md5tpwr2nmqao528prx43jr7,Midfielder,player,2002-01-20,Czechia,5md5tpwr2nmqao528prx43jr7,155.0,43.0,11.0,2025-07-01Z,active,yes,Vojtech,Novák,NaN,left,NaN,NaN,NaN,NaN
21iixtvt80wpzqad9x3qghlux,David,Huf,Male,D. Huf,Czechia,5md5tpwr2nmqao528prx43jr7,Attacker,player,1999-01-23,Czechia,5md5tpwr2nmqao528prx43jr7,NaN,NaN,9.0,2024-09-04Z,active,no,David,Huf,NaN,NaN,2025-09-05Z,NaN,NaN,NaN
3h9lw0y2c1ccj9xcy1u8ht9g4,Daniel,Prekop,Male,D. Prekop,Slovakia,7dybe8679n9bgyrcxi383pq3y,Defender,player,2005-05-20,Slovakia,7dybe8679n9bgyrcxi383pq3y,NaN,NaN,31.0,2025-07-01Z,active,no,Daniel,Prekop,NaN,NaN,2025-08-21Z,NaN,NaN,NaN
48ol3s0iff4t2dwah72oon2tw,Tomáš,Buchvaldek,Male,T. Buchvaldek,Czechia,5md5tpwr2nmqao528prx43jr7,Midfielder,player,2002-10-12,Czechia,5md5tpwr2nmqao528prx43jr7,NaN,NaN,22.0,2025-07-21Z,active,yes,NaN,NaN,NaN,NaN,NaN,NaN,NaN,NaN
4ca5gdkj9g34op6vdk5rj5my2,Lukáš,Endl,Male,L. Endl,Czechia,5md5tpwr2nmqao528prx43jr7,Defender,player,2003-06-17,Czechia,5md5tpwr2nmqao528prx43jr7,NaN,NaN,36.0,2025-08-15Z,active,yes,Lukás,Endl,NaN,NaN,2026-06-30Z,NaN,NaN,NaN
4fa76tep2ca1r03vokdzgbsh5,Adrián,Slávik,Male,A. Slávik,Slovakia,7dybe8679n9bgyrcxi383pq3y,Defender,player,1999-04-12,Slovakia,7dybe8679n9bgyrcxi383pq3y,NaN,NaN,7.0,2025-06-15Z,active,yes,NaN,NaN,NaN,NaN,NaN,NaN,NaN,NaN
53esz84pfvicb6dj9gw6s4jqh,Martin,Šulek,Male,M. Šulek,Slovakia,7dybe8679n9bgyrcxi383pq3y,Defender,player,1998-01-15,Slovakia,7dybe8679n9bgyrcxi383pq3y,179.0,65.0,18.0,2025-07-10Z,active,yes,Martin,Sulek,Trenčín,NaN,NaN,NaN,NaN,NaN
57ieklwt78roetp55kcgiczu2,Alexander,Mojžiš,Male,A. Mojžiš,Slovakia,7dybe8679n9bgyrcxi383pq3y,Defender,player,1999-01-02,Slovakia,7dybe8679n9bgyrcxi383pq3y,183.0,82.0,2.0,2024-02-03Z,active,yes,Alexander,Mojzis,Krupina,NaN,NaN,NaN,NaN,NaN
58l0v9fir69gpbtfdgsh4rk0k,Martin,Bačík,Male,M. Bačík,Slovakia,7dybe8679n9bgyrcxi383pq3y,Midfielder,player,2007-03-07,Slovakia,7dybe8679n9bgyrcxi383pq3y,NaN,NaN,15.0,2025-07-23Z,active,yes,Martin,Bacík,NaN,NaN,NaN,NaN,NaN,NaN
5dl5nz5hp5lazq2pnru8slnh0,David,Jackuliak,Male,D. Jackuliak,Slovakia,7dybe8679n9bgyrcxi383pq3y,Attacker,player,2003-08-02,Slovakia,7dybe8679n9bgyrcxi383pq3y,191.0,86.0,13.0,2025-07-01Z,active,yes,David,Jackuliak,NaN,NaN,NaN,NaN,NaN,NaN
5nq8a77t1enm36la314v0h5ka,Oliver,Luterán,Male,O. Luterán,Slovakia,7dybe8679n9bgyrcxi383pq3y,Midfielder,player,2001-09-06,Slovakia,7dybe8679n9bgyrcxi383pq3y,179.0,73.0,4.0,2021-01-01Z,active,yes,Oliver,Luterán,Kendice,right,NaN,NaN,NaN,NaN
5nrmy96rd53lt1lob9q0zaynd,Marián,Chobot,Male,M. Chobot,Slovakia,7dybe8679n9bgyrcxi383pq3y,Midfielder,player,1999-08-31,Slovakia,7dybe8679n9bgyrcxi383pq3y,177.0,NaN,20.0,2023-07-20Z,active,yes,Marián,Chobot,Topoľčany,left,NaN,NaN,NaN,NaN
5on7xtjzijxmmc9lgld14wsx6,Timotej,Múdry,Male,T. Múdry,Slovakia,7dybe8679n9bgyrcxi383pq3y,Midfielder,player,2000-04-04,Slovakia,7dybe8679n9bgyrcxi383pq3y,NaN,NaN,6.0,2023-06-16Z,active,yes,Timotej,Múdry,NaN,NaN,NaN,NaN,NaN,NaN
5zlm5c7bgdms0370tbxewxeqx,Ondřej,Šašinka,Male,O. Šašinka,Czechia,5md5tpwr2nmqao528prx43jr7,Attacker,player,1998-03-21,Czechia,5md5tpwr2nmqao528prx43jr7,182.0,81.0,38.0,2025-07-31Z,active,yes,Ondrej,Sasinka,NaN,left,NaN,NaN,NaN,NaN
7nolt983cv10muw69tyqh6t7u,Patrik,Leitner,Male,P. Leitner,Slovakia,7dybe8679n9bgyrcxi383pq3y,Defender,player,2002-02-07,Slovakia,7dybe8679n9bgyrcxi383pq3y,NaN,NaN,3.0,2025-07-01Z,active,yes,Patrik,Leitner,NaN,NaN,NaN,NaN,NaN,NaN
7rm486tjegylupfinowalv4lw,Tomáš,Král,Male,T. Král,Czechia,5md5tpwr2nmqao528prx43jr7,Defender,player,2004-10-26,Czechia,5md5tpwr2nmqao528prx43jr7,185.0,83.0,5.0,2025-09-08Z,active,yes,Tomás,Král,NaN,NaN,2026-06-30Z,NaN,NaN,NaN
7zp84rnke5blo9z4rkug0m5ed,Martin,Chrien,Male,M. Chrien,Slovakia,7dybe8679n9bgyrcxi383pq3y,Midfielder,player,1995-09-08,Slovakia,7dybe8679n9bgyrcxi383pq3y,188.0,80.0,10.0,2022-08-30Z,active,yes,Martin,Chrien,Banská Bystrica,right,NaN,NaN,NaN,NaN
8i6qvsnql164tc432z7q0445w,Dominik,Ťapaj,Male,D. Ťapaj,Slovakia,7dybe8679n9bgyrcxi383pq3y,Goalkeeper,player,2004-05-10,Slovakia,7dybe8679n9bgyrcxi383pq3y,193.0,85.0,1.0,2022-01-01Z,active,yes,Dominik,Tapaj,NaN,NaN,NaN,NaN,NaN,NaN
8qo2ay0eobs7lyol641ljiv2t,Daniel,Köstl,Male,D. Köstl,Czechia,5md5tpwr2nmqao528prx43jr7,Defender,player,1998-05-23,Czechia,5md5tpwr2nmqao528prx43jr7,188.0,81.0,16.0,2024-06-15Z,active,yes,Daniel,Köstl,NaN,NaN,NaN,NaN,NaN,NaN
948hkubnsmkrwesqk0ylmvkr9,Ondřej,Smetana,Male,O. Smetana,Czechia,5md5tpwr2nmqao528prx43jr7,NaN,coach,1982-09-04,Czechia,5md5tpwr2nmqao528prx43jr7,198.0,94.0,NaN,2025-04-08Z,active,yes,Ondrej,Smetana,Ostrava - Vítkovice,NaN,NaN,NaN,NaN,NaN
98iq8bnn6wbcfaim9yc7hzlsk,Lukáš,Fila,Male,L. Fila,Czechia,5md5tpwr2nmqao528prx43jr7,Midfielder,player,2004-01-07,Czechia,5md5tpwr2nmqao528prx43jr7,183.0,67.0,NaN,2025-09-08Z,active,yes,Lukás,Fila,NaN,right,2026-06-30Z,NaN,NaN,NaN
9n54ox1i7fskj6esi9h8xvfqi,Alexander,Selecký,Male,A. Selecký,Slovakia,7dybe8679n9bgyrcxi383pq3y,Defender,player,2002-10-08,Slovakia,7dybe8679n9bgyrcxi383pq3y,177.0,71.0,28.0,2021-07-16Z,active,yes,Alexander,Selecký,NaN,NaN,NaN,NaN,NaN,NaN
aepfg6oyeyfxw5pyq62zfo0a2,Adam,Tučný,Male,A. Tučný,Slovakia,7dybe8679n9bgyrcxi383pq3y,Midfielder,player,2002-05-21,Slovakia,7dybe8679n9bgyrcxi383pq3y,177.0,72.0,17.0,2022-07-01Z,active,yes,Adam,Tucny,Dunajská Streda,NaN,NaN,NaN,NaN,NaN
an42om3qvdrdni1fte93q4zx1,Peter,Tomko,Male,P. Tomko,Slovakia,7dybe8679n9bgyrcxi383pq3y,NaN,assistant coach,1984-05-01,Slovakia,7dybe8679n9bgyrcxi383pq3y,188.0,85.0,NaN,2023-10-24Z,active,yes,Peter,Tomko,NaN,NaN,NaN,NaN,NaN,NaN
bes2338p41qjcga6bs5q4zitw,Samuel,Grygar,Male,S. Grygar,Czechia,5md5tpwr2nmqao528prx43jr7,Midfielder,player,2004-08-09,Czechia,5md5tpwr2nmqao528prx43jr7,NaN,NaN,25.0,2025-07-15Z,active,yes,Samuel,Grygar,NaN,NaN,2026-06-30Z,NaN,NaN,NaN
byyv7bl9m3sh4on62lvuc11bd,Jan,Hladík,Male,J. Hladík,Czechia,5md5tpwr2nmqao528prx43jr7,Attacker,player,1993-09-21,Czechia,5md5tpwr2nmqao528prx43jr7,183.0,75.0,14.0,2023-09-06Z,active,yes,Jan,Hladík,NaN,NaN,NaN,NaN,NaN,NaN
c62viv3wvtsmc6m8yh64byj8p,Marko,Kelemen,Male,M. Kelemen,Slovakia,7dybe8679n9bgyrcxi383pq3y,Attacker,player,2000-04-29,Slovakia,7dybe8679n9bgyrcxi383pq3y,186.0,75.0,26.0,2025-07-01Z,active,yes,Marko,Kelemen,Rožňava,NaN,NaN,NaN,NaN,NaN
ce4u3ot9a2z4i7bsuf0ir61yi,Martin,Gomola,Male,M. Gomola,Slovakia,7dybe8679n9bgyrcxi383pq3y,Defender,player,2002-01-08,Slovakia,7dybe8679n9bgyrcxi383pq3y,NaN,NaN,19.0,2024-06-15Z,active,yes,Martin,Gomola,NaN,NaN,NaN,NaN,NaN,NaN
cegvtqj8897ggq8tg63m3pjo,Giuliano Antonio,Marek,Male,G. Marek,Slovakia,7dybe8679n9bgyrcxi383pq3y,Defender,player,2005-03-05,Slovakia,7dybe8679n9bgyrcxi383pq3y,NaN,NaN,23.0,2025-07-01Z,active,no,Giuliano,Marek,NaN,NaN,2025-09-06Z,NaN,NaN,NaN
e5ifxbnnw1cusmhnh18sge2vo,Patrik,Jevos,Male,P. Jevos,Slovakia,7dybe8679n9bgyrcxi383pq3y,Attacker,player,2007-08-20,Slovakia,7dybe8679n9bgyrcxi383pq3y,NaN,NaN,NaN,2025-01-01Z,active,yes,NaN,NaN,NaN,NaN,NaN,NaN,NaN,NaN
ellfertz7z7nftuv5pl4ukh9m,Kristóf,Domonkos,Male,K. Domonkos,Slovakia,7dybe8679n9bgyrcxi383pq3y,Midfielder,player,1998-08-17,Slovakia,7dybe8679n9bgyrcxi383pq3y,173.0,73.0,8.0,2022-01-03Z,active,yes,Kristóf,Domonkos,Galanta,NaN,NaN,NaN,NaN,NaN
eq8r2oz3d20atrubbgvigedxw,Dávid,Húska,Male,D. Húska,Slovakia,7dybe8679n9bgyrcxi383pq3y,Goalkeeper,player,2003-09-30,Slovakia,7dybe8679n9bgyrcxi383pq3y,NaN,NaN,34.0,2025-01-25Z,active,yes,NaN,NaN,NaN,NaN,NaN,NaN,NaN,NaN
1b2m4zad7wyzenhffh69krpbd,David,Oulehla,Male,D. Oulehla,Czechia,5md5tpwr2nmqao528prx43jr7,NaN,coach,1983-09-26,Czechia,5md5tpwr2nmqao528prx43jr7,NaN,NaN,NaN,2024-09-03Z,active,yes,NaN,NaN,NaN,NaN,NaN,NaN,NaN,NaN
1c2chlc4b6b98wmjqmfwul711,Martin,Nagy,Male,M. Nagy,Slovakia,7dybe8679n9bgyrcxi383pq3y,Midfielder,player,1990-09-05,Slovakia,7dybe8679n9bgyrcxi383pq3y,176.0,71.0,18.0,2018-07-01Z,active,yes,NaN,NaN,NaN,NaN,NaN,NaN,NaN,NaN
1lzqnhtefu81ttvcpe6a4e6l1,Damián,Bariš,Male,D. Bariš,Slovakia,7dybe8679n9bgyrcxi383pq3y,Midfielder,player,1994-12-09,Slovakia,7dybe8679n9bgyrcxi383pq3y,178.0,75.0,27.0,2025-07-01Z,active,yes,Damián,Baris,Trenčín,right,NaN,NaN,NaN,NaN
1sl3e9ggat5c4trxtnbtjoqcq,Niko,Vukančić,Male,N. Vukančić,Germany,36min0qztu8eydwvpv8t1is0m,Defender,player,2002-02-16,Germany,36min0qztu8eydwvpv8t1is0m,186.0,81.0,44.0,2025-07-23Z,active,no,Niko,Vukancic,Hannover,left,2025-09-11Z,Croatia,37hlakrwxyuzovaeoo4sezusp,NaN
1xq8r9g0n0zp1augg3wrihlg5,Martin,Junas,Male,M. Junas,Slovakia,7dybe8679n9bgyrcxi383pq3y,Goalkeeper,player,1996-03-09,Slovakia,7dybe8679n9bgyrcxi383pq3y,187.0,84.0,39.0,2018-03-27Z,active,yes,NaN,NaN,NaN,right,NaN,NaN,NaN,NaN
218jan56ksky7oqrakbci8962,Adam,Gaži,Male,A. Gaži,Slovakia,7dybe8679n9bgyrcxi383pq3y,Defender,player,2003-03-01,Slovakia,7dybe8679n9bgyrcxi383pq3y,176.0,NaN,25.0,2024-02-08Z,active,yes,Adam,Gazi,NaN,NaN,NaN,NaN,NaN,NaN
2tim10de6mjduagwk6r8dcrca,Lukáš,Šimko,Male,L. Šimko,Slovakia,7dybe8679n9bgyrcxi383pq3y,Defender,player,1999-06-30,Slovakia,7dybe8679n9bgyrcxi383pq3y,NaN,NaN,2.0,2025-06-20Z,active,yes,NaN,NaN,NaN,NaN,NaN,NaN,NaN,NaN
3fywyjkdfmfso47rbwv8r9gd0,Šimon,Beňa,Male,S. Beňa,Slovakia,7dybe8679n9bgyrcxi383pq3y,Goalkeeper,player,NaN,Slovakia,7dybe8679n9bgyrcxi383pq3y,NaN,NaN,1.0,2025-08-26Z,active,yes,NaN,NaN,NaN,NaN,NaN,NaN,NaN,NaN
417pgu52k0kpuqk56tp11wzu2,Martin,Mášík,Male,M. Mášík,Slovakia,7dybe8679n9bgyrcxi383pq3y,Midfielder,player,1999-01-08,Slovakia,7dybe8679n9bgyrcxi383pq3y,178.0,72.0,19.0,2017-10-17Z,active,yes,NaN,NaN,NaN,NaN,NaN,NaN,NaN,NaN
4i7dd05oy00jxibiziqxkc9d6,Lukáš,Leginus,Male,L. Leginus,Slovakia,7dybe8679n9bgyrcxi383pq3y,Attacker,player,2000-04-24,Slovakia,7dybe8679n9bgyrcxi383pq3y,NaN,NaN,71.0,2024-06-15Z,active,yes,Lukás,Leginus,NaN,NaN,NaN,NaN,NaN,NaN
53wk65c7o2wgykzq7q2e4n4h6,Mário,Hollý,Male,M. Hollý,Slovakia,7dybe8679n9bgyrcxi383pq3y,Midfielder,player,2000-04-25,Slovakia,7dybe8679n9bgyrcxi383pq3y,185.0,74.0,22.0,2018-01-01Z,active,yes,NaN,NaN,NaN,NaN,NaN,NaN,NaN,NaN
575otdgx03uptp8eufj1dmi38,Michal,Gulíšek,Male,M. Gulíšek,Slovakia,7dybe8679n9bgyrcxi383pq3y,Midfielder,player,NaN,Slovakia,7dybe8679n9bgyrcxi383pq3y,NaN,NaN,NaN,2025-08-25Z,active,yes,NaN,NaN,NaN,NaN,NaN,NaN,NaN,NaN
5nb31ongtpuay1rn17e7e9coa,Petr,Pudhorocký,Male,P. Pudhorocký,Czechia,5md5tpwr2nmqao528prx43jr7,Midfielder,player,2001-06-13,Czechia,5md5tpwr2nmqao528prx43jr7,NaN,NaN,17.0,2025-01-25Z,active,yes,Petr,Pudhorocky,NaN,NaN,2026-06-30Z,NaN,NaN,NaN
6sdt0s0rs32ng3ohq67krgx04,Adam,Ravas,Male,A. Ravas,Slovakia,7dybe8679n9bgyrcxi383pq3y,Midfielder,player,2007-11-27,Slovakia,7dybe8679n9bgyrcxi383pq3y,NaN,NaN,21.0,2024-09-13Z,active,yes,NaN,NaN,NaN,right,NaN,NaN,NaN,NaN
72ixyt1sslnz7qadoiwxl58bu,Tomáš,Smejkal,Male,T. Smejkal,Czechia,5md5tpwr2nmqao528prx43jr7,Midfielder,player,1998-07-07,Czechia,5md5tpwr2nmqao528prx43jr7,176.0,65.0,24.0,2025-01-25Z,active,yes,Tomás,Smejkal,NaN,NaN,NaN,NaN,NaN,NaN
7gnxkbi9lqsxd7lgkkjk37179,Roman,Potočný,Male,R. Potočný,Czechia,5md5tpwr2nmqao528prx43jr7,Attacker,player,1991-04-25,Czechia,5md5tpwr2nmqao528prx43jr7,185.0,80.0,91.0,2025-07-23Z,active,yes,Roman,Potocny,Roudnice nad Labem,NaN,NaN,NaN,NaN,NaN
7lpe0cmrran5r7uqb0vamj3f8,Marek,Švec,Male,M. Švec,Slovakia,7dybe8679n9bgyrcxi383pq3y,Attacker,player,2003-12-31,Slovakia,7dybe8679n9bgyrcxi383pq3y,NaN,NaN,7.0,2025-07-03Z,active,yes,Marek,Svec,NaN,NaN,NaN,NaN,NaN,NaN
8iyjpvoaxz8zy0pp8ueaidgx5,Mario,Šuver,Male,M. Šuver,Croatia,37hlakrwxyuzovaeoo4sezusp,Defender,player,1999-09-23,Germany,36min0qztu8eydwvpv8t1is0m,186.0,87.0,23.0,2025-01-25Z,active,yes,Mario,Suver,Stuttgart,both,NaN,Germany,36min0qztu8eydwvpv8t1is0m,NaN
9n6cczdnnmgfvhgxk6wqfob11,Michal,Ranko,Male,M. Ranko,Slovakia,7dybe8679n9bgyrcxi383pq3y,Defender,player,1994-02-19,Slovakia,7dybe8679n9bgyrcxi383pq3y,189.0,76.0,5.0,2023-07-01Z,active,yes,NaN,NaN,Trenčín,NaN,NaN,NaN,NaN,NaN
a0eof0c5ifjrxf1nbyfropdjp,Erik,Daniel,Male,E. Daniel,Czechia,5md5tpwr2nmqao528prx43jr7,Midfielder,player,1992-02-04,Czechia,5md5tpwr2nmqao528prx43jr7,178.0,75.0,77.0,2025-08-29Z,active,yes,Erik,Daniel,Bratislava,right,NaN,Slovakia,7dybe8679n9bgyrcxi383pq3y,NaN
alnhvswa0mkn6ls9x2fomlexh,Adam,Morong,Male,A. Morong,Slovakia,7dybe8679n9bgyrcxi383pq3y,Defender,player,1993-06-16,Slovakia,7dybe8679n9bgyrcxi383pq3y,178.0,NaN,9.0,2023-01-04Z,active,yes,Adam,Morong,Galanta,NaN,NaN,NaN,NaN,NaN
as9w12k4pcyxfkpuvtld9skph,Martin,Černek,Male,M. Černek,Slovakia,7dybe8679n9bgyrcxi383pq3y,Defender,player,1994-12-30,Slovakia,7dybe8679n9bgyrcxi383pq3y,NaN,NaN,3.0,2021-07-01Z,active,yes,NaN,NaN,NaN,NaN,NaN,NaN,NaN,NaN
b0mehh1xcp7wkpb0u9oefyr4l,Oliver,Podhorín,Male,O. Podhorín,Slovakia,7dybe8679n9bgyrcxi383pq3y,Defender,player,1992-07-06,Slovakia,7dybe8679n9bgyrcxi383pq3y,183.0,73.0,20.0,2022-07-01Z,active,yes,NaN,NaN,Michalovciach,NaN,NaN,NaN,NaN,NaN
c28hzqnfij7iarhugnygwaqj9,Maurizio,Macorig,Male,M. Macorig,Germany,36min0qztu8eydwvpv8t1is0m,Defender,player,1997-04-08,Germany,36min0qztu8eydwvpv8t1is0m,NaN,NaN,4.0,2025-07-01Z,active,yes,NaN,NaN,NaN,NaN,NaN,Italy,25f2cmb2r8mk5rj92tzer6kvv,NaN
dk9ecr9edakhzf3xxynn0qjqi,Erik,Riška,Male,E. Riška,Slovakia,7dybe8679n9bgyrcxi383pq3y,Goalkeeper,player,2002-04-09,Slovakia,7dybe8679n9bgyrcxi383pq3y,190.0,93.0,33.0,2025-07-22Z,active,yes,NaN,NaN,NaN,NaN,NaN,NaN,NaN,NaN
dl90d850oatu4vm24jwq00il0,Michal,Hornáček,Male,M. Hornáček,Slovakia,7dybe8679n9bgyrcxi383pq3y,Unknown,player,NaN,Slovakia,7dybe8679n9bgyrcxi383pq3y,NaN,NaN,NaN,2025-07-01Z,active,yes,NaN,NaN,NaN,NaN,NaN,NaN,NaN,NaN
dnzbafthal4rwaudpc54ew5m2,Samuel,Sul'a,Male,S. Sul'a,Slovakia,7dybe8679n9bgyrcxi383pq3y,Defender,player,2000-04-12,Slovakia,7dybe8679n9bgyrcxi383pq3y,NaN,NaN,13.0,2025-07-08Z,active,yes,NaN,NaN,NaN,NaN,NaN,NaN,NaN,NaN
ebr9v3bqkf7c6vqmtekn802ui,Sean-Andreas,Seitz,Male,S. Seitz,Germany,36min0qztu8eydwvpv8t1is0m,Attacker,player,2002-03-30,Germany,36min0qztu8eydwvpv8t1is0m,177.0,67.0,10.0,2025-07-01Z,active,yes,Sean-Andreas,Seitz,Karlsruhe,right,NaN,Türkiye,6kd6webenogylfgwt2aa9l6vx,NaN
eh68vlclvqqtjt3it7sk0y8rt,Marek,Fábry,Male,M. Fábry,Slovakia,7dybe8679n9bgyrcxi383pq3y,Attacker,player,1998-08-07,Slovakia,7dybe8679n9bgyrcxi383pq3y,191.0,86.0,11.0,2024-06-15Z,active,yes,Marek,Fábry,Nitra,right,NaN,NaN,NaN,NaN
2c82zo4uxt5hsojmq5eoxbytw,Dávid,Petrík,Male,D. Petrík,Slovakia,7dybe8679n9bgyrcxi383pq3y,Midfielder,player,2005-06-14,Slovakia,7dybe8679n9bgyrcxi383pq3y,NaN,NaN,NaN,2025-07-01Z,active,yes,Dávid,Petrík,NaN,NaN,NaN,NaN,NaN,NaN
2epom5c0lfo6kxj7pqvz8m6zt,Abdul Musa,Zubairu,Male,A. Zubairu,Nigeria,63pvdwrsiq5b07mzi8igqei9p,Midfielder,player,1998-10-03,Nigeria,63pvdwrsiq5b07mzi8igqei9p,162.0,62.0,4.0,2023-09-01Z,active,yes,Abdul,Zubairu,NaN,NaN,NaN,NaN,NaN,NaN
3bepm9aue2iygu0hln7faasr8,Lazar,Zaknič,Male,L. Zaknič,Serbia,5w4ve503bjdsshwx9ho6jxzx0,Defender,player,2004-03-16,Serbia,5w4ve503bjdsshwx9ho6jxzx0,192.0,83.0,NaN,2025-09-05Z,active,yes,Lazar,Zaknic,Beograd,right,NaN,NaN,NaN,NaN
3l9tawvteu62tvyy8ontwyln8,Adam,Žulevič,Male,A. Žulevič,Slovakia,7dybe8679n9bgyrcxi383pq3y,Attacker,player,2007-09-14,Slovakia,7dybe8679n9bgyrcxi383pq3y,NaN,NaN,97.0,2024-07-01Z,active,no,NaN,NaN,NaN,NaN,2025-08-01Z,NaN,NaN,NaN
3s6h7ah3aw6x091rky1zu3tka,Samuel Antonio,Ramos Linares,Male,Samuel Ramos,Spain,49ih1pwv3ahshdf8uzrimi54c,Midfielder,player,2000-08-18,Spain,49ih1pwv3ahshdf8uzrimi54c,184.0,NaN,21.0,2024-01-22Z,active,yes,Samuel,Ramos,Santa Cruz de Tenerife,left,NaN,NaN,NaN,NaN
3y1hr2kxzhzcmv1dllixjbo5w,Artúr,Musák,Male,A. Musák,Hungary,1vy5vlux7mj2r7r9ktd71hhpo,Midfielder,player,2005-10-17,Ukraine,315w6fk6umfzf4qvba3t55u61,182.0,NaN,55.0,2023-07-01Z,active,no,NaN,NaN,NaN,NaN,2025-09-05Z,Ukraine,315w6fk6umfzf4qvba3t55u61,NaN
4n1s49nvjwknaqepz9nk6okyc,Henry Franck,Bahi,Male,F. Bahi,Guinea,4i9sg55wigitrfx7290f59ceo,Defender,player,1999-12-20,Guinea,4i9sg55wigitrfx7290f59ceo,180.0,NaN,12.0,2023-07-11Z,active,yes,NaN,NaN,NaN,NaN,NaN,NaN,NaN,NaN
54vrwxfvshcftu7ffssh1reac,Luka,Lemishko,Male,L. Lemishko,Ukraine,315w6fk6umfzf4qvba3t55u61,Attacker,player,2006-08-20,Ukraine,315w6fk6umfzf4qvba3t55u61,187.0,NaN,NaN,2025-07-04Z,active,yes,NaN,NaN,Lviv,right,NaN,NaN,NaN,NaN
5jd3xi68273u2xl2d1gsonc2d,Lukáš,Pauschek,Male,L. Pauschek,Slovakia,7dybe8679n9bgyrcxi383pq3y,Defender,player,1992-12-09,Slovakia,7dybe8679n9bgyrcxi383pq3y,180.0,78.0,25.0,2025-07-01Z,active,yes,Lukás,Pauschek,Bratislava,right,NaN,NaN,NaN,NaN
5vodunnkte79ynloneecnr190,Orestis,Kalemi,Male,O. Kalemi,Greece,6lpgd60z890no2v46zdecrcss,Midfielder,player,2006-03-09,Greece,6lpgd60z890no2v46zdecrcss,NaN,NaN,NaN,2025-08-01Z,active,no,NaN,NaN,NaN,NaN,2025-08-30Z,Albania,17zsm8shejejls2on1ffil3op,NaN
65bqjqjk6iq391jo1wkqxxm2,Gytis,Paulauskas,Male,G. Paulauskas,Lithuania,366yd1wf1hzvvjb5u6r59rl1w,Attacker,player,1999-09-27,Lithuania,366yd1wf1hzvvjb5u6r59rl1w,NaN,NaN,9.0,2025-07-08Z,active,yes,Gytis,Paulauskas,Vilnius,NaN,NaN,NaN,NaN,NaN
6t5oxqh51c5n135n742u1qkt1,Kingsley,Madu,Male,K. Madu,Nigeria,63pvdwrsiq5b07mzi8igqei9p,Defender,player,1995-12-12,Nigeria,63pvdwrsiq5b07mzi8igqei9p,174.0,79.0,13.0,2025-01-25Z,active,yes,Kingsley,Madu,Kaduna,left,NaN,NaN,NaN,NaN
7df6qaqpcx2den2tkq1qfi5be,Alden,Šuvalija,Male,A. Šuvalija,Bosnia and Herzegovina,4fue8u54361o79fbiu9qwxjer,Midfielder,player,2002-03-03,Bosnia and Herzegovina,4fue8u54361o79fbiu9qwxjer,NaN,NaN,37.0,2025-01-25Z,active,no,Alden,Suvalija,NaN,NaN,2025-08-01Z,NaN,NaN,NaN
7rqcv7y6zuzt0atl86srsww2y,José Ángel,López López,Male,J. López,Mexico,5trdr3jf42i20zj1hnkvcytr6,Attacker,player,1999-08-25,Mexico,5trdr3jf42i20zj1hnkvcytr6,175.0,70.0,11.0,2025-08-07Z,active,yes,José,López,Coatzacoalcos,NaN,NaN,NaN,NaN,NaN
7zmtrgppv7pv6kbxz7tff31n8,Yushi,Shimamura,Male,Y. Shimamura,Japan,lxyibh89lpdc0bfian1nx0xq,Midfielder,player,1999-12-20,Slovakia,7dybe8679n9bgyrcxi383pq3y,NaN,NaN,8.0,2022-02-18Z,active,yes,NaN,NaN,NaN,NaN,NaN,NaN,NaN,NaN
82lo0di4kinipycvz4zhl7ld5,Martin,Bednár,Male,M. Bednár,Slovakia,7dybe8679n9bgyrcxi383pq3y,Midfielder,player,1999-04-22,Slovakia,7dybe8679n9bgyrcxi383pq3y,185.0,79.0,66.0,2023-06-16Z,active,yes,Martin,Bednar,Prešov,right,NaN,NaN,NaN,NaN
86iv7jtj1e50c7vnvopoph6mt,Stanislav,Danko,Male,S. Danko,Slovakia,7dybe8679n9bgyrcxi383pq3y,Midfielder,player,1994-03-17,Slovakia,7dybe8679n9bgyrcxi383pq3y,178.0,73.0,51.0,2023-07-22Z,active,yes,NaN,NaN,Michalovce,NaN,NaN,NaN,NaN,NaN
87gc1djnk9bvenuhgmw84f3rp,Anton,Šoltís,Male,A. Šoltís,Slovakia,7dybe8679n9bgyrcxi383pq3y,NaN,coach,1976-02-05,Slovakia,7dybe8679n9bgyrcxi383pq3y,173.0,73.0,NaN,2024-06-28Z,active,yes,NaN,NaN,Košice,NaN,NaN,NaN,NaN,NaN
91bl9clvc316uzmuajpzljljp,Ondrej,Duda,Male,O. Duda,Slovakia,7dybe8679n9bgyrcxi383pq3y,NaN,assistant coach,NaN,Slovakia,7dybe8679n9bgyrcxi383pq3y,NaN,NaN,NaN,2021-04-30Z,active,yes,NaN,NaN,NaN,NaN,NaN,NaN,NaN,NaN
aekbf0mi3il1ts0s2xlheolqs,Kai Omoko,Brosnan,Male,K. Brosnan,England,1fk5l4hkqk12i7zske6mcqju6,Midfielder,player,2002-04-28,England,1fk5l4hkqk12i7zske6mcqju6,NaN,NaN,7.0,2025-07-10Z,active,yes,NaN,NaN,NaN,NaN,NaN,NaN,NaN,NaN
ahc80yrizqhc61yxl97sw1fro,William Joseph,François,Male,W. François,Mauritius,7cypj0lbirqhd1l81ulhflstr,Midfielder,player,2004-12-02,Mauritius,7cypj0lbirqhd1l81ulhflstr,NaN,NaN,6.0,2025-07-01Z,active,yes,William,François,NaN,NaN,NaN,NaN,NaN,NaN
c1fcxha3l058brl1925muv2l1,Adam,Jakubech,Male,A. Jakubech,Slovakia,7dybe8679n9bgyrcxi383pq3y,Goalkeeper,player,1997-01-02,Slovakia,7dybe8679n9bgyrcxi383pq3y,188.0,85.0,16.0,2025-02-06Z,active,yes,Adam,Jakubech,Presov,right,NaN,NaN,NaN,NaN
cflltphsio8xaxhuhn70wx4gl,Igor,Žofčák,Male,I. Žofčák,Slovakia,7dybe8679n9bgyrcxi383pq3y,Midfielder,player,1983-04-10,Slovakia,7dybe8679n9bgyrcxi383pq3y,176.0,75.0,10.0,2025-07-01Z,active,no,Igor,Zofcák,Michalovce,right,2025-08-25Z,NaN,NaN,NaN
co5fpren0lr78oq77d7pysxyh,Tornike,Dzotsenidze,Male,T. Dzotsenidze,Georgia,55mqz7j6585f2jhgfhn62lomr,Defender,player,1999-11-07,Georgia,55mqz7j6585f2jhgfhn62lomr,187.0,73.0,26.0,2024-01-26Z,active,yes,Tornike,Dzotsenidze,NaN,NaN,NaN,NaN,NaN,NaN
dbcvdco8ufn59m68mtteqelg4,Vasileios,Theofanopoulos,Male,V. Theofanopoulos,Greece,6lpgd60z890no2v46zdecrcss,Attacker,player,2007-08-05,Greece,6lpgd60z890no2v46zdecrcss,NaN,NaN,18.0,2025-08-01Z,active,yes,NaN,NaN,NaN,NaN,NaN,NaN,NaN,NaN
dgim6o077wlggrxfw9t8tydat,Patrik,Lukáč,Male,P. Lukáč,Slovakia,7dybe8679n9bgyrcxi383pq3y,Goalkeeper,player,1994-12-05,Slovakia,7dybe8679n9bgyrcxi383pq3y,191.0,85.0,1.0,2024-06-15Z,active,yes,NaN,NaN,Prešov,right,NaN,NaN,NaN,NaN
e47my5u2v0s70vmi8nbfqsc4q,Ben Arron,Cottrell,Male,B. Cottrell,England,1fk5l4hkqk12i7zske6mcqju6,Midfielder,player,2001-10-31,England,1fk5l4hkqk12i7zske6mcqju6,166.0,NaN,80.0,2025-01-25Z,active,yes,Ben,Cottrell,NaN,left,NaN,NaN,NaN,NaN
ehnabfyijt5uogw9avntw0yga,Kido,Taylor-Hart,Male,K. Taylor-Hart,England,1fk5l4hkqk12i7zske6mcqju6,Attacker,player,2002-09-30,England,1fk5l4hkqk12i7zske6mcqju6,177.0,NaN,14.0,2025-02-13Z,active,yes,Kido,Taylor-Hart,London,NaN,NaN,Jamaica,gimxu1vjwoa2xrecyd9gtyoc,NaN
f37bii3trrybzssblyq6x9wk4,Nils Raul Hugo,Ahl,Male,H. Ahl,Sweden,1z6l2c33w2kyz9rdefs1d68nb,Midfielder,player,2001-10-16,Sweden,1z6l2c33w2kyz9rdefs1d68nb,NaN,NaN,40.0,2025-07-01Z,active,yes,Hugo,Ahl,NaN,NaN,NaN,NaN,NaN,NaN
mmhkaqptna9vap9gmpxcignp,Matej,Čurma,Male,M. Čurma,Slovakia,7dybe8679n9bgyrcxi383pq3y,Defender,player,1996-03-27,Slovakia,7dybe8679n9bgyrcxi383pq3y,181.0,78.0,27.0,2025-07-31Z,active,yes,Matej,Curma,NaN,NaN,NaN,NaN,NaN,NaN
sb20iwbnf8j1bvi6cfuaaal0,Tae-Rang,Park,Male,Park Tae-Rang,Korea Republic,4vzpxtqkiwx0puygnmayr74di,Defender,player,2002-09-04,Korea Republic,4vzpxtqkiwx0puygnmayr74di,192.0,NaN,77.0,2025-07-17Z,active,yes,Tae-Rang,Park,NaN,NaN,NaN,NaN,NaN,Park Tae-Rang
12gphujixtxxqdb6qewtny7dh,Lukáš,Juliš,Male,L. Juliš,Czechia,5md5tpwr2nmqao528prx43jr7,Attacker,player,1994-12-02,Czechia,5md5tpwr2nmqao528prx43jr7,186.0,86.0,39.0,2025-07-01Z,active,yes,Lukás,Julis,Chrudim,right,NaN,NaN,NaN,NaN
17fh37y13hwtz5osjkf16ltxx,Michal,Faško,Male,M. Faško,Slovakia,7dybe8679n9bgyrcxi383pq3y,Midfielder,player,1994-08-24,Slovakia,7dybe8679n9bgyrcxi383pq3y,183.0,76.0,23.0,2025-07-01Z,active,yes,Michal,Fasko,Brezno,left,NaN,NaN,NaN,NaN
1n0p6ekr7qvvagju86ggwi49g,Samuel Mawuena,Gidi,Male,S. Gidi,Slovakia,7dybe8679n9bgyrcxi383pq3y,Midfielder,player,2004-04-15,Ghana,2q2sw72utw5gu9t5y4knckwba,NaN,NaN,11.0,2022-07-01Z,active,no,Samuel,Gidi,NaN,NaN,2025-08-19Z,Ghana,2q2sw72utw5gu9t5y4knckwba,NaN
2k1q3fsxypzg3ordb3hmq4xsk,Nikita,Kelembet,Male,N. Kelembet,Ukraine,315w6fk6umfzf4qvba3t55u61,Defender,player,2005-02-18,Ukraine,315w6fk6umfzf4qvba3t55u61,NaN,NaN,4.0,2024-07-05Z,active,yes,Nikita,Kelembet,NaN,NaN,2026-06-30Z,NaN,NaN,NaN
2lnqemb0o4q2fonoqxg050j6c,Michal,Svoboda,Male,M. Svoboda,Slovakia,7dybe8679n9bgyrcxi383pq3y,Defender,player,2005-02-15,Slovakia,7dybe8679n9bgyrcxi383pq3y,NaN,NaN,14.0,2025-07-03Z,active,yes,Michal,Svoboda,NaN,NaN,NaN,NaN,NaN,NaN
3bc1w51ucrvl6kice2eoojkes,Ridwan,Sanusi,Male,R. Sanusi,Nigeria,63pvdwrsiq5b07mzi8igqei9p,Midfielder,player,2002-09-21,Nigeria,63pvdwrsiq5b07mzi8igqei9p,NaN,NaN,27.0,2025-01-25Z,active,no,Ridwan,Sanusi,NaN,NaN,2025-08-29Z,NaN,NaN,NaN
4a7ei643udozfl8xcqdgl9u6s,Timotej,Hranica,Male,T. Hranica,Slovakia,7dybe8679n9bgyrcxi383pq3y,Defender,player,2005-05-28,Slovakia,7dybe8679n9bgyrcxi383pq3y,NaN,NaN,21.0,2024-02-08Z,active,yes,Timotej,Hranica,NaN,NaN,NaN,NaN,NaN,NaN
4ri96hnt93iy3ckt7buigvecq,Denis,Alijagić,Male,D. Alijagić,Czechia,5md5tpwr2nmqao528prx43jr7,Attacker,player,2003-04-10,Czechia,5md5tpwr2nmqao528prx43jr7,185.0,82.0,NaN,2026-01-01Z,active,no,Denis,Alijagic,Praha,right,NaN,Bosnia and Herzegovina,4fue8u54361o79fbiu9qwxjer,NaN
4xavtt1yoyvac5a7c8k2p6ck4,Marcus Arnold,Traoré,Male,M. Traoré,Côte d'Ivoire,tin6kf561ywonqan0mettr98,Defender,player,2006-11-19,Côte d'Ivoire,tin6kf561ywonqan0mettr98,NaN,NaN,18.0,2025-03-14Z,active,yes,Marcus,Traoré,NaN,NaN,NaN,NaN,NaN,NaN
4xk6crcbt40xenux91yy011at,Miroslav,Káčer,Male,M. Káčer,Slovakia,7dybe8679n9bgyrcxi383pq3y,Midfielder,player,1996-02-02,Slovakia,7dybe8679n9bgyrcxi383pq3y,170.0,77.0,66.0,2024-07-22Z,active,yes,Miroslav,Kácer,Žilina,right,NaN,NaN,NaN,NaN
5uc8bmbfp3izb9s0gvqwq7yl1,Ján,Minárik,Male,J. Minárik,Slovakia,7dybe8679n9bgyrcxi383pq3y,Defender,player,1997-07-25,Slovakia,7dybe8679n9bgyrcxi383pq3y,177.0,NaN,17.0,2016-09-01Z,active,yes,Ján,Minárik,NaN,left,NaN,NaN,NaN,NaN
6ho9czuzvply8rc463os36rpx,Martin,Kuciak,Male,M. Kuciak,Slovakia,7dybe8679n9bgyrcxi383pq3y,NaN,assistant coach,1982-03-15,Slovakia,7dybe8679n9bgyrcxi383pq3y,184.0,90.0,NaN,2025-05-01Z,active,yes,Martin,Kuciak,Žilina,right,NaN,NaN,NaN,NaN
73bt1irnki81xex9jkn7vxxey,Adrián,Kaprálik,Male,A. Kaprálik,Slovakia,7dybe8679n9bgyrcxi383pq3y,Attacker,player,2002-06-10,Slovakia,7dybe8679n9bgyrcxi383pq3y,173.0,63.0,10.0,2024-07-01Z,active,no,Adrián,Kaprálik,Dolný Kubín,right,2025-08-22Z,NaN,NaN,NaN
82ygb1o73bmez9ojb8xuqxmju,Ľubomír,Belko,Male,Ľ. Belko,Slovakia,7dybe8679n9bgyrcxi383pq3y,Goalkeeper,player,2002-02-04,Slovakia,7dybe8679n9bgyrcxi383pq3y,NaN,NaN,30.0,2020-06-13Z,active,yes,Lubomír,Belko,NaN,NaN,NaN,NaN,NaN,NaN
8haqjdcasuh84nx51nux2qi8l,Marko,Roginić,Male,M. Roginić,Croatia,37hlakrwxyuzovaeoo4sezusp,Attacker,player,1995-09-05,Croatia,37hlakrwxyuzovaeoo4sezusp,188.0,80.0,95.0,2025-07-23Z,active,yes,Marko,Roginic,Bjelovar,NaN,NaN,NaN,NaN,NaN
8zkcuhb57u6yhqodvq6u3rx0,Xavier Rodrigue,Adang Mveng,Male,X. Adang,Cameroon,4eb9feio6u267dd1jcwaf38mt,Midfielder,player,2004-06-07,Cameroon,4eb9feio6u267dd1jcwaf38mt,NaN,NaN,6.0,2023-01-01Z,active,yes,Xavier,Adang,NaN,NaN,NaN,NaN,NaN,NaN
91okqildgt8vo2db9jcu7vthw,Aleksandre,Narimanidze,Male,A. Narimanidze,Georgia,55mqz7j6585f2jhgfhn62lomr,Defender,player,2005-06-03,Georgia,55mqz7j6585f2jhgfhn62lomr,NaN,NaN,28.0,2025-02-03Z,active,yes,Aleksandre,Narimanidze,NaN,NaN,NaN,NaN,NaN,NaN
95bqg4niavcpxnjxwncz7d9uc,Jakub,Badžgoň,Male,J. Badžgoň,Slovakia,7dybe8679n9bgyrcxi383pq3y,Goalkeeper,player,2005-06-02,Slovakia,7dybe8679n9bgyrcxi383pq3y,190.0,83.0,1.0,2023-07-01Z,active,yes,Jakub,Badzgon,NaN,NaN,NaN,NaN,NaN,NaN
9um303elbz661w53irxmietck,Teodor,Staník,Male,T. Staník,Slovakia,7dybe8679n9bgyrcxi383pq3y,Defender,player,2006-04-17,Slovakia,7dybe8679n9bgyrcxi383pq3y,NaN,NaN,NaN,2025-09-12Z,active,yes,NaN,NaN,NaN,NaN,NaN,NaN,NaN,NaN
al4py7fz76sgmuoh91qufcpd6,Krisztián,Bari,Male,K. Bari,Slovakia,7dybe8679n9bgyrcxi383pq3y,Defender,player,2001-02-06,Slovakia,7dybe8679n9bgyrcxi383pq3y,173.0,61.0,20.0,2022-07-10Z,active,yes,Krisztián,Bari,NaN,NaN,NaN,NaN,NaN,NaN
b63yq9pfi4e8ksbtw4rh784yc,Samuel,Kopásek,Male,S. Kopásek,Slovakia,7dybe8679n9bgyrcxi383pq3y,Defender,player,2003-05-22,Slovakia,7dybe8679n9bgyrcxi383pq3y,175.0,NaN,19.0,2024-07-01Z,active,yes,Samuel,Kopásek,NaN,NaN,NaN,NaN,NaN,NaN
bjb4ee3aomtv5hz7qqyjlkgoa,Dávid,Ďuriš,Male,D. Ďuriš,Slovakia,7dybe8679n9bgyrcxi383pq3y,Attacker,player,1999-03-22,Slovakia,7dybe8679n9bgyrcxi383pq3y,186.0,80.0,29.0,2024-07-01Z,active,no,Dávid,Duris,Žilina,right,2025-08-06Z,NaN,NaN,NaN
c48f9bgmf6pjql9g84frwltjp,Pavol,Staňo,Male,P. Staňo,Slovakia,7dybe8679n9bgyrcxi383pq3y,NaN,coach,1977-09-29,Poland,27baqb7359ywdvsxxklx1kn11,191.0,84.0,NaN,2025-07-11Z,active,yes,Pavol,Stano,Čierne,NaN,NaN,NaN,NaN,NaN
c4nzuyek1ds48k43zrzjt2044,Andrei Gabriele,Florea,Male,A. Florea,Romania,17oj2qrzqlkhdjvazum10sx2i,Midfielder,player,2005-05-30,Italy,25f2cmb2r8mk5rj92tzer6kvv,184.0,70.0,NaN,2025-09-12Z,active,yes,Andrei,Florea,NaN,right,NaN,Italy,25f2cmb2r8mk5rj92tzer6kvv,NaN
c6o9o0acmpv92q9s0cazftmju,Samuel,Ďatko,Male,S. Ďatko,Slovakia,7dybe8679n9bgyrcxi383pq3y,Midfielder,player,2001-06-24,Slovakia,7dybe8679n9bgyrcxi383pq3y,NaN,NaN,24.0,2025-01-07Z,active,yes,Samuel,Datko,NaN,NaN,NaN,NaN,NaN,NaN
c83z5v68ti7pbyjp2yfpat9be,Patrik,Iľko,Male,P. Iľko,Slovakia,7dybe8679n9bgyrcxi383pq3y,Attacker,player,2001-02-16,Slovakia,7dybe8679n9bgyrcxi383pq3y,180.0,72.0,16.0,2019-07-01Z,active,yes,Patrik,Ilko,NaN,NaN,NaN,NaN,NaN,NaN
cfau8uo27rct8ixlkyowbirdg,Lukáš,Prokop,Male,L. Prokop,Slovakia,7dybe8679n9bgyrcxi383pq3y,Attacker,player,2004-10-12,Slovakia,7dybe8679n9bgyrcxi383pq3y,NaN,NaN,34.0,2024-10-15Z,active,yes,Lukás,Prokop,NaN,NaN,NaN,NaN,NaN,NaN
cnb0gbtl8sd74w99bog5kuw44,Fabian,Bzdyl,Male,F. Bzdyl,Poland,27baqb7359ywdvsxxklx1kn11,Midfielder,player,2007-12-02,Poland,27baqb7359ywdvsxxklx1kn11,180.0,70.0,NaN,2025-09-05Z,active,yes,Fabian,Bzdyl,Kraków,right,NaN,NaN,NaN,NaN
dbl7hqx2o12juhaq744reafbo,Jakub,Jokl,Male,J. Jokl,Slovakia,7dybe8679n9bgyrcxi383pq3y,Goalkeeper,player,2006-09-16,Slovakia,7dybe8679n9bgyrcxi383pq3y,NaN,NaN,22.0,2025-07-01Z,active,yes,Jakub,Jokl,NaN,NaN,NaN,NaN,NaN,NaN
dn0cmj9g9hqefe4of9qripuj9,Filip,Kaša,Male,F. Kaša,Czechia,5md5tpwr2nmqao528prx43jr7,Defender,player,1994-01-01,Czechia,5md5tpwr2nmqao528prx43jr7,189.0,77.0,25.0,2025-07-01Z,active,yes,Filip,Kasa,Ostrava,right,NaN,Slovakia,7dybe8679n9bgyrcxi383pq3y,NaN
dw2kvzu6l204zcj1a9hztxfkk,Tobiáš,Pališčák,Male,T. Pališčák,Slovakia,7dybe8679n9bgyrcxi383pq3y,Defender,player,2007-10-25,Slovakia,7dybe8679n9bgyrcxi383pq3y,NaN,NaN,33.0,2024-08-20Z,active,yes,Tobiás,Paliscák,NaN,NaN,NaN,NaN,NaN,NaN
e4zap9c794k07dzticfmz58no,Patrik,Baleja,Male,P. Baleja,Slovakia,7dybe8679n9bgyrcxi383pq3y,Attacker,player,2007-07-23,Slovakia,7dybe8679n9bgyrcxi383pq3y,NaN,NaN,NaN,2025-08-26Z,active,yes,NaN,NaN,NaN,NaN,NaN,NaN,NaN,NaN
sd73yki6ae3b83djm76r5mvo,František,Kóša,Male,F. Kóša,Slovakia,7dybe8679n9bgyrcxi383pq3y,Attacker,player,2006-03-02,Slovakia,7dybe8679n9bgyrcxi383pq3y,NaN,NaN,7.0,2024-07-01Z,active,yes,Frantisek,Kósa,NaN,NaN,NaN,NaN,NaN,NaN
10ema67rh45t75v9ia2hud6vo,Nino,Marcelli,Male,N. Marcelli,Slovakia,7dybe8679n9bgyrcxi383pq3y,Midfielder,player,2005-05-29,Slovakia,7dybe8679n9bgyrcxi383pq3y,178.0,NaN,18.0,2023-03-08Z,active,yes,Nino,Marcelli,NaN,NaN,NaN,NaN,NaN,NaN
1hs134ygzqubfqku26rytkmol,Vladimír,Weiss,Male,V. Weiss,Slovakia,7dybe8679n9bgyrcxi383pq3y,NaN,coach,1964-09-22,Slovakia,7dybe8679n9bgyrcxi383pq3y,182.0,NaN,NaN,2021-05-11Z,active,yes,Vladimír,Weiss,Bratislava,NaN,NaN,NaN,NaN,NaN
24m1p3nyfn9nurqdvnvn2mrx1,Kenan,Bajrič,Male,K. Bajrič,Slovenia,63vptz9g2ckqnnlxhd1oqn4xq,Defender,player,1994-12-20,Slovenia,63vptz9g2ckqnnlxhd1oqn4xq,189.0,83.0,12.0,2023-07-01Z,active,yes,Kenan,Bajric,Ljubljana,right,NaN,NaN,NaN,NaN
2dd2x7yrnumrilidnzlmw4mei,Filip,Lichý,Male,F. Lichý,Slovakia,7dybe8679n9bgyrcxi383pq3y,Midfielder,player,2001-01-25,Slovakia,7dybe8679n9bgyrcxi383pq3y,NaN,NaN,26.0,2025-07-01Z,active,yes,Filip,Lichy,Banská Bystrica,both,NaN,NaN,NaN,NaN
2x41wpt2f9djuf4jf42eewa1,Danylo,Ihnatenko,Male,D. Ihnatenko,Ukraine,315w6fk6umfzf4qvba3t55u61,Midfielder,player,1997-03-13,Ukraine,315w6fk6umfzf4qvba3t55u61,189.0,84.0,77.0,2024-09-03Z,active,yes,Danylo,Ihnatenko,Zaporizhzhia,right,NaN,NaN,NaN,NaN
34da10k5hhm6j3fxjqqrvne5m,Kelvin,Ofori,Male,K. Ofori,Ghana,2q2sw72utw5gu9t5y4knckwba,Midfielder,player,2001-07-27,Ghana,2q2sw72utw5gu9t5y4knckwba,172.0,68.0,97.0,2025-07-01Z,active,yes,Kelvin,Ofori,NaN,left,NaN,NaN,NaN,NaN
3je3s65vdag4qctd9q0ku8z8q,Mykola,Kuharevich,Male,M. Kuharevich,Ukraine,315w6fk6umfzf4qvba3t55u61,Attacker,player,2001-07-01,Ukraine,315w6fk6umfzf4qvba3t55u61,193.0,81.0,9.0,2025-06-17Z,active,yes,Mykola,Kuharevich,Udrytsk,right,NaN,NaN,NaN,NaN
43zh2yj75awxpgel9jxqnw91x,Andraž,Šporar,Male,A. Šporar,Slovenia,63vptz9g2ckqnnlxhd1oqn4xq,Attacker,player,1994-02-27,Slovenia,63vptz9g2ckqnnlxhd1oqn4xq,186.0,82.0,NaN,2025-09-01Z,active,yes,Andraz,Sporar,Ljubljana,right,NaN,NaN,NaN,NaN
4g2foiwsex0h0r1w9eywkgydw,Maxim,Mateáš,Male,M. Mateáš,Slovakia,7dybe8679n9bgyrcxi383pq3y,Midfielder,player,2008-05-12,Slovakia,7dybe8679n9bgyrcxi383pq3y,NaN,NaN,16.0,2024-05-17Z,active,yes,Maxim,Mateás,NaN,NaN,NaN,NaN,NaN,NaN
4rg5d1oo8rtclemhci81i6xg5,Róbert,Mak,Male,R. Mak,Slovakia,7dybe8679n9bgyrcxi383pq3y,Attacker,player,1991-03-08,Slovakia,7dybe8679n9bgyrcxi383pq3y,179.0,78.0,21.0,2024-06-15Z,active,yes,Róbert,Mak,Bratislava,right,NaN,NaN,NaN,NaN
6trb4r92tklh2460s6y53xofd,Martin,Trnovský,Male,M. Trnovský,Slovakia,7dybe8679n9bgyrcxi383pq3y,Goalkeeper,player,2000-06-07,Slovakia,7dybe8679n9bgyrcxi383pq3y,191.0,84.0,31.0,2018-07-01Z,active,yes,Martin,Trnovsky,Bratislava,NaN,NaN,NaN,NaN,NaN
78rxvyelnj7orbbzs4u1fghrd,César Rodolfo,Blackman Camarena,Male,C. Blackman,Panama,5nhk7v9jq6dqmfbn4hiihhofv,Defender,player,1998-04-02,Panama,5nhk7v9jq6dqmfbn4hiihhofv,174.0,70.0,28.0,2023-06-15Z,active,yes,César,Blackman,Ciudad de Panamá,right,NaN,NaN,NaN,NaN
7ocbj4fxn53jakzel1q5pie39,Vladimír,Weiss,Male,V. Weiss,Slovakia,7dybe8679n9bgyrcxi383pq3y,Midfielder,player,1989-11-30,Slovakia,7dybe8679n9bgyrcxi383pq3y,173.0,71.0,7.0,2020-02-24Z,active,yes,Vladimír,Weiss,Bratislava,right,NaN,NaN,NaN,NaN
7u4btq4mxa8yha36hcn4gc4bt,Marko,Tolić,Male,M. Tolić,Croatia,37hlakrwxyuzovaeoo4sezusp,Midfielder,player,1996-07-05,Croatia,37hlakrwxyuzovaeoo4sezusp,NaN,NaN,10.0,2024-07-01Z,active,yes,Marko,Tolic,Zagreb,right,NaN,NaN,NaN,NaN
8cnadoqd0jke92wmd99b4d79w,Eduard,Kozyk,Male,E. Kozyk,Ukraine,315w6fk6umfzf4qvba3t55u61,Midfielder,player,2006-09-24,Ukraine,315w6fk6umfzf4qvba3t55u61,NaN,NaN,NaN,2025-08-04Z,active,no,Eduard,Kozyk,NaN,NaN,2025-08-04Z,NaN,NaN,NaN
9hkjwkdnvzeax9s0c4ghsqsfe,Peter,Pokorný,Male,P. Pokorný,Slovakia,7dybe8679n9bgyrcxi383pq3y,Midfielder,player,2001-08-08,Slovakia,7dybe8679n9bgyrcxi383pq3y,183.0,74.0,3.0,2025-06-18Z,active,yes,Peter,Pokorny,Trenčín,right,NaN,NaN,NaN,NaN
9jq7n8zq10rvp5un8vtk4rxg4,Dávid Christián,Murár,Male,D. Murár,Slovakia,7dybe8679n9bgyrcxi383pq3y,Defender,player,2004-04-19,Slovakia,7dybe8679n9bgyrcxi383pq3y,NaN,NaN,NaN,2025-08-04Z,active,no,Dávid,Murár,NaN,NaN,2025-08-04Z,NaN,NaN,NaN
9m0c5nlso2paawkh2y1zrrzrp,Jurij,Medveděv,Male,J. Medveděv,Czechia,5md5tpwr2nmqao528prx43jr7,Defender,player,1996-06-18,Kazakhstan,6kewn14jj4ncyzghlbu61hna6,180.0,74.0,17.0,2024-06-15Z,active,yes,Jurij,Medvedev,Badamsha,right,NaN,Kazakhstan,6kewn14jj4ncyzghlbu61hna6,NaN
9s32xwdimkko7g1sp6i499wb9,Matúš,Macík,Male,M. Macík,Slovakia,7dybe8679n9bgyrcxi383pq3y,Goalkeeper,player,1993-05-19,Slovakia,7dybe8679n9bgyrcxi383pq3y,198.0,90.0,44.0,2025-01-28Z,active,yes,Matús,Macík,Liptovský Mikuláš,NaN,NaN,NaN,NaN,NaN
9s3bc4i84ab8ar9c17lts3pp1,Kyriakos,Savvidīs,Male,K. Savvidīs,Greece,6lpgd60z890no2v46zdecrcss,Midfielder,player,1995-06-20,Greece,6lpgd60z890no2v46zdecrcss,181.0,78.0,88.0,2023-06-15Z,active,yes,Kyriakos,Savvidis,Thessaloniki,right,NaN,NaN,NaN,NaN
a3pp88a52x123muu26sg4maxh,Kevin,Wimmer,Male,K. Wimmer,Austria,hcs1bd49qliqqity6o268jyt,Defender,player,1992-11-15,Austria,hcs1bd49qliqqity6o268jyt,187.0,85.0,6.0,2023-06-15Z,active,yes,Kevin,Wimmer,Wels,left,NaN,NaN,NaN,NaN
adngqbiq4kicxj5ewcixxw4ph,Guram,Kashia,Male,G. Kashia,Georgia,55mqz7j6585f2jhgfhn62lomr,Defender,player,1987-07-04,Georgia,55mqz7j6585f2jhgfhn62lomr,185.0,87.0,4.0,2021-07-01Z,active,yes,Guram,Kashia,Tbilisi,right,NaN,NaN,NaN,NaN
b6h33b82fqk8rc31a8k5sg60a,Alen,Mustafić,Male,A. Mustafić,Bosnia and Herzegovina,4fue8u54361o79fbiu9qwxjer,Midfielder,player,1999-07-05,Bosnia and Herzegovina,4fue8u54361o79fbiu9qwxjer,185.0,78.0,20.0,2024-07-22Z,active,yes,Alen,Mustafic,Tuzla,right,NaN,NaN,NaN,NaN
c9lykzcr3q7hr50ui74iqastm,Sandro Plínio,Rosa da Cruz,Male,Sandro Cruz,Angola,3k53bkrjx5zsxchc6e3mcd834,Defender,player,2001-05-12,Portugal,1nbm5i9a0403zzvltn17lxinc,182.0,77.0,57.0,2025-06-27Z,active,yes,Sandro Plínio,Rosa da Cruz,Braga,left,NaN,Portugal,1nbm5i9a0403zzvltn17lxinc,Sandro Cruz
cnaqu2nzi4scye2egi06zyas4,Boris,Kitka,Male,B. Kitka,Slovakia,7dybe8679n9bgyrcxi383pq3y,NaN,assistant coach,1970-08-16,Czechoslovakia,4teay4voqfacym9lic4b9q5be,NaN,NaN,NaN,2025-08-11Z,active,yes,Boris,Kitka,NaN,NaN,NaN,NaN,NaN,NaN
cz0ivswd8ej4texqzly61p6hg,Rash Rahim,Ibrahim,Male,R. Ibrahim,Ghana,2q2sw72utw5gu9t5y4knckwba,Midfielder,player,2001-06-10,Ghana,2q2sw72utw5gu9t5y4knckwba,186.0,NaN,5.0,2025-02-15Z,active,yes,Rahim,Ibrahim,NaN,right,NaN,NaN,NaN,NaN
d3ppqv1v0qgjcjrf6q9xlvap5,Dominik,Takáč,Male,D. Takáč,Slovakia,7dybe8679n9bgyrcxi383pq3y,Goalkeeper,player,1999-01-12,Slovakia,7dybe8679n9bgyrcxi383pq3y,195.0,82.0,71.0,2024-07-13Z,active,yes,Dominik,Takác,Galanta,left,NaN,NaN,NaN,NaN
dliitj4cijcpe3dxgn56a65be,Sharani,Zuberu,Male,S. Zuberu,Ghana,2q2sw72utw5gu9t5y4knckwba,Defender,player,2000-01-07,Ghana,2q2sw72utw5gu9t5y4knckwba,183.0,NaN,23.0,2023-01-27Z,active,yes,Sharani,Zuberu,NaN,NaN,NaN,NaN,NaN,NaN
e1n8z01dq1qvm7krrjwk3y61g,Artur,Gajdoš,Male,A. Gajdoš,Slovakia,7dybe8679n9bgyrcxi383pq3y,Midfielder,player,2004-01-20,Slovakia,7dybe8679n9bgyrcxi383pq3y,NaN,NaN,8.0,2025-07-01Z,active,yes,Artur,Gajdos,NaN,NaN,NaN,NaN,NaN,NaN
emt8b1i9trgkigfyzpmocsetw,Sidoine,Chounkwi Fogning,Male,S. Fogning,Cameroon,4eb9feio6u267dd1jcwaf38mt,Defender,player,2001-11-11,Cameroon,4eb9feio6u267dd1jcwaf38mt,195.0,82.0,19.0,2025-08-04Z,active,yes,Sidoine,Fogning,Yaoundé,left,2026-06-30Z,NaN,NaN,NaN
eprihatu8znb0vq6kuaj38z1m,David,Strelec,Male,D. Strelec,Slovakia,7dybe8679n9bgyrcxi383pq3y,Attacker,player,2001-04-04,Slovakia,7dybe8679n9bgyrcxi383pq3y,185.0,73.0,13.0,2023-08-08Z,active,no,David,Strelec,Nové Zámky,left,2025-09-01Z,NaN,NaN,NaN
ezec1c8uli4wz18eaysm5fuok,Alasana,Yirajang,Male,A. Yirajang,Gambia,4ix3ulx7h2a09r16jo9qdbuvp,Midfielder,player,2004-11-12,Gambia,4ix3ulx7h2a09r16jo9qdbuvp,NaN,NaN,14.0,2025-06-20Z,active,yes,Alasana,Yirajang,Kartong,NaN,NaN,NaN,NaN,NaN
sws2q3l7q1o36ynck0cfl5h,Tigran,Barseghyan,Male,T. Barseghyan,Armenia,687vx665s4d88stgnq72a84k6,Midfielder,player,1993-09-22,Armenia,687vx665s4d88stgnq72a84k6,179.0,NaN,11.0,2022-01-01Z,active,yes,Tigran,Barseghyan,Yerevan,left,NaN,NaN,NaN,NaN
vvap3cn90g2vhl0p9et85o9g,Dávid,Balog,Male,D. Balog,Slovakia,7dybe8679n9bgyrcxi383pq3y,Goalkeeper,player,2007-04-04,Slovakia,7dybe8679n9bgyrcxi383pq3y,NaN,NaN,NaN,2025-08-04Z,active,no,Dávid,Balog,Bratislava,NaN,2025-08-04Z,NaN,NaN,Dávid Balog
