playerName,playerId,contestantId,typeId,team_name,9,321,322,label,match_id,date
J. Sunday,ao72d1mt8ddpksplwi6t2fjf8,d9r4z4nqawrz7mfu3t4o05rd2,15,Trenčín,,0.0517143234610557,0.0,Komárno vs Trenčín,39f8c90ch9yl75mjdze78gc9g,2025-07-26
D. Ožvolda,9sx1lk7tzcdqeoje9ix93hiw9,a5t4sy4a6qkknlm03h6e2jq39,13,Komárno,,0.1330745816230774,0.0,Komárno vs Trenčín,39f8c90ch9yl75mjdze78gc9g,2025-07-26
A. Yakubu,5ru8vcjapkbpqa2tdgzd6dbmc,d9r4z4nqawrz7mfu3t4o05rd2,13,Trenčín,,0.0074435207061469,0.0,Komárno vs Trenčín,39f8c90ch9yl75mjdze78gc9g,2025-07-26
A. Yakubu,5ru8vcjapkbpqa2tdgzd6dbmc,d9r4z4nqawrz7mfu3t4o05rd2,15,Trenčín,,0.0277399532496929,0.0449724942445755,Komárno vs Trenčín,39f8c90ch9yl75mjdze78gc9g,2025-07-26
M. Šimko,497cva6ygshr07y7n2y4v1p79,a5t4sy4a6qkknlm03h6e2jq39,16,Komárno,,0.1734952479600906,0.8271552920341492,Komárno vs Trenčín,39f8c90ch9yl75mjdze78gc9g,2025-07-26
J. Nsumoh,eb8x7hgrv802sxywlq1wrhlka,d9r4z4nqawrz7mfu3t4o05rd2,15,Trenčín,,0.0303561091423034,0.019923647865653038,Komárno vs Trenčín,39f8c90ch9yl75mjdze78gc9g,2025-07-26
D. Žák,60hb2iku0p4coba4zext3t53o,a5t4sy4a6qkknlm03h6e2jq39,15,Komárno,,0.0354069024324417,0.018314843997359276,Komárno vs Trenčín,39f8c90ch9yl75mjdze78gc9g,2025-07-26
S. Goss,5z0g3l4s56p11t3wgrpjhko9h,d9r4z4nqawrz7mfu3t4o05rd2,13,Trenčín,,0.0259989649057388,0.0,Komárno vs Trenčín,39f8c90ch9yl75mjdze78gc9g,2025-07-26
O. Rudzan,mo16pn32yf5nyghy8un8jkh6,a5t4sy4a6qkknlm03h6e2jq39,13,Komárno,,0.033085960894823,0.0,Komárno vs Trenčín,39f8c90ch9yl75mjdze78gc9g,2025-07-26
N. Tamás,66yrr8le38s34bbh7ga38cmsq,a5t4sy4a6qkknlm03h6e2jq39,15,Komárno,,0.0372417867183685,0.4209323823451996,Komárno vs Trenčín,39f8c90ch9yl75mjdze78gc9g,2025-07-26
T. Hájovský,b3b4ebv8jfukcu74rfyref5zo,d9r4z4nqawrz7mfu3t4o05rd2,15,Trenčín,,0.1324885189533233,0.0,Komárno vs Trenčín,39f8c90ch9yl75mjdze78gc9g,2025-07-26
C. Bayemi,5zqj5ku1wjsng69lrfrgsy3je,a5t4sy4a6qkknlm03h6e2jq39,14,Komárno,,0.2431409507989883,0.0,Komárno vs Trenčín,39f8c90ch9yl75mjdze78gc9g,2025-07-26
M. Boďa,9mt84o1omv64u5kd94hsrxazt,a5t4sy4a6qkknlm03h6e2jq39,15,Komárno,,0.2092343121767044,0.27139443159103394,Komárno vs Trenčín,39f8c90ch9yl75mjdze78gc9g,2025-07-26
M. Boďa,9mt84o1omv64u5kd94hsrxazt,a5t4sy4a6qkknlm03h6e2jq39,15,Komárno,,0.273120105266571,0.5096442103385925,Komárno vs Trenčín,39f8c90ch9yl75mjdze78gc9g,2025-07-26
N. Tamás,66yrr8le38s34bbh7ga38cmsq,a5t4sy4a6qkknlm03h6e2jq39,15,Komárno,,0.0181671399623155,0.0,Komárno vs Trenčín,39f8c90ch9yl75mjdze78gc9g,2025-07-26
M. Šimko,497cva6ygshr07y7n2y4v1p79,a5t4sy4a6qkknlm03h6e2jq39,15,Komárno,,0.2934876978397369,0.058386024087667465,Komárno vs Trenčín,39f8c90ch9yl75mjdze78gc9g,2025-07-26
N. Tamás,66yrr8le38s34bbh7ga38cmsq,a5t4sy4a6qkknlm03h6e2jq39,13,Komárno,,0.0986573621630668,0.0,Komárno vs Trenčín,39f8c90ch9yl75mjdze78gc9g,2025-07-26
O. Rudzan,mo16pn32yf5nyghy8un8jkh6,a5t4sy4a6qkknlm03h6e2jq39,13,Komárno,,0.0633414015173912,0.0,Komárno vs Trenčín,39f8c90ch9yl75mjdze78gc9g,2025-07-26
Š. Šmehyl,175c3vqpypkfz0of6hf2kdtxx,a5t4sy4a6qkknlm03h6e2jq39,15,Komárno,,0.075428694486618,0.0,Komárno vs Trenčín,39f8c90ch9yl75mjdze78gc9g,2025-07-26
C. Bayemi,5zqj5ku1wjsng69lrfrgsy3je,a5t4sy4a6qkknlm03h6e2jq39,15,Komárno,,0.1003076657652854,0.717967689037323,Komárno vs Trenčín,39f8c90ch9yl75mjdze78gc9g,2025-07-26
J. Sunday,ao72d1mt8ddpksplwi6t2fjf8,d9r4z4nqawrz7mfu3t4o05rd2,13,Trenčín,,0.0202523730695247,0.0,Komárno vs Trenčín,39f8c90ch9yl75mjdze78gc9g,2025-07-26
F. Sabljić,2bs4lbqqztz4amzex14zfqzqi,d9r4z4nqawrz7mfu3t4o05rd2,15,Trenčín,,0.058611936867237,0.0,Komárno vs Trenčín,39f8c90ch9yl75mjdze78gc9g,2025-07-26
L. Skovajsa,18443jomfufijc5n6b35ejlcl,d9r4z4nqawrz7mfu3t4o05rd2,15,Trenčín,,0.02150684222579,0.0,Komárno vs Trenčín,39f8c90ch9yl75mjdze78gc9g,2025-07-26
F. Sabljić,2bs4lbqqztz4amzex14zfqzqi,d9r4z4nqawrz7mfu3t4o05rd2,16,Trenčín,,0.3672504425048828,0.8293218612670898,Komárno vs Trenčín,39f8c90ch9yl75mjdze78gc9g,2025-07-26
F. Sabljić,2bs4lbqqztz4amzex14zfqzqi,d9r4z4nqawrz7mfu3t4o05rd2,13,Trenčín,,0.1884011179208755,0.0,Komárno vs Trenčín,39f8c90ch9yl75mjdze78gc9g,2025-07-26
J. Pastorek,9hmybq66cujgggy5pamd220gl,a5t4sy4a6qkknlm03h6e2jq39,15,Komárno,,0.1384630501270294,0.7309025526046753,Komárno vs Trenčín,39f8c90ch9yl75mjdze78gc9g,2025-07-26
D. Ožvolda,9sx1lk7tzcdqeoje9ix93hiw9,a5t4sy4a6qkknlm03h6e2jq39,15,Komárno,,0.0827505737543106,0.05132752284407616,Komárno vs Trenčín,39f8c90ch9yl75mjdze78gc9g,2025-07-26
G. Ganbold,bvo8hf08p2eno9oldufqfbgtl,a5t4sy4a6qkknlm03h6e2jq39,15,Komárno,,0.0239968206733465,0.0,Komárno vs Trenčín,39f8c90ch9yl75mjdze78gc9g,2025-07-26
B. Csóka,52d3qyuyqu3pbvucsvqxib5ec,a5t4sy4a6qkknlm03h6e2jq39,15,Komárno,,0.1169198974967002,0.0,Komárno vs Trenčín,39f8c90ch9yl75mjdze78gc9g,2025-07-26
J. Nsumoh,eb8x7hgrv802sxywlq1wrhlka,d9r4z4nqawrz7mfu3t4o05rd2,15,Trenčín,,0.0387926436960697,0.09927471727132797,Komárno vs Trenčín,39f8c90ch9yl75mjdze78gc9g,2025-07-26
E. Mashike,c83ms1i1lpmx77fl1ojbhs1qt,a5t4sy4a6qkknlm03h6e2jq39,15,Komárno,,0.1771676689386367,0.0,Komárno vs Trenčín,39f8c90ch9yl75mjdze78gc9g,2025-07-26
M. Šimko,497cva6ygshr07y7n2y4v1p79,a5t4sy4a6qkknlm03h6e2jq39,15,Komárno,,0.0868562087416648,0.0,Komárno vs Trenčín,39f8c90ch9yl75mjdze78gc9g,2025-07-26
J. Nsumoh,eb8x7hgrv802sxywlq1wrhlka,d9r4z4nqawrz7mfu3t4o05rd2,16,Trenčín,,0.0825610384345054,0.5955541133880615,Komárno vs Trenčín,39f8c90ch9yl75mjdze78gc9g,2025-07-26
K. Taylor-Hart,ehnabfyijt5uogw9avntw0yga,1qm038k9aqtouv4i738utxwdo,15,Zemplín Michalovce,,0.0373046956956386,0.06523433327674866,DAC 1904 vs Zemplín Michalovce,3blkrog2fy412cjli3g2aeolw,2025-07-26
A. Sylla,eo2n0d4wvaszqhhsyjnbd64no,7o9tba6opekhoz7pcuq8gm93m,13,DAC 1904,,0.5687415599822998,0.0,DAC 1904 vs Zemplín Michalovce,3blkrog2fy412cjli3g2aeolw,2025-07-26
A. Musák,3y1hr2kxzhzcmv1dllixjbo5w,1qm038k9aqtouv4i738utxwdo,13,Zemplín Michalovce,,0.0365473739802837,0.0,DAC 1904 vs Zemplín Michalovce,3blkrog2fy412cjli3g2aeolw,2025-07-26
Ammar Ramadan,efjgg9qr6hdz7ufboa07q5y7e,7o9tba6opekhoz7pcuq8gm93m,13,DAC 1904,,0.1180332228541374,0.0,DAC 1904 vs Zemplín Michalovce,3blkrog2fy412cjli3g2aeolw,2025-07-26
K. Taylor-Hart,ehnabfyijt5uogw9avntw0yga,1qm038k9aqtouv4i738utxwdo,15,Zemplín Michalovce,,0.0294742453843355,0.07418383657932281,DAC 1904 vs Zemplín Michalovce,3blkrog2fy412cjli3g2aeolw,2025-07-26
B. Cottrell,e47my5u2v0s70vmi8nbfqsc4q,1qm038k9aqtouv4i738utxwdo,16,Zemplín Michalovce,,0.0810566991567611,0.6409776210784912,DAC 1904 vs Zemplín Michalovce,3blkrog2fy412cjli3g2aeolw,2025-07-26
M. Trusa,du28e4s5bntunw94yzsdh4acq,7o9tba6opekhoz7pcuq8gm93m,13,DAC 1904,,0.7039356827735901,0.0,DAC 1904 vs Zemplín Michalovce,3blkrog2fy412cjli3g2aeolw,2025-07-26
Ammar Ramadan,efjgg9qr6hdz7ufboa07q5y7e,7o9tba6opekhoz7pcuq8gm93m,15,DAC 1904,,0.0176397189497947,0.0,DAC 1904 vs Zemplín Michalovce,3blkrog2fy412cjli3g2aeolw,2025-07-26
M. Tuboly,5keqk0houbdodlxfqfyldzhuc,7o9tba6opekhoz7pcuq8gm93m,15,DAC 1904,,0.0608399622142314,0.0,DAC 1904 vs Zemplín Michalovce,3blkrog2fy412cjli3g2aeolw,2025-07-26
L. Pauschek,5jd3xi68273u2xl2d1gsonc2d,1qm038k9aqtouv4i738utxwdo,15,Zemplín Michalovce,,0.0562309026718139,0.033411815762519836,DAC 1904 vs Zemplín Michalovce,3blkrog2fy412cjli3g2aeolw,2025-07-26
Ammar Ramadan,efjgg9qr6hdz7ufboa07q5y7e,7o9tba6opekhoz7pcuq8gm93m,13,DAC 1904,,0.0271985605359077,0.0,DAC 1904 vs Zemplín Michalovce,3blkrog2fy412cjli3g2aeolw,2025-07-26
Ammar Ramadan,efjgg9qr6hdz7ufboa07q5y7e,7o9tba6opekhoz7pcuq8gm93m,15,DAC 1904,,0.0348022058606147,0.0,DAC 1904 vs Zemplín Michalovce,3blkrog2fy412cjli3g2aeolw,2025-07-26
K. Taylor-Hart,ehnabfyijt5uogw9avntw0yga,1qm038k9aqtouv4i738utxwdo,13,Zemplín Michalovce,,0.0262349359691143,0.0,DAC 1904 vs Zemplín Michalovce,3blkrog2fy412cjli3g2aeolw,2025-07-26
F. Bahi,4n1s49nvjwknaqepz9nk6okyc,1qm038k9aqtouv4i738utxwdo,15,Zemplín Michalovce,,0.0153537159785628,0.0,DAC 1904 vs Zemplín Michalovce,3blkrog2fy412cjli3g2aeolw,2025-07-26
V. Đukanović,8cdx7aahcxg6be4qiwv9vq39w,7o9tba6opekhoz7pcuq8gm93m,15,DAC 1904,,0.027446923777461,0.021237358450889587,DAC 1904 vs Zemplín Michalovce,3blkrog2fy412cjli3g2aeolw,2025-07-26
K. Taylor-Hart,ehnabfyijt5uogw9avntw0yga,1qm038k9aqtouv4i738utxwdo,15,Zemplín Michalovce,,0.0757898539304733,0.0,DAC 1904 vs Zemplín Michalovce,3blkrog2fy412cjli3g2aeolw,2025-07-26
K. Taylor-Hart,ehnabfyijt5uogw9avntw0yga,1qm038k9aqtouv4i738utxwdo,15,Zemplín Michalovce,,0.1525678783655166,0.16434712707996368,DAC 1904 vs Zemplín Michalovce,3blkrog2fy412cjli3g2aeolw,2025-07-26
A. Zubairu,2epom5c0lfo6kxj7pqvz8m6zt,1qm038k9aqtouv4i738utxwdo,13,Zemplín Michalovce,,0.1645236760377884,0.0,DAC 1904 vs Zemplín Michalovce,3blkrog2fy412cjli3g2aeolw,2025-07-26
A. Gruber,m7jophwr7f9kh85a13qp9xw5,7o9tba6opekhoz7pcuq8gm93m,13,DAC 1904,,0.0502331294119358,0.0,DAC 1904 vs Zemplín Michalovce,3blkrog2fy412cjli3g2aeolw,2025-07-26
V. Đukanović,8cdx7aahcxg6be4qiwv9vq39w,7o9tba6opekhoz7pcuq8gm93m,13,DAC 1904,,0.1317510604858398,0.0,DAC 1904 vs Zemplín Michalovce,3blkrog2fy412cjli3g2aeolw,2025-07-26
A. Musák,3y1hr2kxzhzcmv1dllixjbo5w,1qm038k9aqtouv4i738utxwdo,15,Zemplín Michalovce,,0.0681657567620277,0.23751960694789886,DAC 1904 vs Zemplín Michalovce,3blkrog2fy412cjli3g2aeolw,2025-07-26
V. Đukanović,8cdx7aahcxg6be4qiwv9vq39w,7o9tba6opekhoz7pcuq8gm93m,16,DAC 1904,,0.0696030333638191,0.0932941734790802,DAC 1904 vs Zemplín Michalovce,3blkrog2fy412cjli3g2aeolw,2025-07-26
T. Kapanadze,4ryug5pbklraoj9dj5gygyju1,7o9tba6opekhoz7pcuq8gm93m,15,DAC 1904,,0.0112404320389032,0.05068640783429146,DAC 1904 vs Zemplín Michalovce,3blkrog2fy412cjli3g2aeolw,2025-07-26
G. Gagua,4fvgqwfpl4eezh867r1y53zai,7o9tba6opekhoz7pcuq8gm93m,15,DAC 1904,,0.0333227291703224,0.0,DAC 1904 vs Zemplín Michalovce,3blkrog2fy412cjli3g2aeolw,2025-07-26
G. Gagua,4fvgqwfpl4eezh867r1y53zai,7o9tba6opekhoz7pcuq8gm93m,15,DAC 1904,,0.0323887467384338,0.12300857156515121,DAC 1904 vs Zemplín Michalovce,3blkrog2fy412cjli3g2aeolw,2025-07-26
K. Nemanič,cytkx7gkged2di00mjulgrqvp,7o9tba6opekhoz7pcuq8gm93m,13,DAC 1904,,0.1774957776069641,0.0,DAC 1904 vs Zemplín Michalovce,3blkrog2fy412cjli3g2aeolw,2025-07-26
S. Olejník,2yhln049w2tvmmf2iteagi8a2,9ei45qvqhhseknu4h6b3o8amd,13,Tatran Prešov,NaN,0.0328010618686676,0.0,Tatran Prešov vs Slovan Bratislava,3ajyzm4b7xyjdd3f6qphtc1zo,2025-07-26
M. Kuharevich,3je3s65vdag4qctd9q0ku8z8q,cmj1019uptq8i042n5y16itbd,15,Slovan Bratislava,NaN,0.0699704736471176,0.0,Tatran Prešov vs Slovan Bratislava,3ajyzm4b7xyjdd3f6qphtc1zo,2025-07-26
N. Marcelli,10ema67rh45t75v9ia2hud6vo,cmj1019uptq8i042n5y16itbd,15,Slovan Bratislava,NaN,0.0290017779916524,0.0,Tatran Prešov vs Slovan Bratislava,3ajyzm4b7xyjdd3f6qphtc1zo,2025-07-26
S. Olejník,2yhln049w2tvmmf2iteagi8a2,9ei45qvqhhseknu4h6b3o8amd,13,Tatran Prešov,NaN,0.0448563396930694,0.0,Tatran Prešov vs Slovan Bratislava,3ajyzm4b7xyjdd3f6qphtc1zo,2025-07-26
R. Mak,4rg5d1oo8rtclemhci81i6xg5,cmj1019uptq8i042n5y16itbd,15,Slovan Bratislava,NaN,0.0298535581678152,0.0,Tatran Prešov vs Slovan Bratislava,3ajyzm4b7xyjdd3f6qphtc1zo,2025-07-26
A. Yirajang,ezec1c8uli4wz18eaysm5fuok,cmj1019uptq8i042n5y16itbd,15,Slovan Bratislava,NaN,0.0614444650709629,0.0,Tatran Prešov vs Slovan Bratislava,3ajyzm4b7xyjdd3f6qphtc1zo,2025-07-26
M. Regáli,bcfayigqu8oygm1xvpgl9akt1,9ei45qvqhhseknu4h6b3o8amd,16,Tatran Prešov,NaN,0.5233858227729797,0.9872978925704956,Tatran Prešov vs Slovan Bratislava,3ajyzm4b7xyjdd3f6qphtc1zo,2025-07-26
M. Regáli,bcfayigqu8oygm1xvpgl9akt1,9ei45qvqhhseknu4h6b3o8amd,13,Tatran Prešov,NaN,0.030964283272624,0.0,Tatran Prešov vs Slovan Bratislava,3ajyzm4b7xyjdd3f6qphtc1zo,2025-07-26
R. Begala,3jug5s4lmb833a9c5e6glmz8p,9ei45qvqhhseknu4h6b3o8amd,15,Tatran Prešov,NaN,0.0141638489440083,0.0,Tatran Prešov vs Slovan Bratislava,3ajyzm4b7xyjdd3f6qphtc1zo,2025-07-26
Ł. Wolsztyński,9qbwknvomo3d9a4erwpa4a4fd,9ei45qvqhhseknu4h6b3o8amd,15,Tatran Prešov,true,0.7884,0.9156243801116943,Tatran Prešov vs Slovan Bratislava,3ajyzm4b7xyjdd3f6qphtc1zo,2025-07-26
S. Olejník,2yhln049w2tvmmf2iteagi8a2,9ei45qvqhhseknu4h6b3o8amd,16,Tatran Prešov,NaN,0.5567686557769775,0.4979596436023712,Tatran Prešov vs Slovan Bratislava,3ajyzm4b7xyjdd3f6qphtc1zo,2025-07-26
K. Ofori,34da10k5hhm6j3fxjqqrvne5m,cmj1019uptq8i042n5y16itbd,15,Slovan Bratislava,NaN,0.0176983419805765,0.0,Tatran Prešov vs Slovan Bratislava,3ajyzm4b7xyjdd3f6qphtc1zo,2025-07-26
M. Kuharevich,3je3s65vdag4qctd9q0ku8z8q,cmj1019uptq8i042n5y16itbd,16,Slovan Bratislava,NaN,0.1357340663671493,0.27369752526283264,Tatran Prešov vs Slovan Bratislava,3ajyzm4b7xyjdd3f6qphtc1zo,2025-07-26
S. Olejník,2yhln049w2tvmmf2iteagi8a2,9ei45qvqhhseknu4h6b3o8amd,15,Tatran Prešov,NaN,0.0383263379335403,0.0,Tatran Prešov vs Slovan Bratislava,3ajyzm4b7xyjdd3f6qphtc1zo,2025-07-26
S. Olejník,2yhln049w2tvmmf2iteagi8a2,9ei45qvqhhseknu4h6b3o8amd,15,Tatran Prešov,NaN,0.2247728705406189,0.3207363784313202,Tatran Prešov vs Slovan Bratislava,3ajyzm4b7xyjdd3f6qphtc1zo,2025-07-26
K. Ofori,34da10k5hhm6j3fxjqqrvne5m,cmj1019uptq8i042n5y16itbd,16,Slovan Bratislava,NaN,0.0542833320796489,0.28825390338897705,Tatran Prešov vs Slovan Bratislava,3ajyzm4b7xyjdd3f6qphtc1zo,2025-07-26
A. Mustafić,b6h33b82fqk8rc31a8k5sg60a,cmj1019uptq8i042n5y16itbd,13,Slovan Bratislava,NaN,0.0264739450067281,0.0,Tatran Prešov vs Slovan Bratislava,3ajyzm4b7xyjdd3f6qphtc1zo,2025-07-26
Ł. Wolsztyński,9qbwknvomo3d9a4erwpa4a4fd,9ei45qvqhhseknu4h6b3o8amd,13,Tatran Prešov,NaN,0.024503868073225,0.0,Tatran Prešov vs Slovan Bratislava,3ajyzm4b7xyjdd3f6qphtc1zo,2025-07-26
M. Kuharevich,3je3s65vdag4qctd9q0ku8z8q,cmj1019uptq8i042n5y16itbd,13,Slovan Bratislava,NaN,0.1144848614931106,0.0,Tatran Prešov vs Slovan Bratislava,3ajyzm4b7xyjdd3f6qphtc1zo,2025-07-26
R. Mak,4rg5d1oo8rtclemhci81i6xg5,cmj1019uptq8i042n5y16itbd,15,Slovan Bratislava,NaN,0.0579068660736084,0.0,Tatran Prešov vs Slovan Bratislava,3ajyzm4b7xyjdd3f6qphtc1zo,2025-07-26
A. Mustafić,b6h33b82fqk8rc31a8k5sg60a,cmj1019uptq8i042n5y16itbd,15,Slovan Bratislava,NaN,0.1121755018830299,0.0,Tatran Prešov vs Slovan Bratislava,3ajyzm4b7xyjdd3f6qphtc1zo,2025-07-26
Sandro Cruz,c9lykzcr3q7hr50ui74iqastm,cmj1019uptq8i042n5y16itbd,13,Slovan Bratislava,NaN,0.0204152762889862,0.0,Tatran Prešov vs Slovan Bratislava,3ajyzm4b7xyjdd3f6qphtc1zo,2025-07-26
A. Mustafić,b6h33b82fqk8rc31a8k5sg60a,cmj1019uptq8i042n5y16itbd,13,Slovan Bratislava,NaN,0.046831801533699,0.0,Tatran Prešov vs Slovan Bratislava,3ajyzm4b7xyjdd3f6qphtc1zo,2025-07-26
A. Yirajang,ezec1c8uli4wz18eaysm5fuok,cmj1019uptq8i042n5y16itbd,15,Slovan Bratislava,NaN,0.0322987772524356,0.010893034748733044,Tatran Prešov vs Slovan Bratislava,3ajyzm4b7xyjdd3f6qphtc1zo,2025-07-26
A. Yirajang,ezec1c8uli4wz18eaysm5fuok,cmj1019uptq8i042n5y16itbd,15,Slovan Bratislava,NaN,0.0236921682953834,0.0,Tatran Prešov vs Slovan Bratislava,3ajyzm4b7xyjdd3f6qphtc1zo,2025-07-26
D. Ihnatenko,2x41wpt2f9djuf4jf42eewa1,cmj1019uptq8i042n5y16itbd,15,Slovan Bratislava,NaN,0.0283129066228866,0.010973923839628696,Tatran Prešov vs Slovan Bratislava,3ajyzm4b7xyjdd3f6qphtc1zo,2025-07-26
T. Barseghyan,sws2q3l7q1o36ynck0cfl5h,cmj1019uptq8i042n5y16itbd,15,Slovan Bratislava,NaN,0.012424218468368,0.0,Tatran Prešov vs Slovan Bratislava,3ajyzm4b7xyjdd3f6qphtc1zo,2025-07-26
R. Ibrahim,cz0ivswd8ej4texqzly61p6hg,cmj1019uptq8i042n5y16itbd,13,Slovan Bratislava,NaN,0.0385065302252769,0.0,Tatran Prešov vs Slovan Bratislava,3ajyzm4b7xyjdd3f6qphtc1zo,2025-07-26
T. Barseghyan,sws2q3l7q1o36ynck0cfl5h,cmj1019uptq8i042n5y16itbd,13,Slovan Bratislava,NaN,0.0298204403370618,0.0,Tatran Prešov vs Slovan Bratislava,3ajyzm4b7xyjdd3f6qphtc1zo,2025-07-26
R. Ibrahim,cz0ivswd8ej4texqzly61p6hg,cmj1019uptq8i042n5y16itbd,15,Slovan Bratislava,NaN,0.0717571675777435,0.0,Tatran Prešov vs Slovan Bratislava,3ajyzm4b7xyjdd3f6qphtc1zo,2025-07-26
D. Magda,95aokv8dk9sj9uq57k7t7po15,dbdao4og2npxkgwkkan30knze,15,FC Košice,NaN,0.0710088014602661,0.12867113947868347,Podbrezová vs FC Košice,3a19518y6bwi7e51al95ag3ys,2025-07-27
R. Šiler,4kyzzckx6o34dt4ioy3cdr02c,htdr7aa5cwjma1fy1nob7sb7,13,Podbrezová,NaN,0.0599879622459411,0.0,Podbrezová vs FC Košice,3a19518y6bwi7e51al95ag3ys,2025-07-27
J. Krivák,5vjwd4k2n8vpnb84g2wi15nu1,dbdao4og2npxkgwkkan30knze,13,FC Košice,NaN,0.0401319153606891,0.0,Podbrezová vs FC Košice,3a19518y6bwi7e51al95ag3ys,2025-07-27
Z. Jones,bhcspf4ywysgcdou5zxqp7q3t,dbdao4og2npxkgwkkan30knze,13,FC Košice,NaN,0.0093982042744755,0.0,Podbrezová vs FC Košice,3a19518y6bwi7e51al95ag3ys,2025-07-27
V. Chyla,dyne11pf74cddy5qm9q0cbqc4,htdr7aa5cwjma1fy1nob7sb7,13,Podbrezová,NaN,0.0194393526762723,0.0,Podbrezová vs FC Košice,3a19518y6bwi7e51al95ag3ys,2025-07-27
O. Kakay,4fa1s0rx15g8zc72qnm1vohd5,dbdao4og2npxkgwkkan30knze,13,FC Košice,NaN,0.0135114639997482,0.0,Podbrezová vs FC Košice,3a19518y6bwi7e51al95ag3ys,2025-07-27
V. Perišić,6s10z97elkdywexo91oyjmvx0,dbdao4og2npxkgwkkan30knze,13,FC Košice,NaN,0.0555215142667293,0.0,Podbrezová vs FC Košice,3a19518y6bwi7e51al95ag3ys,2025-07-27
A. Havrylenko,83vlbn8rh51qh9jw871x8sx2i,htdr7aa5cwjma1fy1nob7sb7,14,Podbrezová,NaN,0.1270067244768142,0.0,Podbrezová vs FC Košice,3a19518y6bwi7e51al95ag3ys,2025-07-27
R. Šiler,4kyzzckx6o34dt4ioy3cdr02c,htdr7aa5cwjma1fy1nob7sb7,15,Podbrezová,NaN,0.1147288456559181,0.6074812412261963,Podbrezová vs FC Košice,3a19518y6bwi7e51al95ag3ys,2025-07-27
O. Kakay,4fa1s0rx15g8zc72qnm1vohd5,dbdao4og2npxkgwkkan30knze,15,FC Košice,NaN,0.0868878439068794,0.1867525726556778,Podbrezová vs FC Košice,3a19518y6bwi7e51al95ag3ys,2025-07-27
M. Jakúbek,4exxis3zo1rw0emqjarlykvyt,dbdao4og2npxkgwkkan30knze,15,FC Košice,NaN,0.0283735375851392,0.0,Podbrezová vs FC Košice,3a19518y6bwi7e51al95ag3ys,2025-07-27
A. Havrylenko,83vlbn8rh51qh9jw871x8sx2i,htdr7aa5cwjma1fy1nob7sb7,16,Podbrezová,NaN,0.4359626770019531,0.4326564371585846,Podbrezová vs FC Košice,3a19518y6bwi7e51al95ag3ys,2025-07-27
D. Smékal,7d652ns7jnbtq16jpq06qml1w,htdr7aa5cwjma1fy1nob7sb7,15,Podbrezová,NaN,0.0996280461549758,0.13422228395938873,Podbrezová vs FC Košice,3a19518y6bwi7e51al95ag3ys,2025-07-27
A. Havrylenko,83vlbn8rh51qh9jw871x8sx2i,htdr7aa5cwjma1fy1nob7sb7,15,Podbrezová,NaN,0.1717347204685211,0.43124905228614807,Podbrezová vs FC Košice,3a19518y6bwi7e51al95ag3ys,2025-07-27
M. Dimun,1nsjai8x5bgirx5rufesjptjp,dbdao4og2npxkgwkkan30knze,13,FC Košice,NaN,0.0417009331285953,0.0,Podbrezová vs FC Košice,3a19518y6bwi7e51al95ag3ys,2025-07-27
D. Smékal,7d652ns7jnbtq16jpq06qml1w,htdr7aa5cwjma1fy1nob7sb7,16,Podbrezová,true,0.7884,0.867953896522522,Podbrezová vs FC Košice,3a19518y6bwi7e51al95ag3ys,2025-07-27
V. Perišić,6s10z97elkdywexo91oyjmvx0,dbdao4og2npxkgwkkan30knze,15,FC Košice,NaN,0.0759593620896339,0.1817944049835205,Podbrezová vs FC Košice,3a19518y6bwi7e51al95ag3ys,2025-07-27
A. Havrylenko,83vlbn8rh51qh9jw871x8sx2i,htdr7aa5cwjma1fy1nob7sb7,15,Podbrezová,NaN,0.020978819578886,0.0,Podbrezová vs FC Košice,3a19518y6bwi7e51al95ag3ys,2025-07-27
O. Kakay,4fa1s0rx15g8zc72qnm1vohd5,dbdao4og2npxkgwkkan30knze,15,FC Košice,NaN,0.0570706762373447,0.0,Podbrezová vs FC Košice,3a19518y6bwi7e51al95ag3ys,2025-07-27
D. Magda,95aokv8dk9sj9uq57k7t7po15,dbdao4og2npxkgwkkan30knze,15,FC Košice,NaN,0.0317973755300045,0.20337480306625366,Podbrezová vs FC Košice,3a19518y6bwi7e51al95ag3ys,2025-07-27
M. Dimun,1nsjai8x5bgirx5rufesjptjp,dbdao4og2npxkgwkkan30knze,13,FC Košice,NaN,0.53551185131073,0.0,Podbrezová vs FC Košice,3a19518y6bwi7e51al95ag3ys,2025-07-27
M. Jakúbek,4exxis3zo1rw0emqjarlykvyt,dbdao4og2npxkgwkkan30knze,16,FC Košice,NaN,0.0438872165977954,0.5619136095046997,Podbrezová vs FC Košice,3a19518y6bwi7e51al95ag3ys,2025-07-27
S. Tatolna,aowrrokdvc3kfxqjfz1gdj0gk,htdr7aa5cwjma1fy1nob7sb7,13,Podbrezová,NaN,0.0080275852233171,0.0,Podbrezová vs FC Košice,3a19518y6bwi7e51al95ag3ys,2025-07-27
Z. Jones,bhcspf4ywysgcdou5zxqp7q3t,dbdao4og2npxkgwkkan30knze,13,FC Košice,NaN,0.0482013411819934,0.0,Podbrezová vs FC Košice,3a19518y6bwi7e51al95ag3ys,2025-07-27
O. Kujabi,8fisdnvstq0pks7ppqlfsyr6c,htdr7aa5cwjma1fy1nob7sb7,16,Podbrezová,NaN,0.7900373339653015,0.9939566850662231,Podbrezová vs FC Košice,3a19518y6bwi7e51al95ag3ys,2025-07-27
A. Havrylenko,83vlbn8rh51qh9jw871x8sx2i,htdr7aa5cwjma1fy1nob7sb7,13,Podbrezová,NaN,0.0315093621611595,0.0,Podbrezová vs FC Košice,3a19518y6bwi7e51al95ag3ys,2025-07-27
S. Tatolna,aowrrokdvc3kfxqjfz1gdj0gk,htdr7aa5cwjma1fy1nob7sb7,13,Podbrezová,NaN,0.0358218103647232,0.0,Podbrezová vs FC Košice,3a19518y6bwi7e51al95ag3ys,2025-07-27
O. Kujabi,8fisdnvstq0pks7ppqlfsyr6c,htdr7aa5cwjma1fy1nob7sb7,15,Podbrezová,NaN,0.07492296397686,0.0,Podbrezová vs FC Košice,3a19518y6bwi7e51al95ag3ys,2025-07-27
M. Madleňák,88m1d6wwdft7cxtbg0fn77w15,dbdao4og2npxkgwkkan30knze,13,FC Košice,NaN,0.0681546032428741,0.0,Podbrezová vs FC Košice,3a19518y6bwi7e51al95ag3ys,2025-07-27
D. Smékal,7d652ns7jnbtq16jpq06qml1w,htdr7aa5cwjma1fy1nob7sb7,15,Podbrezová,NaN,0.1777575761079788,0.0,Podbrezová vs FC Košice,3a19518y6bwi7e51al95ag3ys,2025-07-27
M. Jakúbek,4exxis3zo1rw0emqjarlykvyt,dbdao4og2npxkgwkkan30knze,15,FC Košice,NaN,0.1217127442359924,0.36110904812812805,Podbrezová vs FC Košice,3a19518y6bwi7e51al95ag3ys,2025-07-27
M. Jakúbek,4exxis3zo1rw0emqjarlykvyt,dbdao4og2npxkgwkkan30knze,15,FC Košice,NaN,0.2099273949861526,0.0,Podbrezová vs FC Košice,3a19518y6bwi7e51al95ag3ys,2025-07-27
M. Dimun,1nsjai8x5bgirx5rufesjptjp,dbdao4og2npxkgwkkan30knze,15,FC Košice,NaN,0.2225841730833053,0.25622695684432983,Podbrezová vs FC Košice,3a19518y6bwi7e51al95ag3ys,2025-07-27
R. Čerepkai,2vd1l32utzuzqlnbu4h6toh9m,dbdao4og2npxkgwkkan30knze,13,FC Košice,NaN,0.0773136615753173,0.0,Podbrezová vs FC Košice,3a19518y6bwi7e51al95ag3ys,2025-07-27
V. Perišić,6s10z97elkdywexo91oyjmvx0,dbdao4og2npxkgwkkan30knze,15,FC Košice,NaN,0.1332011520862579,0.5546186566352844,Podbrezová vs FC Košice,3a19518y6bwi7e51al95ag3ys,2025-07-27
D. Ďuriš,bjb4ee3aomtv5hz7qqyjlkgoa,c6q7rcydz4bslvyiw1l9nb9vq,15,Žilina,NaN,0.0864672511816024,0.07483508437871933,Skalica vs Žilina,3c4ff4vi9p4tixgv5lpd8ucd0,2025-07-27
L. Prokop,cfau8uo27rct8ixlkyowbirdg,c6q7rcydz4bslvyiw1l9nb9vq,15,Žilina,NaN,0.3189508318901062,0.0,Skalica vs Žilina,3c4ff4vi9p4tixgv5lpd8ucd0,2025-07-27
P. Iľko,c83z5v68ti7pbyjp2yfpat9be,c6q7rcydz4bslvyiw1l9nb9vq,15,Žilina,NaN,0.384944200515747,0.0,Skalica vs Žilina,3c4ff4vi9p4tixgv5lpd8ucd0,2025-07-27
L. Prokop,cfau8uo27rct8ixlkyowbirdg,c6q7rcydz4bslvyiw1l9nb9vq,15,Žilina,NaN,0.32607302069664,0.27139902114868164,Skalica vs Žilina,3c4ff4vi9p4tixgv5lpd8ucd0,2025-07-27
S. Seitz,ebr9v3bqkf7c6vqmtekn802ui,8z6b1xgghbcalbv9dg1jcmb5k,13,Skalica,NaN,0.055366788059473,0.0,Skalica vs Žilina,3c4ff4vi9p4tixgv5lpd8ucd0,2025-07-27
D. Bariš,1lzqnhtefu81ttvcpe6a4e6l1,8z6b1xgghbcalbv9dg1jcmb5k,13,Skalica,NaN,0.0209203716367483,0.0,Skalica vs Žilina,3c4ff4vi9p4tixgv5lpd8ucd0,2025-07-27
P. Iľko,c83z5v68ti7pbyjp2yfpat9be,c6q7rcydz4bslvyiw1l9nb9vq,13,Žilina,NaN,0.1065549030900001,0.0,Skalica vs Žilina,3c4ff4vi9p4tixgv5lpd8ucd0,2025-07-27
M. Káčer,4xk6crcbt40xenux91yy011at,c6q7rcydz4bslvyiw1l9nb9vq,13,Žilina,true,0.7884,0.0,Skalica vs Žilina,3c4ff4vi9p4tixgv5lpd8ucd0,2025-07-27
R. Potočný,7gnxkbi9lqsxd7lgkkjk37179,8z6b1xgghbcalbv9dg1jcmb5k,15,Skalica,NaN,0.0505262017250061,0.0,Skalica vs Žilina,3c4ff4vi9p4tixgv5lpd8ucd0,2025-07-27
M. Šuver,8iyjpvoaxz8zy0pp8ueaidgx5,8z6b1xgghbcalbv9dg1jcmb5k,15,Skalica,NaN,0.0318116918206214,0.0,Skalica vs Žilina,3c4ff4vi9p4tixgv5lpd8ucd0,2025-07-27
T. Smejkal,72ixyt1sslnz7qadoiwxl58bu,8z6b1xgghbcalbv9dg1jcmb5k,15,Skalica,NaN,0.0327434055507183,0.0,Skalica vs Žilina,3c4ff4vi9p4tixgv5lpd8ucd0,2025-07-27
A. Morong,alnhvswa0mkn6ls9x2fomlexh,8z6b1xgghbcalbv9dg1jcmb5k,15,Skalica,NaN,0.429176926612854,0.5295746922492981,Skalica vs Žilina,3c4ff4vi9p4tixgv5lpd8ucd0,2025-07-27
J. Minárik,5uc8bmbfp3izb9s0gvqwq7yl1,c6q7rcydz4bslvyiw1l9nb9vq,15,Žilina,NaN,0.0525546595454216,0.27821630239486694,Skalica vs Žilina,3c4ff4vi9p4tixgv5lpd8ucd0,2025-07-27
P. Iľko,c83z5v68ti7pbyjp2yfpat9be,c6q7rcydz4bslvyiw1l9nb9vq,15,Žilina,NaN,0.0686190277338028,0.0,Skalica vs Žilina,3c4ff4vi9p4tixgv5lpd8ucd0,2025-07-27
A. Kaprálik,73bt1irnki81xex9jkn7vxxey,c6q7rcydz4bslvyiw1l9nb9vq,15,Žilina,NaN,0.0212138518691062,0.2237539291381836,Skalica vs Žilina,3c4ff4vi9p4tixgv5lpd8ucd0,2025-07-27
M. Faško,17fh37y13hwtz5osjkf16ltxx,c6q7rcydz4bslvyiw1l9nb9vq,13,Žilina,NaN,0.0563052482903003,0.0,Skalica vs Žilina,3c4ff4vi9p4tixgv5lpd8ucd0,2025-07-27
M. Černek,as9w12k4pcyxfkpuvtld9skph,8z6b1xgghbcalbv9dg1jcmb5k,15,Skalica,NaN,0.0650093853473663,0.0,Skalica vs Žilina,3c4ff4vi9p4tixgv5lpd8ucd0,2025-07-27
M. Švec,7lpe0cmrran5r7uqb0vamj3f8,8z6b1xgghbcalbv9dg1jcmb5k,13,Skalica,NaN,0.1916657835245132,0.0,Skalica vs Žilina,3c4ff4vi9p4tixgv5lpd8ucd0,2025-07-27
X. Adang,8zkcuhb57u6yhqodvq6u3rx0,c6q7rcydz4bslvyiw1l9nb9vq,15,Žilina,NaN,0.0455629751086235,0.0,Skalica vs Žilina,3c4ff4vi9p4tixgv5lpd8ucd0,2025-07-27
S. Gidi,1n0p6ekr7qvvagju86ggwi49g,c6q7rcydz4bslvyiw1l9nb9vq,13,Žilina,NaN,0.0127761010080575,0.0,Skalica vs Žilina,3c4ff4vi9p4tixgv5lpd8ucd0,2025-07-27
M. Černek,as9w12k4pcyxfkpuvtld9skph,8z6b1xgghbcalbv9dg1jcmb5k,13,Skalica,NaN,0.0094519117847085,0.0,Skalica vs Žilina,3c4ff4vi9p4tixgv5lpd8ucd0,2025-07-27
D. Bariš,1lzqnhtefu81ttvcpe6a4e6l1,8z6b1xgghbcalbv9dg1jcmb5k,15,Skalica,NaN,0.1869325488805771,0.20613792538642883,Skalica vs Žilina,3c4ff4vi9p4tixgv5lpd8ucd0,2025-07-27
M. Černek,as9w12k4pcyxfkpuvtld9skph,8z6b1xgghbcalbv9dg1jcmb5k,15,Skalica,NaN,0.0253435056656599,0.06629717350006104,Skalica vs Žilina,3c4ff4vi9p4tixgv5lpd8ucd0,2025-07-27
M. Faško,17fh37y13hwtz5osjkf16ltxx,c6q7rcydz4bslvyiw1l9nb9vq,15,Žilina,NaN,0.1049055606126785,0.08581119775772095,Skalica vs Žilina,3c4ff4vi9p4tixgv5lpd8ucd0,2025-07-27
M. Hollý,53wk65c7o2wgykzq7q2e4n4h6,8z6b1xgghbcalbv9dg1jcmb5k,15,Skalica,NaN,0.0440274886786937,0.0,Skalica vs Žilina,3c4ff4vi9p4tixgv5lpd8ucd0,2025-07-27
X. Adang,8zkcuhb57u6yhqodvq6u3rx0,c6q7rcydz4bslvyiw1l9nb9vq,13,Žilina,NaN,0.0331042446196079,0.0,Skalica vs Žilina,3c4ff4vi9p4tixgv5lpd8ucd0,2025-07-27
A. Narimanidze,91okqildgt8vo2db9jcu7vthw,c6q7rcydz4bslvyiw1l9nb9vq,13,Žilina,NaN,0.0314454771578311,0.0,Skalica vs Žilina,3c4ff4vi9p4tixgv5lpd8ucd0,2025-07-27
M. Ujlaky,bpa4041uf6rhu659hwa08o1lg,e2eyddqxo12gs0dhbsb7l5pua,13,Spartak Trnava,,0.0112404320389032,0.0,Spartak Trnava vs Ružomberok,3b2w07ll39eh64ot814ktldsk,2025-07-27
A. Slávik,4fa76tep2ca1r03vokdzgbsh5,d7ju1d8fvjwosjm62zph5tqql,15,Ružomberok,,0.0212077088654041,0.0,Spartak Trnava vs Ružomberok,3b2w07ll39eh64ot814ktldsk,2025-07-27
K. Domonkos,ellfertz7z7nftuv5pl4ukh9m,d7ju1d8fvjwosjm62zph5tqql,15,Ružomberok,,0.0455209389328956,0.17258025705814362,Spartak Trnava vs Ružomberok,3b2w07ll39eh64ot814ktldsk,2025-07-27
D. Köstl,8qo2ay0eobs7lyol641ljiv2t,d7ju1d8fvjwosjm62zph5tqql,15,Ružomberok,,0.0452182777225971,0.04053612798452377,Spartak Trnava vs Ružomberok,3b2w07ll39eh64ot814ktldsk,2025-07-27
F. Twardzik,dtkyk7u6a1zbyjo0xh01xeead,e2eyddqxo12gs0dhbsb7l5pua,15,Spartak Trnava,,0.0118178864941,0.0,Spartak Trnava vs Ružomberok,3b2w07ll39eh64ot814ktldsk,2025-07-27
D. Huf,21iixtvt80wpzqad9x3qghlux,d7ju1d8fvjwosjm62zph5tqql,15,Ružomberok,,0.0287504065781831,0.046571385115385056,Spartak Trnava vs Ružomberok,3b2w07ll39eh64ot814ktldsk,2025-07-27
L. Holík,cm7ceie86tfwjhbqk76pvic4p,e2eyddqxo12gs0dhbsb7l5pua,13,Spartak Trnava,,0.1315106153488159,0.0,Spartak Trnava vs Ružomberok,3b2w07ll39eh64ot814ktldsk,2025-07-27
P. Azango,cxz4zddmoyebzx57afocncvoq,e2eyddqxo12gs0dhbsb7l5pua,15,Spartak Trnava,,0.16607166826725,0.2109116166830063,Spartak Trnava vs Ružomberok,3b2w07ll39eh64ot814ktldsk,2025-07-27
P. Azango,cxz4zddmoyebzx57afocncvoq,e2eyddqxo12gs0dhbsb7l5pua,15,Spartak Trnava,,0.0570599809288978,0.0,Spartak Trnava vs Ružomberok,3b2w07ll39eh64ot814ktldsk,2025-07-27
K. Domonkos,ellfertz7z7nftuv5pl4ukh9m,d7ju1d8fvjwosjm62zph5tqql,13,Ružomberok,,0.0394808389246463,0.0,Spartak Trnava vs Ružomberok,3b2w07ll39eh64ot814ktldsk,2025-07-27
K. Koštrna,bq1i8z906frmxd7upktyfcgd1,e2eyddqxo12gs0dhbsb7l5pua,14,Spartak Trnava,,0.1968603581190109,0.0,Spartak Trnava vs Ružomberok,3b2w07ll39eh64ot814ktldsk,2025-07-27
L. Holík,cm7ceie86tfwjhbqk76pvic4p,e2eyddqxo12gs0dhbsb7l5pua,15,Spartak Trnava,,0.0315270908176898,0.1992366462945938,Spartak Trnava vs Ružomberok,3b2w07ll39eh64ot814ktldsk,2025-07-27
J. Paur,eim53fbgajnpydps3071jxivp,e2eyddqxo12gs0dhbsb7l5pua,16,Spartak Trnava,,0.1480447053909301,0.6632962226867676,Spartak Trnava vs Ružomberok,3b2w07ll39eh64ot814ktldsk,2025-07-27
J. Paur,eim53fbgajnpydps3071jxivp,e2eyddqxo12gs0dhbsb7l5pua,15,Spartak Trnava,,0.1383345425128936,0.13398702442646027,Spartak Trnava vs Ružomberok,3b2w07ll39eh64ot814ktldsk,2025-07-27
K. Domonkos,ellfertz7z7nftuv5pl4ukh9m,d7ju1d8fvjwosjm62zph5tqql,15,Ružomberok,,0.0388107560575008,0.0,Spartak Trnava vs Ružomberok,3b2w07ll39eh64ot814ktldsk,2025-07-27
A. Tučný,aepfg6oyeyfxw5pyq62zfo0a2,d7ju1d8fvjwosjm62zph5tqql,15,Ružomberok,,0.0165611207485198,0.0,Spartak Trnava vs Ružomberok,3b2w07ll39eh64ot814ktldsk,2025-07-27
M. Kelemen,c62viv3wvtsmc6m8yh64byj8p,d7ju1d8fvjwosjm62zph5tqql,15,Ružomberok,,0.0744375362992286,0.0,Spartak Trnava vs Ružomberok,3b2w07ll39eh64ot814ktldsk,2025-07-27
A. Tučný,aepfg6oyeyfxw5pyq62zfo0a2,d7ju1d8fvjwosjm62zph5tqql,15,Ružomberok,,0.0616966634988784,0.11208387464284897,Spartak Trnava vs Ružomberok,3b2w07ll39eh64ot814ktldsk,2025-07-27
L. Holík,cm7ceie86tfwjhbqk76pvic4p,e2eyddqxo12gs0dhbsb7l5pua,15,Spartak Trnava,,0.0247235111892223,0.0,Spartak Trnava vs Ružomberok,3b2w07ll39eh64ot814ktldsk,2025-07-27
F. Twardzik,dtkyk7u6a1zbyjo0xh01xeead,e2eyddqxo12gs0dhbsb7l5pua,13,Spartak Trnava,,0.2841133177280426,0.0,Spartak Trnava vs Ružomberok,3b2w07ll39eh64ot814ktldsk,2025-07-27
P. Azango,cxz4zddmoyebzx57afocncvoq,e2eyddqxo12gs0dhbsb7l5pua,16,Spartak Trnava,,0.3168513178825378,0.9663828611373901,Spartak Trnava vs Ružomberok,3b2w07ll39eh64ot814ktldsk,2025-07-27
R. Procházka,37kdms01y82ssm7arh4i56ml1,e2eyddqxo12gs0dhbsb7l5pua,16,Spartak Trnava,,0.0250235423445701,0.621252715587616,Spartak Trnava vs Ružomberok,3b2w07ll39eh64ot814ktldsk,2025-07-27
M. Ujlaky,bpa4041uf6rhu659hwa08o1lg,e2eyddqxo12gs0dhbsb7l5pua,13,Spartak Trnava,,0.0668822973966598,0.0,Spartak Trnava vs Ružomberok,3b2w07ll39eh64ot814ktldsk,2025-07-27
F. Twardzik,dtkyk7u6a1zbyjo0xh01xeead,e2eyddqxo12gs0dhbsb7l5pua,15,Spartak Trnava,,0.0307436678558588,0.35658738017082214,Spartak Trnava vs Ružomberok,3b2w07ll39eh64ot814ktldsk,2025-07-27
R. Procházka,37kdms01y82ssm7arh4i56ml1,e2eyddqxo12gs0dhbsb7l5pua,13,Spartak Trnava,,0.1627210825681686,0.0,Spartak Trnava vs Ružomberok,3b2w07ll39eh64ot814ktldsk,2025-07-27
T. Kudlička,6afxu9qxcnbhgv8dn7apkgaqy,e2eyddqxo12gs0dhbsb7l5pua,13,Spartak Trnava,,0.208330899477005,0.0,Spartak Trnava vs Ružomberok,3b2w07ll39eh64ot814ktldsk,2025-07-27
T. Kudlička,6afxu9qxcnbhgv8dn7apkgaqy,e2eyddqxo12gs0dhbsb7l5pua,13,Spartak Trnava,,0.0960505530238151,0.0,Spartak Trnava vs Ružomberok,3b2w07ll39eh64ot814ktldsk,2025-07-27
M. Tomič,8aafj44ljp6uds7sy7v8o9j3d,e2eyddqxo12gs0dhbsb7l5pua,13,Spartak Trnava,,0.0339833907783031,0.0,Spartak Trnava vs Ružomberok,3b2w07ll39eh64ot814ktldsk,2025-07-27
N. Tamás,66yrr8le38s34bbh7ga38cmsq,a5t4sy4a6qkknlm03h6e2jq39,15,Komárno,NaN,0.0434137359261512,0.039735347032547,Zemplín Michalovce vs Komárno,3cjv64uw4d4f7sbujgrjck6j8,2025-08-02
C. Bayemi,5zqj5ku1wjsng69lrfrgsy3je,a5t4sy4a6qkknlm03h6e2jq39,15,Komárno,NaN,0.1114008128643035,0.16238784790039062,Zemplín Michalovce vs Komárno,3cjv64uw4d4f7sbujgrjck6j8,2025-08-02
K. Taylor-Hart,ehnabfyijt5uogw9avntw0yga,1qm038k9aqtouv4i738utxwdo,13,Zemplín Michalovce,NaN,0.1877843141555786,0.0,Zemplín Michalovce vs Komárno,3cjv64uw4d4f7sbujgrjck6j8,2025-08-02
B. Cottrell,e47my5u2v0s70vmi8nbfqsc4q,1qm038k9aqtouv4i738utxwdo,15,Zemplín Michalovce,NaN,0.0251653976738452,0.0,Zemplín Michalovce vs Komárno,3cjv64uw4d4f7sbujgrjck6j8,2025-08-02
K. Taylor-Hart,ehnabfyijt5uogw9avntw0yga,1qm038k9aqtouv4i738utxwdo,15,Zemplín Michalovce,NaN,0.4375544786453247,0.21365834772586823,Zemplín Michalovce vs Komárno,3cjv64uw4d4f7sbujgrjck6j8,2025-08-02
G. Paulauskas,65bqjqjk6iq391jo1wkqxxm2,1qm038k9aqtouv4i738utxwdo,16,Zemplín Michalovce,NaN,0.3266497850418091,0.7853171825408936,Zemplín Michalovce vs Komárno,3cjv64uw4d4f7sbujgrjck6j8,2025-08-02
Š. Šmehyl,175c3vqpypkfz0of6hf2kdtxx,a5t4sy4a6qkknlm03h6e2jq39,13,Komárno,NaN,0.0638772547245025,0.0,Zemplín Michalovce vs Komárno,3cjv64uw4d4f7sbujgrjck6j8,2025-08-02
F. Bahi,4n1s49nvjwknaqepz9nk6okyc,1qm038k9aqtouv4i738utxwdo,15,Zemplín Michalovce,NaN,0.019881559535861,0.0,Zemplín Michalovce vs Komárno,3cjv64uw4d4f7sbujgrjck6j8,2025-08-02
M. Boďa,9mt84o1omv64u5kd94hsrxazt,a5t4sy4a6qkknlm03h6e2jq39,15,Komárno,NaN,0.1426588147878646,0.0,Zemplín Michalovce vs Komárno,3cjv64uw4d4f7sbujgrjck6j8,2025-08-02
Š. Šmehyl,175c3vqpypkfz0of6hf2kdtxx,a5t4sy4a6qkknlm03h6e2jq39,16,Komárno,true,0.7884,0.8238515257835388,Zemplín Michalovce vs Komárno,3cjv64uw4d4f7sbujgrjck6j8,2025-08-02
A. Musák,3y1hr2kxzhzcmv1dllixjbo5w,1qm038k9aqtouv4i738utxwdo,13,Zemplín Michalovce,NaN,0.0154772205278277,0.0,Zemplín Michalovce vs Komárno,3cjv64uw4d4f7sbujgrjck6j8,2025-08-02
A. Zubairu,2epom5c0lfo6kxj7pqvz8m6zt,1qm038k9aqtouv4i738utxwdo,15,Zemplín Michalovce,NaN,0.0770474225282669,0.0728100836277008,Zemplín Michalovce vs Komárno,3cjv64uw4d4f7sbujgrjck6j8,2025-08-02
N. Tamás,66yrr8le38s34bbh7ga38cmsq,a5t4sy4a6qkknlm03h6e2jq39,15,Komárno,NaN,0.0853190869092941,0.0,Zemplín Michalovce vs Komárno,3cjv64uw4d4f7sbujgrjck6j8,2025-08-02
F. Bahi,4n1s49nvjwknaqepz9nk6okyc,1qm038k9aqtouv4i738utxwdo,15,Zemplín Michalovce,NaN,0.0254146978259086,0.0,Zemplín Michalovce vs Komárno,3cjv64uw4d4f7sbujgrjck6j8,2025-08-02
A. Musák,3y1hr2kxzhzcmv1dllixjbo5w,1qm038k9aqtouv4i738utxwdo,15,Zemplín Michalovce,NaN,0.0367492288351058,0.0,Zemplín Michalovce vs Komárno,3cjv64uw4d4f7sbujgrjck6j8,2025-08-02
K. Taylor-Hart,ehnabfyijt5uogw9avntw0yga,1qm038k9aqtouv4i738utxwdo,15,Zemplín Michalovce,NaN,0.0311433412134647,0.028898855671286583,Zemplín Michalovce vs Komárno,3cjv64uw4d4f7sbujgrjck6j8,2025-08-02
B. Cottrell,e47my5u2v0s70vmi8nbfqsc4q,1qm038k9aqtouv4i738utxwdo,15,Zemplín Michalovce,NaN,0.0148050002753734,0.05556129664182663,Zemplín Michalovce vs Komárno,3cjv64uw4d4f7sbujgrjck6j8,2025-08-02
G. Paulauskas,65bqjqjk6iq391jo1wkqxxm2,1qm038k9aqtouv4i738utxwdo,13,Zemplín Michalovce,NaN,0.1206054762005806,0.0,Zemplín Michalovce vs Komárno,3cjv64uw4d4f7sbujgrjck6j8,2025-08-02
M. Boďa,9mt84o1omv64u5kd94hsrxazt,a5t4sy4a6qkknlm03h6e2jq39,15,Komárno,NaN,0.0301460158079862,0.0,Zemplín Michalovce vs Komárno,3cjv64uw4d4f7sbujgrjck6j8,2025-08-02
D. Žák,60hb2iku0p4coba4zext3t53o,a5t4sy4a6qkknlm03h6e2jq39,15,Komárno,NaN,0.0245807189494371,0.020317908376455307,Zemplín Michalovce vs Komárno,3cjv64uw4d4f7sbujgrjck6j8,2025-08-02
M. Boďa,9mt84o1omv64u5kd94hsrxazt,a5t4sy4a6qkknlm03h6e2jq39,14,Komárno,NaN,0.0885767564177513,0.0,Zemplín Michalovce vs Komárno,3cjv64uw4d4f7sbujgrjck6j8,2025-08-02
H. Ahl,f37bii3trrybzssblyq6x9wk4,1qm038k9aqtouv4i738utxwdo,13,Zemplín Michalovce,NaN,0.0583510138094425,0.0,Zemplín Michalovce vs Komárno,3cjv64uw4d4f7sbujgrjck6j8,2025-08-02
F. Bahi,4n1s49nvjwknaqepz9nk6okyc,1qm038k9aqtouv4i738utxwdo,13,Zemplín Michalovce,NaN,0.0252845212817192,0.0,Zemplín Michalovce vs Komárno,3cjv64uw4d4f7sbujgrjck6j8,2025-08-02
A. Zubairu,2epom5c0lfo6kxj7pqvz8m6zt,1qm038k9aqtouv4i738utxwdo,15,Zemplín Michalovce,NaN,0.015817604959011,0.0,Zemplín Michalovce vs Komárno,3cjv64uw4d4f7sbujgrjck6j8,2025-08-02
A. Musák,3y1hr2kxzhzcmv1dllixjbo5w,1qm038k9aqtouv4i738utxwdo,15,Zemplín Michalovce,NaN,0.021135926246643,0.047977231442928314,Zemplín Michalovce vs Komárno,3cjv64uw4d4f7sbujgrjck6j8,2025-08-02
B. Cottrell,e47my5u2v0s70vmi8nbfqsc4q,1qm038k9aqtouv4i738utxwdo,16,Zemplín Michalovce,NaN,0.3491601645946502,0.6356232762336731,Zemplín Michalovce vs Komárno,3cjv64uw4d4f7sbujgrjck6j8,2025-08-02
B. Cottrell,e47my5u2v0s70vmi8nbfqsc4q,1qm038k9aqtouv4i738utxwdo,15,Zemplín Michalovce,NaN,0.046992041170597,0.0,Zemplín Michalovce vs Komárno,3cjv64uw4d4f7sbujgrjck6j8,2025-08-02
M. Šimko,497cva6ygshr07y7n2y4v1p79,a5t4sy4a6qkknlm03h6e2jq39,15,Komárno,NaN,0.0489404760301113,0.014031562954187393,Zemplín Michalovce vs Komárno,3cjv64uw4d4f7sbujgrjck6j8,2025-08-02
H. Ahl,f37bii3trrybzssblyq6x9wk4,1qm038k9aqtouv4i738utxwdo,15,Zemplín Michalovce,NaN,0.0481955558061599,0.10616908222436905,Zemplín Michalovce vs Komárno,3cjv64uw4d4f7sbujgrjck6j8,2025-08-02
M. Mišovič,1p2ugub44nhzuqv0p19ri8wt0,a5t4sy4a6qkknlm03h6e2jq39,15,Komárno,NaN,0.2020022273063659,0.14218369126319885,Zemplín Michalovce vs Komárno,3cjv64uw4d4f7sbujgrjck6j8,2025-08-02
O. Rudzan,mo16pn32yf5nyghy8un8jkh6,a5t4sy4a6qkknlm03h6e2jq39,13,Komárno,NaN,0.0549212023615837,0.0,Zemplín Michalovce vs Komárno,3cjv64uw4d4f7sbujgrjck6j8,2025-08-02
E. Mashike,c83ms1i1lpmx77fl1ojbhs1qt,a5t4sy4a6qkknlm03h6e2jq39,13,Komárno,NaN,0.0282034184783697,0.0,Zemplín Michalovce vs Komárno,3cjv64uw4d4f7sbujgrjck6j8,2025-08-02
M. Šimko,497cva6ygshr07y7n2y4v1p79,a5t4sy4a6qkknlm03h6e2jq39,13,Komárno,NaN,0.0777286812663078,0.0,Zemplín Michalovce vs Komárno,3cjv64uw4d4f7sbujgrjck6j8,2025-08-02
E. Mashike,c83ms1i1lpmx77fl1ojbhs1qt,a5t4sy4a6qkknlm03h6e2jq39,13,Komárno,NaN,0.1245979517698288,0.0,Zemplín Michalovce vs Komárno,3cjv64uw4d4f7sbujgrjck6j8,2025-08-02
H. Ahl,f37bii3trrybzssblyq6x9wk4,1qm038k9aqtouv4i738utxwdo,16,Zemplín Michalovce,NaN,0.9927634596824646,0.9943278431892395,Zemplín Michalovce vs Komárno,3cjv64uw4d4f7sbujgrjck6j8,2025-08-02
K. Madu,6t5oxqh51c5n135n742u1qkt1,1qm038k9aqtouv4i738utxwdo,15,Zemplín Michalovce,NaN,0.0328622870147228,0.0,Zemplín Michalovce vs Komárno,3cjv64uw4d4f7sbujgrjck6j8,2025-08-02
R. Šiler,4kyzzckx6o34dt4ioy3cdr02c,htdr7aa5cwjma1fy1nob7sb7,13,Podbrezová,NaN,0.1435215771198272,0.0,Slovan Bratislava vs Podbrezová,3df9yfjv0yzigudsoyqctvx1w,2025-08-02
T. Barseghyan,sws2q3l7q1o36ynck0cfl5h,cmj1019uptq8i042n5y16itbd,13,Slovan Bratislava,NaN,0.0277077946811914,0.0,Slovan Bratislava vs Podbrezová,3df9yfjv0yzigudsoyqctvx1w,2025-08-02
N. Marcelli,10ema67rh45t75v9ia2hud6vo,cmj1019uptq8i042n5y16itbd,15,Slovan Bratislava,NaN,0.0231524147093296,0.0,Slovan Bratislava vs Podbrezová,3df9yfjv0yzigudsoyqctvx1w,2025-08-02
T. Barseghyan,sws2q3l7q1o36ynck0cfl5h,cmj1019uptq8i042n5y16itbd,13,Slovan Bratislava,NaN,0.033380277454853,0.0,Slovan Bratislava vs Podbrezová,3df9yfjv0yzigudsoyqctvx1w,2025-08-02
B. Ňinaj,860mu6vq14s22tbtnh2mtcwk5,htdr7aa5cwjma1fy1nob7sb7,13,Podbrezová,NaN,0.1472411304712295,0.0,Slovan Bratislava vs Podbrezová,3df9yfjv0yzigudsoyqctvx1w,2025-08-02
D. Strelec,eprihatu8znb0vq6kuaj38z1m,cmj1019uptq8i042n5y16itbd,16,Slovan Bratislava,NaN,0.0543793551623821,0.6109069585800171,Slovan Bratislava vs Podbrezová,3df9yfjv0yzigudsoyqctvx1w,2025-08-02
S. Štefánik,3yvh2wn1zvnzdl0y1d6n3x7th,htdr7aa5cwjma1fy1nob7sb7,15,Podbrezová,NaN,0.0337673760950565,0.10054785013198853,Slovan Bratislava vs Podbrezová,3df9yfjv0yzigudsoyqctvx1w,2025-08-02
D. Strelec,eprihatu8znb0vq6kuaj38z1m,cmj1019uptq8i042n5y16itbd,13,Slovan Bratislava,NaN,0.2177123874425888,0.0,Slovan Bratislava vs Podbrezová,3df9yfjv0yzigudsoyqctvx1w,2025-08-02
D. Smékal,7d652ns7jnbtq16jpq06qml1w,htdr7aa5cwjma1fy1nob7sb7,15,Podbrezová,NaN,0.0191253647208213,0.0,Slovan Bratislava vs Podbrezová,3df9yfjv0yzigudsoyqctvx1w,2025-08-02
D. Smékal,7d652ns7jnbtq16jpq06qml1w,htdr7aa5cwjma1fy1nob7sb7,13,Podbrezová,NaN,0.0499534308910369,0.0,Slovan Bratislava vs Podbrezová,3df9yfjv0yzigudsoyqctvx1w,2025-08-02
M. Marcin,463e49o3i91ihutgy2q4zsd79,htdr7aa5cwjma1fy1nob7sb7,16,Podbrezová,NaN,0.4121358096599579,0.6283383369445801,Slovan Bratislava vs Podbrezová,3df9yfjv0yzigudsoyqctvx1w,2025-08-02
K. Palumets,5i4hanhs1igx4grc5rt6cj4oa,htdr7aa5cwjma1fy1nob7sb7,14,Podbrezová,NaN,0.0349470898509025,0.0,Slovan Bratislava vs Podbrezová,3df9yfjv0yzigudsoyqctvx1w,2025-08-02
T. Barseghyan,sws2q3l7q1o36ynck0cfl5h,cmj1019uptq8i042n5y16itbd,16,Slovan Bratislava,true,0.7884,0.7088698148727417,Slovan Bratislava vs Podbrezová,3df9yfjv0yzigudsoyqctvx1w,2025-08-02
A. Havrylenko,83vlbn8rh51qh9jw871x8sx2i,htdr7aa5cwjma1fy1nob7sb7,15,Podbrezová,NaN,0.0782417878508567,0.05855951085686684,Slovan Bratislava vs Podbrezová,3df9yfjv0yzigudsoyqctvx1w,2025-08-02
A. Havrylenko,83vlbn8rh51qh9jw871x8sx2i,htdr7aa5cwjma1fy1nob7sb7,13,Podbrezová,NaN,0.0118093639612197,0.0,Slovan Bratislava vs Podbrezová,3df9yfjv0yzigudsoyqctvx1w,2025-08-02
O. Deml,bist0b8gg6qi30rdd8qx423h0,htdr7aa5cwjma1fy1nob7sb7,15,Podbrezová,NaN,0.1173666268587112,0.11923274397850037,Slovan Bratislava vs Podbrezová,3df9yfjv0yzigudsoyqctvx1w,2025-08-02
T. Barseghyan,sws2q3l7q1o36ynck0cfl5h,cmj1019uptq8i042n5y16itbd,13,Slovan Bratislava,NaN,0.0448528081178665,0.0,Slovan Bratislava vs Podbrezová,3df9yfjv0yzigudsoyqctvx1w,2025-08-02
V. Weiss,7ocbj4fxn53jakzel1q5pie39,cmj1019uptq8i042n5y16itbd,13,Slovan Bratislava,NaN,0.0246954783797264,0.0,Slovan Bratislava vs Podbrezová,3df9yfjv0yzigudsoyqctvx1w,2025-08-02
M. Tolić,7u4btq4mxa8yha36hcn4gc4bt,cmj1019uptq8i042n5y16itbd,15,Slovan Bratislava,NaN,0.030172998085618,0.0,Slovan Bratislava vs Podbrezová,3df9yfjv0yzigudsoyqctvx1w,2025-08-02
T. Barseghyan,sws2q3l7q1o36ynck0cfl5h,cmj1019uptq8i042n5y16itbd,15,Slovan Bratislava,NaN,0.0658647045493125,0.15105736255645752,Slovan Bratislava vs Podbrezová,3df9yfjv0yzigudsoyqctvx1w,2025-08-02
R. Galčík,2h8ono3z5nscm9pngv3mak0oa,htdr7aa5cwjma1fy1nob7sb7,13,Podbrezová,true,0.7884,0.0,Slovan Bratislava vs Podbrezová,3df9yfjv0yzigudsoyqctvx1w,2025-08-02
C. Blackman,78rxvyelnj7orbbzs4u1fghrd,cmj1019uptq8i042n5y16itbd,15,Slovan Bratislava,NaN,0.0492591932415962,0.0,Slovan Bratislava vs Podbrezová,3df9yfjv0yzigudsoyqctvx1w,2025-08-02
D. Ihnatenko,2x41wpt2f9djuf4jf42eewa1,cmj1019uptq8i042n5y16itbd,13,Slovan Bratislava,NaN,0.0337244011461734,0.0,Slovan Bratislava vs Podbrezová,3df9yfjv0yzigudsoyqctvx1w,2025-08-02
R. Galčík,2h8ono3z5nscm9pngv3mak0oa,htdr7aa5cwjma1fy1nob7sb7,13,Podbrezová,NaN,0.0536064244806766,0.0,Slovan Bratislava vs Podbrezová,3df9yfjv0yzigudsoyqctvx1w,2025-08-02
O. Kujabi,8fisdnvstq0pks7ppqlfsyr6c,htdr7aa5cwjma1fy1nob7sb7,13,Podbrezová,NaN,0.1440018713474273,0.0,Slovan Bratislava vs Podbrezová,3df9yfjv0yzigudsoyqctvx1w,2025-08-02
R. Ibrahim,cz0ivswd8ej4texqzly61p6hg,cmj1019uptq8i042n5y16itbd,16,Slovan Bratislava,NaN,0.1214785054326057,0.6629334688186646,Slovan Bratislava vs Podbrezová,3df9yfjv0yzigudsoyqctvx1w,2025-08-02
R. Mak,4rg5d1oo8rtclemhci81i6xg5,cmj1019uptq8i042n5y16itbd,16,Slovan Bratislava,NaN,0.0520851947367191,0.5483341217041016,Slovan Bratislava vs Podbrezová,3df9yfjv0yzigudsoyqctvx1w,2025-08-02
J. Paur,eim53fbgajnpydps3071jxivp,e2eyddqxo12gs0dhbsb7l5pua,15,Spartak Trnava,,0.0770526677370071,0.04285188391804695,Trenčín vs Spartak Trnava,3duhavvqyh2vcvpu6a964abro,2025-08-03
P. Azango,cxz4zddmoyebzx57afocncvoq,e2eyddqxo12gs0dhbsb7l5pua,15,Spartak Trnava,,0.0344676226377487,0.0,Trenčín vs Spartak Trnava,3duhavvqyh2vcvpu6a964abro,2025-08-03
R. Jureškin,53x5oslkqc22k95dl9yzfiqne,e2eyddqxo12gs0dhbsb7l5pua,15,Spartak Trnava,,0.0371885932981967,0.0,Trenčín vs Spartak Trnava,3duhavvqyh2vcvpu6a964abro,2025-08-03
P. Azango,cxz4zddmoyebzx57afocncvoq,e2eyddqxo12gs0dhbsb7l5pua,13,Spartak Trnava,,0.0357915721833705,0.0,Trenčín vs Spartak Trnava,3duhavvqyh2vcvpu6a964abro,2025-08-03
P. Azango,cxz4zddmoyebzx57afocncvoq,e2eyddqxo12gs0dhbsb7l5pua,15,Spartak Trnava,,0.1279281675815582,0.0,Trenčín vs Spartak Trnava,3duhavvqyh2vcvpu6a964abro,2025-08-03
R. Jureškin,53x5oslkqc22k95dl9yzfiqne,e2eyddqxo12gs0dhbsb7l5pua,13,Spartak Trnava,,0.0456400476396083,0.0,Trenčín vs Spartak Trnava,3duhavvqyh2vcvpu6a964abro,2025-08-03
S. Goss,5z0g3l4s56p11t3wgrpjhko9h,d9r4z4nqawrz7mfu3t4o05rd2,15,Trenčín,,0.0260938256978988,0.0,Trenčín vs Spartak Trnava,3duhavvqyh2vcvpu6a964abro,2025-08-03
M. Kratochvíl,9nf6sppqywgsvrzrg99xaq76d,e2eyddqxo12gs0dhbsb7l5pua,13,Spartak Trnava,,0.1039749458432197,0.0,Trenčín vs Spartak Trnava,3duhavvqyh2vcvpu6a964abro,2025-08-03
F. Sabljić,2bs4lbqqztz4amzex14zfqzqi,d9r4z4nqawrz7mfu3t4o05rd2,13,Trenčín,,0.080380730330944,0.0,Trenčín vs Spartak Trnava,3duhavvqyh2vcvpu6a964abro,2025-08-03
J. Paur,eim53fbgajnpydps3071jxivp,e2eyddqxo12gs0dhbsb7l5pua,15,Spartak Trnava,,0.0334388129413127,0.04982086271047592,Trenčín vs Spartak Trnava,3duhavvqyh2vcvpu6a964abro,2025-08-03
J. Nsumoh,eb8x7hgrv802sxywlq1wrhlka,d9r4z4nqawrz7mfu3t4o05rd2,13,Trenčín,,0.0508276559412479,0.0,Trenčín vs Spartak Trnava,3duhavvqyh2vcvpu6a964abro,2025-08-03
M. Kratochvíl,9nf6sppqywgsvrzrg99xaq76d,e2eyddqxo12gs0dhbsb7l5pua,15,Spartak Trnava,,0.0823458880186081,0.0,Trenčín vs Spartak Trnava,3duhavvqyh2vcvpu6a964abro,2025-08-03
E. Daniel,a0eof0c5ifjrxf1nbyfropdjp,e2eyddqxo12gs0dhbsb7l5pua,16,Spartak Trnava,,0.0684854537248611,0.5155033469200134,Trenčín vs Spartak Trnava,3duhavvqyh2vcvpu6a964abro,2025-08-03
P. Azango,cxz4zddmoyebzx57afocncvoq,e2eyddqxo12gs0dhbsb7l5pua,13,Spartak Trnava,,0.0205620676279068,0.0,Trenčín vs Spartak Trnava,3duhavvqyh2vcvpu6a964abro,2025-08-03
L. Holík,cm7ceie86tfwjhbqk76pvic4p,e2eyddqxo12gs0dhbsb7l5pua,15,Spartak Trnava,,0.1526786684989929,0.0,Trenčín vs Spartak Trnava,3duhavvqyh2vcvpu6a964abro,2025-08-03
P. Azango,cxz4zddmoyebzx57afocncvoq,e2eyddqxo12gs0dhbsb7l5pua,15,Spartak Trnava,,0.0608050897717475,0.0,Trenčín vs Spartak Trnava,3duhavvqyh2vcvpu6a964abro,2025-08-03
F. Sabljić,2bs4lbqqztz4amzex14zfqzqi,d9r4z4nqawrz7mfu3t4o05rd2,15,Trenčín,,0.0567560382187366,0.0,Trenčín vs Spartak Trnava,3duhavvqyh2vcvpu6a964abro,2025-08-03
A. Yakubu,5ru8vcjapkbpqa2tdgzd6dbmc,d9r4z4nqawrz7mfu3t4o05rd2,13,Trenčín,,0.0795273333787918,0.0,Trenčín vs Spartak Trnava,3duhavvqyh2vcvpu6a964abro,2025-08-03
E. Sabo,d9hdipnzq4k4cgojv6akpcyxh,e2eyddqxo12gs0dhbsb7l5pua,15,Spartak Trnava,,0.0193652734160423,0.0,Trenčín vs Spartak Trnava,3duhavvqyh2vcvpu6a964abro,2025-08-03
S. Bagín,5w3jmzuq05jmljucwdsdkb1uc,d9r4z4nqawrz7mfu3t4o05rd2,13,Trenčín,,0.1199256852269172,0.0,Trenčín vs Spartak Trnava,3duhavvqyh2vcvpu6a964abro,2025-08-03
C. Badolo,81ew6ob155tml2iekt6z1dwfe,e2eyddqxo12gs0dhbsb7l5pua,13,Spartak Trnava,,0.063653364777565,0.0,Trenčín vs Spartak Trnava,3duhavvqyh2vcvpu6a964abro,2025-08-03
T. Kudlička,6afxu9qxcnbhgv8dn7apkgaqy,e2eyddqxo12gs0dhbsb7l5pua,15,Spartak Trnava,,0.1342893540859222,0.5563722252845764,Trenčín vs Spartak Trnava,3duhavvqyh2vcvpu6a964abro,2025-08-03
C. Badolo,81ew6ob155tml2iekt6z1dwfe,e2eyddqxo12gs0dhbsb7l5pua,15,Spartak Trnava,,0.072638027369976,0.1528620719909668,Trenčín vs Spartak Trnava,3duhavvqyh2vcvpu6a964abro,2025-08-03
M. Khan,69h930ebovyl7rut5dz4r2iok,d9r4z4nqawrz7mfu3t4o05rd2,13,Trenčín,,0.1055762767791748,0.0,Trenčín vs Spartak Trnava,3duhavvqyh2vcvpu6a964abro,2025-08-03
J. Paur,eim53fbgajnpydps3071jxivp,e2eyddqxo12gs0dhbsb7l5pua,13,Spartak Trnava,,0.5496792197227478,0.0,Trenčín vs Spartak Trnava,3duhavvqyh2vcvpu6a964abro,2025-08-03
J. Holúbek,3zr1bups9z7w6lzi2ysj9nm51,d9r4z4nqawrz7mfu3t4o05rd2,15,Trenčín,,0.0298476833850145,0.0,Trenčín vs Spartak Trnava,3duhavvqyh2vcvpu6a964abro,2025-08-03
M. Roginić,8haqjdcasuh84nx51nux2qi8l,c6q7rcydz4bslvyiw1l9nb9vq,13,Žilina,,0.0192519202828407,0.0,Žilina vs Tatran Prešov,3eq1qxko831xzzw8edrovdzx0,2025-08-03
S. Olejník,2yhln049w2tvmmf2iteagi8a2,9ei45qvqhhseknu4h6b3o8amd,15,Tatran Prešov,,0.0913157239556312,0.0,Žilina vs Tatran Prešov,3eq1qxko831xzzw8edrovdzx0,2025-08-03
D. Potoma,6viyilrzzpm5u542b3rl4oa21,9ei45qvqhhseknu4h6b3o8amd,13,Tatran Prešov,,0.0222894269973039,0.0,Žilina vs Tatran Prešov,3eq1qxko831xzzw8edrovdzx0,2025-08-03
J. Minárik,5uc8bmbfp3izb9s0gvqwq7yl1,c6q7rcydz4bslvyiw1l9nb9vq,15,Žilina,,0.0118727963417768,0.0,Žilina vs Tatran Prešov,3eq1qxko831xzzw8edrovdzx0,2025-08-03
P. Iľko,c83z5v68ti7pbyjp2yfpat9be,c6q7rcydz4bslvyiw1l9nb9vq,13,Žilina,,0.1770293265581131,0.0,Žilina vs Tatran Prešov,3eq1qxko831xzzw8edrovdzx0,2025-08-03
S. Gidi,1n0p6ekr7qvvagju86ggwi49g,c6q7rcydz4bslvyiw1l9nb9vq,15,Žilina,,0.1632616817951202,0.26615646481513977,Žilina vs Tatran Prešov,3eq1qxko831xzzw8edrovdzx0,2025-08-03
S. Ďatko,c6o9o0acmpv92q9s0cazftmju,c6q7rcydz4bslvyiw1l9nb9vq,13,Žilina,,0.036771010607481,0.0,Žilina vs Tatran Prešov,3eq1qxko831xzzw8edrovdzx0,2025-08-03
D. Ďuriš,bjb4ee3aomtv5hz7qqyjlkgoa,c6q7rcydz4bslvyiw1l9nb9vq,13,Žilina,,0.2798213958740234,0.0,Žilina vs Tatran Prešov,3eq1qxko831xzzw8edrovdzx0,2025-08-03
D. Ďuriš,bjb4ee3aomtv5hz7qqyjlkgoa,c6q7rcydz4bslvyiw1l9nb9vq,15,Žilina,,0.038773313164711,0.0,Žilina vs Tatran Prešov,3eq1qxko831xzzw8edrovdzx0,2025-08-03
R. Begala,3jug5s4lmb833a9c5e6glmz8p,9ei45qvqhhseknu4h6b3o8amd,13,Tatran Prešov,,0.019024834036827,0.0,Žilina vs Tatran Prešov,3eq1qxko831xzzw8edrovdzx0,2025-08-03
M. Roginić,8haqjdcasuh84nx51nux2qi8l,c6q7rcydz4bslvyiw1l9nb9vq,15,Žilina,,0.0612602792680263,0.0,Žilina vs Tatran Prešov,3eq1qxko831xzzw8edrovdzx0,2025-08-03
F. Kaša,dn0cmj9g9hqefe4of9qripuj9,c6q7rcydz4bslvyiw1l9nb9vq,16,Žilina,,0.5421456098556519,0.9866523146629333,Žilina vs Tatran Prešov,3eq1qxko831xzzw8edrovdzx0,2025-08-03
Ł. Wolsztyński,9qbwknvomo3d9a4erwpa4a4fd,9ei45qvqhhseknu4h6b3o8amd,15,Tatran Prešov,,0.07780671864748,0.0,Žilina vs Tatran Prešov,3eq1qxko831xzzw8edrovdzx0,2025-08-03
R. Begala,3jug5s4lmb833a9c5e6glmz8p,9ei45qvqhhseknu4h6b3o8amd,13,Tatran Prešov,,0.0433611236512661,0.0,Žilina vs Tatran Prešov,3eq1qxko831xzzw8edrovdzx0,2025-08-03
S. Ďatko,c6o9o0acmpv92q9s0cazftmju,c6q7rcydz4bslvyiw1l9nb9vq,15,Žilina,,0.0310063362121582,0.0,Žilina vs Tatran Prešov,3eq1qxko831xzzw8edrovdzx0,2025-08-03
A. Kaprálik,73bt1irnki81xex9jkn7vxxey,c6q7rcydz4bslvyiw1l9nb9vq,15,Žilina,,0.0359204933047294,0.0,Žilina vs Tatran Prešov,3eq1qxko831xzzw8edrovdzx0,2025-08-03
S. Ďatko,c6o9o0acmpv92q9s0cazftmju,c6q7rcydz4bslvyiw1l9nb9vq,13,Žilina,,0.1249219998717308,0.0,Žilina vs Tatran Prešov,3eq1qxko831xzzw8edrovdzx0,2025-08-03
X. Adang,8zkcuhb57u6yhqodvq6u3rx0,c6q7rcydz4bslvyiw1l9nb9vq,15,Žilina,,0.0355150401592254,0.1425592303276062,Žilina vs Tatran Prešov,3eq1qxko831xzzw8edrovdzx0,2025-08-03
A. Masaryk,eu6y488eb9zhaf6cqp9gu16ok,9ei45qvqhhseknu4h6b3o8amd,13,Tatran Prešov,,0.0466617681086063,0.0,Žilina vs Tatran Prešov,3eq1qxko831xzzw8edrovdzx0,2025-08-03
M. Regáli,bcfayigqu8oygm1xvpgl9akt1,9ei45qvqhhseknu4h6b3o8amd,13,Tatran Prešov,,0.5564512610435486,0.0,Žilina vs Tatran Prešov,3eq1qxko831xzzw8edrovdzx0,2025-08-03
A. Kaprálik,73bt1irnki81xex9jkn7vxxey,c6q7rcydz4bslvyiw1l9nb9vq,13,Žilina,,0.5070312023162842,0.0,Žilina vs Tatran Prešov,3eq1qxko831xzzw8edrovdzx0,2025-08-03
X. Adang,8zkcuhb57u6yhqodvq6u3rx0,c6q7rcydz4bslvyiw1l9nb9vq,15,Žilina,,0.0848575010895729,0.0,Žilina vs Tatran Prešov,3eq1qxko831xzzw8edrovdzx0,2025-08-03
X. Adang,8zkcuhb57u6yhqodvq6u3rx0,c6q7rcydz4bslvyiw1l9nb9vq,13,Žilina,,0.1217358633875846,0.0,Žilina vs Tatran Prešov,3eq1qxko831xzzw8edrovdzx0,2025-08-03
A. Kaprálik,73bt1irnki81xex9jkn7vxxey,c6q7rcydz4bslvyiw1l9nb9vq,15,Žilina,,0.0410945154726505,0.0,Žilina vs Tatran Prešov,3eq1qxko831xzzw8edrovdzx0,2025-08-03
R. Potočný,7gnxkbi9lqsxd7lgkkjk37179,8z6b1xgghbcalbv9dg1jcmb5k,13,Skalica,,0.0602376610040664,0.0,Skalica vs Podbrezová,3fkcxasr1kpfgg9assf0j89p0,2025-08-09
A. Morong,alnhvswa0mkn6ls9x2fomlexh,8z6b1xgghbcalbv9dg1jcmb5k,13,Skalica,,0.1184605434536933,0.0,Skalica vs Podbrezová,3fkcxasr1kpfgg9assf0j89p0,2025-08-09
D. Smékal,7d652ns7jnbtq16jpq06qml1w,htdr7aa5cwjma1fy1nob7sb7,13,Podbrezová,,0.0471671074628829,0.0,Skalica vs Podbrezová,3fkcxasr1kpfgg9assf0j89p0,2025-08-09
S. Štefánik,3yvh2wn1zvnzdl0y1d6n3x7th,htdr7aa5cwjma1fy1nob7sb7,13,Podbrezová,,0.0175232365727424,0.0,Skalica vs Podbrezová,3fkcxasr1kpfgg9assf0j89p0,2025-08-09
L. Leginus,4i7dd05oy00jxibiziqxkc9d6,8z6b1xgghbcalbv9dg1jcmb5k,13,Skalica,,0.2206583768129348,0.0,Skalica vs Podbrezová,3fkcxasr1kpfgg9assf0j89p0,2025-08-09
M. Švec,7lpe0cmrran5r7uqb0vamj3f8,8z6b1xgghbcalbv9dg1jcmb5k,13,Skalica,,0.0350714288651943,0.0,Skalica vs Podbrezová,3fkcxasr1kpfgg9assf0j89p0,2025-08-09
D. Smékal,7d652ns7jnbtq16jpq06qml1w,htdr7aa5cwjma1fy1nob7sb7,13,Podbrezová,,0.1036707237362861,0.0,Skalica vs Podbrezová,3fkcxasr1kpfgg9assf0j89p0,2025-08-09
M. Švec,7lpe0cmrran5r7uqb0vamj3f8,8z6b1xgghbcalbv9dg1jcmb5k,15,Skalica,,0.0653151869773864,0.0,Skalica vs Podbrezová,3fkcxasr1kpfgg9assf0j89p0,2025-08-09
O. Deml,bist0b8gg6qi30rdd8qx423h0,htdr7aa5cwjma1fy1nob7sb7,16,Podbrezová,,0.0314103811979293,0.06833285838365555,Skalica vs Podbrezová,3fkcxasr1kpfgg9assf0j89p0,2025-08-09
R. Šiler,4kyzzckx6o34dt4ioy3cdr02c,htdr7aa5cwjma1fy1nob7sb7,15,Podbrezová,,0.1417305320501327,0.0,Skalica vs Podbrezová,3fkcxasr1kpfgg9assf0j89p0,2025-08-09
A. Morong,alnhvswa0mkn6ls9x2fomlexh,8z6b1xgghbcalbv9dg1jcmb5k,16,Skalica,,0.217806726694107,0.5616686940193176,Skalica vs Podbrezová,3fkcxasr1kpfgg9assf0j89p0,2025-08-09
D. Smékal,7d652ns7jnbtq16jpq06qml1w,htdr7aa5cwjma1fy1nob7sb7,13,Podbrezová,,0.0574518479406833,0.0,Skalica vs Podbrezová,3fkcxasr1kpfgg9assf0j89p0,2025-08-09
B. Ňinaj,860mu6vq14s22tbtnh2mtcwk5,htdr7aa5cwjma1fy1nob7sb7,15,Podbrezová,,0.1205191314220428,0.09772016853094101,Skalica vs Podbrezová,3fkcxasr1kpfgg9assf0j89p0,2025-08-09
M. Švec,7lpe0cmrran5r7uqb0vamj3f8,8z6b1xgghbcalbv9dg1jcmb5k,16,Skalica,,0.745945155620575,0.9916865229606628,Skalica vs Podbrezová,3fkcxasr1kpfgg9assf0j89p0,2025-08-09
M. Marcin,463e49o3i91ihutgy2q4zsd79,htdr7aa5cwjma1fy1nob7sb7,15,Podbrezová,,0.0211478527635335,0.0,Skalica vs Podbrezová,3fkcxasr1kpfgg9assf0j89p0,2025-08-09
M. Mášík,417pgu52k0kpuqk56tp11wzu2,8z6b1xgghbcalbv9dg1jcmb5k,13,Skalica,,0.0052068973891437,0.0,Skalica vs Podbrezová,3fkcxasr1kpfgg9assf0j89p0,2025-08-09
M. Švec,7lpe0cmrran5r7uqb0vamj3f8,8z6b1xgghbcalbv9dg1jcmb5k,13,Skalica,,0.0401873514056205,0.0,Skalica vs Podbrezová,3fkcxasr1kpfgg9assf0j89p0,2025-08-09
M. Šuver,8iyjpvoaxz8zy0pp8ueaidgx5,8z6b1xgghbcalbv9dg1jcmb5k,13,Skalica,,0.0740544646978378,0.0,Skalica vs Podbrezová,3fkcxasr1kpfgg9assf0j89p0,2025-08-09
D. Smékal,7d652ns7jnbtq16jpq06qml1w,htdr7aa5cwjma1fy1nob7sb7,15,Podbrezová,,0.1654177457094192,0.26930251717567444,Skalica vs Podbrezová,3fkcxasr1kpfgg9assf0j89p0,2025-08-09
M. Švec,7lpe0cmrran5r7uqb0vamj3f8,8z6b1xgghbcalbv9dg1jcmb5k,15,Skalica,,0.1041269823908805,0.14867174625396729,Skalica vs Podbrezová,3fkcxasr1kpfgg9assf0j89p0,2025-08-09
F. Mielke,8g66huzw03lik7hmo4tuco5jo,htdr7aa5cwjma1fy1nob7sb7,13,Podbrezová,,0.1449646651744842,0.0,Skalica vs Podbrezová,3fkcxasr1kpfgg9assf0j89p0,2025-08-09
M. Černek,as9w12k4pcyxfkpuvtld9skph,8z6b1xgghbcalbv9dg1jcmb5k,13,Skalica,,0.0982613787055015,0.0,Skalica vs Podbrezová,3fkcxasr1kpfgg9assf0j89p0,2025-08-09
A. Morong,alnhvswa0mkn6ls9x2fomlexh,8z6b1xgghbcalbv9dg1jcmb5k,13,Skalica,,0.0693433508276939,0.0,Skalica vs Podbrezová,3fkcxasr1kpfgg9assf0j89p0,2025-08-09
O. Kujabi,8fisdnvstq0pks7ppqlfsyr6c,htdr7aa5cwjma1fy1nob7sb7,16,Podbrezová,,0.2366141676902771,0.4318498373031616,Skalica vs Podbrezová,3fkcxasr1kpfgg9assf0j89p0,2025-08-09
K. Taylor-Hart,ehnabfyijt5uogw9avntw0yga,1qm038k9aqtouv4i738utxwdo,15,Zemplín Michalovce,,0.0329817719757556,0.06844155490398407,Zemplín Michalovce vs Žilina,3h93sz74pqb6ilhvp9iy70avo,2025-08-09
M. Čurma,mmhkaqptna9vap9gmpxcignp,1qm038k9aqtouv4i738utxwdo,13,Zemplín Michalovce,,0.0346916504204273,0.0,Zemplín Michalovce vs Žilina,3h93sz74pqb6ilhvp9iy70avo,2025-08-09
S. Danko,86iv7jtj1e50c7vnvopoph6mt,1qm038k9aqtouv4i738utxwdo,13,Zemplín Michalovce,,0.0375004075467586,0.0,Zemplín Michalovce vs Žilina,3h93sz74pqb6ilhvp9iy70avo,2025-08-09
M. Faško,17fh37y13hwtz5osjkf16ltxx,c6q7rcydz4bslvyiw1l9nb9vq,16,Žilina,,0.1940331608057022,0.6959773302078247,Zemplín Michalovce vs Žilina,3h93sz74pqb6ilhvp9iy70avo,2025-08-09
G. Paulauskas,65bqjqjk6iq391jo1wkqxxm2,1qm038k9aqtouv4i738utxwdo,13,Zemplín Michalovce,,0.069841094315052,0.0,Zemplín Michalovce vs Žilina,3h93sz74pqb6ilhvp9iy70avo,2025-08-09
M. Roginić,8haqjdcasuh84nx51nux2qi8l,c6q7rcydz4bslvyiw1l9nb9vq,15,Žilina,,0.0914743170142173,0.08514770865440369,Zemplín Michalovce vs Žilina,3h93sz74pqb6ilhvp9iy70avo,2025-08-09
A. Musák,3y1hr2kxzhzcmv1dllixjbo5w,1qm038k9aqtouv4i738utxwdo,13,Zemplín Michalovce,,0.0156881269067525,0.0,Zemplín Michalovce vs Žilina,3h93sz74pqb6ilhvp9iy70avo,2025-08-09
K. Bari,al4py7fz76sgmuoh91qufcpd6,c6q7rcydz4bslvyiw1l9nb9vq,16,Žilina,,0.1306366622447967,0.12559519708156586,Zemplín Michalovce vs Žilina,3h93sz74pqb6ilhvp9iy70avo,2025-08-09
A. Musák,3y1hr2kxzhzcmv1dllixjbo5w,1qm038k9aqtouv4i738utxwdo,15,Zemplín Michalovce,,0.034785870462656,0.0,Zemplín Michalovce vs Žilina,3h93sz74pqb6ilhvp9iy70avo,2025-08-09
F. Bahi,4n1s49nvjwknaqepz9nk6okyc,1qm038k9aqtouv4i738utxwdo,13,Zemplín Michalovce,,0.0372371450066566,0.0,Zemplín Michalovce vs Žilina,3h93sz74pqb6ilhvp9iy70avo,2025-08-09
A. Zubairu,2epom5c0lfo6kxj7pqvz8m6zt,1qm038k9aqtouv4i738utxwdo,15,Zemplín Michalovce,,0.1677458584308624,0.28135353326797485,Zemplín Michalovce vs Žilina,3h93sz74pqb6ilhvp9iy70avo,2025-08-09
F. Kaša,dn0cmj9g9hqefe4of9qripuj9,c6q7rcydz4bslvyiw1l9nb9vq,13,Žilina,,0.099682942032814,0.0,Zemplín Michalovce vs Žilina,3h93sz74pqb6ilhvp9iy70avo,2025-08-09
A. Kaprálik,73bt1irnki81xex9jkn7vxxey,c6q7rcydz4bslvyiw1l9nb9vq,16,Žilina,,0.8285953402519226,0.9885237812995911,Zemplín Michalovce vs Žilina,3h93sz74pqb6ilhvp9iy70avo,2025-08-09
S. Danko,86iv7jtj1e50c7vnvopoph6mt,1qm038k9aqtouv4i738utxwdo,15,Zemplín Michalovce,,0.0634297057986259,0.0975128784775734,Zemplín Michalovce vs Žilina,3h93sz74pqb6ilhvp9iy70avo,2025-08-09
K. Taylor-Hart,ehnabfyijt5uogw9avntw0yga,1qm038k9aqtouv4i738utxwdo,13,Zemplín Michalovce,,0.0284970328211784,0.0,Zemplín Michalovce vs Žilina,3h93sz74pqb6ilhvp9iy70avo,2025-08-09
P. Iľko,c83z5v68ti7pbyjp2yfpat9be,c6q7rcydz4bslvyiw1l9nb9vq,13,Žilina,,0.4711132049560547,0.0,Zemplín Michalovce vs Žilina,3h93sz74pqb6ilhvp9iy70avo,2025-08-09
Samuel Ramos,3s6h7ah3aw6x091rky1zu3tka,1qm038k9aqtouv4i738utxwdo,15,Zemplín Michalovce,,0.0259164329618215,0.0,Zemplín Michalovce vs Žilina,3h93sz74pqb6ilhvp9iy70avo,2025-08-09
G. Paulauskas,65bqjqjk6iq391jo1wkqxxm2,1qm038k9aqtouv4i738utxwdo,15,Zemplín Michalovce,,0.0301646329462528,0.019108381122350693,Zemplín Michalovce vs Žilina,3h93sz74pqb6ilhvp9iy70avo,2025-08-09
G. Paulauskas,65bqjqjk6iq391jo1wkqxxm2,1qm038k9aqtouv4i738utxwdo,16,Zemplín Michalovce,,0.2265875488519668,0.46485763788223267,Zemplín Michalovce vs Žilina,3h93sz74pqb6ilhvp9iy70avo,2025-08-09
W. François,ahc80yrizqhc61yxl97sw1fro,1qm038k9aqtouv4i738utxwdo,15,Zemplín Michalovce,,0.040885180234909,0.0,Zemplín Michalovce vs Žilina,3h93sz74pqb6ilhvp9iy70avo,2025-08-09
X. Adang,8zkcuhb57u6yhqodvq6u3rx0,c6q7rcydz4bslvyiw1l9nb9vq,15,Žilina,,0.0143434470519423,0.0,Zemplín Michalovce vs Žilina,3h93sz74pqb6ilhvp9iy70avo,2025-08-09
G. Paulauskas,65bqjqjk6iq391jo1wkqxxm2,1qm038k9aqtouv4i738utxwdo,15,Zemplín Michalovce,,0.0216517355293035,0.0,Zemplín Michalovce vs Žilina,3h93sz74pqb6ilhvp9iy70avo,2025-08-09
W. François,ahc80yrizqhc61yxl97sw1fro,1qm038k9aqtouv4i738utxwdo,13,Zemplín Michalovce,,0.1348718702793121,0.0,Zemplín Michalovce vs Žilina,3h93sz74pqb6ilhvp9iy70avo,2025-08-09
Samuel Ramos,3s6h7ah3aw6x091rky1zu3tka,1qm038k9aqtouv4i738utxwdo,16,Zemplín Michalovce,,0.1525861471891403,0.781078040599823,Zemplín Michalovce vs Žilina,3h93sz74pqb6ilhvp9iy70avo,2025-08-09
A. Musák,3y1hr2kxzhzcmv1dllixjbo5w,1qm038k9aqtouv4i738utxwdo,15,Zemplín Michalovce,,0.0182074178010225,0.0,Zemplín Michalovce vs Žilina,3h93sz74pqb6ilhvp9iy70avo,2025-08-09
A. Musák,3y1hr2kxzhzcmv1dllixjbo5w,1qm038k9aqtouv4i738utxwdo,13,Zemplín Michalovce,,0.0283942148089408,0.0,Zemplín Michalovce vs Žilina,3h93sz74pqb6ilhvp9iy70avo,2025-08-09
Samuel Ramos,3s6h7ah3aw6x091rky1zu3tka,1qm038k9aqtouv4i738utxwdo,15,Zemplín Michalovce,,0.0388158448040485,0.35409581661224365,Zemplín Michalovce vs Žilina,3h93sz74pqb6ilhvp9iy70avo,2025-08-09
Samuel Ramos,3s6h7ah3aw6x091rky1zu3tka,1qm038k9aqtouv4i738utxwdo,15,Zemplín Michalovce,,0.0238287169486284,0.04604732617735863,Zemplín Michalovce vs Žilina,3h93sz74pqb6ilhvp9iy70avo,2025-08-09
G. Paulauskas,65bqjqjk6iq391jo1wkqxxm2,1qm038k9aqtouv4i738utxwdo,15,Zemplín Michalovce,,0.2458144575357437,0.39970365166664124,Zemplín Michalovce vs Žilina,3h93sz74pqb6ilhvp9iy70avo,2025-08-09
G. Gagua,4fvgqwfpl4eezh867r1y53zai,7o9tba6opekhoz7pcuq8gm93m,13,DAC 1904,NaN,0.012785498984158,0.0,DAC 1904 vs Ružomberok,3genuydbm3wycigexjgxmuyvo,2025-08-09
Ammar Ramadan,efjgg9qr6hdz7ufboa07q5y7e,7o9tba6opekhoz7pcuq8gm93m,13,DAC 1904,NaN,0.227615937590599,0.0,DAC 1904 vs Ružomberok,3genuydbm3wycigexjgxmuyvo,2025-08-09
Alex Méndez,b1o797a6gxohsv92t5ebw4lm2,7o9tba6opekhoz7pcuq8gm93m,15,DAC 1904,NaN,0.1831673681735992,0.3321080803871155,DAC 1904 vs Ružomberok,3genuydbm3wycigexjgxmuyvo,2025-08-09
T. Buchvaldek,48ol3s0iff4t2dwah72oon2tw,d7ju1d8fvjwosjm62zph5tqql,15,Ružomberok,NaN,0.1315695345401764,0.16214889287948608,DAC 1904 vs Ružomberok,3genuydbm3wycigexjgxmuyvo,2025-08-09
T. Buchvaldek,48ol3s0iff4t2dwah72oon2tw,d7ju1d8fvjwosjm62zph5tqql,13,Ružomberok,NaN,0.0081224534660577,0.0,DAC 1904 vs Ružomberok,3genuydbm3wycigexjgxmuyvo,2025-08-09
G. Gagua,4fvgqwfpl4eezh867r1y53zai,7o9tba6opekhoz7pcuq8gm93m,15,DAC 1904,NaN,0.0880435109138488,0.0,DAC 1904 vs Ružomberok,3genuydbm3wycigexjgxmuyvo,2025-08-09
M. Tuboly,5keqk0houbdodlxfqfyldzhuc,7o9tba6opekhoz7pcuq8gm93m,15,DAC 1904,NaN,0.2844001948833465,0.9554949998855591,DAC 1904 vs Ružomberok,3genuydbm3wycigexjgxmuyvo,2025-08-09
G. Gagua,4fvgqwfpl4eezh867r1y53zai,7o9tba6opekhoz7pcuq8gm93m,15,DAC 1904,NaN,0.2563296258449554,0.2173989862203598,DAC 1904 vs Ružomberok,3genuydbm3wycigexjgxmuyvo,2025-08-09
A. Slávik,4fa76tep2ca1r03vokdzgbsh5,d7ju1d8fvjwosjm62zph5tqql,13,Ružomberok,NaN,0.0887231081724166,0.0,DAC 1904 vs Ružomberok,3genuydbm3wycigexjgxmuyvo,2025-08-09
A. Tučný,aepfg6oyeyfxw5pyq62zfo0a2,d7ju1d8fvjwosjm62zph5tqql,15,Ružomberok,NaN,0.0525205954909324,0.0,DAC 1904 vs Ružomberok,3genuydbm3wycigexjgxmuyvo,2025-08-09
Ammar Ramadan,efjgg9qr6hdz7ufboa07q5y7e,7o9tba6opekhoz7pcuq8gm93m,13,DAC 1904,NaN,0.0369406156241893,0.0,DAC 1904 vs Ružomberok,3genuydbm3wycigexjgxmuyvo,2025-08-09
Ammar Ramadan,efjgg9qr6hdz7ufboa07q5y7e,7o9tba6opekhoz7pcuq8gm93m,15,DAC 1904,NaN,0.0908488258719444,0.23232482373714447,DAC 1904 vs Ružomberok,3genuydbm3wycigexjgxmuyvo,2025-08-09
Ammar Ramadan,efjgg9qr6hdz7ufboa07q5y7e,7o9tba6opekhoz7pcuq8gm93m,15,DAC 1904,NaN,0.04535448923707,0.0,DAC 1904 vs Ružomberok,3genuydbm3wycigexjgxmuyvo,2025-08-09
Ammar Ramadan,efjgg9qr6hdz7ufboa07q5y7e,7o9tba6opekhoz7pcuq8gm93m,16,DAC 1904,true,0.7884,0.8030785322189331,DAC 1904 vs Ružomberok,3genuydbm3wycigexjgxmuyvo,2025-08-09
D. Redzic,dphjm5otyeb004tqonfbbct90,7o9tba6opekhoz7pcuq8gm93m,13,DAC 1904,NaN,0.0324729718267917,0.0,DAC 1904 vs Ružomberok,3genuydbm3wycigexjgxmuyvo,2025-08-09
D. Jackuliak,5dl5nz5hp5lazq2pnru8slnh0,d7ju1d8fvjwosjm62zph5tqql,15,Ružomberok,NaN,0.1267099827528,0.0861651822924614,DAC 1904 vs Ružomberok,3genuydbm3wycigexjgxmuyvo,2025-08-09
A. Gruber,m7jophwr7f9kh85a13qp9xw5,7o9tba6opekhoz7pcuq8gm93m,15,DAC 1904,NaN,0.3044788837432861,0.40139514207839966,DAC 1904 vs Ružomberok,3genuydbm3wycigexjgxmuyvo,2025-08-09
G. Gagua,4fvgqwfpl4eezh867r1y53zai,7o9tba6opekhoz7pcuq8gm93m,15,DAC 1904,NaN,0.1467381715774536,0.0,DAC 1904 vs Ružomberok,3genuydbm3wycigexjgxmuyvo,2025-08-09
D. Redzic,dphjm5otyeb004tqonfbbct90,7o9tba6opekhoz7pcuq8gm93m,13,DAC 1904,NaN,0.031711459159851,0.0,DAC 1904 vs Ružomberok,3genuydbm3wycigexjgxmuyvo,2025-08-09
M. Tuboly,5keqk0houbdodlxfqfyldzhuc,7o9tba6opekhoz7pcuq8gm93m,13,DAC 1904,NaN,0.0260081682354211,0.0,DAC 1904 vs Ružomberok,3genuydbm3wycigexjgxmuyvo,2025-08-09
V. Đukanović,8cdx7aahcxg6be4qiwv9vq39w,7o9tba6opekhoz7pcuq8gm93m,15,DAC 1904,NaN,0.1942899823188781,0.16137976944446564,DAC 1904 vs Ružomberok,3genuydbm3wycigexjgxmuyvo,2025-08-09
V. Đukanović,8cdx7aahcxg6be4qiwv9vq39w,7o9tba6opekhoz7pcuq8gm93m,15,DAC 1904,NaN,0.2014720737934112,0.0,DAC 1904 vs Ružomberok,3genuydbm3wycigexjgxmuyvo,2025-08-09
D. Redzic,dphjm5otyeb004tqonfbbct90,7o9tba6opekhoz7pcuq8gm93m,15,DAC 1904,NaN,0.0439704470336437,0.0,DAC 1904 vs Ružomberok,3genuydbm3wycigexjgxmuyvo,2025-08-09
D. Redzic,dphjm5otyeb004tqonfbbct90,7o9tba6opekhoz7pcuq8gm93m,16,DAC 1904,NaN,0.0251801703125238,0.04438484087586403,DAC 1904 vs Ružomberok,3genuydbm3wycigexjgxmuyvo,2025-08-09
T. Kacharaba,1gq668oo73fi2nyyrjol7axud,7o9tba6opekhoz7pcuq8gm93m,13,DAC 1904,NaN,0.1679769456386566,0.0,DAC 1904 vs Ružomberok,3genuydbm3wycigexjgxmuyvo,2025-08-09
Ammar Ramadan,efjgg9qr6hdz7ufboa07q5y7e,7o9tba6opekhoz7pcuq8gm93m,15,DAC 1904,NaN,0.0203084889799356,0.0,DAC 1904 vs Ružomberok,3genuydbm3wycigexjgxmuyvo,2025-08-09
Alex Méndez,b1o797a6gxohsv92t5ebw4lm2,7o9tba6opekhoz7pcuq8gm93m,15,DAC 1904,NaN,0.1913214772939682,0.19886550307273865,DAC 1904 vs Ružomberok,3genuydbm3wycigexjgxmuyvo,2025-08-09
D. Magda,95aokv8dk9sj9uq57k7t7po15,dbdao4og2npxkgwkkan30knze,15,FC Košice,,0.1041861101984977,0.25067269802093506,FC Košice vs Trenčín,3fzgdejipz80i0ia200s5j8d0,2025-08-10
M. Madleňák,88m1d6wwdft7cxtbg0fn77w15,dbdao4og2npxkgwkkan30knze,15,FC Košice,,0.0169103145599365,0.0,FC Košice vs Trenčín,3fzgdejipz80i0ia200s5j8d0,2025-08-10
F. Sabljić,2bs4lbqqztz4amzex14zfqzqi,d9r4z4nqawrz7mfu3t4o05rd2,15,Trenčín,,0.0511974804103374,0.0,FC Košice vs Trenčín,3fzgdejipz80i0ia200s5j8d0,2025-08-10
K. Miljanič,c48bc2einekwfyew18c0zqf6y,dbdao4og2npxkgwkkan30knze,14,FC Košice,,0.0207392014563083,0.0,FC Košice vs Trenčín,3fzgdejipz80i0ia200s5j8d0,2025-08-10
F. Sabljić,2bs4lbqqztz4amzex14zfqzqi,d9r4z4nqawrz7mfu3t4o05rd2,13,Trenčín,,0.0272108670324087,0.0,FC Košice vs Trenčín,3fzgdejipz80i0ia200s5j8d0,2025-08-10
K. Miljanič,c48bc2einekwfyew18c0zqf6y,dbdao4og2npxkgwkkan30knze,13,FC Košice,,0.0433036983013153,0.0,FC Košice vs Trenčín,3fzgdejipz80i0ia200s5j8d0,2025-08-10
K. Miljanič,c48bc2einekwfyew18c0zqf6y,dbdao4og2npxkgwkkan30knze,15,FC Košice,,0.0244673602283,0.0,FC Košice vs Trenčín,3fzgdejipz80i0ia200s5j8d0,2025-08-10
V. Perišić,6s10z97elkdywexo91oyjmvx0,dbdao4og2npxkgwkkan30knze,13,FC Košice,,0.0596775040030479,0.0,FC Košice vs Trenčín,3fzgdejipz80i0ia200s5j8d0,2025-08-10
M. Jakúbek,4exxis3zo1rw0emqjarlykvyt,dbdao4og2npxkgwkkan30knze,15,FC Košice,,0.0347297638654708,0.17837005853652954,FC Košice vs Trenčín,3fzgdejipz80i0ia200s5j8d0,2025-08-10
O. Kakay,4fa1s0rx15g8zc72qnm1vohd5,dbdao4og2npxkgwkkan30knze,15,FC Košice,,0.0410202629864215,0.0,FC Košice vs Trenčín,3fzgdejipz80i0ia200s5j8d0,2025-08-10
J. Jakubko,d7qnv5jqvy89ptfbuavesrr4k,dbdao4og2npxkgwkkan30knze,15,FC Košice,,0.0139784915372729,0.0,FC Košice vs Trenčín,3fzgdejipz80i0ia200s5j8d0,2025-08-10
K. Miljanič,c48bc2einekwfyew18c0zqf6y,dbdao4og2npxkgwkkan30knze,15,FC Košice,,0.2425034344196319,0.28483933210372925,FC Košice vs Trenčín,3fzgdejipz80i0ia200s5j8d0,2025-08-10
D. Magda,95aokv8dk9sj9uq57k7t7po15,dbdao4og2npxkgwkkan30knze,13,FC Košice,,0.0153537159785628,0.0,FC Košice vs Trenčín,3fzgdejipz80i0ia200s5j8d0,2025-08-10
R. Križan,410p7dcz1zqvkje53kev8jk6h,d9r4z4nqawrz7mfu3t4o05rd2,15,Trenčín,,0.1525113731622696,0.11094734072685242,FC Košice vs Trenčín,3fzgdejipz80i0ia200s5j8d0,2025-08-10
M. Jakúbek,4exxis3zo1rw0emqjarlykvyt,dbdao4og2npxkgwkkan30knze,15,FC Košice,,0.1242619007825851,0.0658794641494751,FC Košice vs Trenčín,3fzgdejipz80i0ia200s5j8d0,2025-08-10
D. Kružliak,3p9zmquh318g7ovqgmpuryllh,dbdao4og2npxkgwkkan30knze,13,FC Košice,,0.1221133694052696,0.0,FC Košice vs Trenčín,3fzgdejipz80i0ia200s5j8d0,2025-08-10
K. Miljanič,c48bc2einekwfyew18c0zqf6y,dbdao4og2npxkgwkkan30knze,13,FC Košice,,0.108155719935894,0.0,FC Košice vs Trenčín,3fzgdejipz80i0ia200s5j8d0,2025-08-10
J. Nsumoh,eb8x7hgrv802sxywlq1wrhlka,d9r4z4nqawrz7mfu3t4o05rd2,15,Trenčín,,0.0375713557004928,0.0,FC Košice vs Trenčín,3fzgdejipz80i0ia200s5j8d0,2025-08-10
K. Miljanič,c48bc2einekwfyew18c0zqf6y,dbdao4og2npxkgwkkan30knze,15,FC Košice,,0.0218477416783571,0.0,FC Košice vs Trenčín,3fzgdejipz80i0ia200s5j8d0,2025-08-10
M. Jakúbek,4exxis3zo1rw0emqjarlykvyt,dbdao4og2npxkgwkkan30knze,13,FC Košice,,0.084255114197731,0.0,FC Košice vs Trenčín,3fzgdejipz80i0ia200s5j8d0,2025-08-10
M. Khan,69h930ebovyl7rut5dz4r2iok,d9r4z4nqawrz7mfu3t4o05rd2,16,Trenčín,,0.0868594944477081,0.13263241946697235,FC Košice vs Trenčín,3fzgdejipz80i0ia200s5j8d0,2025-08-10
Z. Jones,bhcspf4ywysgcdou5zxqp7q3t,dbdao4og2npxkgwkkan30knze,13,FC Košice,,0.1868527233600616,0.0,FC Košice vs Trenčín,3fzgdejipz80i0ia200s5j8d0,2025-08-10
A. Yakubu,5ru8vcjapkbpqa2tdgzd6dbmc,d9r4z4nqawrz7mfu3t4o05rd2,13,Trenčín,,0.0192571971565485,0.0,FC Košice vs Trenčín,3fzgdejipz80i0ia200s5j8d0,2025-08-10
K. Miljanič,c48bc2einekwfyew18c0zqf6y,dbdao4og2npxkgwkkan30knze,13,FC Košice,,0.0573256984353065,0.0,FC Košice vs Trenčín,3fzgdejipz80i0ia200s5j8d0,2025-08-10
M. Khan,69h930ebovyl7rut5dz4r2iok,d9r4z4nqawrz7mfu3t4o05rd2,13,Trenčín,,0.108865775167942,0.0,FC Košice vs Trenčín,3fzgdejipz80i0ia200s5j8d0,2025-08-10
J. Jakubko,d7qnv5jqvy89ptfbuavesrr4k,dbdao4og2npxkgwkkan30knze,15,FC Košice,,0.177545741200447,0.6999682188034058,FC Košice vs Trenčín,3fzgdejipz80i0ia200s5j8d0,2025-08-10
D. Kružliak,3p9zmquh318g7ovqgmpuryllh,dbdao4og2npxkgwkkan30knze,15,FC Košice,,0.1597000211477279,0.0,FC Košice vs Trenčín,3fzgdejipz80i0ia200s5j8d0,2025-08-10
O. Kakay,4fa1s0rx15g8zc72qnm1vohd5,dbdao4og2npxkgwkkan30knze,15,FC Košice,,0.0732761770486831,0.0,FC Košice vs Trenčín,3fzgdejipz80i0ia200s5j8d0,2025-08-10
J. Jakubko,d7qnv5jqvy89ptfbuavesrr4k,dbdao4og2npxkgwkkan30knze,15,FC Košice,,0.026752496138215,0.019654713571071625,FC Košice vs Trenčín,3fzgdejipz80i0ia200s5j8d0,2025-08-10
R. Čerepkai,2vd1l32utzuzqlnbu4h6toh9m,dbdao4og2npxkgwkkan30knze,15,FC Košice,,0.0577793084084987,0.023431940004229546,FC Košice vs Trenčín,3fzgdejipz80i0ia200s5j8d0,2025-08-10
R. Čerepkai,2vd1l32utzuzqlnbu4h6toh9m,dbdao4og2npxkgwkkan30knze,13,FC Košice,,0.086338385939598,0.0,FC Košice vs Trenčín,3fzgdejipz80i0ia200s5j8d0,2025-08-10
D. Kružliak,3p9zmquh318g7ovqgmpuryllh,dbdao4og2npxkgwkkan30knze,13,FC Košice,,0.0714243352413177,0.0,FC Košice vs Trenčín,3fzgdejipz80i0ia200s5j8d0,2025-08-10
J. Sunday,ao72d1mt8ddpksplwi6t2fjf8,d9r4z4nqawrz7mfu3t4o05rd2,13,Trenčín,,0.0577091015875339,0.0,FC Košice vs Trenčín,3fzgdejipz80i0ia200s5j8d0,2025-08-10
R. Čerepkai,2vd1l32utzuzqlnbu4h6toh9m,dbdao4og2npxkgwkkan30knze,15,FC Košice,,0.0316246300935745,0.0,FC Košice vs Trenčín,3fzgdejipz80i0ia200s5j8d0,2025-08-10
R. Čerepkai,2vd1l32utzuzqlnbu4h6toh9m,dbdao4og2npxkgwkkan30knze,15,FC Košice,,0.0466966964304447,0.12246045470237732,FC Košice vs Trenčín,3fzgdejipz80i0ia200s5j8d0,2025-08-10
A. Goljan,5wyuw013si213wc4hogdngjmy,dbdao4og2npxkgwkkan30knze,15,FC Košice,,0.2724834382534027,0.377489298582077,FC Košice vs Trenčín,3fzgdejipz80i0ia200s5j8d0,2025-08-10
D. Kružliak,3p9zmquh318g7ovqgmpuryllh,dbdao4og2npxkgwkkan30knze,15,FC Košice,,0.0557915829122066,0.062656469643116,FC Košice vs Trenčín,3fzgdejipz80i0ia200s5j8d0,2025-08-10
A. Goljan,5wyuw013si213wc4hogdngjmy,dbdao4og2npxkgwkkan30knze,15,FC Košice,,0.0453279875218868,0.0,FC Košice vs Trenčín,3fzgdejipz80i0ia200s5j8d0,2025-08-10
R. Čerepkai,2vd1l32utzuzqlnbu4h6toh9m,dbdao4og2npxkgwkkan30knze,15,FC Košice,,0.1173666268587112,0.17907673120498657,FC Košice vs Trenčín,3fzgdejipz80i0ia200s5j8d0,2025-08-10
D. Kružliak,3p9zmquh318g7ovqgmpuryllh,dbdao4og2npxkgwkkan30knze,13,FC Košice,,0.0923081114888191,0.0,FC Košice vs Trenčín,3fzgdejipz80i0ia200s5j8d0,2025-08-10
A. Fiala,uzxusvr3cozrr5u278qtlyc4,d9r4z4nqawrz7mfu3t4o05rd2,13,Trenčín,,0.0880424976348877,0.0,FC Košice vs Trenčín,3fzgdejipz80i0ia200s5j8d0,2025-08-10
V. Míka,m37bqjsovidurd3q3uxtnfu1,9ei45qvqhhseknu4h6b3o8amd,15,Tatran Prešov,,0.0837983563542366,0.09218239039182663,Spartak Trnava vs Tatran Prešov,3gtz4855en82yhjzfy1qno07o,2025-08-10
M. Sipľak,459nbpa2i67z8z28k2bs3yy8l,9ei45qvqhhseknu4h6b3o8amd,15,Tatran Prešov,,0.0150238908827304,0.0,Spartak Trnava vs Tatran Prešov,3gtz4855en82yhjzfy1qno07o,2025-08-10
L. Holík,cm7ceie86tfwjhbqk76pvic4p,e2eyddqxo12gs0dhbsb7l5pua,16,Spartak Trnava,,0.1090655252337455,0.0832463875412941,Spartak Trnava vs Tatran Prešov,3gtz4855en82yhjzfy1qno07o,2025-08-10
J. Paur,eim53fbgajnpydps3071jxivp,e2eyddqxo12gs0dhbsb7l5pua,13,Spartak Trnava,,0.0685621425509452,0.0,Spartak Trnava vs Tatran Prešov,3gtz4855en82yhjzfy1qno07o,2025-08-10
M. Regáli,bcfayigqu8oygm1xvpgl9akt1,9ei45qvqhhseknu4h6b3o8amd,15,Tatran Prešov,,0.0264683905988931,0.0,Spartak Trnava vs Tatran Prešov,3gtz4855en82yhjzfy1qno07o,2025-08-10
M. Regáli,bcfayigqu8oygm1xvpgl9akt1,9ei45qvqhhseknu4h6b3o8amd,15,Tatran Prešov,,0.1022786125540733,0.0,Spartak Trnava vs Tatran Prešov,3gtz4855en82yhjzfy1qno07o,2025-08-10
R. Begala,3jug5s4lmb833a9c5e6glmz8p,9ei45qvqhhseknu4h6b3o8amd,15,Tatran Prešov,,0.03028304874897,0.0,Spartak Trnava vs Tatran Prešov,3gtz4855en82yhjzfy1qno07o,2025-08-10
M. Kratochvíl,9nf6sppqywgsvrzrg99xaq76d,e2eyddqxo12gs0dhbsb7l5pua,15,Spartak Trnava,,0.0142494793981313,0.0,Spartak Trnava vs Tatran Prešov,3gtz4855en82yhjzfy1qno07o,2025-08-10
G. Moistsrapishvili,7ajpbuluuj3qhbe2fy0zmaz56,e2eyddqxo12gs0dhbsb7l5pua,15,Spartak Trnava,,0.0270089134573936,0.0,Spartak Trnava vs Tatran Prešov,3gtz4855en82yhjzfy1qno07o,2025-08-10
C. Badolo,81ew6ob155tml2iekt6z1dwfe,e2eyddqxo12gs0dhbsb7l5pua,15,Spartak Trnava,,0.018418300896883,0.026059137657284737,Spartak Trnava vs Tatran Prešov,3gtz4855en82yhjzfy1qno07o,2025-08-10
S. Škrbo,269h5oycdn2yy8ndlg0xbu7vu,e2eyddqxo12gs0dhbsb7l5pua,15,Spartak Trnava,,0.0752215981483459,0.04380064830183983,Spartak Trnava vs Tatran Prešov,3gtz4855en82yhjzfy1qno07o,2025-08-10
B. Gáll,1gkvh4fvq1sxnhl8hiagpqehh,9ei45qvqhhseknu4h6b3o8amd,13,Tatran Prešov,,0.0153537159785628,0.0,Spartak Trnava vs Tatran Prešov,3gtz4855en82yhjzfy1qno07o,2025-08-10
G. Moistsrapishvili,7ajpbuluuj3qhbe2fy0zmaz56,e2eyddqxo12gs0dhbsb7l5pua,15,Spartak Trnava,,0.0214967485517263,0.0,Spartak Trnava vs Tatran Prešov,3gtz4855en82yhjzfy1qno07o,2025-08-10
S. Škrbo,269h5oycdn2yy8ndlg0xbu7vu,e2eyddqxo12gs0dhbsb7l5pua,15,Spartak Trnava,,0.2019504904747009,0.2503727972507477,Spartak Trnava vs Tatran Prešov,3gtz4855en82yhjzfy1qno07o,2025-08-10
L. Holík,cm7ceie86tfwjhbqk76pvic4p,e2eyddqxo12gs0dhbsb7l5pua,13,Spartak Trnava,,0.0187604483217,0.0,Spartak Trnava vs Tatran Prešov,3gtz4855en82yhjzfy1qno07o,2025-08-10
S. Olejník,2yhln049w2tvmmf2iteagi8a2,9ei45qvqhhseknu4h6b3o8amd,13,Tatran Prešov,,0.0486741848289966,0.0,Spartak Trnava vs Tatran Prešov,3gtz4855en82yhjzfy1qno07o,2025-08-10
S. Olejník,2yhln049w2tvmmf2iteagi8a2,9ei45qvqhhseknu4h6b3o8amd,15,Tatran Prešov,,0.1812526583671569,0.0,Spartak Trnava vs Tatran Prešov,3gtz4855en82yhjzfy1qno07o,2025-08-10
V. Míka,m37bqjsovidurd3q3uxtnfu1,9ei45qvqhhseknu4h6b3o8amd,15,Tatran Prešov,,0.0698645859956741,0.10829642415046692,Spartak Trnava vs Tatran Prešov,3gtz4855en82yhjzfy1qno07o,2025-08-10
S. Olejník,2yhln049w2tvmmf2iteagi8a2,9ei45qvqhhseknu4h6b3o8amd,15,Tatran Prešov,,0.0857036933302879,0.09860924631357193,Spartak Trnava vs Tatran Prešov,3gtz4855en82yhjzfy1qno07o,2025-08-10
P. Šimko,dyqqb9jtg1oyznuvpz16mg0k5,9ei45qvqhhseknu4h6b3o8amd,15,Tatran Prešov,,0.0121753308922052,0.0,Spartak Trnava vs Tatran Prešov,3gtz4855en82yhjzfy1qno07o,2025-08-10
A. Masaryk,eu6y488eb9zhaf6cqp9gu16ok,9ei45qvqhhseknu4h6b3o8amd,15,Tatran Prešov,,0.1909317821264267,0.0,Spartak Trnava vs Tatran Prešov,3gtz4855en82yhjzfy1qno07o,2025-08-10
M. Tomič,8aafj44ljp6uds7sy7v8o9j3d,e2eyddqxo12gs0dhbsb7l5pua,15,Spartak Trnava,,0.0247867368161678,0.0,Spartak Trnava vs Tatran Prešov,3gtz4855en82yhjzfy1qno07o,2025-08-10
S. Škrbo,269h5oycdn2yy8ndlg0xbu7vu,e2eyddqxo12gs0dhbsb7l5pua,15,Spartak Trnava,,0.0227101407945156,0.05296947434544563,Spartak Trnava vs Tatran Prešov,3gtz4855en82yhjzfy1qno07o,2025-08-10
S. Olejník,2yhln049w2tvmmf2iteagi8a2,9ei45qvqhhseknu4h6b3o8amd,15,Tatran Prešov,,0.0118093639612197,0.0,Spartak Trnava vs Tatran Prešov,3gtz4855en82yhjzfy1qno07o,2025-08-10
V. Míka,m37bqjsovidurd3q3uxtnfu1,9ei45qvqhhseknu4h6b3o8amd,13,Tatran Prešov,,0.0391207225620746,0.0,Spartak Trnava vs Tatran Prešov,3gtz4855en82yhjzfy1qno07o,2025-08-10
C. Badolo,81ew6ob155tml2iekt6z1dwfe,e2eyddqxo12gs0dhbsb7l5pua,15,Spartak Trnava,,0.0201438926160335,0.0,Spartak Trnava vs Tatran Prešov,3gtz4855en82yhjzfy1qno07o,2025-08-10
G. Moistsrapishvili,7ajpbuluuj3qhbe2fy0zmaz56,e2eyddqxo12gs0dhbsb7l5pua,13,Spartak Trnava,,0.2018070667982101,0.0,Spartak Trnava vs Tatran Prešov,3gtz4855en82yhjzfy1qno07o,2025-08-10
J. Paur,eim53fbgajnpydps3071jxivp,e2eyddqxo12gs0dhbsb7l5pua,15,Spartak Trnava,,0.1101023107767105,0.5120463967323303,Spartak Trnava vs Tatran Prešov,3gtz4855en82yhjzfy1qno07o,2025-08-10
P. Nwadike,85jw7q58nuiekjl7snvmkjyp6,e2eyddqxo12gs0dhbsb7l5pua,15,Spartak Trnava,,0.043384201824665,0.08995138108730316,Spartak Trnava vs Tatran Prešov,3gtz4855en82yhjzfy1qno07o,2025-08-10
L. Holík,cm7ceie86tfwjhbqk76pvic4p,e2eyddqxo12gs0dhbsb7l5pua,15,Spartak Trnava,,0.2527714371681213,0.45075833797454834,Spartak Trnava vs Tatran Prešov,3gtz4855en82yhjzfy1qno07o,2025-08-10
P. Azango,cxz4zddmoyebzx57afocncvoq,e2eyddqxo12gs0dhbsb7l5pua,15,Spartak Trnava,,0.046081818640232,0.0,Spartak Trnava vs Tatran Prešov,3gtz4855en82yhjzfy1qno07o,2025-08-10
P. Azango,cxz4zddmoyebzx57afocncvoq,e2eyddqxo12gs0dhbsb7l5pua,15,Spartak Trnava,,0.0454091094434261,0.0,Spartak Trnava vs Tatran Prešov,3gtz4855en82yhjzfy1qno07o,2025-08-10
T. Kudlička,6afxu9qxcnbhgv8dn7apkgaqy,e2eyddqxo12gs0dhbsb7l5pua,15,Spartak Trnava,,0.0959889665246009,0.0,Spartak Trnava vs Tatran Prešov,3gtz4855en82yhjzfy1qno07o,2025-08-10
