id,firstName,lastName,shortFirstName,shortLastName,gender,matchName,nationality,nationalityId,position,type,dateOfBirth,countryOfBirth,countryOfBirthId,status,active,placeOfBirth,secondNationality,secondNationalityId,height,weight,foot,knownName
1npmo2pe9rzmoby9fs1wvovtg,Maxime,Wameso,Maxime,Wameso,Male,M. Wameso,Belgium,4wbzjcclyefma1ourvjsu4q2j,Attacker,player,2006-04-16,Belgium,4wbzjcclyefma1ourvjsu4q2j,active,yes,NaN,NaN,NaN,NaN,NaN,NaN,NaN
2biww3ztjxcdk65qxbh7lwopg,Jessi Rémy-Nzuzi,Pedro Da Silva,Jessi,Da Silva,Male,J. Da Silva,Belgium,4wbzjcclyefma1ourvjsu4q2j,Attacker,player,2008-04-15,Belgium,4wbzjcclyefma1ourvjsu4q2j,active,yes,NaN,NaN,NaN,NaN,NaN,NaN,NaN
3btgcncl388i1fetp5ucoqi38,Tobias,Lund Jensen,Tobias,Lund Jensen,Male,T. Lund Jensen,Denmark,5adf60vwiw2f2mibyq1k4ex7i,Midfielder,player,2006-02-10,Denmark,5adf60vwiw2f2mibyq1k4ex7i,active,yes,NaN,NaN,NaN,NaN,NaN,NaN,NaN
3lrm5zgy0cngpgcskeahsigwk,Alexander Leon,Vandeperre,Alexander,Vandeperre,Male,A. Vandeperre,Belgium,4wbzjcclyefma1ourvjsu4q2j,Defender,player,2006-10-27,Belgium,4wbzjcclyefma1ourvjsu4q2j,active,yes,NaN,NaN,NaN,NaN,NaN,NaN,NaN
4dvbxh16w3txv1jy5e2mat638,Robin,Veldman,Robin,Veldman,Male,R. Veldman,Netherlands,6hzi5pltnz67q4la8yli9qfv6,NaN,coach,1985-12-24,Netherlands,6hzi5pltnz67q4la8yli9qfv6,active,yes,Marknesse,NaN,NaN,NaN,NaN,NaN,NaN
4hejb0s3tl4jyjfcn5c7rmwpg,Jano,Willems,Jano,Willems,Male,J. Willems,Belgium,4wbzjcclyefma1ourvjsu4q2j,Defender,player,2004-01-15,Belgium,4wbzjcclyefma1ourvjsu4q2j,active,yes,NaN,NaN,NaN,NaN,NaN,NaN,NaN
5606cqx2mlkrp81oe6uh6ghec,Chemsdine,Talbi,Chemsdine,Talbi,Male,C. Talbi,Belgium,4wbzjcclyefma1ourvjsu4q2j,Attacker,player,2005-05-09,Belgium,4wbzjcclyefma1ourvjsu4q2j,active,yes,NaN,Morocco,2xdcc39z1k79pnjbtn9x31wdh,175.0,65.0,right,NaN
5oe0z2pxkgmdt2y3e69u8kb9w,Mohamed,Salah El Boukammiri,Mohamed,Salah,Male,M. Salah,Belgium,4wbzjcclyefma1ourvjsu4q2j,Attacker,player,2004-05-27,Belgium,4wbzjcclyefma1ourvjsu4q2j,active,yes,NaN,NaN,NaN,180.0,NaN,left,NaN
770vedrjvw6qzfi2ssce8w2y,Sem,Audoor,Sem,Audoor,Male,S. Audoor,Belgium,4wbzjcclyefma1ourvjsu4q2j,Defender,player,2003-10-13,Belgium,4wbzjcclyefma1ourvjsu4q2j,active,yes,NaN,NaN,NaN,NaN,NaN,NaN,NaN
7hz7bfjlrnm0btnldneriddzo,Kiany,Vroman,Kiany,Vroman,Male,K. Vroman,Belgium,4wbzjcclyefma1ourvjsu4q2j,Goalkeeper,player,2004-01-21,Belgium,4wbzjcclyefma1ourvjsu4q2j,active,yes,NaN,NaN,NaN,NaN,NaN,NaN,NaN
82vm0aqex9vlktk3xslsd3aqc,Wout,Verlinden,Wout,Verlinden,Male,W. Verlinden,Belgium,4wbzjcclyefma1ourvjsu4q2j,Defender,player,2007-01-04,Belgium,4wbzjcclyefma1ourvjsu4q2j,active,yes,NaN,NaN,NaN,NaN,NaN,right,NaN
85jjfo6hgk2e7gb1na0eqz1uc,Bi Abdoul Kader,Yameogo,Bi,Yameogo,Male,B. Yameogo,Côte d'Ivoire,tin6kf561ywonqan0mettr98,Defender,player,2004-12-17,Côte d'Ivoire,tin6kf561ywonqan0mettr98,active,yes,NaN,NaN,NaN,184.0,77.0,right,NaN
8ddbru6zxx8scpr66dkzsfsic,William,Simba,William,Simba,Male,W. Simba,Belgium,4wbzjcclyefma1ourvjsu4q2j,Defender,player,2001-03-26,Belgium,4wbzjcclyefma1ourvjsu4q2j,active,yes,NaN,NaN,NaN,NaN,NaN,NaN,NaN
8ibojf77eyosv0tvcsals9yc4,Laurens,Goemaere,Laurens,Goemaere,Male,L. Goemaere,Belgium,4wbzjcclyefma1ourvjsu4q2j,Midfielder,player,2006-04-07,Belgium,4wbzjcclyefma1ourvjsu4q2j,active,yes,Waregem,NaN,NaN,179.0,NaN,right,NaN
8prr8v952x2m1iopymvj6g00k,Víctor,Barberá Romero,Victor,Barberà,Male,Víctor Barberá,Spain,49ih1pwv3ahshdf8uzrimi54c,Attacker,player,2004-08-20,Spain,49ih1pwv3ahshdf8uzrimi54c,active,yes,Barcelona,NaN,NaN,177.0,67.0,right,NaN
8r1m4p7y78u6qr007rpvlitck,Oleksandr,Yakymenko,Oleksandr,Yakymenko,Male,O. Yakymenko,Ukraine,315w6fk6umfzf4qvba3t55u61,Attacker,player,2005-11-04,Ukraine,315w6fk6umfzf4qvba3t55u61,active,yes,NaN,NaN,NaN,NaN,NaN,NaN,NaN
8rdqcmsx8uooxqc6rjc78rr4k,Lenn,De Smet,Lenn,De Smet,Male,Lenn De Smet,Belgium,4wbzjcclyefma1ourvjsu4q2j,Midfielder,player,2004-04-12,Belgium,4wbzjcclyefma1ourvjsu4q2j,active,yes,NaN,NaN,NaN,NaN,NaN,NaN,Lenn De Smet
973qhpd6czw3u8h0788uq9ez8,Siebe Roland,Wylin,Siebe,Wylin,Male,S. Wylin,Belgium,4wbzjcclyefma1ourvjsu4q2j,Defender,player,2003-05-27,Belgium,4wbzjcclyefma1ourvjsu4q2j,active,yes,Roeselare,NaN,NaN,180.0,63.0,right,NaN
9xvik8av83pfnqwwt85unf504,Joaquin,Seys,Joaquin,Seys,Male,J. Seys,Belgium,4wbzjcclyefma1ourvjsu4q2j,Defender,player,2005-03-28,Belgium,4wbzjcclyefma1ourvjsu4q2j,active,yes,NaN,NaN,NaN,NaN,NaN,NaN,NaN
9yvaqepplk8s4cjqjbtyb24gk,Renzo,Tytens,Renzo,Tytens,Male,R. Tytens,Belgium,4wbzjcclyefma1ourvjsu4q2j,Defender,player,2005-06-23,Belgium,4wbzjcclyefma1ourvjsu4q2j,active,yes,NaN,NaN,NaN,NaN,NaN,left,NaN
9yyedlzj1ke15xb91ait55xm2,Amine,Et-Taïbi,Amine,Et-Taïbi,Male,A. Et-Taïbi,Morocco,2xdcc39z1k79pnjbtn9x31wdh,Defender,player,2003-02-05,Belgium,4wbzjcclyefma1ourvjsu4q2j,active,yes,NaN,Belgium,4wbzjcclyefma1ourvjsu4q2j,NaN,NaN,NaN,NaN
9z6gig2dmhz738cfm9l23nxuc,Kaye,Furo Tamuno Iyowuna,Kaye,Furo,Male,K. Furo,Belgium,4wbzjcclyefma1ourvjsu4q2j,Attacker,player,2007-02-06,Belgium,4wbzjcclyefma1ourvjsu4q2j,active,yes,NaN,NaN,NaN,NaN,NaN,NaN,NaN
a86u8n8a4m46bd6mc2ydhqvbo,Bruce,Deuwel,Bruce,Deuwel,Male,B. Deuwel,Belgium,4wbzjcclyefma1ourvjsu4q2j,Defender,player,2005-11-14,Belgium,4wbzjcclyefma1ourvjsu4q2j,active,yes,NaN,NaN,NaN,NaN,NaN,NaN,NaN
ac5ihcnef0we4sklhnmxgn3mc,Axl,De Corte,Axl,de Corte,Male,A. De Corte,Belgium,4wbzjcclyefma1ourvjsu4q2j,Goalkeeper,player,2006-03-24,Belgium,4wbzjcclyefma1ourvjsu4q2j,active,yes,NaN,NaN,NaN,NaN,NaN,left,NaN
ahje1y6v4dlmq4ath0rfcql90,Benjamin,Thoresen Faraas,Benjamin,Faraas,Male,B. Faraas,Norway,7f16iy4w8u8ogyn6pfooqwv5z,Midfielder,player,2005-09-08,Norway,7f16iy4w8u8ogyn6pfooqwv5z,active,yes,Flisa,NaN,NaN,180.0,NaN,right,NaN
avnrtae50pid6aomt6sq3dqi2,Denzel,De Roeve,Denzel,De Roeve,Male,D. De Roeve,Belgium,4wbzjcclyefma1ourvjsu4q2j,Defender,player,2004-08-10,Belgium,4wbzjcclyefma1ourvjsu4q2j,active,yes,NaN,NaN,NaN,NaN,NaN,NaN,NaN
bkmv9zdoazi53yhb6m3693ml0,Jesse,Eugen Bisiwu,Jesse,Bisiwu,Male,J. Bisiwu,Belgium,4wbzjcclyefma1ourvjsu4q2j,Attacker,player,2008-01-22,Belgium,4wbzjcclyefma1ourvjsu4q2j,active,yes,NaN,NaN,NaN,NaN,NaN,right,NaN
d0neh5vcdezvb0ful49zguiok,Alejandro,Granados Torres,Alejandro,Granados,Male,Alejandro Granados,Spain,49ih1pwv3ahshdf8uzrimi54c,Midfielder,player,2006-05-30,Spain,49ih1pwv3ahshdf8uzrimi54c,active,yes,NaN,NaN,NaN,NaN,NaN,NaN,NaN
dfy8wmt4li6v2a3ulhftrxr10,Shandre Miguel,Campbell,Shandre,Campbell,Male,S. Campbell,South Africa,1kiwby3xmt97m3ejw76qs4i6k,Attacker,player,2005-07-15,South Africa,1kiwby3xmt97m3ejw76qs4i6k,active,yes,NaN,NaN,NaN,NaN,NaN,left,NaN
eb3l3tb849tldd26shre947ze,Liam,De Smet,Liam,De Smet,Male,Liam De Smet,Belgium,4wbzjcclyefma1ourvjsu4q2j,Midfielder,player,2004-04-12,Belgium,4wbzjcclyefma1ourvjsu4q2j,active,yes,NaN,NaN,NaN,NaN,NaN,NaN,Liam De Smet
evcq2pbyad7zn3okc33upat0q,Lynnt,Audoor,Lynnt,Audoor,Male,L. Audoor,Belgium,4wbzjcclyefma1ourvjsu4q2j,Midfielder,player,2003-10-13,Belgium,4wbzjcclyefma1ourvjsu4q2j,active,yes,NaN,NaN,NaN,182.0,69.0,right,NaN
1gkafh9k8w1u24mw86drnro5w,Saïdou Nourou,Touré,Saïdou,Touré,NaN,S. Touré,Belgium,4wbzjcclyefma1ourvjsu4q2j,Attacker,player,2007-02-09,Belgium,4wbzjcclyefma1ourvjsu4q2j,active,yes,NaN,NaN,NaN,NaN,NaN,NaN,NaN
1xwmx2ydxa5zeqo12778h83ro,Nolan,Martens,Nolan,Martens,NaN,N. Martens,Belgium,4wbzjcclyefma1ourvjsu4q2j,Defender,player,2004-07-07,Belgium,4wbzjcclyefma1ourvjsu4q2j,active,yes,NaN,NaN,NaN,NaN,NaN,NaN,NaN
2ouuumxck7ekp5zsdjlfzz8r8,Ibrahima Sory,Bangoura,Ibrahima,Bangoura,NaN,I. Bangoura,Guinea,4i9sg55wigitrfx7290f59ceo,Midfielder,player,2004-01-05,Guinea,4i9sg55wigitrfx7290f59ceo,active,yes,Conakry,NaN,NaN,180.0,NaN,right,NaN
37yl0xzrlfbyp7x5dhcc89mju,Brent,Stevens,Brent,Stevens,NaN,B. Stevens,Belgium,4wbzjcclyefma1ourvjsu4q2j,Goalkeeper,player,2003-08-11,Belgium,4wbzjcclyefma1ourvjsu4q2j,active,yes,NaN,NaN,NaN,187.0,79.0,right,NaN
43uuj9gwya80n4r3z6kcv87bo,Josue,Ndenge Kongolo,Josue,Kongolo,NaN,J. Kongolo,Belgium,4wbzjcclyefma1ourvjsu4q2j,Defender,player,2006-04-13,Belgium,4wbzjcclyefma1ourvjsu4q2j,active,yes,NaN,NaN,NaN,184.0,77.0,right,NaN
47vs05b8xlhvx5sqo2t5kys4,Mike Louis,Penders,Mike,Penders,NaN,M. Penders,Belgium,4wbzjcclyefma1ourvjsu4q2j,Goalkeeper,player,2005-07-31,Belgium,4wbzjcclyefma1ourvjsu4q2j,active,yes,NaN,NaN,NaN,200.0,95.0,left,NaN
4avjywab75q04bwa13tbd13sa,Deniz,Arabaci,Deniz,Arabaci,NaN,D. Arabaci,Belgium,4wbzjcclyefma1ourvjsu4q2j,Defender,player,2003-03-11,Belgium,4wbzjcclyefma1ourvjsu4q2j,active,yes,NaN,NaN,NaN,NaN,NaN,NaN,NaN
6pp2hyj46c5jg71w4kesyho2c,Christian,Akpan,Christian,Akpan,NaN,C. Akpan,Nigeria,63pvdwrsiq5b07mzi8igqei9p,Midfielder,player,2005-01-29,Nigeria,63pvdwrsiq5b07mzi8igqei9p,active,yes,NaN,NaN,NaN,NaN,NaN,NaN,NaN
78wefs1jfodvho6cxygadxg45,Thomas,Buffel,Thomas,Buffel,NaN,T. Buffel,Belgium,4wbzjcclyefma1ourvjsu4q2j,NaN,coach,1981-02-19,Belgium,4wbzjcclyefma1ourvjsu4q2j,active,yes,Brugge,NaN,NaN,175.0,68.0,both,NaN
7ktv4mwt2eynyqsznc3yczh90,Ilyas,Bouazzaoui,Ilyas,Bouazzaoui,NaN,I. Bouazzaoui,Morocco,2xdcc39z1k79pnjbtn9x31wdh,Midfielder,player,2007-11-01,Belgium,4wbzjcclyefma1ourvjsu4q2j,active,yes,NaN,Belgium,4wbzjcclyefma1ourvjsu4q2j,173.0,NaN,right,NaN
7mcgyfr80xzsoh8tzklqugro4,Noah,Adedeji-Sternberg,Noah,Adedeji-Sternberg,NaN,N. Adedeji-Sternberg,Belgium,4wbzjcclyefma1ourvjsu4q2j,Attacker,player,2005-06-19,Germany,36min0qztu8eydwvpv8t1is0m,active,yes,NaN,Germany,36min0qztu8eydwvpv8t1is0m,182.0,69.0,right,NaN
7te1vm14346rrwg9apjzqq2ok,Zaïd,Bafdili,Zaïd,Bafdili,NaN,Z. Bafdili,Belgium,4wbzjcclyefma1ourvjsu4q2j,Midfielder,player,2007-10-25,Belgium,4wbzjcclyefma1ourvjsu4q2j,active,yes,NaN,NaN,NaN,170.0,NaN,right,NaN
7tndfvbntv677n4k4whswx7v8,Alfred Lenin,Caicedo Mina,Alfred,Caicedo,NaN,A. Caicedo,Ecuador,6pyj2bytt2osbjk69owzfehcg,Defender,player,2004-09-10,Ecuador,6pyj2bytt2osbjk69owzfehcg,active,yes,NaN,NaN,NaN,NaN,NaN,NaN,NaN
8hynr44tgz4jkpwiczt8s4vtg,Wilson,Da Costa,Wilson,Da Costa,NaN,W. Da Costa,Belgium,4wbzjcclyefma1ourvjsu4q2j,Attacker,player,2007-02-28,Belgium,4wbzjcclyefma1ourvjsu4q2j,active,yes,NaN,NaN,NaN,NaN,NaN,right,NaN
8mmr7rl5w3nfvs9304pbrfpjo,Naoki,Kumata,Naoki,Kumata,NaN,N. Kumata,Japan,lxyibh89lpdc0bfian1nx0xq,Attacker,player,2004-08-02,Japan,lxyibh89lpdc0bfian1nx0xq,active,yes,NaN,NaN,NaN,NaN,NaN,NaN,NaN
8z2zm731y204inomo2okndc7o,Juwensley,Onstein,Juwensley,Onstein,NaN,J. Onstein,Netherlands,6hzi5pltnz67q4la8yli9qfv6,Defender,player,2007-10-07,Netherlands,6hzi5pltnz67q4la8yli9qfv6,active,yes,NaN,Suriname,31vay1njxmbs7vtbfp1wo2dx1,184.0,72.0,left,NaN
95vx1dz2leiona1k455atzwus,Thomas,Claes,Thomas,Claes,NaN,T. Claes,Belgium,4wbzjcclyefma1ourvjsu4q2j,Midfielder,player,2004-03-26,Belgium,4wbzjcclyefma1ourvjsu4q2j,active,yes,NaN,NaN,NaN,181.0,69.0,right,NaN
9hzgygrkjtinm526bolvcl5as,Eddien Saif,Lazar,Eddien,Lazar,NaN,S. Lazar,Belgium,4wbzjcclyefma1ourvjsu4q2j,Attacker,player,2006-12-11,Belgium,4wbzjcclyefma1ourvjsu4q2j,active,yes,NaN,NaN,NaN,NaN,NaN,NaN,NaN
9kvegneav2ddt05dq1iqrjbx0,Michiel,Cauwel,Michiel,Cauwel,NaN,M. Cauwel,Belgium,4wbzjcclyefma1ourvjsu4q2j,Defender,player,2007-03-12,Belgium,4wbzjcclyefma1ourvjsu4q2j,active,yes,NaN,NaN,NaN,181.0,65.0,NaN,NaN
akiclq4of0hue4gzghoq1ghlg,Robin,Mirisola,Robin,Mirisola,NaN,R. Mirisola,Belgium,4wbzjcclyefma1ourvjsu4q2j,Attacker,player,2006-12-08,Belgium,4wbzjcclyefma1ourvjsu4q2j,active,yes,NaN,NaN,NaN,NaN,NaN,NaN,NaN
b9swaz6cb0w97d2rimgh4jh90,Keo,Boets,Keo,Boets,NaN,K. Boets,Belgium,4wbzjcclyefma1ourvjsu4q2j,Goalkeeper,player,2003-12-21,Belgium,4wbzjcclyefma1ourvjsu4q2j,active,yes,NaN,NaN,NaN,189.0,75.0,NaN,NaN
bfe9dr70i1z2lpjev9y3m9btg,Tijn,Van Ingelgom,Tijn,Van Ingelgom,NaN,T. Van Ingelgom,Belgium,4wbzjcclyefma1ourvjsu4q2j,Goalkeeper,player,2007-03-05,Belgium,4wbzjcclyefma1ourvjsu4q2j,active,yes,NaN,NaN,NaN,NaN,NaN,NaN,NaN
bzf0mf21jsykjm9xbzilf1f6c,Kenan,Baban Haroun,Kenan,Haroun,NaN,K. Haroun,Belgium,4wbzjcclyefma1ourvjsu4q2j,Midfielder,player,2006-07-05,Belgium,4wbzjcclyefma1ourvjsu4q2j,active,yes,NaN,NaN,NaN,NaN,NaN,right,NaN
ctyeiw325fykxcejgbqksl1ck,Brad Ryan,Manguelle,Brad,Manguelle,NaN,B. Manguelle,Belgium,4wbzjcclyefma1ourvjsu4q2j,Defender,player,2007-11-27,Belgium,4wbzjcclyefma1ourvjsu4q2j,active,yes,NaN,NaN,NaN,NaN,NaN,NaN,NaN
d8d8xzpzhb4h79tjj2i4b11w,Faissal,Al Mazyani,Faissal,Al Mazyani,NaN,F. Al Mazyani,Morocco,2xdcc39z1k79pnjbtn9x31wdh,Defender,player,2005-01-18,Belgium,4wbzjcclyefma1ourvjsu4q2j,active,yes,Antwerpen,NaN,NaN,179.0,NaN,NaN,NaN
de4x27curp1n4bg1rfjcn2d5g,Cédric,Nuozzi,Cédric,Nuozzi,NaN,C. Nuozzi,Belgium,4wbzjcclyefma1ourvjsu4q2j,Attacker,player,2006-01-30,Belgium,4wbzjcclyefma1ourvjsu4q2j,active,yes,NaN,NaN,NaN,NaN,NaN,right,NaN
er6z557ns3jcjhgrsbtmsn6s4,Konstantinos,Karetsas,Konstantinos,Karetsas,NaN,K. Karetsas,Belgium,4wbzjcclyefma1ourvjsu4q2j,Midfielder,player,2007-11-19,Belgium,4wbzjcclyefma1ourvjsu4q2j,active,yes,Genk,Greece,6lpgd60z890no2v46zdecrcss,171.0,58.0,left,NaN
errumr0tp8wraymef8l7l27ai,Olivier Marc,Vliegen,Olivier,Vliegen,NaN,O. Vliegen,Belgium,4wbzjcclyefma1ourvjsu4q2j,Goalkeeper,player,1999-02-07,Belgium,4wbzjcclyefma1ourvjsu4q2j,active,yes,NaN,NaN,NaN,188.0,85.0,right,NaN
1ekfu3u2d9vh73lw2dzdcr1wq,Isaac,Nuhu,Isaac,Nuhu,NaN,I. Nuhu,Ghana,2q2sw72utw5gu9t5y4knckwba,Attacker,player,2001-09-30,Ghana,2q2sw72utw5gu9t5y4knckwba,active,yes,NaN,NaN,NaN,171.0,60.0,right,NaN
1fu9y7gemoii89ejj7bkex78p,Regan,Evans Charles-Cook,Regan,Charles-Cook,NaN,Regan Charles-Cook,Grenada,187lxllgvpivhdcyw002tue8m,Attacker,player,1997-02-14,England,1fk5l4hkqk12i7zske6mcqju6,active,yes,London,England,1fk5l4hkqk12i7zske6mcqju6,174.0,69.0,right,NaN
20oiek3wd33mihfp13csvq6i2,Tom,Roufosse,Tom,Roufosse,NaN,T. Roufosse,Belgium,4wbzjcclyefma1ourvjsu4q2j,Goalkeeper,player,2001-03-28,Belgium,4wbzjcclyefma1ourvjsu4q2j,active,yes,Liège,NaN,NaN,181.0,72.0,both,NaN
2dffynjkmslirpckd03al46c4,Karol Lorenzo,Youndje Sihom,Lorenzo,Youndje,NaN,L. Youndje,Belgium,4wbzjcclyefma1ourvjsu4q2j,Defender,player,2005-04-12,Cameroon,4eb9feio6u267dd1jcwaf38mt,active,yes,Yaoundé,NaN,NaN,NaN,NaN,left,NaN
2i6q4kt11g5cjf89ph6oj2k9g,Luca,Chavet,Luca,Chavet,NaN,L. Chavet,Belgium,4wbzjcclyefma1ourvjsu4q2j,Defender,player,2004-01-11,Belgium,4wbzjcclyefma1ourvjsu4q2j,active,yes,NaN,NaN,NaN,NaN,NaN,right,NaN
2uykq79ck5bozg0tqvdzko6c4,Pape Youssou,Niang,Pape Youssou,Niang,NaN,P. Niang,Senegal,6hhqyhr5cwq2pfprlazyposyk,Midfielder,player,2003-03-23,Senegal,6hhqyhr5cwq2pfprlazyposyk,active,yes,Dakar,NaN,NaN,NaN,NaN,NaN,NaN
2xletuhhaxmfqbjbgq4ehpyol,Jason Alan,Davidson,Jason,Davidson,NaN,J. Davidson,Australia,u5ieemi69z72c3bgczyy68lo,Defender,player,1991-06-29,Australia,u5ieemi69z72c3bgczyy68lo,active,yes,Melbourne,Greece,6lpgd60z890no2v46zdecrcss,180.0,72.0,left,NaN
3uv2rliy0djrmi2q82x0j9x0q,Julian Elias,Renner,Julian,Renner,NaN,J. Renner,Germany,36min0qztu8eydwvpv8t1is0m,Goalkeeper,player,2003-06-07,Germany,36min0qztu8eydwvpv8t1is0m,active,yes,NaN,NaN,NaN,189.0,NaN,NaN,NaN
42q5b24ulqzqwhy8lcbn9t8et,Mersad,Selimbegovic,Mersad,Selimbegovic,NaN,M. Selimbegovic,Bosnia and Herzegovina,4fue8u54361o79fbiu9qwxjer,NaN,coach,1982-04-29,Bosnia and Herzegovina,4fue8u54361o79fbiu9qwxjer,active,yes,NaN,NaN,NaN,180.0,78.0,NaN,NaN
4rkl9bef513htcb8toe8lvkyx,Jan,Král,Jan,Král,NaN,J. Král,Czechia,5md5tpwr2nmqao528prx43jr7,Defender,player,1999-04-05,Czechia,5md5tpwr2nmqao528prx43jr7,active,yes,Česká Lípa,NaN,NaN,194.0,88.0,left,NaN
50iwwx11r99cvce6x8cp52c16,Abdul,Manaf Nurudeen,Abdul,Nurudeen,NaN,A. Nurudeen,Ghana,2q2sw72utw5gu9t5y4knckwba,Goalkeeper,player,1999-02-08,Ghana,2q2sw72utw5gu9t5y4knckwba,active,yes,Accra,Belgium,4wbzjcclyefma1ourvjsu4q2j,190.0,77.0,right,NaN
56akt1tmzo2adv8elthwfvt91,Kevin,Möhwald,Kevin,Möhwald,NaN,K. Möhwald,Germany,36min0qztu8eydwvpv8t1is0m,Midfielder,player,1993-07-03,Germany,36min0qztu8eydwvpv8t1is0m,active,yes,Erfurt,NaN,NaN,182.0,75.0,right,NaN
5faeh0yyd61tczv6zminql5p0,Théo Simon,Maréchal,Théo,Maréchal,NaN,T.  Maréchal,Belgium,4wbzjcclyefma1ourvjsu4q2j,Defender,player,2005-01-18,Belgium,4wbzjcclyefma1ourvjsu4q2j,active,yes,NaN,NaN,NaN,NaN,NaN,NaN,NaN
5lzy1u8jr2cyx17uzylfelu6s,Corneille,Ngangala,Corneille,Ngangala,NaN,C. Ngangala,Belgium,4wbzjcclyefma1ourvjsu4q2j,Defender,player,2004-10-29,Belgium,4wbzjcclyefma1ourvjsu4q2j,active,yes,NaN,NaN,NaN,NaN,NaN,NaN,NaN
5mdl34isp6ta4mz1btlzswk5w,David,Widlarz,David,Widlarz,NaN,D. Widlarz,Poland,27baqb7359ywdvsxxklx1kn11,Attacker,player,2005-03-03,Germany,36min0qztu8eydwvpv8t1is0m,active,yes,NaN,NaN,NaN,NaN,NaN,NaN,NaN
5phv874rxdk8ues3ef6hnd80l,Alfreð,Finnbogason,Alfred,Finnbogason,NaN,A. Finnbogason,Iceland,4jjsm5a20nnxgw5cus6b7yxc6,Attacker,player,1989-02-01,Iceland,4jjsm5a20nnxgw5cus6b7yxc6,active,yes,Reykjavík,NaN,NaN,184.0,80.0,right,NaN
6o1kdj6orb69f9ilwimxlprvu,Shayne Elian,Jay Pattynama,Shayne,Pattynama,NaN,S. Pattynama,Indonesia,1zi2c00k6skx48tn692uem0n6,Defender,player,1998-08-11,Netherlands,6hzi5pltnz67q4la8yli9qfv6,active,yes,Lelystad,Netherlands,6hzi5pltnz67q4la8yli9qfv6,185.0,82.0,left,NaN
6r9qf9hptfwyefpsk9douhnt,Jérôme,Déom,Jérôme,Déom,NaN,J. Déom,Belgium,4wbzjcclyefma1ourvjsu4q2j,Midfielder,player,1999-04-19,Belgium,4wbzjcclyefma1ourvjsu4q2j,active,yes,NaN,NaN,NaN,175.0,65.0,right,NaN
6wt29oce6gsthhpmhq705vl9m,Yentl,Van Genechten,Yentl,Van Genechten,NaN,Y. Van Genechten,Belgium,4wbzjcclyefma1ourvjsu4q2j,Defender,player,2000-08-18,Belgium,4wbzjcclyefma1ourvjsu4q2j,active,yes,NaN,NaN,NaN,191.0,75.0,right,NaN
77fldfqlxps1xbdg29anv4vai,Nathan,Bitumazala,Nathan,Bitumazala,NaN,N. Bitumazala,France,7gww28djs405rfga69smki84o,Midfielder,player,2002-12-10,France,7gww28djs405rfga69smki84o,active,yes,Fontainebleau,Congo DR,6xq2smnxqvc5bh7vzza9ljiy9,178.0,68.0,right,NaN
7c77bmzx5c6bsvk9a6vvq1gq1,Garissone,Innocent,Garissone,Innocent,NaN,G. Innocent,Haiti,5mp58o38d0mr5qt8g4o6l7efg,Goalkeeper,player,2000-04-16,France,7gww28djs405rfga69smki84o,active,yes,NaN,France,7gww28djs405rfga69smki84o,192.0,90.0,right,NaN
8bh749b5p635490hik1pj40yd,Renaud,Emond,Renaud,Emond,NaN,R. Emond,Belgium,4wbzjcclyefma1ourvjsu4q2j,Attacker,player,1991-12-05,Belgium,4wbzjcclyefma1ourvjsu4q2j,active,yes,Virton,NaN,NaN,186.0,73.0,right,NaN
8qa4s74yhn2u9n5tm4mfi934k,Rune,Paeshuyse,Rune,Paeshuyse,NaN,R. Paeshuyse,Belgium,4wbzjcclyefma1ourvjsu4q2j,Defender,player,2002-03-28,Belgium,4wbzjcclyefma1ourvjsu4q2j,active,yes,NaN,NaN,NaN,187.0,79.0,right,NaN
94bgokq72drmf1a15aol9ez2s,Amadou,Keita,Amadou,Keita,NaN,A. Keita,Guinea,4i9sg55wigitrfx7290f59ceo,Midfielder,player,2001-10-28,Guinea,4i9sg55wigitrfx7290f59ceo,active,yes,Conakry,Belgium,4wbzjcclyefma1ourvjsu4q2j,170.0,78.0,right,NaN
94x11y9hqgv8i0presdqsq9ec,Matteo,Filorizzo,Matteo,Filorizzo,NaN,M. Filorizzo,Belgium,4wbzjcclyefma1ourvjsu4q2j,Attacker,player,2006-02-19,Belgium,4wbzjcclyefma1ourvjsu4q2j,active,yes,NaN,NaN,NaN,NaN,NaN,NaN,NaN
ag74mepy9fnmlykodxo0oxhwp,Brandon,Baiye,Brandon,Baiye,NaN,B. Baiye,Belgium,4wbzjcclyefma1ourvjsu4q2j,Midfielder,player,2000-12-27,Belgium,4wbzjcclyefma1ourvjsu4q2j,active,yes,Liège,NaN,NaN,177.0,75.0,right,NaN
bjmg69xipgocepwk89487klih,Jan,Gorenc,Jan,Gorenc,NaN,J. Gorenc,Slovenia,63vptz9g2ckqnnlxhd1oqn4xq,Defender,player,1999-07-26,Slovenia,63vptz9g2ckqnnlxhd1oqn4xq,active,yes,Brežice,NaN,NaN,192.0,85.0,right,NaN
c1grrjf29wtfgbni2qkydf9ey,Boris Luc,Lambert,Boris,Lambert,NaN,B. Lambert,Belgium,4wbzjcclyefma1ourvjsu4q2j,Defender,player,2000-04-10,Belgium,4wbzjcclyefma1ourvjsu4q2j,active,yes,Han-sur-Lesse,NaN,NaN,187.0,78.0,right,NaN
dadiwuzf33969g3808sdd9brp,Miloš,Pantović,Milos,Pantovic,NaN,M. Pantović,Serbia,5w4ve503bjdsshwx9ho6jxzx0,Midfielder,player,1996-07-07,Germany,36min0qztu8eydwvpv8t1is0m,active,yes,München,Germany,36min0qztu8eydwvpv8t1is0m,185.0,67.0,right,NaN
ditnpqgspoih5ich7c5vn44fe,Gary Jean,Magnée,Gary,Magnée,NaN,G. Magnée,Belgium,4wbzjcclyefma1ourvjsu4q2j,Midfielder,player,1999-10-12,Belgium,4wbzjcclyefma1ourvjsu4q2j,active,yes,NaN,NaN,NaN,175.0,67.0,right,NaN
dxnhp97vrepkx0kcr0d46yb1m,Teddy,Alloh,Teddy,Alloh,NaN,T. Alloh,France,7gww28djs405rfga69smki84o,Midfielder,player,2002-01-23,France,7gww28djs405rfga69smki84o,active,yes,Paris,Côte d'Ivoire,tin6kf561ywonqan0mettr98,176.0,67.0,left,NaN
15hz6qslu7ovyn56a5w57xhbd,Lennart,Mertens,Lennart,Mertens,NaN,L. Mertens,Belgium,4wbzjcclyefma1ourvjsu4q2j,Attacker,player,1992-08-14,Belgium,4wbzjcclyefma1ourvjsu4q2j,active,yes,NaN,NaN,NaN,NaN,NaN,NaN,NaN
16qat5vtngnl21zg5q7i4ij9,Mamadou,Koné,Mamadou,Koné,NaN,M. Koné,Côte d'Ivoire,tin6kf561ywonqan0mettr98,Attacker,player,1991-12-25,Côte d'Ivoire,tin6kf561ywonqan0mettr98,active,yes,Bingerville,NaN,NaN,176.0,69.0,right,NaN
1dpz2wyzessv6nm7ljivmd3h1,Gaëtan,Hendrickx,Gaëtan,Hendrickx,NaN,G. Hendrickx,Belgium,4wbzjcclyefma1ourvjsu4q2j,Midfielder,player,1995-03-30,Belgium,4wbzjcclyefma1ourvjsu4q2j,active,yes,Braine-l'Alleud,NaN,NaN,175.0,64.0,right,NaN
1ezai0a0n3xem17lwhtxwaml1,Tuur,Dierckx,Tuur,Dierckx,NaN,T. Dierckx,Belgium,4wbzjcclyefma1ourvjsu4q2j,Attacker,player,1995-05-09,Belgium,4wbzjcclyefma1ourvjsu4q2j,active,yes,Broechem,NaN,NaN,171.0,68.0,both,NaN
1mj34jka4vo6usp3amdkkqo6h,Guillaume Luc,De Schryver,Guillerme,De Schryver,NaN,G. De Schryver,Belgium,4wbzjcclyefma1ourvjsu4q2j,Midfielder,player,1996-11-04,Belgium,4wbzjcclyefma1ourvjsu4q2j,active,yes,NaN,NaN,NaN,NaN,NaN,NaN,NaN
2aoci58r7pgzm4unjl919yiuh,Laurent,Lemoine,Laurent,Lemoine,NaN,L. Lemoine,Belgium,4wbzjcclyefma1ourvjsu4q2j,Defender,player,1998-04-24,Belgium,4wbzjcclyefma1ourvjsu4q2j,active,yes,La Louvière,NaN,NaN,186.0,75.0,right,NaN
2pjdwst7uv0os05qmud2jy1as,Simon,Vervacke,Simon,Vervacke,NaN,S. Vervacke,Belgium,4wbzjcclyefma1ourvjsu4q2j,Goalkeeper,player,2006-09-10,Belgium,4wbzjcclyefma1ourvjsu4q2j,active,yes,NaN,NaN,NaN,NaN,NaN,NaN,NaN
3t4mkaeijdrid8dz888vj9905,Hernán Pablo,Losada,Hernán Pablo,Losada,NaN,H. Losada,Argentina,2vovxa97k7v7ofa85dah2xktb,NaN,coach,1982-05-09,Argentina,2vovxa97k7v7ofa85dah2xktb,active,yes,Buenos Aires,NaN,NaN,171.0,62.0,right,NaN
5kqtt06udrg6szweju31uq3h0,Ilian,Mhand Yamna,Ilian,Mhand,NaN,I. Mhand,Belgium,4wbzjcclyefma1ourvjsu4q2j,Midfielder,player,2005-05-24,Belgium,4wbzjcclyefma1ourvjsu4q2j,active,yes,NaN,NaN,NaN,NaN,NaN,NaN,NaN
5ro91qe7w0ll19h89xrwoslp1,Denys,Prychynenko,Denys,Prychynenko,NaN,D. Prychynenko,Ukraine,315w6fk6umfzf4qvba3t55u61,Defender,player,1992-02-17,Germany,36min0qztu8eydwvpv8t1is0m,active,yes,Potsdam,NaN,NaN,189.0,82.0,right,NaN
6gq17zkk60fc3eoxbrcli6hn9,William,Dutoit,William,Dutoit,NaN,W. Dutoit,France,7gww28djs405rfga69smki84o,Goalkeeper,player,1988-09-18,France,7gww28djs405rfga69smki84o,active,yes,Roncq,NaN,NaN,182.0,74.0,right,NaN
6lrk0f2sec9h1iiyp09i0hyh,Zakaria,Fdaouch,Zakaria,Fdaouch,NaN,Z. Fdaouch,France,7gww28djs405rfga69smki84o,Midfielder,player,1997-03-11,France,7gww28djs405rfga69smki84o,active,yes,Mont-de-Marsan,NaN,NaN,169.0,60.0,NaN,NaN
7ceiqebaaxkx71s8r4nq2tt2i,Ignacio,Mirás Blanco,Ignacio,Mirás Blanco,NaN,Nacho Mirás,Spain,49ih1pwv3ahshdf8uzrimi54c,Goalkeeper,player,1997-07-19,Spain,49ih1pwv3ahshdf8uzrimi54c,active,yes,Úbeda,NaN,NaN,186.0,75.0,NaN,Nacho Mirás
7tljmelgy111mwiwt4ls2vg0l,Alessio,Staelens,Alessio,Staelens,NaN,A. Staelens,Belgium,4wbzjcclyefma1ourvjsu4q2j,Midfielder,player,1994-07-30,Belgium,4wbzjcclyefma1ourvjsu4q2j,active,yes,NaN,NaN,NaN,NaN,NaN,NaN,NaN
809p5ayo3mk70kanvfz4lwa95,Jaime,Sierra Mateos,Jaime,Sierra,NaN,Jaime Sierra,Spain,49ih1pwv3ahshdf8uzrimi54c,Midfielder,player,1998-03-18,Spain,49ih1pwv3ahshdf8uzrimi54c,active,yes,Madrid,NaN,NaN,175.0,63.0,right,NaN
82f2tzwf96r3wvn6tilh6fl2i,Iker,Burgos López,Iker,Burgos,NaN,Iker Burgos,Spain,49ih1pwv3ahshdf8uzrimi54c,Attacker,player,2001-10-17,Spain,49ih1pwv3ahshdf8uzrimi54c,active,yes,Bilbao,NaN,NaN,186.0,77.0,NaN,NaN
8wklb78ij7tvpiunb2l0z74d1,Kenneth Jan,Schuermans,Kenneth,Schuermans,NaN,K. Schuermans,Belgium,4wbzjcclyefma1ourvjsu4q2j,Defender,player,1991-05-25,Belgium,4wbzjcclyefma1ourvjsu4q2j,active,yes,Genk,NaN,NaN,194.0,80.0,NaN,NaN
9knokmhy9zckjq0gv7txx9zsa,Dhoraso Moreo,Klas,Dhoraso,Klas,NaN,D. Klas,Suriname,31vay1njxmbs7vtbfp1wo2dx1,Midfielder,player,2001-01-30,Netherlands,6hzi5pltnz67q4la8yli9qfv6,active,yes,Amsterdam,Netherlands,6hzi5pltnz67q4la8yli9qfv6,181.0,67.0,right,NaN
9up3gdem613ij4w2ql59uhu51,Jellert,Van Landschoot,Jellert,Van Landschoot,NaN,J. Van Landschoot,Belgium,4wbzjcclyefma1ourvjsu4q2j,Attacker,player,1997-08-27,Belgium,4wbzjcclyefma1ourvjsu4q2j,active,yes,Bruges,NaN,NaN,183.0,57.0,left,NaN
ak4jcnxe7idd2zmhp4c202g44,Mohamed,Sayfdine,Mohamed,Sayfdine,NaN,M. Sayfdine,Belgium,4wbzjcclyefma1ourvjsu4q2j,Defender,player,2003-03-01,Belgium,4wbzjcclyefma1ourvjsu4q2j,active,yes,NaN,NaN,NaN,175.0,NaN,right,NaN
bbfik88f06qjcgjr7ixu3fhex,Gonzalo Francisco,Almenara Hernández,Gonzalo Hernandez,Almenara,NaN,Gonzalo Almenara,Spain,49ih1pwv3ahshdf8uzrimi54c,Defender,player,1997-05-17,Spain,49ih1pwv3ahshdf8uzrimi54c,active,yes,Algeciras,NaN,NaN,174.0,72.0,NaN,Gonzalo Almenara
blxyd9jua1a50entscz1kn5qt,Steve Danny Marc,De Ridder,Steve,De Ridder,NaN,S. De Ridder,Belgium,4wbzjcclyefma1ourvjsu4q2j,Midfielder,player,1987-02-25,Belgium,4wbzjcclyefma1ourvjsu4q2j,active,yes,Gent,NaN,NaN,179.0,73.0,right,NaN
cngalnjef9grrkkc3hrk6fyz9,Thibaut,Van Acker,Thibaut,Van Acker,NaN,T. Van Acker,Belgium,4wbzjcclyefma1ourvjsu4q2j,Midfielder,player,1991-11-21,Belgium,4wbzjcclyefma1ourvjsu4q2j,active,yes,Merendree,NaN,NaN,183.0,63.0,right,NaN
dnovf1u4bk2fk1b9p5twynt1x,Christophe,Janssens,Christophe,Janssens,NaN,C. Janssens,Belgium,4wbzjcclyefma1ourvjsu4q2j,Defender,player,1998-03-09,Belgium,4wbzjcclyefma1ourvjsu4q2j,active,yes,NaN,NaN,NaN,182.0,79.0,left,NaN
e5icndlb2s0xaz1w4sknugqvo,Andreas,Spegelaere,Andreas,Spegelaere,NaN,A. Spegelaere,Belgium,4wbzjcclyefma1ourvjsu4q2j,Defender,player,2003-02-02,Belgium,4wbzjcclyefma1ourvjsu4q2j,active,yes,NaN,NaN,NaN,NaN,NaN,NaN,NaN
esuji6spfq3ho5ge0zc31c93o,Dries,Arfaoui,Dries,Arfaoui,NaN,D. Arfaoui,Tunisia,2um1icx6ftp1auliaxyw0ou6y,Goalkeeper,player,2004-11-23,Belgium,4wbzjcclyefma1ourvjsu4q2j,active,yes,NaN,Belgium,4wbzjcclyefma1ourvjsu4q2j,NaN,NaN,NaN,NaN
etw7c7lcxybykgw9a9jr29p05,Jannes,Vansteenkiste,Jannes,Vansteenkiste,NaN,J. Vansteenkiste,Belgium,4wbzjcclyefma1ourvjsu4q2j,Defender,player,1993-02-17,Belgium,4wbzjcclyefma1ourvjsu4q2j,active,yes,Lendelede,NaN,NaN,175.0,68.0,left,NaN
11lkzth28raolomw3l3rlvsdm,Arne,Cassaert,Arne,Cassaert,NaN,A. Cassaert,Belgium,4wbzjcclyefma1ourvjsu4q2j,Defender,player,2000-11-20,Belgium,4wbzjcclyefma1ourvjsu4q2j,active,yes,Torhout,NaN,NaN,NaN,NaN,NaN,NaN
1kzkfygfq1v0gkp1mg376vj6d,Simon Jo,Vermeiren,Simon,Vermeiren,NaN,S. Vermeiren,Belgium,4wbzjcclyefma1ourvjsu4q2j,Attacker,player,1990-12-22,Belgium,4wbzjcclyefma1ourvjsu4q2j,active,yes,Leuven,NaN,NaN,NaN,NaN,NaN,NaN
2mx9xgoht1ilcopfvxnfj54gl,Olivier,Myny,Oliver,Myny,NaN,O. Myny,Belgium,4wbzjcclyefma1ourvjsu4q2j,Attacker,player,1994-11-10,Belgium,4wbzjcclyefma1ourvjsu4q2j,active,yes,Zwevegem,NaN,NaN,178.0,67.0,right,NaN
3kv77f7xcirm42mhdacmsdyol,Toon,Janssen,Toon,Janssen,NaN,T. Janssen,Belgium,4wbzjcclyefma1ourvjsu4q2j,Midfielder,player,1996-04-10,Belgium,4wbzjcclyefma1ourvjsu4q2j,active,yes,NaN,NaN,NaN,NaN,NaN,NaN,NaN
3opjz43dwtzpi4v0zhuo1d9ii,Gil,Van Moerzeke,Gil Van,Moerzeke,NaN,G. Van Moerzeke,Belgium,4wbzjcclyefma1ourvjsu4q2j,Attacker,player,1998-01-28,Belgium,4wbzjcclyefma1ourvjsu4q2j,active,yes,Sint-Niklaas,NaN,NaN,190.0,73.0,right,NaN
42935tbgedj484bz9d1nf4slx,Jelle,Merckx,Jelle,Merckx,NaN,J. Merckx,Belgium,4wbzjcclyefma1ourvjsu4q2j,Goalkeeper,player,1992-01-02,Belgium,4wbzjcclyefma1ourvjsu4q2j,active,yes,NaN,NaN,NaN,NaN,NaN,NaN,NaN
5gakjh4aprg6ixqdcarc7r3oq,Jeovanni Samuel,Dianganga,Jeovanni,Dianganga,NaN,J. Dianganga,Belgium,4wbzjcclyefma1ourvjsu4q2j,Defender,player,1999-10-15,Belgium,4wbzjcclyefma1ourvjsu4q2j,active,yes,NaN,NaN,NaN,NaN,NaN,NaN,NaN
6kc7164s3c8gundfxkhwkq68k,Allan,Tshimanga,Allan,Tshimanga,NaN,A. Tshimanga,Belgium,4wbzjcclyefma1ourvjsu4q2j,Midfielder,player,2001-09-05,Belgium,4wbzjcclyefma1ourvjsu4q2j,active,yes,NaN,NaN,NaN,NaN,NaN,NaN,NaN
6owsdu4nhqcy0d0fdxq7fdwix,Sebastiaan,Brebels,Sebastiaan,Brebels,NaN,S. Brebels,Belgium,4wbzjcclyefma1ourvjsu4q2j,Midfielder,player,1995-05-05,Belgium,4wbzjcclyefma1ourvjsu4q2j,active,yes,Aalst,NaN,NaN,NaN,NaN,right,NaN
6viy8griy5m0u5zpzlxvvryi2,Zakari Junior,Lambo,Zakari Junior,Lambo,NaN,Z. Lambo,Niger,1mhgvne4pkksmt32259xg7vec,Attacker,player,1999-01-19,Belgium,4wbzjcclyefma1ourvjsu4q2j,active,yes,NaN,NaN,NaN,178.0,NaN,right,NaN
7c42mdjmm3rfigswnzla367f8,Thiebe,Van Elsuwege,Thiebe,Van Elsuwege,NaN,T. Elsuwege,Belgium,4wbzjcclyefma1ourvjsu4q2j,Midfielder,player,2006-04-02,Belgium,4wbzjcclyefma1ourvjsu4q2j,active,yes,NaN,NaN,NaN,NaN,NaN,NaN,NaN
82jg6wh4lqd48dssz1i7cihre,Sam,Van Aerschot,Sam,Van Aerschot,NaN,S. Van Aerschot,Belgium,4wbzjcclyefma1ourvjsu4q2j,Attacker,player,1995-12-29,Belgium,4wbzjcclyefma1ourvjsu4q2j,active,yes,NaN,NaN,NaN,NaN,NaN,NaN,NaN
8xomubp7ld4znauexyx3808vd,Jonas,Vinck,Jonas,Vinck,NaN,J. Vinck,Belgium,4wbzjcclyefma1ourvjsu4q2j,Defender,player,1995-10-25,Belgium,4wbzjcclyefma1ourvjsu4q2j,active,yes,NaN,NaN,NaN,179.0,NaN,right,NaN
a11g4xik1l60k3xmxm38ahst0,Yari,Brachet,Yari,Brachet,NaN,Y. Brachet,Belgium,4wbzjcclyefma1ourvjsu4q2j,Attacker,player,2003-04-04,Belgium,4wbzjcclyefma1ourvjsu4q2j,active,yes,NaN,NaN,NaN,NaN,NaN,NaN,NaN
ahgi2qqq70mxwt1k5j7gzivv9,Mohamed,Sy Soumaré,Mohamed,Soumaré,NaN,M. Soumaré,Belgium,4wbzjcclyefma1ourvjsu4q2j,Attacker,player,1996-06-25,Guinea,4i9sg55wigitrfx7290f59ceo,active,yes,Conakry,NaN,NaN,175.0,72.0,right,NaN
apvfzygbj4g6hfdop4vrbavh1,Soufiane,El Banouhi,Soufiane,El Banouhi,NaN,S. El Banouhi,Belgium,4wbzjcclyefma1ourvjsu4q2j,Defender,player,1992-07-26,Belgium,4wbzjcclyefma1ourvjsu4q2j,active,yes,Brussels,NaN,NaN,178.0,NaN,right,NaN
b5t0onw40pfg49l85qflidjo,Fousseni,Ouro-Sama,Fousseni,Ouro-Sama,NaN,F. Ouro-Sama,Belgium,4wbzjcclyefma1ourvjsu4q2j,Attacker,player,2003-11-22,Belgium,4wbzjcclyefma1ourvjsu4q2j,active,yes,NaN,NaN,NaN,NaN,NaN,NaN,NaN
b99dzpwpo56w4pdffyk4gn190,Robbe,Wielandt,Robbe,Wielandt,NaN,R. Wielandt,Belgium,4wbzjcclyefma1ourvjsu4q2j,Midfielder,player,2005-04-27,Belgium,4wbzjcclyefma1ourvjsu4q2j,active,yes,NaN,NaN,NaN,NaN,NaN,NaN,NaN
bdtl2zd3xpjuf2qlooenvj76c,Cederick,Van Daele,Cederick,Van Daele,NaN,C. Van Daele,Belgium,4wbzjcclyefma1ourvjsu4q2j,Defender,player,2000-08-25,Belgium,4wbzjcclyefma1ourvjsu4q2j,active,yes,NaN,NaN,NaN,177.0,63.0,left,NaN
c84u47w1mc6glo4ol6qq22bjd,Brent Georges,Gabriël,Brent,Gabriël,NaN,B. Gabriël,Belgium,4wbzjcclyefma1ourvjsu4q2j,Goalkeeper,player,1999-01-27,Belgium,4wbzjcclyefma1ourvjsu4q2j,active,yes,Sint-Niklaas,NaN,NaN,190.0,NaN,NaN,NaN
cddqece8gcqhcdzcxsi1c9n9,Hans,Cornelis,Hans,Cornelis,NaN,H. Cornelis,Belgium,4wbzjcclyefma1ourvjsu4q2j,NaN,coach,1982-10-13,Belgium,4wbzjcclyefma1ourvjsu4q2j,active,yes,Eeklo,NaN,NaN,179.0,72.0,right,NaN
cffw0hnu19vpp3hslpbwcsx2i,Naïm,Boujouh,Naim,Boujouh,NaN,N. Boujouh,Belgium,4wbzjcclyefma1ourvjsu4q2j,Defender,player,1996-10-01,Belgium,4wbzjcclyefma1ourvjsu4q2j,active,yes,NaN,NaN,NaN,NaN,NaN,NaN,NaN
d3sfqkl4yxi521imnnsq69m38,Yassin,Ben Omar,Yassin,Ben Omar,NaN,Y. Ben Omar,Belgium,4wbzjcclyefma1ourvjsu4q2j,Attacker,player,1999-03-25,Belgium,4wbzjcclyefma1ourvjsu4q2j,active,yes,NaN,NaN,NaN,NaN,NaN,NaN,NaN
d8jnxwfl30abtdkxnqm9uy32s,Robbie Etienne,Van Hauter,Robbie,Van Hauter,NaN,R. Van Hauter,Belgium,4wbzjcclyefma1ourvjsu4q2j,Midfielder,player,2003-05-31,Belgium,4wbzjcclyefma1ourvjsu4q2j,active,yes,NaN,NaN,NaN,167.0,NaN,right,NaN
etq6ej0ef3e6twwfgdub15ap6,Alexis Thierry,Calant,Alexis,Calant,NaN,A. Calant,France,7gww28djs405rfga69smki84o,Defender,player,1997-02-17,France,7gww28djs405rfga69smki84o,active,yes,NaN,NaN,NaN,NaN,NaN,NaN,NaN
mzrka1w28qc7vgr5xmcngqg9,Indy,Zeb Boonen,Indy,Boonen,NaN,I. Boonen,Belgium,4wbzjcclyefma1ourvjsu4q2j,Midfielder,player,1999-01-04,Belgium,4wbzjcclyefma1ourvjsu4q2j,active,yes,Dilsen,NaN,NaN,177.0,71.0,left,NaN
1o71aqpo7k2dqhwpgwvgkxq1g,Maksim,Kireev,Maksim,Kireev,Male,M. Kireev,Belarus,2vn7xzv9g752y1h5ufjzr27i8,Midfielder,player,2004-07-09,Belarus,2vn7xzv9g752y1h5ufjzr27i8,active,yes,NaN,NaN,NaN,NaN,NaN,NaN,NaN
1s3eozmihytb2dzbkhwf5p4np,Glenn,Claes,Glenn,Claes,Male,G. Claes,Belgium,4wbzjcclyefma1ourvjsu4q2j,Midfielder,player,1994-03-08,Belgium,4wbzjcclyefma1ourvjsu4q2j,active,yes,Lier,NaN,NaN,179.0,62.0,both,NaN
1x06lao11mw2wao2qk658mf6y,Emmanuel,Matuta La Nkenda Nosa,Emmanuel,Matuta,Male,E. Matuta,Belgium,4wbzjcclyefma1ourvjsu4q2j,Midfielder,player,2002-02-22,Belgium,4wbzjcclyefma1ourvjsu4q2j,active,yes,Mechelen,NaN,NaN,177.0,78.0,both,NaN
245vfdkls3ky1r384cdma6fis,Hugo,Masaki Muadi-Dado,Hugo,Masaki,Male,H. Masaki,Belgium,4wbzjcclyefma1ourvjsu4q2j,Attacker,player,2004-05-30,Belgium,4wbzjcclyefma1ourvjsu4q2j,active,yes,NaN,NaN,NaN,190.0,NaN,left,NaN
36u3tovqdi3885wk3139wczfu,Luc,Marijnissen,Luc,Marijnissen,Male,L. Marijnissen,Netherlands,6hzi5pltnz67q4la8yli9qfv6,Defender,player,2003-01-09,Netherlands,6hzi5pltnz67q4la8yli9qfv6,active,yes,Roosendaal,NaN,NaN,182.0,79.0,NaN,NaN
36v0zb761rfywb2em9fwrcsgk,Noah,Hartmann,Noah,Hartmann,Male,N. Hartmann,Belgium,4wbzjcclyefma1ourvjsu4q2j,Attacker,player,2005-09-03,Belgium,4wbzjcclyefma1ourvjsu4q2j,active,yes,NaN,NaN,NaN,175.0,NaN,right,NaN
389l5vu05vvucpbz8t31pxo9g,Dirk Junior,Asare,Dirk,Asare,Male,D. Asare,Belgium,4wbzjcclyefma1ourvjsu4q2j,Midfielder,player,2004-07-04,Belgium,4wbzjcclyefma1ourvjsu4q2j,active,yes,NaN,Ghana,2q2sw72utw5gu9t5y4knckwba,180.0,70.0,right,NaN
4qvf8tffqwt7cxwgpri3kpk6i,Niklo,Dailly,Niklo,Dailly,Male,N. Dailly,Belgium,4wbzjcclyefma1ourvjsu4q2j,Attacker,player,2001-11-06,Belgium,4wbzjcclyefma1ourvjsu4q2j,active,yes,NaN,NaN,NaN,185.0,NaN,right,NaN
4tgjdo154fe75ajp408eskn4k,Sam,Vanderhallen,Sam,Vanderhallen,Male,S. Vanderhallen,Belgium,4wbzjcclyefma1ourvjsu4q2j,Defender,player,2004-01-12,Belgium,4wbzjcclyefma1ourvjsu4q2j,active,yes,NaN,NaN,NaN,NaN,NaN,NaN,NaN
56ahrnqrgkzaxdn5ooc5ucqtx,Jens,Teunckens,Jens,Teunckens,Male,J. Teunckens,Belgium,4wbzjcclyefma1ourvjsu4q2j,Goalkeeper,player,1998-01-30,Belgium,4wbzjcclyefma1ourvjsu4q2j,active,yes,Geel,NaN,NaN,186.0,76.0,right,NaN
5l64r1r92gcwxr84ogi8mp0id,Nicolas,Van Kerckhoven,Nico,Van Kerckhoven,Male,N. Van Kerckhoven,Belgium,4wbzjcclyefma1ourvjsu4q2j,NaN,assistant coach,1970-12-14,Belgium,4wbzjcclyefma1ourvjsu4q2j,active,yes,Lier,NaN,NaN,190.0,81.0,left,NaN
5y0sayx6vitxvr3sddniibqhh,Christophe,Grégoire,Christophe,Grégoire,Male,C. Grégoire,Belgium,4wbzjcclyefma1ourvjsu4q2j,NaN,coach,1980-04-20,Belgium,4wbzjcclyefma1ourvjsu4q2j,active,yes,Liège,NaN,NaN,187.0,70.0,NaN,NaN
6z1isgjrlx4gbcjp5ekawdi39,Pietro,Perdichizzi,Pietro,Perdichizzi,Male,P. Perdichizzi,Belgium,4wbzjcclyefma1ourvjsu4q2j,Defender,player,1992-12-16,Belgium,4wbzjcclyefma1ourvjsu4q2j,active,yes,Charleroi,Italy,25f2cmb2r8mk5rj92tzer6kvv,182.0,74.0,right,NaN
7g6lbdmw4uevst4dry3shimay,Brent,Laes,Brent,Laes,Male,B. Laes,Belgium,4wbzjcclyefma1ourvjsu4q2j,Defender,player,2000-04-18,Belgium,4wbzjcclyefma1ourvjsu4q2j,active,yes,NaN,NaN,NaN,NaN,NaN,NaN,NaN
7l4xvcejmxy212ajhigbcsrje,Victor,Daguin,Victor,Daguin,Male,V. Daguin,France,7gww28djs405rfga69smki84o,Midfielder,player,2000-03-08,France,7gww28djs405rfga69smki84o,active,yes,Nantes,NaN,NaN,185.0,NaN,right,NaN
8m0slcfeyhx0yl7oihs7tuz2s,Tiago,Vermeulen,Tiago,Vermeulen,Male,T. Vermeulen,Belgium,4wbzjcclyefma1ourvjsu4q2j,Attacker,player,2008-06-14,Belgium,4wbzjcclyefma1ourvjsu4q2j,active,yes,NaN,Philippines,2bn52u7dpgfatwqumx224cczx,172.0,NaN,right,NaN
9p5afumq5prtxuq277j2sjl78,Samih,El Touile,Samih,El Touile,Male,S. El Touile,Belgium,4wbzjcclyefma1ourvjsu4q2j,Attacker,player,2004-05-28,Belgium,4wbzjcclyefma1ourvjsu4q2j,active,yes,NaN,NaN,NaN,174.0,60.0,right,NaN
a2r7b642vp8zhpxhp3fnhlzx0,Lennard,Leyssens,Lennard,Leyssens,Male,L. Leyssens,Belgium,4wbzjcclyefma1ourvjsu4q2j,Goalkeeper,player,2006-10-17,Belgium,4wbzjcclyefma1ourvjsu4q2j,active,yes,NaN,NaN,NaN,NaN,NaN,NaN,NaN
aax4cgpd9gm3zf6bgcv164t1w,Christophe Beni,Mpanzu,Beni,Mpanzu,Male,C. Mpanzu,Belgium,4wbzjcclyefma1ourvjsu4q2j,Defender,player,NaN,Belgium,4wbzjcclyefma1ourvjsu4q2j,active,yes,NaN,NaN,NaN,NaN,NaN,NaN,NaN
bjwge1e002y6i1zo230oktlhw,Pieter Steven,De Schrijver,Pieter,De Schrijver,Male,P. De Schrijver,Belgium,4wbzjcclyefma1ourvjsu4q2j,Defender,player,2000-09-07,Belgium,4wbzjcclyefma1ourvjsu4q2j,active,yes,NaN,NaN,NaN,NaN,NaN,NaN,NaN
brymnus2aisah3pazq92y02dw,Ousmane,Sow,Ousmane,Sow,Male,O. Sow,France,7gww28djs405rfga69smki84o,Attacker,player,2000-10-20,France,7gww28djs405rfga69smki84o,active,yes,NaN,NaN,NaN,NaN,NaN,NaN,NaN
cclqq6kcvqz5zvxbzt62dyolw,Aske,Sampers,Aske,Sampers,Male,A. Sampers,Belgium,4wbzjcclyefma1ourvjsu4q2j,Attacker,player,2001-05-20,Belgium,4wbzjcclyefma1ourvjsu4q2j,active,yes,NaN,NaN,NaN,184.0,68.0,right,NaN
cogytf2z31jx4f1kr9gmuslm2,Bryan,Adinany,Bryan,Adinany,Male,B. Adinany,Comoros,40fy8dkxp9lwfufwmbnctzlz6,Attacker,player,2000-03-13,France,7gww28djs405rfga69smki84o,active,yes,Marseille,France,7gww28djs405rfga69smki84o,187.0,75.0,right,NaN
d470k4286zjy5mjvrs5if6hg5,Mamadou Obbi,Oularé,Obbi,Oularé,Male,O. Oularé,Belgium,4wbzjcclyefma1ourvjsu4q2j,Attacker,player,1996-01-08,Belgium,4wbzjcclyefma1ourvjsu4q2j,active,yes,Waregem,NaN,NaN,196.0,94.0,right,NaN
di4t8degvfr83cmcso19mwcfd,Jarno,De Smet,Jarn,De Smet,Male,J. De Smet,Belgium,4wbzjcclyefma1ourvjsu4q2j,Goalkeeper,player,1999-02-05,Belgium,4wbzjcclyefma1ourvjsu4q2j,active,yes,NaN,NaN,NaN,186.0,80.0,left,NaN
iexm93yyblnrtx8d6rqqrdux,Viktor Luc,Boone,Viktor,Boone,Male,V. Boone,Belgium,4wbzjcclyefma1ourvjsu4q2j,Defender,player,1998-01-25,Belgium,4wbzjcclyefma1ourvjsu4q2j,active,yes,NaN,NaN,NaN,NaN,NaN,NaN,NaN
139u9uuuwl5q7fm4180nr8idw,Jhon Andersson,Banguera Riascos,Jhon,Banguera,Male,J. Banguera,Colombia,6kby8rq1p01fg5ds38ckkrcs5,Defender,player,2004-04-03,Colombia,6kby8rq1p01fg5ds38ckkrcs5,active,yes,Buenaventura,NaN,NaN,192.0,86.0,NaN,NaN
13xpvf1e5tpu9ia9tb1g7wqok,Nils,Nieki,Nils,Nieki,Male,N. Nieki,Belgium,4wbzjcclyefma1ourvjsu4q2j,Midfielder,player,2004-05-13,Belgium,4wbzjcclyefma1ourvjsu4q2j,active,yes,NaN,NaN,NaN,NaN,NaN,NaN,NaN
1hu3iacu14vimpwmzs42rpnh0,Zalán,Vancsa,Zalán,Vancsa,Male,Z. Vancsa,Hungary,1vy5vlux7mj2r7r9ktd71hhpo,Attacker,player,2004-10-27,Hungary,1vy5vlux7mj2r7r9ktd71hhpo,active,yes,NaN,NaN,NaN,NaN,NaN,NaN,NaN
21cvvr6mbwvntz8nl4omiff85,Stijn,Wuytens,Stijn,Wuytens,Male,S. Wuytens,Belgium,4wbzjcclyefma1ourvjsu4q2j,Defender,player,1989-10-08,Belgium,4wbzjcclyefma1ourvjsu4q2j,active,yes,Eksel,NaN,NaN,183.0,74.0,left,NaN
27oqrenibu7guji4mwcm4k8wk,Matthias,Pieklak,Matthias,Pieklak,Male,M. Pieklak,Belgium,4wbzjcclyefma1ourvjsu4q2j,Goalkeeper,player,2006-09-14,Belgium,4wbzjcclyefma1ourvjsu4q2j,active,yes,NaN,NaN,NaN,193.0,93.0,NaN,NaN
2czdtvqp0392800x9fkek0hjp,Stephen Andrew,Bould,Steve,Bould,Male,S. Bould,England,1fk5l4hkqk12i7zske6mcqju6,NaN,coach,1962-11-16,England,1fk5l4hkqk12i7zske6mcqju6,active,yes,Stoke-on-Trent,NaN,NaN,193.0,89.0,right,NaN
4v4apt20bba429lme218ksiui,Yeboah,Amankwah,Yeboah,Amankwah,Male,Y. Amankwah,Ghana,2q2sw72utw5gu9t5y4knckwba,Defender,player,2000-10-19,England,1fk5l4hkqk12i7zske6mcqju6,active,yes,London,NaN,NaN,190.0,74.0,right,NaN
55jvap32n5fyo5ru37nb706xg,Mathise,Reumers,Mathise,Reumers,Male,M. Reumers,Belgium,4wbzjcclyefma1ourvjsu4q2j,Attacker,player,2001-06-11,Belgium,4wbzjcclyefma1ourvjsu4q2j,active,yes,NaN,NaN,NaN,NaN,NaN,NaN,NaN
6cbb70pk6oeeweqp20se11pwq,Jesper Mikael,Tolinsson,Jesper,Tolinsson,Male,J. Tolinsson,Sweden,1z6l2c33w2kyz9rdefs1d68nb,Defender,player,2003-02-28,Sweden,1z6l2c33w2kyz9rdefs1d68nb,active,yes,NaN,NaN,NaN,NaN,NaN,NaN,NaN
6m85ntwegbkk9zkodmxka76dw,Dermane,Karim,Dermane,Karim,Male,D. Karim,Togo,3jiuckrqd0zejkm452st5dyq7,Midfielder,player,2003-12-26,Togo,3jiuckrqd0zejkm452st5dyq7,active,yes,NaN,NaN,NaN,NaN,NaN,NaN,NaN
7v2xvz7ukwshhry3icu0tah62,Kluiverth Miguel,Aguilar Díaz,Kluiverth,Aguilar,Male,K. Aguilar,Peru,2uib9hdovpcye4re2l3omr4dl,Defender,player,2003-05-05,Peru,2uib9hdovpcye4re2l3omr4dl,active,yes,Lima,NaN,NaN,180.0,76.0,right,NaN
7y2fbdkqsz35hgsib6rail1hx,Igor,Mavuba Vetokele,Igor,Vetokele,Male,Igor Vetokele,Angola,3k53bkrjx5zsxchc6e3mcd834,Attacker,player,1992-03-23,Belgium,4wbzjcclyefma1ourvjsu4q2j,active,yes,Oostende,NaN,NaN,173.0,68.0,right,NaN
8gd9jid1ta3z4cdvj2t0la6tw,Henry,Oware,Henry,Oware,Male,H. Oware,Ghana,2q2sw72utw5gu9t5y4knckwba,Defender,player,2004-04-01,Ghana,2q2sw72utw5gu9t5y4knckwba,active,yes,NaN,NaN,NaN,NaN,NaN,NaN,NaN
8tljgz58qdudswm7ct5xwjl78,Théo,Pene Mununga,Théo,Mununga,Male,T. Mununga,Belgium,4wbzjcclyefma1ourvjsu4q2j,Midfielder,player,2007-01-23,Belgium,4wbzjcclyefma1ourvjsu4q2j,active,yes,NaN,NaN,NaN,NaN,NaN,NaN,NaN
9svafwvk8lle1ex1m2y279905,Dries,Wouters,Dries,Wouters,Male,D. Wouters,Belgium,4wbzjcclyefma1ourvjsu4q2j,Midfielder,player,1997-01-28,Belgium,4wbzjcclyefma1ourvjsu4q2j,active,yes,Tongeren,NaN,NaN,191.0,80.0,left,NaN
9waku6qeyp3on6xum86g0igwk,Álvaro,Santos Correa,Álvaro,Santos,Male,Álvaro Santos,Spain,49ih1pwv3ahshdf8uzrimi54c,Defender,player,2005-01-01,Spain,49ih1pwv3ahshdf8uzrimi54c,active,yes,Marín,NaN,NaN,NaN,NaN,NaN,NaN
af2wh4rkc0afejo4au39ebyms,Toon,Franssen,Toon,Franssen,Male,T. Franssen,Belgium,4wbzjcclyefma1ourvjsu4q2j,Midfielder,player,2006-01-18,Belgium,4wbzjcclyefma1ourvjsu4q2j,active,yes,NaN,NaN,NaN,NaN,NaN,NaN,NaN
b24gg9dfzg3mxk56nkmw3z4t0,Livio,Cicero,Livio,Cicero,Male,L. Cicero,Belgium,4wbzjcclyefma1ourvjsu4q2j,Midfielder,player,2006-03-13,Belgium,4wbzjcclyefma1ourvjsu4q2j,active,yes,NaN,NaN,NaN,174.0,NaN,right,NaN
b4vfyfmx1g8bex4qfn25vl2ei,Ibrahima,Kébé,Ibrahima,Kébé,Male,I. Kébé,Mali,d0v29nncgikdswlxpdq553zz,Midfielder,player,2000-08-02,Mali,d0v29nncgikdswlxpdq553zz,active,yes,NaN,NaN,NaN,180.0,78.0,right,NaN
bm84vvnusrkzgt4pns7imfeok,Bas,Weckhuysen,Bas,Weckhuysen,Male,B. Weckhuysen,Belgium,4wbzjcclyefma1ourvjsu4q2j,Midfielder,player,2005-01-12,Belgium,4wbzjcclyefma1ourvjsu4q2j,active,yes,NaN,NaN,NaN,NaN,NaN,NaN,NaN
bu1vwtnfwlrumgi98mycdlgyc,Lars,Neyens,Lars,Neyens,Male,L. Neyens,Belgium,4wbzjcclyefma1ourvjsu4q2j,Midfielder,player,2003-12-26,Belgium,4wbzjcclyefma1ourvjsu4q2j,active,yes,NaN,NaN,NaN,NaN,NaN,NaN,NaN
ckkiaimo82fod6lezexdkafh1,Vladan,Kujović,Vladan,Kujovic,Male,V. Kujović,Serbia,5w4ve503bjdsshwx9ho6jxzx0,NaN,assistant coach,1978-08-23,Serbia,5w4ve503bjdsshwx9ho6jxzx0,active,yes,Niš,NaN,NaN,185.0,81.0,right,NaN
cmvd2rnp22e1c5cgf6lw2cxec,Sam,de Grand,Sam,de Grand,Male,S. de Grand,Netherlands,6hzi5pltnz67q4la8yli9qfv6,Defender,player,2004-10-05,Netherlands,6hzi5pltnz67q4la8yli9qfv6,active,yes,NaN,NaN,NaN,NaN,NaN,left,NaN
cs8chviezq7sr6ox9y5wuzo16,Peter,van der Veen,Peter,van der Veen,Male,P. van der Veen,Netherlands,6hzi5pltnz67q4la8yli9qfv6,NaN,assistant coach,1972-06-28,Netherlands,6hzi5pltnz67q4la8yli9qfv6,active,yes,NaN,NaN,NaN,NaN,NaN,NaN,NaN
d08k8d5fytf3yl4fb6n2f76z8,Faniel Temesgen,Tewelde,Faniel,Tewelde,Male,F. Tewelde,Norway,7f16iy4w8u8ogyn6pfooqwv5z,Attacker,player,2006-09-09,Norway,7f16iy4w8u8ogyn6pfooqwv5z,active,yes,NaN,NaN,NaN,NaN,NaN,NaN,NaN
e51mdys5vrlra4novokxw8i96,Nikola,Ivezić,Nikola,Ivezic,Male,N. Ivezić,Montenegro,1411jebgwo2ja1erogsq81lg9,Goalkeeper,player,2003-04-01,Montenegro,1411jebgwo2ja1erogsq81lg9,active,yes,NaN,NaN,NaN,NaN,NaN,NaN,NaN
ebbbhg19k853x5cxjlr6ubevo,Tsoanelo,Letsosa,Tsoanelo,Letsosa,Male,T. Letsosa,Scotland,1xf68d0a8lnnq30hnnn8kr6ut,Midfielder,player,2004-06-06,Scotland,1xf68d0a8lnnq30hnnn8kr6ut,active,yes,NaN,NaN,NaN,NaN,NaN,NaN,NaN
ed3egpysg5a7t04vax6dxqs5w,Leon,Lalić,Leon,Lalic,Male,L. Lalić,Croatia,37hlakrwxyuzovaeoo4sezusp,Midfielder,player,2006-01-23,Austria,hcs1bd49qliqqity6o268jyt,active,yes,NaN,NaN,NaN,NaN,NaN,NaN,NaN
enas42jhp8o60ai97refiv7kk,Daniel,Negry-McGrath,Daniel,McGrath,Male,D. Negry-McGrath,Republic of Ireland,63nepb66un7juhglo2g6rezcl,Midfielder,player,2006-01-28,Republic of Ireland,63nepb66un7juhglo2g6rezcl,active,yes,NaN,NaN,NaN,173.0,NaN,both,NaN
etv71frsyado4q82acsax9n2s,Yvann,Titi,Yvann,Titi,Male,Y. Titi,France,7gww28djs405rfga69smki84o,Defender,player,2006-05-05,France,7gww28djs405rfga69smki84o,active,yes,Strasbourg,Angola,3k53bkrjx5zsxchc6e3mcd834,188.0,76.0,right,NaN
lp9kyx4408kpoey40zv9mga1,Jari,De Busser,Jari,De Busser,Male,J. De Busser,Belgium,4wbzjcclyefma1ourvjsu4q2j,Goalkeeper,player,1999-10-21,Belgium,4wbzjcclyefma1ourvjsu4q2j,active,yes,NaN,NaN,NaN,190.0,NaN,both,NaN
sbxnlkg50itbqkpuh8wnwk45,Lucas,Schoofs,Lucas,Schoofs,Male,L. Schoofs,Belgium,4wbzjcclyefma1ourvjsu4q2j,Midfielder,player,1997-01-03,Belgium,4wbzjcclyefma1ourvjsu4q2j,active,yes,Koersel,NaN,NaN,186.0,66.0,right,NaN
tgu7kztdu9azmvirwu8rrip6,Koki,Saito,Koki,Saito,Male,K. Saito,Japan,lxyibh89lpdc0bfian1nx0xq,Attacker,player,2001-08-10,Japan,lxyibh89lpdc0bfian1nx0xq,active,yes,Kanagawa,NaN,NaN,170.0,69.0,both,NaN
2slqpfuj47jk0x7i44a2m9ld6,Vicky,Junior Kiankaulua,Vicky,Kiankaulua,Male,V. Kiankaulua,France,7gww28djs405rfga69smki84o,Attacker,player,2001-08-03,France,7gww28djs405rfga69smki84o,active,yes,NaN,NaN,NaN,185.0,73.0,NaN,NaN
3au11svam2tjvdcj0gqc16yfp,Jordi,Belin,Jordi,Belin,Male,J. Belin,Belgium,4wbzjcclyefma1ourvjsu4q2j,Goalkeeper,player,1995-07-13,Belgium,4wbzjcclyefma1ourvjsu4q2j,active,yes,NaN,NaN,NaN,NaN,NaN,NaN,NaN
3ud171mmlfs8apgm69vppuot0,Gian,Geladé,Gian,Geladé,Male,G. Geladé,Belgium,4wbzjcclyefma1ourvjsu4q2j,Goalkeeper,player,2000-09-23,Belgium,4wbzjcclyefma1ourvjsu4q2j,active,yes,NaN,NaN,NaN,NaN,NaN,NaN,NaN
43by1oz9xlzaluouc0qcgv6ga,Elisha Bruce,Sam,Elisha,Sam,Male,E. Sam,Belgium,4wbzjcclyefma1ourvjsu4q2j,Attacker,player,1997-03-31,Belgium,4wbzjcclyefma1ourvjsu4q2j,active,yes,Antwerpen,NaN,NaN,195.0,84.0,NaN,NaN
458va3q5no6wvf93pq7qhhplh,Stijn,Stijnen,Stijn,Stijnen,Male,S. Stijnen,Belgium,4wbzjcclyefma1ourvjsu4q2j,NaN,coach,1981-04-07,Belgium,4wbzjcclyefma1ourvjsu4q2j,active,yes,Hasselt,NaN,NaN,189.0,83.0,right,NaN
4araxic2k253msrn135nlzwx6,Sirabah Bilel Kaddo Bilel,Hassaini,Sirabah,Hassaini,Male,S. Hassaini,France,7gww28djs405rfga69smki84o,Attacker,player,2001-03-21,France,7gww28djs405rfga69smki84o,active,yes,NaN,NaN,NaN,NaN,NaN,NaN,NaN
5l26gwe3xwiox6fnw9rp6fims,Papa Demba,Ndior,Papa Demba,Ndior,Male,P. Ndior,Senegal,6hhqyhr5cwq2pfprlazyposyk,Attacker,player,2004-12-31,Senegal,6hhqyhr5cwq2pfprlazyposyk,active,yes,NaN,NaN,NaN,NaN,NaN,NaN,NaN
5ldi8v4a0a5p7auvzazfsgu6t,Jens Wouter,Corstjens,Wouter,Corstjens,Male,W. Corstjens,Belgium,4wbzjcclyefma1ourvjsu4q2j,Defender,player,1987-02-13,Netherlands,6hzi5pltnz67q4la8yli9qfv6,active,yes,Maastricht,NaN,NaN,185.0,75.0,left,NaN
68zu13h7x7wrh678h0m4cwpp0,Arno,Smeyers,Arno,Smeyers,Male,A. Smeyers,Belgium,4wbzjcclyefma1ourvjsu4q2j,Goalkeeper,player,2004-04-27,Belgium,4wbzjcclyefma1ourvjsu4q2j,active,yes,NaN,NaN,NaN,NaN,NaN,NaN,NaN
6ilir7j77rekmp84fltti6xg5,Kevin Nicolas,Kis,Kevin,Kis,Male,K. Kis,Belgium,4wbzjcclyefma1ourvjsu4q2j,Defender,player,1990-09-26,Belgium,4wbzjcclyefma1ourvjsu4q2j,active,yes,Rocourt,NaN,NaN,188.0,72.0,left,NaN
6ti4unfz4uckyxpvp2co694gl,Raoul,Kenne Prisse,Raoul,Kenne,Male,R. Kenne,Cameroon,4eb9feio6u267dd1jcwaf38mt,Defender,player,1994-03-25,Cameroon,4eb9feio6u267dd1jcwaf38mt,active,yes,Enongal,NaN,NaN,170.0,NaN,NaN,NaN
7airfvtv0nf5j3v91y20mmsq1,Jordan Marcel,Renson,Jordan,Renson,Male,J. Renson,Belgium,4wbzjcclyefma1ourvjsu4q2j,Defender,player,1996-05-14,Belgium,4wbzjcclyefma1ourvjsu4q2j,active,yes,NaN,NaN,NaN,NaN,NaN,NaN,NaN
8j92twrz92wxgtmmrtv9mt6y2,Adnane,Abid,Adnane,Abid,Male,A. Abid,Belgium,4wbzjcclyefma1ourvjsu4q2j,Attacker,player,2003-08-23,Morocco,2xdcc39z1k79pnjbtn9x31wdh,active,yes,NaN,NaN,NaN,164.0,63.0,right,NaN
99xupdq83xrmuytw48vi5inkl,Henk,Dijkhuizen,Henk,Dijkhuizen,Male,H. Dijkhuizen,Netherlands,6hzi5pltnz67q4la8yli9qfv6,Defender,player,1992-06-09,Netherlands,6hzi5pltnz67q4la8yli9qfv6,active,yes,Den Haag,NaN,NaN,177.0,NaN,right,NaN
99ygcfrq11de4b5f2y4ckhsyx,Reno Johan,Wilmots,Reno,Wilmots,Male,R. Wilmots,Belgium,4wbzjcclyefma1ourvjsu4q2j,Defender,player,1997-03-16,Belgium,4wbzjcclyefma1ourvjsu4q2j,active,yes,NaN,NaN,NaN,NaN,NaN,NaN,NaN
aj2ijda4gkkp8nk8sos1rlsyd,Kjetil,Borry,Kjetil,Borry,Male,K. Borry,Belgium,4wbzjcclyefma1ourvjsu4q2j,Defender,player,1994-08-16,Belgium,4wbzjcclyefma1ourvjsu4q2j,active,yes,Tielt,NaN,NaN,190.0,75.0,NaN,NaN
auqy1bigw2a1owxg441wojzyt,Lukas,Van Eenoo,Lukas,Van Eenoo,Male,L. Van Eenoo,Belgium,4wbzjcclyefma1ourvjsu4q2j,Midfielder,player,1991-02-06,Belgium,4wbzjcclyefma1ourvjsu4q2j,active,yes,Brugge,NaN,NaN,175.0,67.0,left,NaN
av6j0sri3l8fon2wmbmxrei5m,Simon,Bammens,Simon,Bammens,Male,S. Bammens,Belgium,4wbzjcclyefma1ourvjsu4q2j,Defender,player,1998-05-16,Belgium,4wbzjcclyefma1ourvjsu4q2j,active,yes,Genk,NaN,NaN,190.0,NaN,NaN,NaN
bnc9id9agzl30liovreaak0oa,Lahcen,Boutwaline,NaN,NaN,Male,L. Boutwaline,Belgium,4wbzjcclyefma1ourvjsu4q2j,NaN,assistant coach,NaN,Belgium,4wbzjcclyefma1ourvjsu4q2j,active,yes,NaN,NaN,NaN,NaN,NaN,NaN,NaN
c1jjk4gsqqzfa1jc0ii66pwx5,Bafodé,Dansoko,Bafodé,Dansoko,Male,B. Dansoko,Guinea,4i9sg55wigitrfx7290f59ceo,Attacker,player,1995-12-28,France,7gww28djs405rfga69smki84o,active,yes,NaN,NaN,NaN,187.0,NaN,NaN,NaN
c4z2t6a8c7b4hzutwiq7p5yei,Aziz,Rejdi,Aziz,Rejdi,Male,A. Rejdi,Belgium,4wbzjcclyefma1ourvjsu4q2j,NaN,assistant coach,1968-10-30,Belgium,4wbzjcclyefma1ourvjsu4q2j,active,yes,NaN,NaN,NaN,NaN,NaN,NaN,NaN
ca7o487ywpc289ir1vf2imve2,Eddy,Bokken,NaN,NaN,Male,E. Bokken,Belgium,4wbzjcclyefma1ourvjsu4q2j,NaN,assistant coach,NaN,Belgium,4wbzjcclyefma1ourvjsu4q2j,active,yes,NaN,NaN,NaN,NaN,NaN,NaN,NaN
cnzisrsaz5oot3j7qf0jd3xed,Tom Daniël Bart,Pietermaat,Tom,Pietermaat,Male,T. Pietermaat,Belgium,4wbzjcclyefma1ourvjsu4q2j,Midfielder,player,1992-09-06,Belgium,4wbzjcclyefma1ourvjsu4q2j,active,yes,NaN,NaN,NaN,172.0,68.0,right,NaN
cpgm0q5osckih314bayxkvmc,Baud,Terwingen,Baud,Terwingen,Male,B. Terwingen,Belgium,4wbzjcclyefma1ourvjsu4q2j,Midfielder,player,2003-01-18,Belgium,4wbzjcclyefma1ourvjsu4q2j,active,no,NaN,NaN,NaN,188.0,82.0,right,NaN
cpkv6meiksw8ljdpk1stanqxg,Thijs,Vloebergh,Thijs,Vloebergh,Male,T. Vloebergh,Belgium,4wbzjcclyefma1ourvjsu4q2j,Attacker,player,1995-09-19,Belgium,4wbzjcclyefma1ourvjsu4q2j,active,yes,NaN,NaN,NaN,NaN,NaN,both,NaN
cz1z8lwylayy1u7ixprtnubu2,Raphaël,Boakye Sarfo,Raphaël,Sarfo,Male,R. Sarfo,Netherlands,6hzi5pltnz67q4la8yli9qfv6,Attacker,player,2004-01-08,Netherlands,6hzi5pltnz67q4la8yli9qfv6,active,yes,Amsterdam,NaN,NaN,165.0,NaN,right,NaN
e1efjg4hoe8grc9uwiirc1pt5,Justin,Verlinden,Justin,Verlinden,Male,J. Verlinden,Belgium,4wbzjcclyefma1ourvjsu4q2j,Goalkeeper,player,1997-04-06,Belgium,4wbzjcclyefma1ourvjsu4q2j,active,yes,NaN,NaN,NaN,NaN,NaN,NaN,NaN
eiqmp3nbc50r40bl86u2sj55h,Stef,Peeters,Stef,Peeters,Male,S. Peeters,Belgium,4wbzjcclyefma1ourvjsu4q2j,Midfielder,player,1992-02-09,Belgium,4wbzjcclyefma1ourvjsu4q2j,active,yes,Bree,NaN,NaN,188.0,75.0,left,NaN
1pobj3phzaiolzp1szrh158tl,Daniel Maxence,Maisonneuve,Maxence,Maisonneuve,Male,M. Maisonneuve,France,7gww28djs405rfga69smki84o,Defender,player,1999-02-11,France,7gww28djs405rfga69smki84o,active,yes,NaN,NaN,NaN,NaN,NaN,NaN,NaN
2dger6iqr65odyqmz1x9oerxl,Wagane,Faye,Wagane,Faye,Male,W. Faye,Senegal,6hhqyhr5cwq2pfprlazyposyk,Defender,player,1993-11-20,Senegal,6hhqyhr5cwq2pfprlazyposyk,active,yes,NaN,NaN,NaN,180.0,74.0,right,NaN
2qlv3nqawty0kjlfbxv07bdnt,Owen,Maës,Owen,Maës,Male,O. Maës,France,7gww28djs405rfga69smki84o,Midfielder,player,1998-09-24,France,7gww28djs405rfga69smki84o,active,yes,NaN,NaN,NaN,NaN,NaN,NaN,NaN
3l7zwhp0gqul69uuou9zbega1,Marcos Hernán,Peano,Marcos,Peano,Male,M. Peano,Argentina,2vovxa97k7v7ofa85dah2xktb,Goalkeeper,player,1998-10-15,Argentina,2vovxa97k7v7ofa85dah2xktb,active,yes,Freyre,NaN,NaN,185.0,70.0,right,NaN
5au9yzd2h90bsd1cu1tzwbgus,Hady,Camara,Hady,Camara,Male,H. Camara,France,7gww28djs405rfga69smki84o,Defender,player,2002-01-17,France,7gww28djs405rfga69smki84o,active,yes,Paris,Senegal,6hhqyhr5cwq2pfprlazyposyk,197.0,82.0,left,NaN
5cygvev45la2xmp4zx6krlgbt,Joël,Ito Kavuanda Singa,Joël,Ito,Male,J. Ito,Belgium,4wbzjcclyefma1ourvjsu4q2j,Midfielder,player,1998-03-27,Belgium,4wbzjcclyefma1ourvjsu4q2j,active,yes,NaN,NaN,NaN,NaN,NaN,NaN,NaN
5ys2uk5mw3zx1t17ux0shp90,Frédéric,Taquin,Frédéric,Taquin,Male,F. Taquin,Germany,36min0qztu8eydwvpv8t1is0m,NaN,coach,1975-06-02,Germany,36min0qztu8eydwvpv8t1is0m,active,yes,NaN,NaN,NaN,NaN,NaN,NaN,NaN
6ghc42l6w6v395vqy5k61drmc,Raphaël,Eyongo,Raphaël,Eyongo,Male,R. Eyongo,Netherlands,6hzi5pltnz67q4la8yli9qfv6,Attacker,player,2003-05-21,Netherlands,6hzi5pltnz67q4la8yli9qfv6,active,yes,Breda,NaN,NaN,191.0,76.0,right,NaN
6hm6paqp7e57yr9d0jm365fqh,Maxime Xavier,Pau,Max,Pau,Male,M. Pau,France,7gww28djs405rfga69smki84o,Midfielder,player,2000-03-31,France,7gww28djs405rfga69smki84o,active,yes,NaN,NaN,NaN,NaN,NaN,NaN,NaN
6lvoi2eszuxga4ae62ky1vris,Thierno,Diallo,Thierno,Diallo,Male,T. Diallo,Belgium,4wbzjcclyefma1ourvjsu4q2j,Midfielder,player,2004-08-05,Belgium,4wbzjcclyefma1ourvjsu4q2j,active,yes,NaN,NaN,NaN,NaN,NaN,NaN,NaN
6ps1ibg0qili5ia7vx0hpt97t,Victor,Corneillie,Victor,Corneillie,Male,V. Corneillie,France,7gww28djs405rfga69smki84o,Defender,player,1997-09-03,France,7gww28djs405rfga69smki84o,active,yes,NaN,NaN,NaN,NaN,NaN,NaN,NaN
7bx0mwjktawjtrcvx8e30dwbt,Fadel,Gobitaka,Fadel,Gobitaka,Male,F. Gobitaka,Togo,3jiuckrqd0zejkm452st5dyq7,Midfielder,player,1998-01-16,Belgium,4wbzjcclyefma1ourvjsu4q2j,active,yes,Berchem Sainte-Agathe,NaN,NaN,181.0,NaN,NaN,NaN
7fbftrkprql5pp3u6dd1h384p,Nicolas Paul Julien,Fontaine,Nicolas Paul,Fontaine,Male,N. Fontaine,France,7gww28djs405rfga69smki84o,Attacker,player,2000-02-07,France,7gww28djs405rfga69smki84o,active,yes,Ambilly,NaN,NaN,164.0,60.0,left,NaN
7pz20drp1pl0f1twms64viql0,Luka,Hoedaert,Luka,Hoedaert,Male,L. Hoedaert,Belgium,4wbzjcclyefma1ourvjsu4q2j,Defender,player,2003-04-08,Belgium,4wbzjcclyefma1ourvjsu4q2j,active,yes,NaN,NaN,NaN,NaN,NaN,left,NaN
7sxsul4lzfxl1nzca1nq715re,Sami,Lahssaini,Sami,Lahssaini,Male,S. Lahssaini,Belgium,4wbzjcclyefma1ourvjsu4q2j,Midfielder,player,1998-09-18,Belgium,4wbzjcclyefma1ourvjsu4q2j,active,yes,Liège,Morocco,2xdcc39z1k79pnjbtn9x31wdh,177.0,72.0,right,NaN
7twpnfd2pde17omuhwgb3aq96,Samuel Léopold Marie,Gueulette,Samuel,Gueulette,Male,S. Gueulette,Rwanda,12obgipj8u3vm1grf3jkrvqte,Midfielder,player,2000-05-19,Rwanda,12obgipj8u3vm1grf3jkrvqte,active,yes,NaN,Belgium,4wbzjcclyefma1ourvjsu4q2j,NaN,NaN,NaN,NaN
8y07lmd9rc7ie30g6ytbwqt7u,Nolan,Gillot,Nolan,Gillot,Male,N. Gillot,France,7gww28djs405rfga69smki84o,Defender,player,2002-10-31,France,7gww28djs405rfga69smki84o,active,yes,Vire,NaN,NaN,NaN,NaN,NaN,NaN
9cq4u8d460ikxiiglfpk2sr8,Djibril,Lamego,Djibril,Lamego,Male,D. Lamego,France,7gww28djs405rfga69smki84o,Defender,player,2003-02-25,France,7gww28djs405rfga69smki84o,active,yes,NaN,NaN,NaN,NaN,NaN,NaN,NaN
9r99ipz8boaxw3a0twm9b2ajt,Arno,Valkenaers,Arno,Valkenaers,Male,A. Valkenaers,Belgium,4wbzjcclyefma1ourvjsu4q2j,Goalkeeper,player,2000-11-03,Belgium,4wbzjcclyefma1ourvjsu4q2j,active,yes,NaN,NaN,NaN,186.0,75.0,NaN,NaN
aldebe7qu65xgtgaoo7ho8x78,Mohamed Yaya,Guindo,Mohamed,Guindo,Male,M. Guindo,Mali,d0v29nncgikdswlxpdq553zz,Attacker,player,2003-08-01,Belgium,4wbzjcclyefma1ourvjsu4q2j,active,yes,NaN,NaN,NaN,182.0,NaN,right,NaN
as2f9f75xs8erjz63k1ske1d6,Kenny,Nagera,Kenny,Nagera,Male,K. Nagera,France,7gww28djs405rfga69smki84o,Attacker,player,2002-02-21,France,7gww28djs405rfga69smki84o,active,yes,NaN,NaN,NaN,177.0,70.0,right,NaN
b6iptgqyakgohlyuyk3d807ah,Adrien,Bongiovanni,Adrien,Bongiovanni,Male,A. Bongiovanni,Belgium,4wbzjcclyefma1ourvjsu4q2j,Midfielder,player,1999-09-20,Belgium,4wbzjcclyefma1ourvjsu4q2j,active,yes,NaN,NaN,NaN,174.0,57.0,right,NaN
b71fbp6umwq04aiay4m7s7622,Jordi,Baininwa Liongola,Jordi,Liongola,Male,J. Liongola,Burundi,5d7e5052i0sb4wwloukhpafuu,Midfielder,player,2000-05-17,Burundi,5d7e5052i0sb4wwloukhpafuu,active,yes,NaN,Belgium,4wbzjcclyefma1ourvjsu4q2j,NaN,NaN,NaN,NaN
bpjz08ospq5rde6moo94ypno4,Lucas,Alves Monteiro,Lucas,Monteiro,Male,Lucas Monteiro,Portugal,1nbm5i9a0403zzvltn17lxinc,Goalkeeper,player,2005-08-04,Portugal,1nbm5i9a0403zzvltn17lxinc,active,yes,NaN,NaN,NaN,NaN,NaN,NaN,NaN
db9oazwe18gwv8lfz4ecu8wt0,Tristan,Loiseaux,Tristan,Loiseaux,Male,T. Loiseaux,Germany,36min0qztu8eydwvpv8t1is0m,Defender,player,2004-06-03,Germany,36min0qztu8eydwvpv8t1is0m,active,yes,NaN,NaN,NaN,NaN,NaN,NaN,NaN
li3jp671hevmkl35179aqg6i,Mouhamed Menaour,Belkheir,Mouhamed,Belkheir,Male,M. Belkheir,Algeria,1ayprcriqhb8iv10ch70clppu,Attacker,player,1999-01-02,France,7gww28djs405rfga69smki84o,active,yes,Paris,NaN,NaN,185.0,80.0,left,NaN
1om7mzq114t4rivtaag7600t0,Zakaria,Silini,Zakaria,Silini,Male,Z. Silini,Algeria,1ayprcriqhb8iv10ch70clppu,Attacker,player,2003-07-05,Belgium,4wbzjcclyefma1ourvjsu4q2j,active,yes,NaN,NaN,NaN,184.0,81.0,NaN,NaN
20teoyeqpyu0ftatz045glfkk,Noah,Serwy,Noah,Serwy,Male,N. Serwy,Belgium,4wbzjcclyefma1ourvjsu4q2j,Attacker,player,2003-02-21,Belgium,4wbzjcclyefma1ourvjsu4q2j,active,yes,NaN,NaN,NaN,168.0,59.0,NaN,NaN
24ir6fhzajcl7kb4fwldcel4a,Sidney Evrard,Viérin Obissa Mboumini,Sidney,Obissa,Male,S. Obissa,Gabon,6jfjrlsdz5ns00g4gvk9a6xav,Defender,player,2000-05-04,Gabon,6jfjrlsdz5ns00g4gvk9a6xav,active,yes,Libreville,NaN,NaN,190.0,86.0,right,NaN
26nsh9narjlt7l1gwg5esdlka,Cheikhou Omar,Ndiaye,Cheikhou,Ndiaye,Male,C. Ndiaye,Senegal,6hhqyhr5cwq2pfprlazyposyk,Defender,player,2002-01-25,Senegal,6hhqyhr5cwq2pfprlazyposyk,active,yes,Kaolack,NaN,NaN,179.0,NaN,right,NaN
31rsrfhl2vl9e1g72nvem0e8k,Yannis,Lawson,Yannis,Lawson,Male,Y. Lawson,Belgium,4wbzjcclyefma1ourvjsu4q2j,Defender,player,2004-11-22,Belgium,4wbzjcclyefma1ourvjsu4q2j,active,yes,NaN,NaN,NaN,178.0,NaN,right,NaN
3b0nmrg9bi7cjymka1dlrmz8,Geronimo,De Ridder,Geronimo,De Ridder,Male,G. De Ridder,Belgium,4wbzjcclyefma1ourvjsu4q2j,Goalkeeper,player,2003-05-16,Belgium,4wbzjcclyefma1ourvjsu4q2j,active,yes,NaN,NaN,NaN,NaN,NaN,NaN,NaN
3dndq08fii43csxpn49x9n1uc,Joey-Kwan,Detienne,Joey-Kwan,Detienne,Male,J. Detienne,Belgium,4wbzjcclyefma1ourvjsu4q2j,Defender,player,2003-08-19,Belgium,4wbzjcclyefma1ourvjsu4q2j,active,yes,NaN,NaN,NaN,NaN,NaN,NaN,NaN
41uoz3o267ukwxvh80n7p06j8,Sacha,Marloye,Sacha,Marloye,Male,S. Marloye,Belgium,4wbzjcclyefma1ourvjsu4q2j,Midfielder,player,2007-09-17,Belgium,4wbzjcclyefma1ourvjsu4q2j,active,yes,NaN,NaN,NaN,175.0,65.0,NaN,NaN
4e5jvz1t60a2l67c5a9r2qne,Mathieu Joseph,Cachbach,Mathieu,Cachbach,Male,M. Cachbach,Belgium,4wbzjcclyefma1ourvjsu4q2j,Midfielder,player,2001-05-23,Belgium,4wbzjcclyefma1ourvjsu4q2j,active,yes,Arlon,NaN,NaN,186.0,72.0,left,NaN
4fj7q1tmk4nswq58ub9wxijv8,Djibril,Diarra,Djibril,Diarra,Male,D. Diarra,Senegal,6hhqyhr5cwq2pfprlazyposyk,Defender,player,2004-04-30,Senegal,6hhqyhr5cwq2pfprlazyposyk,active,yes,NaN,NaN,NaN,NaN,NaN,NaN,NaN
4v3qf2dnmo7t8qn55iytbrbl6,Bassim Ibrahim,Boukteb,Bassim,Boukteb,Male,B. Boukteb,Belgium,4wbzjcclyefma1ourvjsu4q2j,Midfielder,player,2001-07-12,Belgium,4wbzjcclyefma1ourvjsu4q2j,active,yes,NaN,NaN,NaN,183.0,76.0,NaN,NaN
6iu350lkyhy6tcll5gfo4vy3u,Marvin,Silver Tshibuabua,Marvin,Tshibuabua,Male,M. Tshibuabua,France,7gww28djs405rfga69smki84o,Defender,player,2002-01-08,France,7gww28djs405rfga69smki84o,active,yes,Lyon,NaN,NaN,190.0,77.0,right,NaN
7gqmev5hirrg6fxyx7dva9x5g,Ugo,Desille,Ugo,Desille,Male,U. Desille,Belgium,4wbzjcclyefma1ourvjsu4q2j,Goalkeeper,player,2004-08-03,Belgium,4wbzjcclyefma1ourvjsu4q2j,active,yes,NaN,NaN,NaN,NaN,NaN,NaN,NaN
7mykmltubtag5pb2ze6s9jsyy,Nelson Felix,Balongo Lissondja Vha,Nelson,Balongo,Male,N. Balongo,Congo DR,6xq2smnxqvc5bh7vzza9ljiy9,Attacker,player,1999-04-15,Belgium,4wbzjcclyefma1ourvjsu4q2j,active,yes,Tongeren,NaN,NaN,187.0,75.0,right,NaN
7wwdfev0lpsprcvn8fvac1b3e,Maxime,Allione,Maxime,Allione,Male,M. Allione,France,7gww28djs405rfga69smki84o,Defender,player,2000-03-17,France,7gww28djs405rfga69smki84o,active,yes,Toulon,NaN,NaN,NaN,NaN,right,NaN
94fun5n4wygom9o27rptvscq2,Lucas,Margueron,Lucas,Margueron,Male,L. Margueron,France,7gww28djs405rfga69smki84o,Goalkeeper,player,2001-02-12,France,7gww28djs405rfga69smki84o,active,yes,Decines,NaN,NaN,194.0,NaN,right,NaN
94nko2wo31qlioknemkadzqj8,Mohamed,Camara,Mohamed,Camara,Male,M. Camara,Senegal,6hhqyhr5cwq2pfprlazyposyk,Midfielder,player,2004-03-25,Senegal,6hhqyhr5cwq2pfprlazyposyk,active,yes,NaN,NaN,NaN,NaN,NaN,NaN,NaN
bhytxjryyo8du8lf0xi0tzcb8,Noah,Solheid,Noah,Solheid,Male,N. Solheid,Belgium,4wbzjcclyefma1ourvjsu4q2j,Defender,player,2003-07-08,Belgium,4wbzjcclyefma1ourvjsu4q2j,active,yes,NaN,NaN,NaN,NaN,NaN,NaN,NaN
bvtir6r8n6bykmlekg620pg5w,Matteo,Scarpinati,Matteo,Scarpinati,Male,M. Scarpinati,Belgium,4wbzjcclyefma1ourvjsu4q2j,Midfielder,player,2005-09-02,Belgium,4wbzjcclyefma1ourvjsu4q2j,active,yes,NaN,NaN,NaN,NaN,NaN,NaN,NaN
bwudgkxxpp8tlz3xlw1rfv1lh,Nils Herman,Schouterden,Nils,Schouterden,Male,N. Schouterden,Belgium,4wbzjcclyefma1ourvjsu4q2j,Attacker,player,1988-12-14,Belgium,4wbzjcclyefma1ourvjsu4q2j,active,yes,Bonheiden,NaN,NaN,176.0,66.0,left,NaN
cahevdu5yhhnh8qlj969b6dw,Sandro Dennis,Trémoulet,Sandro,Trémoulet,Male,S. Trémoulet,Madagascar,4pidpq12frm06h0wij6mzhhdz,Defender,player,1999-11-18,France,7gww28djs405rfga69smki84o,active,yes,NaN,France,7gww28djs405rfga69smki84o,190.0,NaN,NaN,NaN
crc0mw120hyqyx46yjyt9oz4l,François,D'Onofrio,Francesco,D'Onofrio,Male,F. D'Onofrio,Belgium,4wbzjcclyefma1ourvjsu4q2j,NaN,assistant coach,1990-10-06,Belgium,4wbzjcclyefma1ourvjsu4q2j,active,yes,Liège,NaN,NaN,180.0,70.0,right,NaN
d2pqu5bv1o0w3qqfy0gshl5nt,Ruben,Droehnlé,Ruben,Droehnle,Male,R. Droehnlé,France,7gww28djs405rfga69smki84o,Defender,player,1998-07-11,France,7gww28djs405rfga69smki84o,active,yes,Straßburg,NaN,NaN,183.0,NaN,left,NaN
dbjdc1uhdzi0tg47tc1ym1jbo,Sonny,Perrey,Sonny,Perrey,Male,S. Perrey,France,7gww28djs405rfga69smki84o,Attacker,player,2002-05-01,France,7gww28djs405rfga69smki84o,active,yes,NaN,NaN,NaN,NaN,NaN,NaN,NaN
dnsc744mgls1b1sueenml7rx0,Jean,Nicolay,Jean,Nicolay,Male,J. Nicolay,Belgium,4wbzjcclyefma1ourvjsu4q2j,NaN,assistant coach,NaN,Belgium,4wbzjcclyefma1ourvjsu4q2j,active,yes,NaN,NaN,NaN,NaN,NaN,NaN,NaN
e2ej1v66tqjgtpzdhjw7bghqt,Gérald Valentin,Kilota,Gérald,Kilota,Male,G. Kilota,France,7gww28djs405rfga69smki84o,Defender,player,1994-01-02,France,7gww28djs405rfga69smki84o,active,yes,Saint-Denis,NaN,NaN,171.0,66.0,left,NaN
o0jybiq8reza8lb7c275l9lh,M'Baye,Leye,Mbaye,Leye,Male,M. Leye,Senegal,6hhqyhr5cwq2pfprlazyposyk,NaN,coach,1982-12-01,Senegal,6hhqyhr5cwq2pfprlazyposyk,active,yes,Birkelane,NaN,NaN,183.0,75.0,right,NaN
1hyibrtgmp1gkugcn83pbx82c,Lucca,Lucker,Lucca,Lucker,NaN,L. Lucker,Belgium,4wbzjcclyefma1ourvjsu4q2j,Defender,player,2001-03-09,Belgium,4wbzjcclyefma1ourvjsu4q2j,active,yes,NaN,NaN,NaN,185.0,71.0,NaN,NaN
1vfmagpy6waljj2s414hdtyhh,Alessio,Cascio,Alessio,Cascio,NaN,A. Cascio,Belgium,4wbzjcclyefma1ourvjsu4q2j,Attacker,player,1994-07-19,Belgium,4wbzjcclyefma1ourvjsu4q2j,active,yes,NaN,NaN,NaN,NaN,NaN,NaN,NaN
2b8n3mlopofk8h3h7cehfxa6t,Benjamin Edouard,Lambot,Benjamin,Lambot,NaN,B. Lambot,Belgium,4wbzjcclyefma1ourvjsu4q2j,Defender,player,1987-05-02,Belgium,4wbzjcclyefma1ourvjsu4q2j,active,yes,Etterbeek,NaN,NaN,190.0,79.0,right,NaN
2olpqlwpc33w8ubyemyrk8zbp,Gaëtan,Englebert,Gaëtan,Englebert,NaN,G. Englebert,Belgium,4wbzjcclyefma1ourvjsu4q2j,NaN,coach,1976-06-11,Belgium,4wbzjcclyefma1ourvjsu4q2j,active,yes,Liège,NaN,NaN,179.0,68.0,NaN,NaN
37pm8uxpwfkynazkbtovyyiy2,Jordan,Bustin,Jordan,Bustin,NaN,J. Bustin,Belgium,4wbzjcclyefma1ourvjsu4q2j,Defender,player,1998-09-09,Belgium,4wbzjcclyefma1ourvjsu4q2j,active,yes,NaN,NaN,NaN,NaN,NaN,NaN,NaN
3jpi1rgoxqxul7bx2jkqg79p1,Yannick Gaby,Loemba,Yannick,Loemba,NaN,Y. Loemba,Congo,1s2y6o0lwj69dj5ib5pid8f6r,Midfielder,player,1990-04-21,Congo,1s2y6o0lwj69dj5ib5pid8f6r,active,yes,Brazzaville,NaN,NaN,178.0,NaN,NaN,NaN
3l3ywennyakb4iz0dz0k0ik2c,Joshua,Mpenza,Joshua,Mpenza,NaN,J. Mpenza,Belgium,4wbzjcclyefma1ourvjsu4q2j,Goalkeeper,player,2005-11-16,Belgium,4wbzjcclyefma1ourvjsu4q2j,active,yes,NaN,NaN,NaN,NaN,NaN,NaN,NaN
54ceq6fpdrv5lskr5k8coc3it,Kevin,Debaty,Kevin,Debaty,NaN,K. Debaty,Belgium,4wbzjcclyefma1ourvjsu4q2j,Goalkeeper,player,1989-06-12,Belgium,4wbzjcclyefma1ourvjsu4q2j,active,yes,NaN,NaN,NaN,189.0,86.0,right,NaN
5ba2lxhuqsdqqvo2m6o1yw4id,Théo,Pierrot,Théo,Pierrot,NaN,T. Pierrot,France,7gww28djs405rfga69smki84o,Midfielder,player,1994-01-01,France,7gww28djs405rfga69smki84o,active,yes,Nancy,NaN,NaN,185.0,80.0,right,NaN
6sgdwfdo9cz4adyw5mc6qsjys,Ryan Dylan,Merlen,Ryan,Merlen,NaN,R. Merlen,France,7gww28djs405rfga69smki84o,Midfielder,player,2002-05-11,France,7gww28djs405rfga69smki84o,active,yes,Lens,NaN,NaN,NaN,NaN,right,NaN
77vb58jq134rhslazm8c5tez8,Abian,Arslan,Abian,Arslan,NaN,A. Arslan,Belgium,4wbzjcclyefma1ourvjsu4q2j,Midfielder,player,2004-12-10,Belgium,4wbzjcclyefma1ourvjsu4q2j,active,yes,NaN,NaN,NaN,NaN,NaN,NaN,NaN
7d9fm50xsiy6jiu1vbclj13vt,Antoine,Lejoly,Antoine,Lejoly,NaN,A. Lejoly,Belgium,4wbzjcclyefma1ourvjsu4q2j,Goalkeeper,player,1998-03-26,Belgium,4wbzjcclyefma1ourvjsu4q2j,active,yes,Verviers,NaN,NaN,188.0,70.0,right,NaN
7xxg1x2jezwvaf7q0884eatm2,Maxime,Cavelier,Maxime,Cavelier,NaN,M. Cavelier,Belgium,4wbzjcclyefma1ourvjsu4q2j,Midfielder,player,2002-08-08,Belgium,4wbzjcclyefma1ourvjsu4q2j,active,yes,NaN,NaN,NaN,NaN,NaN,NaN,NaN
8a50qh0jbm0tu0f44kerqy8d1,Jonathan,D'Ostilio,Jonathan,D'Ostilio,NaN,J. D'Ostilio,Belgium,4wbzjcclyefma1ourvjsu4q2j,Defender,player,1994-02-24,Belgium,4wbzjcclyefma1ourvjsu4q2j,active,yes,Rocourt,NaN,NaN,175.0,NaN,NaN,NaN
9h387d958yi17abof2f8yorca,Zakaria,Atteri,Zakaria,Atteri,NaN,Z. Atteri,Belgium,4wbzjcclyefma1ourvjsu4q2j,Attacker,player,2001-02-15,Belgium,4wbzjcclyefma1ourvjsu4q2j,active,yes,NaN,NaN,NaN,NaN,NaN,NaN,NaN
9lovskc6dp3c0a5g2ce76oy51,Stefano,Marzo,Stefano,Marzo,NaN,S. Marzo,Belgium,4wbzjcclyefma1ourvjsu4q2j,Defender,player,1991-03-22,Belgium,4wbzjcclyefma1ourvjsu4q2j,active,yes,Lommel,NaN,NaN,181.0,71.0,right,NaN
a5t63hhmv94ziywpk94elb9bd,Mohamed,Mouhli,Mohamed,Mouhli,NaN,M. Mouhli,Belgium,4wbzjcclyefma1ourvjsu4q2j,Midfielder,player,1998-09-13,Belgium,4wbzjcclyefma1ourvjsu4q2j,active,yes,NaN,NaN,NaN,NaN,NaN,NaN,NaN
ccimzu62gd59upvlrsj8lmprd,Damien,Mouchamps,Damien,Mouchamps,NaN,D. Mouchamps,Belgium,4wbzjcclyefma1ourvjsu4q2j,Attacker,player,1996-01-10,Belgium,4wbzjcclyefma1ourvjsu4q2j,active,yes,Verviers,NaN,NaN,172.0,NaN,NaN,NaN
cni0rxu9fo9lfqqhggmqrdvpx,Pierre-Yves Raffaella Michel Lucien,Ngawa,Pierre-Yves,Ngawa,NaN,P. Ngawa,Belgium,4wbzjcclyefma1ourvjsu4q2j,Defender,player,1992-02-09,Belgium,4wbzjcclyefma1ourvjsu4q2j,active,yes,Liège,Congo DR,6xq2smnxqvc5bh7vzza9ljiy9,187.0,75.0,right,NaN
d1eb2ierddvjerkuo3xnumz9w,Liam,Moreau,Liam,Moreau,NaN,L. Moreau,Belgium,4wbzjcclyefma1ourvjsu4q2j,Defender,player,2007-12-15,Belgium,4wbzjcclyefma1ourvjsu4q2j,active,yes,NaN,NaN,NaN,192.0,90.0,NaN,NaN
eatibkklkwz1mfz8zefx3qu7e,Jérémie,Lioka Lima,Jérémie,Lioka,NaN,J. Lioka,France,7gww28djs405rfga69smki84o,Defender,player,1998-08-26,France,7gww28djs405rfga69smki84o,active,yes,Poissy,NaN,NaN,NaN,NaN,NaN,NaN
p4za4z5lcuz0x3itu5l6vtgp,Benoît,Bruggeman,Benoît,Bruggeman,NaN,B. Bruggeman,Belgium,4wbzjcclyefma1ourvjsu4q2j,Midfielder,player,1997-02-05,Belgium,4wbzjcclyefma1ourvjsu4q2j,active,yes,NaN,NaN,NaN,NaN,NaN,NaN,NaN
10xh5n6fox1a3q80ukdpr6z2s,Basile,Vroninks,Basile,Vroninks,Male,B. Vroninks,Belgium,4wbzjcclyefma1ourvjsu4q2j,Midfielder,player,2007-05-22,Belgium,4wbzjcclyefma1ourvjsu4q2j,active,yes,NaN,NaN,NaN,NaN,NaN,NaN,NaN
1au3cj0it2tt747hxnf515z4k,Devon,Decorte,Devon,Decorte,Male,D. Decorte,USA,7hr2f89v44y65dyu9k92vprwn,Attacker,player,2006-05-13,USA,7hr2f89v44y65dyu9k92vprwn,active,yes,NaN,NaN,NaN,NaN,NaN,NaN,NaN
1heix61yhkjiprr8kbu7qy5g4,Tristan,De Greef,Tristan,Degreef,Male,T. De Greef,Belgium,4wbzjcclyefma1ourvjsu4q2j,Midfielder,player,2005-01-19,Belgium,4wbzjcclyefma1ourvjsu4q2j,active,yes,Leuven,NaN,NaN,NaN,NaN,right,NaN
1l5cp0m7zyxazezyij0zs9tlg,Behar,Ismaili,Behar,Ismaili,Male,B. Ismaili,Albania,17zsm8shejejls2on1ffil3op,Midfielder,player,2005-04-26,Serbia,5w4ve503bjdsshwx9ho6jxzx0,active,yes,Preševo,Belgium,4wbzjcclyefma1ourvjsu4q2j,NaN,NaN,NaN,NaN
2twq7ia40ky5fdcs2tbtljqj8,Nail,Moutha-Sebtaoui,Nail,Moutha-Sebtaoui,Male,N. Moutha-Sebtaoui,Belgium,4wbzjcclyefma1ourvjsu4q2j,Defender,player,2005-11-17,Belgium,4wbzjcclyefma1ourvjsu4q2j,active,yes,NaN,NaN,NaN,177.0,NaN,left,NaN
2zo1hevzos5iwq9vzbzpxz3e1,Rik Robert,Vercauteren,Rik,Vercauteren,Male,R. Vercauteren,Belgium,4wbzjcclyefma1ourvjsu4q2j,Goalkeeper,player,2001-06-08,Belgium,4wbzjcclyefma1ourvjsu4q2j,active,yes,Beveren,NaN,NaN,184.0,82.0,right,NaN
3ad0ijpkbitw210bk9y2mbms4,Lilian Xavier,Vergeylen,Lilian,Vergeylen,Male,L. Vergeylen,Belgium,4wbzjcclyefma1ourvjsu4q2j,Attacker,player,2006-05-25,Belgium,4wbzjcclyefma1ourvjsu4q2j,active,yes,NaN,NaN,NaN,NaN,NaN,right,NaN
3evlv58suo8sr6auud3jpeo0k,Nunzio,Engwanda-Ongena,Nunzio,Engwanda,Male,N. Engwanda,Belgium,4wbzjcclyefma1ourvjsu4q2j,Defender,player,2007-12-01,Belgium,4wbzjcclyefma1ourvjsu4q2j,active,yes,NaN,Congo DR,6xq2smnxqvc5bh7vzza9ljiy9,NaN,NaN,right,NaN
3hpv677ua2y88yx55iujzqpgq,Antoine Benjamin,Colassin,Antoine,Colassin,Male,A. Colassin,Belgium,4wbzjcclyefma1ourvjsu4q2j,Attacker,player,2001-02-26,Belgium,4wbzjcclyefma1ourvjsu4q2j,active,yes,Charleroi,NaN,NaN,188.0,82.0,right,NaN
40vvfc7vxy4zqv209dhiezaj8,Luca,Monticelli,Luca,Monticelli,Male,L. Monticelli,Belgium,4wbzjcclyefma1ourvjsu4q2j,Attacker,player,2005-02-12,Belgium,4wbzjcclyefma1ourvjsu4q2j,active,yes,NaN,Italy,25f2cmb2r8mk5rj92tzer6kvv,184.0,NaN,right,NaN
4p7jzj33eswdp0jxh8uvwyzv8,Anas,Tajaouart,Anas,Tajaouart,Male,A. Tajaouart,Morocco,2xdcc39z1k79pnjbtn9x31wdh,Midfielder,player,2005-09-07,Belgium,4wbzjcclyefma1ourvjsu4q2j,active,yes,NaN,Belgium,4wbzjcclyefma1ourvjsu4q2j,167.0,NaN,NaN,NaN
5469m6hrk50jtxtg62mccneok,Nicholas,Rutgeerts,Nicholas,Rutgeerts,Male,N. Rutgeerts,Belgium,4wbzjcclyefma1ourvjsu4q2j,Goalkeeper,player,2005-05-20,Belgium,4wbzjcclyefma1ourvjsu4q2j,active,yes,NaN,NaN,NaN,NaN,NaN,NaN,NaN
5nkd0km620uc5scpzdxvr3ok4,Kaïs Houdoussi,Barry,Kais,Barry,Male,K. Barry,Belgium,4wbzjcclyefma1ourvjsu4q2j,Defender,player,2006-02-08,Belgium,4wbzjcclyefma1ourvjsu4q2j,active,yes,NaN,NaN,NaN,NaN,NaN,right,NaN
6juck9s3m79lonj4ajb30ik4q,Loïc Sébastien,Masscho,Loïc,Masscho,Male,L. Masscho,Belgium,4wbzjcclyefma1ourvjsu4q2j,Defender,player,2001-10-02,Belgium,4wbzjcclyefma1ourvjsu4q2j,active,yes,NaN,NaN,NaN,NaN,NaN,NaN,NaN
6kxcsg5ipbqdl97nfdoh335lg,Ismaël,Baouf,Ismaël,Baouf,Male,I. Baouf,Belgium,4wbzjcclyefma1ourvjsu4q2j,Defender,player,2006-09-17,Belgium,4wbzjcclyefma1ourvjsu4q2j,active,yes,NaN,NaN,NaN,NaN,NaN,right,NaN
6q0sol36drf5yad7l6coc5250,Aboubacar,Conte,Aboubacar,Conte,Male,A. Conte,Belgium,4wbzjcclyefma1ourvjsu4q2j,Midfielder,player,2006-04-25,Belgium,4wbzjcclyefma1ourvjsu4q2j,active,yes,NaN,NaN,NaN,175.0,NaN,right,NaN
8uavb2mcry7i77nhrsq6rboyc,Nathan,De Cat,Nathan,De Cat,Male,N. De Cat,Belgium,4wbzjcclyefma1ourvjsu4q2j,Midfielder,player,2008-07-19,Belgium,4wbzjcclyefma1ourvjsu4q2j,active,yes,NaN,NaN,NaN,NaN,NaN,right,NaN
93mfx60imfs1lx341b3ae7wgk,Keisuke,Goto,Keisuke,Goto,Male,K. Goto,Japan,lxyibh89lpdc0bfian1nx0xq,Attacker,player,2005-06-03,Japan,lxyibh89lpdc0bfian1nx0xq,active,yes,NaN,NaN,NaN,191.0,NaN,right,NaN
9mvwnz2zlvx54nggvvw3l9ega,Robert,Ure,Robbie,Ure,Male,R. Ure,Scotland,1xf68d0a8lnnq30hnnn8kr6ut,Attacker,player,2004-02-26,Scotland,1xf68d0a8lnnq30hnnn8kr6ut,active,yes,NaN,NaN,NaN,NaN,NaN,NaN,NaN
ajky2anhlnsu8n957th4yak2c,Lars,Montegnies,Lars,Montegnies,Male,L. Montegnies,Belgium,4wbzjcclyefma1ourvjsu4q2j,Midfielder,player,2005-11-15,Belgium,4wbzjcclyefma1ourvjsu4q2j,active,yes,NaN,NaN,NaN,NaN,NaN,right,NaN
axhyg79pf6dwe5foj907uqxhw,Ali,Maamar,Ali,Maamar,Male,A. Maamar,Morocco,2xdcc39z1k79pnjbtn9x31wdh,Midfielder,player,2005-03-23,Morocco,2xdcc39z1k79pnjbtn9x31wdh,active,yes,NaN,Belgium,4wbzjcclyefma1ourvjsu4q2j,NaN,NaN,NaN,NaN
b0e0ycu2ql8gi3miy4b416vis,Michiel,Haentjens,Michiel,Haentjens,Male,M. Haentjens,Belgium,4wbzjcclyefma1ourvjsu4q2j,Goalkeeper,player,2006-03-23,Belgium,4wbzjcclyefma1ourvjsu4q2j,active,yes,NaN,NaN,NaN,NaN,NaN,NaN,NaN
brcncnxfdkcnqga5eaegi9las,Tudor,Olorunninbe Mendel-Idowu,Tudor,Mendel-Idowu,Male,T. Mendel-Idowu,England,1fk5l4hkqk12i7zske6mcqju6,Midfielder,player,2005-01-15,England,1fk5l4hkqk12i7zske6mcqju6,active,yes,Slough,NaN,NaN,180.0,NaN,left,NaN
bumz9m1bqilkl3w1yf7ybyyhg,Jelle,Coen,Jelle,Coen,Male,J. Coen,Belgium,4wbzjcclyefma1ourvjsu4q2j,NaN,coach,1983-08-05,Belgium,4wbzjcclyefma1ourvjsu4q2j,active,yes,NaN,NaN,NaN,NaN,NaN,NaN,NaN
c716rboejsazxhoosf6l0v6dw,Timon Maurice,Vanhoutte,Timon,Vanhoutte,Male,T. Vanhoutte,Belgium,4wbzjcclyefma1ourvjsu4q2j,Goalkeeper,player,2004-01-29,Belgium,4wbzjcclyefma1ourvjsu4q2j,active,yes,Kortrijk,NaN,NaN,189.0,80.0,right,NaN
do8nqlhvf43wmla5rakw1chsk,Amando,Lapage,Amando,Lapage,Male,A. Lapage,Belgium,4wbzjcclyefma1ourvjsu4q2j,Defender,player,2004-11-08,Belgium,4wbzjcclyefma1ourvjsu4q2j,active,yes,NaN,NaN,NaN,188.0,NaN,right,NaN
dq3do1dxkbmugw1mbne15d5hw,Timo,Schlieck,Timo,Schlieck,Male,T. Schlieck,Germany,36min0qztu8eydwvpv8t1is0m,Goalkeeper,player,2006-03-02,Germany,36min0qztu8eydwvpv8t1is0m,active,yes,NaN,NaN,NaN,193.0,82.0,NaN,NaN
drjbms71w0kt1pidq8q17h05w,Nilson David,Angulo Ramírez,Nilson,Angulo,Male,N. Angulo,Ecuador,6pyj2bytt2osbjk69owzfehcg,Attacker,player,2003-06-19,Ecuador,6pyj2bytt2osbjk69owzfehcg,active,yes,Quito,NaN,NaN,184.0,65.0,right,NaN
e6uhk3k2t0a3gapz4hc0pbf8,Amadou,Diallo,Amadou,Diallo,Male,A. Diallo,Belgium,4wbzjcclyefma1ourvjsu4q2j,Midfielder,player,2005-02-12,Belgium,4wbzjcclyefma1ourvjsu4q2j,active,yes,NaN,NaN,NaN,NaN,NaN,NaN,NaN
1peysurir1rnam43nj686vyfo,Djokovar,Doudaev,Djokovar,Doudaev,NaN,D. Doudaev,Belgium,4wbzjcclyefma1ourvjsu4q2j,Defender,player,2003-11-10,Belgium,4wbzjcclyefma1ourvjsu4q2j,active,yes,NaN,Russia,7kfg68kh6n16fs4ap3xjiudr,NaN,NaN,NaN,NaN
1t02yvbqtxoq0xlil3o88bgx6,Shuto,Abe,Shuto,Abe,NaN,S. Abe,Japan,lxyibh89lpdc0bfian1nx0xq,Midfielder,player,1997-12-05,Japan,lxyibh89lpdc0bfian1nx0xq,active,yes,Tokyo,NaN,NaN,171.0,67.0,right,NaN
1z5c60gl26talvz1xbrz0cout,Gaëtan,Robail,Gaëtan,Robail,NaN,G. Robail,France,7gww28djs405rfga69smki84o,Midfielder,player,1994-01-09,France,7gww28djs405rfga69smki84o,active,yes,Saint-Pol-sur-Ternoise,NaN,NaN,182.0,73.0,right,NaN
4o8pw1qn0edeihbsiau2hsowk,Christ Melik,Makosso,Christ,Makosso,NaN,C. Makosso,Congo,1s2y6o0lwj69dj5ib5pid8f6r,Defender,player,2004-05-09,Congo,1s2y6o0lwj69dj5ib5pid8f6r,active,yes,Brazzaville,NaN,NaN,192.0,85.0,right,NaN
4v5t4x6emwd5wl7cuxl02xd2i,David,Sousa Albino,David,Sousa Albino,NaN,David Sousa,Brazil,2vufyvpoxd9lfl9f6vpp7tz6y,Defender,player,2001-07-04,Brazil,2vufyvpoxd9lfl9f6vpp7tz6y,active,yes,Rio de Janeiro,NaN,NaN,192.0,79.0,left,David Sousa
5egzwt11xlx1vz5dk9yu29q1g,Frederic Leroi,Soelle Soelle,Frederic,Soelle Soelle,NaN,F. Soelle Soelle,Belgium,4wbzjcclyefma1ourvjsu4q2j,Attacker,player,2005-12-24,Belgium,4wbzjcclyefma1ourvjsu4q2j,active,yes,NaN,NaN,NaN,190.0,79.0,right,NaN
66wjz910gts0trgqbl9uana39,Yannick,Ferrera,Yannick,Ferrera,NaN,Y. Ferrera,Belgium,4wbzjcclyefma1ourvjsu4q2j,NaN,coach,1980-09-24,Belgium,4wbzjcclyefma1ourvjsu4q2j,active,yes,NaN,NaN,NaN,NaN,NaN,NaN,NaN
6ghuupc5g2yap31ucicus7pt6,Romildo,Del Piage de Souza,Romildo,Del Piage de Souza,NaN,Romildo Del Piage,Brazil,2vufyvpoxd9lfl9f6vpp7tz6y,Midfielder,player,2000-04-12,Brazil,2vufyvpoxd9lfl9f6vpp7tz6y,active,yes,São José dos Campos,Italy,25f2cmb2r8mk5rj92tzer6kvv,183.0,74.0,right,Romildo Del Piage
7ied0n6vz7y6owt4c96apsafp,Piotr,Parzyszek,Piotr,Parzyszek,NaN,P. Parzyszek,Poland,27baqb7359ywdvsxxklx1kn11,Attacker,player,1993-09-08,Poland,27baqb7359ywdvsxxklx1kn11,active,yes,Toruń,Netherlands,6hzi5pltnz67q4la8yli9qfv6,191.0,80.0,both,NaN
8r3r6z1khjq55pweqzfqezpm2,Bill,Lathouwers,Bill,Lathouwers,NaN,B. Lathouwers,Belgium,4wbzjcclyefma1ourvjsu4q2j,Goalkeeper,player,1999-09-18,Belgium,4wbzjcclyefma1ourvjsu4q2j,active,yes,NaN,NaN,NaN,191.0,83.0,NaN,NaN
99eumu17h5sxriw5vfczvdb6d,Guillaume Yvon,Hubert,Guillaume,Hubert,NaN,G. Hubert,Belgium,4wbzjcclyefma1ourvjsu4q2j,Goalkeeper,player,1994-01-11,Belgium,4wbzjcclyefma1ourvjsu4q2j,active,yes,Charleroi,NaN,NaN,198.0,88.0,right,NaN
9bnvh1i6mu45yvkz257c0x1at,Junior Marsoni Sambu,Mansoni,Junior Marsoni Sambu,Mansoni,NaN,Marsoni  Sambu,Angola,3k53bkrjx5zsxchc6e3mcd834,Defender,player,1996-06-03,Belgium,4wbzjcclyefma1ourvjsu4q2j,active,yes,Liège,Belgium,4wbzjcclyefma1ourvjsu4q2j,185.0,78.0,right,Marsoni Sambu
9v7z1qipyaoagz7917l80gfyt,Frédéric,Stilmant,Bernard,Stillmant,NaN,F. Stilmant,Belgium,4wbzjcclyefma1ourvjsu4q2j,NaN,assistant coach,1979-05-01,Belgium,4wbzjcclyefma1ourvjsu4q2j,active,yes,NaN,NaN,NaN,NaN,NaN,NaN,NaN
a0hdaimb60ls8qj00c6q9las,Ilay,Camara,Ilay,Camara,NaN,I. Camara,Belgium,4wbzjcclyefma1ourvjsu4q2j,Defender,player,2003-01-18,Belgium,4wbzjcclyefma1ourvjsu4q2j,active,yes,NaN,Senegal,6hhqyhr5cwq2pfprlazyposyk,174.0,63.0,right,NaN
a2yuysqk9ubovci8ynikwdpii,Mickaël Christophe,Biron,Mickaël,Biron,NaN,M. Biron,Martinique,1eb70pvuqssbbg3yamdba5ie5,Attacker,player,1997-08-26,Martinique,1eb70pvuqssbbg3yamdba5ie5,active,yes,Ducos,France,7gww28djs405rfga69smki84o,170.0,71.0,right,NaN
a8mpfrxbg486y1zf6g2nwkhnu,Nicolas,Alavoine,Nicolas,Alavoine,NaN,N. Alavoine,Belgium,4wbzjcclyefma1ourvjsu4q2j,Goalkeeper,player,2002-01-05,Belgium,4wbzjcclyefma1ourvjsu4q2j,active,yes,NaN,NaN,NaN,184.0,72.0,right,NaN
b0yxbu9af1b0jc1odpwzvd7je,Pjotr,Kestens,Pjotr,Kestens,NaN,P. Kestens,Belgium,4wbzjcclyefma1ourvjsu4q2j,Attacker,player,2001-10-26,Belgium,4wbzjcclyefma1ourvjsu4q2j,active,yes,Gent,NaN,NaN,172.0,74.0,left,NaN
bfcmc411o5c473dkf6jtdwnop,Jacob Christian,Montes Hoff,Jacob,Montes,NaN,J. Montes,Nicaragua,4of7fctqcqbj3rai95vd4jk26,Midfielder,player,1998-10-20,USA,7hr2f89v44y65dyu9k92vprwn,active,yes,Lake Worth,USA,7hr2f89v44y65dyu9k92vprwn,178.0,68.0,NaN,NaN
bm7md4xmtj59f3au70hf25kgl,Alexis François,De Sart,Alexis,De Sart,NaN,A. De Sart,Belgium,4wbzjcclyefma1ourvjsu4q2j,Midfielder,player,1996-11-12,Belgium,4wbzjcclyefma1ourvjsu4q2j,active,yes,Waremme,NaN,NaN,180.0,66.0,right,NaN
bpwwcahacwfin6752ikr4y0b8,Mattéo,Nkurunziza,Mattéo,Nkurunziza,NaN,M. Nkurunziza,Burundi,5d7e5052i0sb4wwloukhpafuu,Goalkeeper,player,2004-06-02,Belgium,4wbzjcclyefma1ourvjsu4q2j,active,yes,NaN,Rwanda,12obgipj8u3vm1grf3jkrvqte,NaN,NaN,NaN,NaN
c6o12uux66emma5v1v0qeluz8,Yacouba,Barry,Yacouba,Barry,NaN,Y. Barry,France,7gww28djs405rfga69smki84o,Midfielder,player,2002-11-25,France,7gww28djs405rfga69smki84o,active,yes,Gonesse,Senegal,6hhqyhr5cwq2pfprlazyposyk,188.0,68.0,right,NaN
ebpz8khdmrk33r88th290szdg,Matteo Wouter,Vandendaele,Matteo,Vandendaele,NaN,M. Vandendaele,Belgium,4wbzjcclyefma1ourvjsu4q2j,Defender,player,2005-06-16,Belgium,4wbzjcclyefma1ourvjsu4q2j,active,yes,NaN,NaN,NaN,186.0,NaN,left,NaN
efcet0f817uwu00rtqge3r9xw,Achraf,Laâziri,Achraf,Laâziri,NaN,A. Laâziri,Morocco,2xdcc39z1k79pnjbtn9x31wdh,Defender,player,2003-07-08,Morocco,2xdcc39z1k79pnjbtn9x31wdh,active,yes,Rabat,NaN,NaN,177.0,NaN,left,NaN
emofwj7qe308te2mvvlvq0pas,Islamdine,Halifa,Islamdine,Halifa,NaN,I. Halifa,France,7gww28djs405rfga69smki84o,Midfielder,player,2004-12-20,France,7gww28djs405rfga69smki84o,active,yes,NaN,NaN,NaN,NaN,NaN,NaN,NaN
f04hcpx99pns4b8rwd85kbgmh,Thierry,Berghmans,Thierry,Berghmans,NaN,T. Berghmans,Belgium,4wbzjcclyefma1ourvjsu4q2j,NaN,assistant coach,1972-11-17,Belgium,4wbzjcclyefma1ourvjsu4q2j,active,yes,NaN,NaN,NaN,NaN,NaN,NaN,NaN
16pwi03qk6lo51i1n5oh6ac5w,Mondy,Prunier,Mondy,Prunier,Male,M. Prunier,Haiti,5mp58o38d0mr5qt8g4o6l7efg,Attacker,player,1999-12-22,Haiti,5mp58o38d0mr5qt8g4o6l7efg,active,yes,Port-au-Prince,NaN,NaN,188.0,80.0,right,NaN
16yp4b9n9a7dq2bld6qyt3oyc,Yanis,Massolin,Yanis,Massolin,Male,Y. Massolin,France,7gww28djs405rfga69smki84o,Midfielder,player,2002-09-20,France,7gww28djs405rfga69smki84o,active,yes,NaN,NaN,NaN,197.0,NaN,NaN,NaN
1pj7smyhf736r5pf21m6mmulm,Mateo,Itrak,Mateo,Itrak,Male,M. Itrak,Croatia,37hlakrwxyuzovaeoo4sezusp,Midfielder,player,2000-05-15,Croatia,37hlakrwxyuzovaeoo4sezusp,active,yes,NaN,NaN,NaN,NaN,NaN,NaN,NaN
1yvn8myyt84chm5yu6o3vvkk5,Sébastien,Grandjean,Sébastian,Grandjean,Male,S. Grandjean,Belgium,4wbzjcclyefma1ourvjsu4q2j,NaN,coach,1970-06-16,Belgium,4wbzjcclyefma1ourvjsu4q2j,active,yes,NaN,NaN,NaN,NaN,NaN,NaN,NaN
2mroj69ne7w1zoaud1ky0aivo,Platon,Matiukov,Platon,Matiukov,Male,P. Matiukov,Belarus,2vn7xzv9g752y1h5ufjzr27i8,Goalkeeper,player,NaN,Belarus,2vn7xzv9g752y1h5ufjzr27i8,active,yes,NaN,NaN,NaN,NaN,NaN,NaN,NaN
2pat0xrv0cgnjfy895yky7b4k,Dalyan,Lamblin,Dalyan,Lamblin,Male,D. Lamblin,Belgium,4wbzjcclyefma1ourvjsu4q2j,Goalkeeper,player,2006-02-25,Belgium,4wbzjcclyefma1ourvjsu4q2j,active,yes,NaN,NaN,NaN,NaN,NaN,NaN,NaN
30dhygdloxn7mbe429w31bd91,Corenthyn Laurent,Lavie,Corenthyn,Lavie,Male,C. Lavie,France,7gww28djs405rfga69smki84o,Attacker,player,1996-12-04,France,7gww28djs405rfga69smki84o,active,yes,NaN,NaN,NaN,NaN,NaN,NaN,NaN
31ll99ge1hou84b6hhbaghdec,Malek,Adrar,Malek,Adrar,Male,M. Adrar,Morocco,2xdcc39z1k79pnjbtn9x31wdh,Midfielder,player,2004-07-27,France,7gww28djs405rfga69smki84o,active,yes,NaN,France,7gww28djs405rfga69smki84o,187.0,NaN,right,NaN
412n7kmvlcqfox1977zl3oaju,Clément,Libertiaux,Clément,Libertiaux,Male,C. Libertiaux,Belgium,4wbzjcclyefma1ourvjsu4q2j,Goalkeeper,player,1998-02-21,Belgium,4wbzjcclyefma1ourvjsu4q2j,active,yes,NaN,NaN,NaN,185.0,75.0,right,NaN
4yltz3q1eazj539x18uc85l62,Kays,Ruiz-Atil,Kays,Ruiz-Atil,Male,K. Ruiz-Atil,France,7gww28djs405rfga69smki84o,Midfielder,player,2002-08-26,France,7gww28djs405rfga69smki84o,active,yes,Lyon,NaN,NaN,178.0,60.0,NaN,NaN
54y1k9ysgdtdvv9ss72ruxiad,Dorian,Dessoleil,Dorian,Dessoleil,Male,D. Dessoleil,Belgium,4wbzjcclyefma1ourvjsu4q2j,Defender,player,1992-08-07,Belgium,4wbzjcclyefma1ourvjsu4q2j,active,yes,Charleroi,NaN,NaN,188.0,66.0,left,NaN
692c3tdqbnhmkvsnwipgry3qi,Alessio,Curci,Alessio,Curci,Male,A. Curci,Luxembourg,f2r46apchse9eg3n9c9pupfs,Attacker,player,2002-02-16,Luxembourg,f2r46apchse9eg3n9c9pupfs,active,yes,Redingen,Italy,25f2cmb2r8mk5rj92tzer6kvv,NaN,NaN,NaN,NaN
7ctw5n27hwbomtnltmd5qryms,Levi,Malungu,Levi,Malangu,Male,L. Malungu,Belgium,4wbzjcclyefma1ourvjsu4q2j,Defender,player,2002-06-12,Belgium,4wbzjcclyefma1ourvjsu4q2j,active,yes,NaN,NaN,NaN,NaN,NaN,left,NaN
7i68gzf8jiir82f4mkawhmexg,Romain,Donnez,Romain,Donnez,Male,R. Donnez,Belgium,4wbzjcclyefma1ourvjsu4q2j,Defender,player,2003-01-15,Belgium,4wbzjcclyefma1ourvjsu4q2j,active,yes,NaN,NaN,NaN,NaN,NaN,right,NaN
7mr84dn61d8n7tkjd766iaeax,Jordy,Gillekens,Jordy,Gillekens,Male,J. Gillekens,Belgium,4wbzjcclyefma1ourvjsu4q2j,Defender,player,2000-02-18,Belgium,4wbzjcclyefma1ourvjsu4q2j,active,yes,NaN,NaN,NaN,187.0,NaN,right,NaN
7nw9fgw875dx69zpvt3sni61g,Arno Jacques,De Smeth,Arno,De Smeth,Male,A. De Smeth,Belgium,4wbzjcclyefma1ourvjsu4q2j,Goalkeeper,player,2005-03-01,Belgium,4wbzjcclyefma1ourvjsu4q2j,active,yes,NaN,NaN,NaN,NaN,NaN,NaN,NaN
7rcckez9ew1d73hbu3xl63uac,Patryk,Walicki,Patryk,Walicki,Male,P. Walicki,Belgium,4wbzjcclyefma1ourvjsu4q2j,Midfielder,player,2003-05-29,Belgium,4wbzjcclyefma1ourvjsu4q2j,active,yes,NaN,NaN,NaN,NaN,NaN,NaN,NaN
8be7bb0opt1vqmu79vb2gaxyi,Wilkims,Ochieng,Wilkims,Ochieng,Male,W. Ochieng,Kenya,7bj2q2zb0n47lb9g55dnvfr2s,Attacker,player,2003-02-15,Belgium,4wbzjcclyefma1ourvjsu4q2j,active,yes,NaN,NaN,NaN,176.0,64.0,NaN,NaN
92apv352cv7urkah2hup7bk7o,Adame,Ghiar,Adame,Ghiar,Male,A. Ghiar,France,7gww28djs405rfga69smki84o,Midfielder,player,2004-03-09,France,7gww28djs405rfga69smki84o,active,yes,NaN,Morocco,2xdcc39z1k79pnjbtn9x31wdh,190.0,NaN,right,NaN
94m52so1qmqjtmgxtbzgqmsyc,Théo Frédéric,Gécé,Théo,Gécé,Male,T. Gécé,Belgium,4wbzjcclyefma1ourvjsu4q2j,Midfielder,player,2001-03-14,Belgium,4wbzjcclyefma1ourvjsu4q2j,active,yes,NaN,NaN,NaN,185.0,74.0,right,NaN
a44s602lza399we0xg5h3dhih,Mathias,Francotte,Mathias,Francotte,Male,M. Francotte,Belgium,4wbzjcclyefma1ourvjsu4q2j,Defender,player,1998-05-28,Belgium,4wbzjcclyefma1ourvjsu4q2j,active,yes,NaN,NaN,NaN,NaN,NaN,NaN,NaN
ahul5krkti8jznba0phg4cdsl,Xavier,Gies,Xavier,Gies,Male,X. Gies,Belgium,4wbzjcclyefma1ourvjsu4q2j,Goalkeeper,player,1996-12-27,Belgium,4wbzjcclyefma1ourvjsu4q2j,active,yes,NaN,NaN,NaN,NaN,NaN,NaN,NaN
ajfavckvv3osmzqnfz65vrwmh,Tom,Colpaert,Tom,Colpaert,Male,T. Colpaert,Belgium,4wbzjcclyefma1ourvjsu4q2j,NaN,assistant coach,1970-02-28,Belgium,4wbzjcclyefma1ourvjsu4q2j,active,yes,NaN,NaN,NaN,NaN,NaN,NaN,NaN
akmxkt3dlb35t2gbtl26hgnx0,Fostave,Mabani,Fostave,Mabani,Male,F. Mabani,Belgium,4wbzjcclyefma1ourvjsu4q2j,Midfielder,player,2002-04-10,Belgium,4wbzjcclyefma1ourvjsu4q2j,active,yes,Kinshasa,NaN,NaN,166.0,64.0,left,NaN
ccafntt2fff9hmgdagetrskk4,Yanis,Zodehougan,Yanis,Zodehougan,Male,Y. Zodehougan,France,7gww28djs405rfga69smki84o,Defender,player,2004-01-02,France,7gww28djs405rfga69smki84o,active,yes,NaN,NaN,NaN,NaN,NaN,NaN,NaN
efttuu0mocegmq632ywuwrpm2,Matthew James,Healy,Matt,Healy,Male,M. Healy,Republic of Ireland,63nepb66un7juhglo2g6rezcl,Midfielder,player,2002-04-12,Republic of Ireland,63nepb66un7juhglo2g6rezcl,active,yes,NaN,USA,7hr2f89v44y65dyu9k92vprwn,NaN,NaN,NaN,NaN
erlp56dm1ywjzajg40fbh4cno,Enzo,Cambier,Enzo,Cambier,Male,E. Cambier,Belgium,4wbzjcclyefma1ourvjsu4q2j,Defender,player,NaN,Belgium,4wbzjcclyefma1ourvjsu4q2j,active,yes,NaN,NaN,NaN,NaN,NaN,NaN,NaN
28s54spgd7hf87yrp0yr6atat,Éverton Luiz,Guimarães Bilher,Éverton Luiz,Guimarães Bilher,NaN,Éverton Luiz,Brazil,2vufyvpoxd9lfl9f6vpp7tz6y,Midfielder,player,1988-05-24,Brazil,2vufyvpoxd9lfl9f6vpp7tz6y,active,yes,Porto Alegre,NaN,NaN,173.0,70.0,right,Éverton Luiz
3nuc260ylaoma5supd2kasidw,Hüseyin,Ertürk,Hüseyin,Ertürk,NaN,H. Ertürk,Türkiye,6kd6webenogylfgwt2aa9l6vx,Attacker,player,2006-04-19,Türkiye,6kd6webenogylfgwt2aa9l6vx,active,yes,NaN,Belgium,4wbzjcclyefma1ourvjsu4q2j,NaN,NaN,NaN,NaN
3s0tyude1pghox634ij87srft,Sieben,Dewaele,Sieben,Dewaele,NaN,S. Dewaele,Belgium,4wbzjcclyefma1ourvjsu4q2j,Midfielder,player,1999-02-02,Belgium,4wbzjcclyefma1ourvjsu4q2j,active,yes,Vichte,NaN,NaN,180.0,66.0,right,NaN
3sb3e6v6xhywoc1v8l946vs44,Yutaka,Michiwaki,Yutaka,Michiwaki,NaN,Y. Michiwaki,Japan,lxyibh89lpdc0bfian1nx0xq,Attacker,player,2006-04-05,Japan,lxyibh89lpdc0bfian1nx0xq,active,yes,NaN,NaN,NaN,186.0,NaN,NaN,NaN
3vvr419ewr112xr5weted4tsl,Alexander Jacques,Corryn,Alexander,Corryn,NaN,A. Corryn,Belgium,4wbzjcclyefma1ourvjsu4q2j,Defender,player,1994-01-03,Belgium,4wbzjcclyefma1ourvjsu4q2j,active,yes,Gent,NaN,NaN,177.0,73.0,left,NaN
3z982g6djrv6piwca4gm91ln9,Sheldon Michael Louis,Bateau,Sheldon,Bateau,NaN,S. Bateau,Trinidad and Tobago,635ed0499golbw7h62vt7g53j,Defender,player,1991-01-29,Trinidad and Tobago,635ed0499golbw7h62vt7g53j,active,yes,Port of Spain,NaN,NaN,186.0,81.0,right,NaN
58ps6jz25uvo7ggusmpyr2wnp,Dries,Wuytens,Dries,Wuytens,NaN,D. Wuytens,Belgium,4wbzjcclyefma1ourvjsu4q2j,Defender,player,1991-03-18,Belgium,4wbzjcclyefma1ourvjsu4q2j,active,yes,Eksel,NaN,NaN,183.0,80.0,right,NaN
5b9ycghp21qhv7qz6zuvblh49,Goduine,Koyalipou,Goduine,Koyalipou,NaN,G. Koyalipou,Central African Republic,4grlavjd5jd86praiug1voxmd,Attacker,player,2000-02-15,Central African Republic,4grlavjd5jd86praiug1voxmd,active,yes,Bangui,France,7gww28djs405rfga69smki84o,184.0,82.0,right,NaN
5m7g9gg8drcqu44iavj7gwvrp,Laurent,Jans,Laurent,Jans,NaN,L. Jans,Luxembourg,f2r46apchse9eg3n9c9pupfs,Defender,player,1992-08-05,Luxembourg,f2r46apchse9eg3n9c9pupfs,active,yes,Lëtzebuerg,NaN,NaN,175.0,72.0,right,NaN
5vnahevg5ni0uopeyk1c9u0b8,Mathis,Servais,Mathis,Servais,NaN,M. Servais,Belgium,4wbzjcclyefma1ourvjsu4q2j,Attacker,player,2004-11-23,Belgium,4wbzjcclyefma1ourvjsu4q2j,active,yes,NaN,NaN,NaN,NaN,NaN,NaN,NaN
5wvs1tmq5it4vywm96vp03ff9,Petar,Ivo Vitanov,Petar,Vitanov,NaN,P. Vitanov,Bulgaria,5a1vsxg8tbnsk65iefq1q8tlt,Midfielder,player,1995-03-10,Bulgaria,5a1vsxg8tbnsk65iefq1q8tlt,active,yes,NaN,NaN,NaN,NaN,NaN,NaN,NaN
69vbevg8g6oq4bqydi63lawwk,Marink,Reedijk,Marink,Reedijk,NaN,M. Reedijk,Netherlands,6hzi5pltnz67q4la8yli9qfv6,NaN,coach,1992-11-15,Netherlands,6hzi5pltnz67q4la8yli9qfv6,active,yes,NaN,NaN,NaN,NaN,NaN,NaN,NaN
7ihoe5hhl8bvv50do11zpr4t0,Malick,Fall Ndour,Malick,Fall,NaN,M. Fall,Senegal,6hhqyhr5cwq2pfprlazyposyk,Midfielder,player,2002-09-07,Senegal,6hhqyhr5cwq2pfprlazyposyk,active,yes,NaN,NaN,NaN,NaN,NaN,NaN,NaN
7m1mfbay50nxysch52r51vyms,Josua,Lusamba Tshiolola,Josua,Lusamba,NaN,J. Lusamba,Congo DR,6xq2smnxqvc5bh7vzza9ljiy9,Goalkeeper,player,2004-12-13,Congo DR,6xq2smnxqvc5bh7vzza9ljiy9,active,yes,NaN,NaN,NaN,NaN,NaN,NaN,NaN
8tkhq0olg84yr1174sgcrxkru,Beau,Reus,Beau,Reus,NaN,B. Reus,Netherlands,6hzi5pltnz67q4la8yli9qfv6,Goalkeeper,player,2001-10-30,Netherlands,6hzi5pltnz67q4la8yli9qfv6,active,yes,Alkmaar,NaN,NaN,198.0,89.0,left,NaN
8vv90kqjg12snthxi56kj3is5,Sander,Coopman,Sander,Coopman,NaN,S. Coopman,Belgium,4wbzjcclyefma1ourvjsu4q2j,Midfielder,player,1995-03-12,Belgium,4wbzjcclyefma1ourvjsu4q2j,active,yes,Ooigem,NaN,NaN,183.0,66.0,right,NaN
9vdokay37uv1dz4jfv64vx0q1,Gabriel,Kyeremateng,Gabriel,Kyeremateng,NaN,G. Kyeremateng,Germany,36min0qztu8eydwvpv8t1is0m,Attacker,player,1999-04-28,Germany,36min0qztu8eydwvpv8t1is0m,active,yes,Dortmund,Ghana,2q2sw72utw5gu9t5y4knckwba,181.0,82.0,NaN,NaN
c3ncu35o52jlqpqimfm8w4nop,Louis,Verstraete,Louis,Verstraete,NaN,L. Verstraete,Belgium,4wbzjcclyefma1ourvjsu4q2j,Midfielder,player,1999-05-04,Belgium,4wbzjcclyefma1ourvjsu4q2j,active,yes,NaN,NaN,NaN,186.0,NaN,right,NaN
cfsoo7mido1ai3cltohicx72s,Ahmed,Khatir,Ahmed,Khatir,NaN,A. Khatir,Morocco,2xdcc39z1k79pnjbtn9x31wdh,Defender,player,2005-03-14,Morocco,2xdcc39z1k79pnjbtn9x31wdh,active,yes,NaN,NaN,NaN,NaN,NaN,NaN,NaN
d2ifi3myitnsd14yh45c2ue39,Jakov,Filipović,Jakov,Filipovic,NaN,J. Filipović,Croatia,37hlakrwxyuzovaeoo4sezusp,Defender,player,1992-10-17,Bosnia and Herzegovina,4fue8u54361o79fbiu9qwxjer,active,yes,Osijek,NaN,NaN,190.0,86.0,NaN,NaN
e8iedufshdq58novt3uevsrqi,Jay-Dee,Geusens,Jay-Dee,Geusens,NaN,J. Geusens,Belgium,4wbzjcclyefma1ourvjsu4q2j,Midfielder,player,2002-03-05,Belgium,4wbzjcclyefma1ourvjsu4q2j,active,yes,NaN,NaN,NaN,185.0,76.0,right,NaN
eaaxvzqox27ea3u2j9d6gcd90,Dylan,Dassy,Dylan,Dassy,NaN,D. Dassy,Belgium,4wbzjcclyefma1ourvjsu4q2j,Defender,player,2003-01-18,Belgium,4wbzjcclyefma1ourvjsu4q2j,active,yes,NaN,NaN,NaN,163.0,52.0,left,NaN
ebnm8xj9pggemio5qay9pcc0l,Anthony,Limbombe Ekango,Anthony,Limbombe,NaN,A. Limbombe,Belgium,4wbzjcclyefma1ourvjsu4q2j,Attacker,player,1994-07-15,Belgium,4wbzjcclyefma1ourvjsu4q2j,active,yes,Mechelen,NaN,NaN,177.0,72.0,right,NaN
eczyz1c2lgqelhp13xiqb0vhm,Maxim,Deman,Maxim,Deman,NaN,M. Deman,Belgium,4wbzjcclyefma1ourvjsu4q2j,Goalkeeper,player,2001-10-23,Belgium,4wbzjcclyefma1ourvjsu4q2j,active,yes,NaN,NaN,NaN,194.0,82.0,left,NaN
epq8e3unn67q196kqyatry09h,Flavien,Le Postollec,Flavien,Le Postollec,NaN,F. Le Postollec,France,7gww28djs405rfga69smki84o,NaN,assistant coach,1984-02-19,Côte d'Ivoire,tin6kf561ywonqan0mettr98,active,yes,Abidjan,NaN,NaN,182.0,73.0,right,NaN
1du03mqsc0o6i4e64n7pzr6ui,Ennio,van der Gouw,Ennio,van der Gouw,NaN,E. van der Gouw,Netherlands,6hzi5pltnz67q4la8yli9qfv6,Goalkeeper,player,2000-02-14,England,1fk5l4hkqk12i7zske6mcqju6,active,yes,Stockport,NaN,NaN,195.0,76.0,right,NaN
1vzto2nhwwx41c7t3v26czjoq,Tarik,El Boutaibe,Tarik,El Boutaibe,NaN,T. El Boutaibe,Belgium,4wbzjcclyefma1ourvjsu4q2j,Attacker,player,2003-01-31,Belgium,4wbzjcclyefma1ourvjsu4q2j,active,yes,NaN,NaN,NaN,NaN,NaN,NaN,NaN
2hj88r72bbwnhqx12tv13jmqx,Anton Willy,Tanghe,Anton,Tanghe,NaN,A. Tanghe,Belgium,4wbzjcclyefma1ourvjsu4q2j,Defender,player,1999-01-28,Belgium,4wbzjcclyefma1ourvjsu4q2j,active,yes,Roeselare,NaN,NaN,194.0,84.0,right,NaN
2zfl3uasstx4eknstbzcsg7is,Tochukwu,Nnadi,Tochukwu,Nadi,NaN,T. Nnadi,Nigeria,63pvdwrsiq5b07mzi8igqei9p,Midfielder,player,2003-06-30,Nigeria,63pvdwrsiq5b07mzi8igqei9p,active,yes,NaN,NaN,NaN,NaN,NaN,NaN,NaN
39nl486kil9v2ajszgd0p01uy,Stavros,Gavriel,Stavros,Gavriel,NaN,S. Gavriel,Cyprus,3om8cj5nhmq1rzzkykubm5icj,Defender,player,2002-01-29,Cyprus,3om8cj5nhmq1rzzkykubm5icj,active,yes,NaN,NaN,NaN,NaN,NaN,NaN,NaN
3e3c1mn2j19lbgm42mknle5uc,Thibaud,Sergeant,Thibaud,Sergeant,NaN,T. Sergeant,Belgium,4wbzjcclyefma1ourvjsu4q2j,Midfielder,player,2005-09-19,Belgium,4wbzjcclyefma1ourvjsu4q2j,active,yes,NaN,NaN,NaN,NaN,NaN,NaN,NaN
4y1bicgp8m81jh6qu1qhi2hg,Matheus Machado,Ferreira,Matheus Machado,Ferreira,NaN,Matheus Machado,Brazil,2vufyvpoxd9lfl9f6vpp7tz6y,Attacker,player,2003-03-13,Brazil,2vufyvpoxd9lfl9f6vpp7tz6y,active,yes,Porto Alegre,NaN,NaN,NaN,NaN,NaN,Matheus Machado
53bjjau3dtb18vp3749w31brp,Sven Ludwig,Vandenbroeck,Sven,Vandenbroeck,NaN,S. Vandenbroeck,Belgium,4wbzjcclyefma1ourvjsu4q2j,NaN,coach,1979-09-22,Belgium,4wbzjcclyefma1ourvjsu4q2j,active,yes,NaN,NaN,NaN,NaN,NaN,NaN,NaN
5f10741jaxt09v139y79i2gic,Jonathan,Silva de Oliveira Alves,Jonathan,Alves,NaN,Jonathan Alves,Portugal,1nbm5i9a0403zzvltn17lxinc,NaN,assistant coach,1982-12-02,France,7gww28djs405rfga69smki84o,active,yes,NaN,France,7gww28djs405rfga69smki84o,NaN,NaN,NaN,NaN
5i4hanhs1igx4grc5rt6cj4oa,Kevor,Palumets,Kevor,Palumets,NaN,K. Palumets,Estonia,64smib5liu1qh78iaylufxj99,Midfielder,player,2002-11-21,Estonia,64smib5liu1qh78iaylufxj99,active,no,Tallinn,NaN,NaN,187.0,76.0,left,NaN
74cz8a7i8qg1mln9uzs54m0np,Benoît Vivian,Nyssen,Benoît,Nyssen,NaN,B. Nyssen,Belgium,4wbzjcclyefma1ourvjsu4q2j,Defender,player,1997-09-12,Belgium,4wbzjcclyefma1ourvjsu4q2j,active,yes,NaN,NaN,NaN,186.0,NaN,NaN,NaN
7midzsc4xu11dxhw22s9b5e6s,Pape Demba,Diop,Pape,Diop,NaN,P. Diop,Senegal,6hhqyhr5cwq2pfprlazyposyk,Midfielder,player,2003-09-04,Senegal,6hhqyhr5cwq2pfprlazyposyk,active,yes,NaN,NaN,NaN,NaN,NaN,NaN,NaN
7ojr3svfuiak6zm6pjrc18mhh,Louis,Bostyn,Louis,Bostyn,NaN,L. Bostyn,Belgium,4wbzjcclyefma1ourvjsu4q2j,Goalkeeper,player,1993-10-04,Belgium,4wbzjcclyefma1ourvjsu4q2j,active,yes,Roeselare,NaN,NaN,195.0,86.0,right,NaN
7udwb7m5udna6junnwtlhykq2,Sef,Van Damme,Sef,Van Damme,NaN,S. Van Damme,Belgium,4wbzjcclyefma1ourvjsu4q2j,Goalkeeper,player,2003-01-08,Belgium,4wbzjcclyefma1ourvjsu4q2j,active,yes,NaN,NaN,NaN,191.0,78.0,NaN,NaN
7yek1fu5x7yoqc4raxja0i5uc,Modou,Tambedou,Modou,Tambedou,NaN,M. Tambedou,Senegal,6hhqyhr5cwq2pfprlazyposyk,Midfielder,player,2003-04-04,Senegal,6hhqyhr5cwq2pfprlazyposyk,active,yes,NaN,NaN,NaN,193.0,87.0,right,NaN
8jn4wq3d1ro8f89lttw4b9rzd,Alioune,Badou Ndour,Alioune,Ndour,NaN,A. Ndour,Senegal,6hhqyhr5cwq2pfprlazyposyk,Attacker,player,1997-10-21,Senegal,6hhqyhr5cwq2pfprlazyposyk,active,yes,Dakar,NaN,NaN,183.0,NaN,right,NaN
9urqzncna9izqyoaysnjq52lm,Lukas,Willen,Lukas,Willen,NaN,L. Willen,Belgium,4wbzjcclyefma1ourvjsu4q2j,Defender,player,2003-04-25,Belgium,4wbzjcclyefma1ourvjsu4q2j,active,yes,NaN,NaN,NaN,189.0,NaN,left,NaN
a2tdd3sxu7nckqe44al7to7pw,Arthur,Harinck,Arthur,Harinck,NaN,A. Harinck,Belgium,4wbzjcclyefma1ourvjsu4q2j,Midfielder,player,2004-12-11,Belgium,4wbzjcclyefma1ourvjsu4q2j,active,yes,NaN,NaN,NaN,NaN,NaN,NaN,NaN
a375qgbjxnpucpz3hprf2fkr9,Christian,Brüls,Christian,Brüls,NaN,C. Brüls,Belgium,4wbzjcclyefma1ourvjsu4q2j,Midfielder,player,1988-09-30,Belgium,4wbzjcclyefma1ourvjsu4q2j,active,yes,Malmedy,NaN,NaN,179.0,74.0,both,NaN
a6z9meo0yksv97ntwe0q2k650,Jeppe,Erenbjerg,Jeppe,Erenbjerg,NaN,J. Erenbjerg,Denmark,5adf60vwiw2f2mibyq1k4ex7i,Attacker,player,2000-04-29,Denmark,5adf60vwiw2f2mibyq1k4ex7i,active,yes,NaN,NaN,NaN,184.0,NaN,left,NaN
az21s916gcylcjy5riyia9239,Jelle,Vossen,Jelle,Vossen,NaN,J. Vossen,Belgium,4wbzjcclyefma1ourvjsu4q2j,Attacker,player,1989-03-22,Belgium,4wbzjcclyefma1ourvjsu4q2j,active,yes,Bilzen,NaN,NaN,180.0,70.0,right,NaN
bix6heaayhagpsc1ccfz84r2s,Arnaud,Dobbels,Arnaud,Dobbels,NaN,A. Dobbels,Belgium,4wbzjcclyefma1ourvjsu4q2j,Goalkeeper,player,2005-02-02,Belgium,4wbzjcclyefma1ourvjsu4q2j,active,yes,NaN,NaN,NaN,NaN,NaN,NaN,NaN
blq34pv8i87gw56cwwqstnuac,Patrick Victoire,Handzongo,Patrick,Handzongo,NaN,P. Handzongo,Cameroon,4eb9feio6u267dd1jcwaf38mt,Attacker,player,2004-09-09,Cameroon,4eb9feio6u267dd1jcwaf38mt,active,yes,NaN,NaN,NaN,NaN,NaN,NaN,NaN
cg748vqllo7gdcz5id1gvqggl,Nicolas,Rommens,Nicolas,Rommens,NaN,N. Rommens,Belgium,4wbzjcclyefma1ourvjsu4q2j,Midfielder,player,1994-12-17,Belgium,4wbzjcclyefma1ourvjsu4q2j,active,yes,Lier,NaN,NaN,183.0,70.0,both,NaN
cl0dr4ix10ksfm39vudnke978,Abdoulaye Kinski David,Traoré,Abdoulaye,Traoré,NaN,A. Traoré,Côte d'Ivoire,tin6kf561ywonqan0mettr98,Midfielder,player,2003-06-28,Côte d'Ivoire,tin6kf561ywonqan0mettr98,active,yes,NaN,NaN,NaN,NaN,NaN,NaN,NaN
dh3x40maobrrxyk5as6batl3o,Dylan,Demuynck,Dylan,Demuynck,NaN,D. Demuynck,Philippines,2bn52u7dpgfatwqumx224cczx,Midfielder,player,2004-05-06,Belgium,4wbzjcclyefma1ourvjsu4q2j,active,yes,NaN,Belgium,4wbzjcclyefma1ourvjsu4q2j,NaN,NaN,NaN,NaN
enl0mjrht847a24567edbi4gk,Yannick,Cappelle,Yannick,Cappelle,NaN,Y. Cappelle,Belgium,4wbzjcclyefma1ourvjsu4q2j,Defender,player,2003-08-07,Belgium,4wbzjcclyefma1ourvjsu4q2j,active,yes,NaN,NaN,NaN,NaN,NaN,NaN,NaN
fu4y7y6dd3uxi42dk4woxm38,Andres,Labie,Andres,Labie,NaN,A. Labie,Belgium,4wbzjcclyefma1ourvjsu4q2j,Defender,player,2004-01-25,Belgium,4wbzjcclyefma1ourvjsu4q2j,active,yes,NaN,NaN,NaN,NaN,NaN,NaN,NaN
