playerName,playerId,contestantId,team_name,321,label,match_id,date
D. Marczuk,9cv6uaoakuuum1ii2ifndrac4,8jw3s68b9lil5xcgjvbcmrgc2,Jagiellonia Białystok,0.029069295153021812,Jagiellonia Białystok vs Puszcza Niepołomice,3ff7hftuvilkb6t68sg8wbz10,2024-07-19
Adrián Diéguez,8472de2nxpceez5q9fj52k2qx,8jw3s68b9lil5xcgjvbcmrgc2,Jagiellonia Białystok,0.04130787029862404,Jagiellonia Białystok vs Puszcza Niepołomice,3ff7hftuvilkb6t68sg8wbz10,2024-07-19
M. Radecki,e18y7jm34kkzjst1m3554e7dh,e0eoa8fnsnjno5xh29ooux4kc,Puszcza Niepołomice,0.18437714874744415,Jagiellonia Białystok vs Puszcza Niepołomice,3ff7hftuvilkb6t68sg8wbz10,2024-07-19
M. Radecki,e18y7jm34kkzjst1m3554e7dh,e0eoa8fnsnjno5xh29ooux4kc,Puszcza Niepołomice,0.10598193854093552,Jagiellonia Białystok vs Puszcza Niepołomice,3ff7hftuvilkb6t68sg8wbz10,2024-07-19
J. Kubicki,9l522d50o2l6kcd5p6sc162tx,8jw3s68b9lil5xcgjvbcmrgc2,Jagiellonia Białystok,0.17235523462295532,Jagiellonia Białystok vs Puszcza Niepołomice,3ff7hftuvilkb6t68sg8wbz10,2024-07-19
M. Radecki,e18y7jm34kkzjst1m3554e7dh,e0eoa8fnsnjno5xh29ooux4kc,Puszcza Niepołomice,0.1245979517698288,Jagiellonia Białystok vs Puszcza Niepołomice,3ff7hftuvilkb6t68sg8wbz10,2024-07-19
Jesús Imaz,9fbqozvrrpesxw8nakrk4nphx,8jw3s68b9lil5xcgjvbcmrgc2,Jagiellonia Białystok,0.2798475921154022,Jagiellonia Białystok vs Puszcza Niepołomice,3ff7hftuvilkb6t68sg8wbz10,2024-07-19
Afimico Pululu,3lv7coxi3at2j41csxb9x8r8p,8jw3s68b9lil5xcgjvbcmrgc2,Jagiellonia Białystok,0.20342595875263214,Jagiellonia Białystok vs Puszcza Niepołomice,3ff7hftuvilkb6t68sg8wbz10,2024-07-19
Lee Jin-Hyun,un6pufmg35lihl29pqplevop,e0eoa8fnsnjno5xh29ooux4kc,Puszcza Niepołomice,0.04019341245293617,Jagiellonia Białystok vs Puszcza Niepołomice,3ff7hftuvilkb6t68sg8wbz10,2024-07-19
K. Stępień,5m0rdkwh8ywa3qx9iod3fuimt,e0eoa8fnsnjno5xh29ooux4kc,Puszcza Niepołomice,0.08395890146493912,Jagiellonia Białystok vs Puszcza Niepołomice,3ff7hftuvilkb6t68sg8wbz10,2024-07-19
D. Abramowicz,648keib6my0hebzeyo35qzbv9,e0eoa8fnsnjno5xh29ooux4kc,Puszcza Niepołomice,0.13697952032089233,Jagiellonia Białystok vs Puszcza Niepołomice,3ff7hftuvilkb6t68sg8wbz10,2024-07-19
M. Cholewiak,bx4dmftp9kp7dnku168bucm39,e0eoa8fnsnjno5xh29ooux4kc,Puszcza Niepołomice,0.07310477644205093,Jagiellonia Białystok vs Puszcza Niepołomice,3ff7hftuvilkb6t68sg8wbz10,2024-07-19
T. Romanczuk,24ysj037no78sb6bs0raxl4ut,8jw3s68b9lil5xcgjvbcmrgc2,Jagiellonia Białystok,0.05981453135609627,Jagiellonia Białystok vs Puszcza Niepołomice,3ff7hftuvilkb6t68sg8wbz10,2024-07-19
D. Marczuk,9cv6uaoakuuum1ii2ifndrac4,8jw3s68b9lil5xcgjvbcmrgc2,Jagiellonia Białystok,0.03174910694360733,Jagiellonia Białystok vs Puszcza Niepołomice,3ff7hftuvilkb6t68sg8wbz10,2024-07-19
D. Abramowicz,648keib6my0hebzeyo35qzbv9,e0eoa8fnsnjno5xh29ooux4kc,Puszcza Niepołomice,0.0336327888071537,Jagiellonia Białystok vs Puszcza Niepołomice,3ff7hftuvilkb6t68sg8wbz10,2024-07-19
K. Hansen,e0p5kw0ipiajp45yfr9bgahud,8jw3s68b9lil5xcgjvbcmrgc2,Jagiellonia Białystok,0.03147265315055847,Jagiellonia Białystok vs Puszcza Niepołomice,3ff7hftuvilkb6t68sg8wbz10,2024-07-19
J. Blagaić,a8ck6te9oqjh1qy9b1air5vmy,e0eoa8fnsnjno5xh29ooux4kc,Puszcza Niepołomice,0.037123166024684906,Jagiellonia Białystok vs Puszcza Niepołomice,3ff7hftuvilkb6t68sg8wbz10,2024-07-19
Jesús Imaz,9fbqozvrrpesxw8nakrk4nphx,8jw3s68b9lil5xcgjvbcmrgc2,Jagiellonia Białystok,0.1756591498851776,Jagiellonia Białystok vs Puszcza Niepołomice,3ff7hftuvilkb6t68sg8wbz10,2024-07-19
Nené,2nx75eaacn2ohew0d3r7zgst1,8jw3s68b9lil5xcgjvbcmrgc2,Jagiellonia Białystok,0.10578838735818863,Jagiellonia Białystok vs Puszcza Niepołomice,3ff7hftuvilkb6t68sg8wbz10,2024-07-19
T. Romanczuk,24ysj037no78sb6bs0raxl4ut,8jw3s68b9lil5xcgjvbcmrgc2,Jagiellonia Białystok,0.0847880095243454,Jagiellonia Białystok vs Puszcza Niepołomice,3ff7hftuvilkb6t68sg8wbz10,2024-07-19
D. Marczuk,9cv6uaoakuuum1ii2ifndrac4,8jw3s68b9lil5xcgjvbcmrgc2,Jagiellonia Białystok,0.07314092665910721,Jagiellonia Białystok vs Puszcza Niepołomice,3ff7hftuvilkb6t68sg8wbz10,2024-07-19
T. Romanczuk,24ysj037no78sb6bs0raxl4ut,8jw3s68b9lil5xcgjvbcmrgc2,Jagiellonia Białystok,0.09993302822113037,Jagiellonia Białystok vs Puszcza Niepołomice,3ff7hftuvilkb6t68sg8wbz10,2024-07-19
D. Marczuk,9cv6uaoakuuum1ii2ifndrac4,8jw3s68b9lil5xcgjvbcmrgc2,Jagiellonia Białystok,0.08128193765878677,Jagiellonia Białystok vs Puszcza Niepołomice,3ff7hftuvilkb6t68sg8wbz10,2024-07-19
Nené,2nx75eaacn2ohew0d3r7zgst1,8jw3s68b9lil5xcgjvbcmrgc2,Jagiellonia Białystok,0.07687126845121384,Jagiellonia Białystok vs Puszcza Niepołomice,3ff7hftuvilkb6t68sg8wbz10,2024-07-19
L. Diaby-Fadiga,db32f79l8p19q2g45g885t7xm,8jw3s68b9lil5xcgjvbcmrgc2,Jagiellonia Białystok,0.043390631675720215,Jagiellonia Białystok vs Puszcza Niepołomice,3ff7hftuvilkb6t68sg8wbz10,2024-07-19
Miki Villar,d22447vvlf1wfbmckqovdt0ix,8jw3s68b9lil5xcgjvbcmrgc2,Jagiellonia Białystok,0.04020959511399269,Jagiellonia Białystok vs Puszcza Niepołomice,3ff7hftuvilkb6t68sg8wbz10,2024-07-19
L. Diaby-Fadiga,db32f79l8p19q2g45g885t7xm,8jw3s68b9lil5xcgjvbcmrgc2,Jagiellonia Białystok,0.011035948060452938,Jagiellonia Białystok vs Puszcza Niepołomice,3ff7hftuvilkb6t68sg8wbz10,2024-07-19
Nené,2nx75eaacn2ohew0d3r7zgst1,8jw3s68b9lil5xcgjvbcmrgc2,Jagiellonia Białystok,0.0644289031624794,Jagiellonia Białystok vs Puszcza Niepołomice,3ff7hftuvilkb6t68sg8wbz10,2024-07-19
L. Diaby-Fadiga,db32f79l8p19q2g45g885t7xm,8jw3s68b9lil5xcgjvbcmrgc2,Jagiellonia Białystok,0.0927165150642395,Jagiellonia Białystok vs Puszcza Niepołomice,3ff7hftuvilkb6t68sg8wbz10,2024-07-19
L. D'Arrigo,2kig0lwusomobls6p3am0l7qi,13tihpiruaaa1xreofk5ovk43,Lechia Gdańsk,0.013273943215608597,Śląsk Wrocław vs Lechia Gdańsk,3ic4vebbht7ifil3l65psy6ms,2024-07-19
M. Żukowski,aeks1yjg9e1a07zdtor0yvluy,2672w7jn6onmk0lmpsp94eutg,Śląsk Wrocław,0.01726337894797325,Śląsk Wrocław vs Lechia Gdańsk,3ic4vebbht7ifil3l65psy6ms,2024-07-19
P. Samiec-Talar,51a6has987q21o1ylqhh90n6y,2672w7jn6onmk0lmpsp94eutg,Śląsk Wrocław,0.12960469722747803,Śląsk Wrocław vs Lechia Gdańsk,3ic4vebbht7ifil3l65psy6ms,2024-07-19
T. Neugebauer,98p3yzev7i6oown2j3rc9l1xw,13tihpiruaaa1xreofk5ovk43,Lechia Gdańsk,0.016417108476161957,Śląsk Wrocław vs Lechia Gdańsk,3ic4vebbht7ifil3l65psy6ms,2024-07-19
P. Samiec-Talar,51a6has987q21o1ylqhh90n6y,2672w7jn6onmk0lmpsp94eutg,Śląsk Wrocław,0.1635770946741104,Śląsk Wrocław vs Lechia Gdańsk,3ic4vebbht7ifil3l65psy6ms,2024-07-19
S. Petrov,2hzghtvj5pxr5cpx0i8c5kpd6,2672w7jn6onmk0lmpsp94eutg,Śląsk Wrocław,0.013629025779664516,Śląsk Wrocław vs Lechia Gdańsk,3ic4vebbht7ifil3l65psy6ms,2024-07-19
P. Samiec-Talar,51a6has987q21o1ylqhh90n6y,2672w7jn6onmk0lmpsp94eutg,Śląsk Wrocław,0.08479518443346024,Śląsk Wrocław vs Lechia Gdańsk,3ic4vebbht7ifil3l65psy6ms,2024-07-19
S. Musiolik,2o0rrfvhwvj8434k7wcpj1nmd,2672w7jn6onmk0lmpsp94eutg,Śląsk Wrocław,0.1224302425980568,Śląsk Wrocław vs Lechia Gdańsk,3ic4vebbht7ifil3l65psy6ms,2024-07-19
S. Musiolik,2o0rrfvhwvj8434k7wcpj1nmd,2672w7jn6onmk0lmpsp94eutg,Śląsk Wrocław,0.0776645615696907,Śląsk Wrocław vs Lechia Gdańsk,3ic4vebbht7ifil3l65psy6ms,2024-07-19
P. Pokorný,9hkjwkdnvzeax9s0c4ghsqsfe,2672w7jn6onmk0lmpsp94eutg,Śląsk Wrocław,0.01437155157327652,Śląsk Wrocław vs Lechia Gdańsk,3ic4vebbht7ifil3l65psy6ms,2024-07-19
P. Schwarz,5uzbt47eqvjv0lbawi9juf5qt,2672w7jn6onmk0lmpsp94eutg,Śląsk Wrocław,0.06135931611061096,Śląsk Wrocław vs Lechia Gdańsk,3ic4vebbht7ifil3l65psy6ms,2024-07-19
P. Samiec-Talar,51a6has987q21o1ylqhh90n6y,2672w7jn6onmk0lmpsp94eutg,Śląsk Wrocław,0.1315743327140808,Śląsk Wrocław vs Lechia Gdańsk,3ic4vebbht7ifil3l65psy6ms,2024-07-19
M. Żukowski,aeks1yjg9e1a07zdtor0yvluy,2672w7jn6onmk0lmpsp94eutg,Śląsk Wrocław,0.02743726596236229,Śląsk Wrocław vs Lechia Gdańsk,3ic4vebbht7ifil3l65psy6ms,2024-07-19
S. Szota,aly5qelk8qvxdv9aqhbos6j56,2672w7jn6onmk0lmpsp94eutg,Śląsk Wrocław,0.09906023740768433,Śląsk Wrocław vs Lechia Gdańsk,3ic4vebbht7ifil3l65psy6ms,2024-07-19
S. Buletsa,2bdw52yp8fp0crtax5msykpnt,13tihpiruaaa1xreofk5ovk43,Lechia Gdańsk,0.06109066307544708,Śląsk Wrocław vs Lechia Gdańsk,3ic4vebbht7ifil3l65psy6ms,2024-07-19
T. Guercio,6nsk4eocqoeq4xyoig7nvqu50,2672w7jn6onmk0lmpsp94eutg,Śląsk Wrocław,0.021168597042560577,Śląsk Wrocław vs Lechia Gdańsk,3ic4vebbht7ifil3l65psy6ms,2024-07-19
S. Petrov,2hzghtvj5pxr5cpx0i8c5kpd6,2672w7jn6onmk0lmpsp94eutg,Śląsk Wrocław,0.03566073998808861,Śląsk Wrocław vs Lechia Gdańsk,3ic4vebbht7ifil3l65psy6ms,2024-07-19
S. Petrov,2hzghtvj5pxr5cpx0i8c5kpd6,2672w7jn6onmk0lmpsp94eutg,Śląsk Wrocław,0.07316616177558899,Śląsk Wrocław vs Lechia Gdańsk,3ic4vebbht7ifil3l65psy6ms,2024-07-19
Nahuel Leiva,a73ygj1fuda9a1z6p62hhc79x,2672w7jn6onmk0lmpsp94eutg,Śląsk Wrocław,0.022220266982913017,Śląsk Wrocław vs Lechia Gdańsk,3ic4vebbht7ifil3l65psy6ms,2024-07-19
S. Petrov,2hzghtvj5pxr5cpx0i8c5kpd6,2672w7jn6onmk0lmpsp94eutg,Śląsk Wrocław,0.03503640741109848,Śląsk Wrocław vs Lechia Gdańsk,3ic4vebbht7ifil3l65psy6ms,2024-07-19
A. Petkov,avpmp2fdhwwqhxr7nhud76six,2672w7jn6onmk0lmpsp94eutg,Śląsk Wrocław,0.2257956862449646,Śląsk Wrocław vs Lechia Gdańsk,3ic4vebbht7ifil3l65psy6ms,2024-07-19
T. Guercio,6nsk4eocqoeq4xyoig7nvqu50,2672w7jn6onmk0lmpsp94eutg,Śląsk Wrocław,0.23110534250736237,Śląsk Wrocław vs Lechia Gdańsk,3ic4vebbht7ifil3l65psy6ms,2024-07-19
T. Guercio,6nsk4eocqoeq4xyoig7nvqu50,2672w7jn6onmk0lmpsp94eutg,Śląsk Wrocław,0.01882985793054104,Śląsk Wrocław vs Lechia Gdańsk,3ic4vebbht7ifil3l65psy6ms,2024-07-19
Bruno Jordão,9kn7hs1nbc0rcismky05z6zmx,5iq037iifttb7jw2zkz2z57pj,Radomiak Radom,0.017000697553157806,GKS Katowice vs Radomiak Radom,3exxgrwhhc54jow8nbubjjvo4,2024-07-20
R. Wolski,5tlzhf7kxw0ybm9pgqnrqfvth,5iq037iifttb7jw2zkz2z57pj,Radomiak Radom,0.04018954932689667,GKS Katowice vs Radomiak Radom,3exxgrwhhc54jow8nbubjjvo4,2024-07-20
Borja Galán,a0zpetflr8gttr03gfqjvxi39,e4282tj4jnq8h2to6sjr08jl,GKS Katowice,0.07065166532993317,GKS Katowice vs Radomiak Radom,3exxgrwhhc54jow8nbubjjvo4,2024-07-20
O. Repka,6b0o88v7qb1zv05cs2kewi1nt,e4282tj4jnq8h2to6sjr08jl,GKS Katowice,0.08730801194906235,GKS Katowice vs Radomiak Radom,3exxgrwhhc54jow8nbubjjvo4,2024-07-20
G. Rogala,1z3geshn4wenhv4ykebzv51bd,e4282tj4jnq8h2to6sjr08jl,GKS Katowice,0.016707703471183777,GKS Katowice vs Radomiak Radom,3exxgrwhhc54jow8nbubjjvo4,2024-07-20
R. Wolski,5tlzhf7kxw0ybm9pgqnrqfvth,5iq037iifttb7jw2zkz2z57pj,Radomiak Radom,0.08365326374769211,GKS Katowice vs Radomiak Radom,3exxgrwhhc54jow8nbubjjvo4,2024-07-20
Peglow,9ufiiimdo20xtdvbuji670msq,5iq037iifttb7jw2zkz2z57pj,Radomiak Radom,0.040108419954776764,GKS Katowice vs Radomiak Radom,3exxgrwhhc54jow8nbubjjvo4,2024-07-20
Leonardo Rocha,7o9gg671xag1g9b2h5q79q86h,5iq037iifttb7jw2zkz2z57pj,Radomiak Radom,0.11745572835206985,GKS Katowice vs Radomiak Radom,3exxgrwhhc54jow8nbubjjvo4,2024-07-20
M. Cichocki,1jwaoymqmjnpfyeys36kj1exh,5iq037iifttb7jw2zkz2z57pj,Radomiak Radom,0.36451515555381775,GKS Katowice vs Radomiak Radom,3exxgrwhhc54jow8nbubjjvo4,2024-07-20
Leonardo Rocha,7o9gg671xag1g9b2h5q79q86h,5iq037iifttb7jw2zkz2z57pj,Radomiak Radom,0.3514682948589325,GKS Katowice vs Radomiak Radom,3exxgrwhhc54jow8nbubjjvo4,2024-07-20
M. Wasielewski,b8fc8pgvumh4uonerj9ld82qx,e4282tj4jnq8h2to6sjr08jl,GKS Katowice,0.050327032804489136,GKS Katowice vs Radomiak Radom,3exxgrwhhc54jow8nbubjjvo4,2024-07-20
Leonardo Rocha,7o9gg671xag1g9b2h5q79q86h,5iq037iifttb7jw2zkz2z57pj,Radomiak Radom,0.054929934442043304,GKS Katowice vs Radomiak Radom,3exxgrwhhc54jow8nbubjjvo4,2024-07-20
Vagner,7ruin2kz9zjzba57tdbec7n4l,5iq037iifttb7jw2zkz2z57pj,Radomiak Radom,0.037071213126182556,GKS Katowice vs Radomiak Radom,3exxgrwhhc54jow8nbubjjvo4,2024-07-20
Leonardo Rocha,7o9gg671xag1g9b2h5q79q86h,5iq037iifttb7jw2zkz2z57pj,Radomiak Radom,0.17453794181346893,GKS Katowice vs Radomiak Radom,3exxgrwhhc54jow8nbubjjvo4,2024-07-20
O. Repka,6b0o88v7qb1zv05cs2kewi1nt,e4282tj4jnq8h2to6sjr08jl,GKS Katowice,0.016249485313892365,GKS Katowice vs Radomiak Radom,3exxgrwhhc54jow8nbubjjvo4,2024-07-20
S. Bergier,awe3km1oqe0ooqombcz6zj04q,e4282tj4jnq8h2to6sjr08jl,GKS Katowice,0.1165318563580513,GKS Katowice vs Radomiak Radom,3exxgrwhhc54jow8nbubjjvo4,2024-07-20
Leonardo Rocha,7o9gg671xag1g9b2h5q79q86h,5iq037iifttb7jw2zkz2z57pj,Radomiak Radom,0.08731931447982788,GKS Katowice vs Radomiak Radom,3exxgrwhhc54jow8nbubjjvo4,2024-07-20
B. Baranowicz,5epn2w42npctbsab7hyzxs4fe,e4282tj4jnq8h2to6sjr08jl,GKS Katowice,0.04875672236084938,GKS Katowice vs Radomiak Radom,3exxgrwhhc54jow8nbubjjvo4,2024-07-20
Leonardo Rocha,7o9gg671xag1g9b2h5q79q86h,5iq037iifttb7jw2zkz2z57pj,Radomiak Radom,0.11287432909011841,GKS Katowice vs Radomiak Radom,3exxgrwhhc54jow8nbubjjvo4,2024-07-20
Borja Galán,a0zpetflr8gttr03gfqjvxi39,e4282tj4jnq8h2to6sjr08jl,GKS Katowice,0.02885989472270012,GKS Katowice vs Radomiak Radom,3exxgrwhhc54jow8nbubjjvo4,2024-07-20
L. Klemenz,6mjhepo267xtrt1bqre1dsq8l,e4282tj4jnq8h2to6sjr08jl,GKS Katowice,0.42415162920951843,GKS Katowice vs Radomiak Radom,3exxgrwhhc54jow8nbubjjvo4,2024-07-20
S. Milewski,t9owwo6qmjsfv8e4b304lejt,e4282tj4jnq8h2to6sjr08jl,GKS Katowice,0.017941953614354134,GKS Katowice vs Radomiak Radom,3exxgrwhhc54jow8nbubjjvo4,2024-07-20
A. Komor,99iq70h0f9w17xktqco1c7b9x,e4282tj4jnq8h2to6sjr08jl,GKS Katowice,0.11913955211639404,GKS Katowice vs Radomiak Radom,3exxgrwhhc54jow8nbubjjvo4,2024-07-20
Borja Galán,a0zpetflr8gttr03gfqjvxi39,e4282tj4jnq8h2to6sjr08jl,GKS Katowice,0.12653999030590057,GKS Katowice vs Radomiak Radom,3exxgrwhhc54jow8nbubjjvo4,2024-07-20
Borja Galán,a0zpetflr8gttr03gfqjvxi39,e4282tj4jnq8h2to6sjr08jl,GKS Katowice,0.06986752897500992,GKS Katowice vs Radomiak Radom,3exxgrwhhc54jow8nbubjjvo4,2024-07-20
R. Alves,73ybeyo39mgld4i6ode7uhud,5iq037iifttb7jw2zkz2z57pj,Radomiak Radom,0.030551649630069733,GKS Katowice vs Radomiak Radom,3exxgrwhhc54jow8nbubjjvo4,2024-07-20
A. Komor,99iq70h0f9w17xktqco1c7b9x,e4282tj4jnq8h2to6sjr08jl,GKS Katowice,0.03728434070944786,GKS Katowice vs Radomiak Radom,3exxgrwhhc54jow8nbubjjvo4,2024-07-20
S. Milewski,t9owwo6qmjsfv8e4b304lejt,e4282tj4jnq8h2to6sjr08jl,GKS Katowice,0.029125787317752838,GKS Katowice vs Radomiak Radom,3exxgrwhhc54jow8nbubjjvo4,2024-07-20
M. Marzec,1s2hnit6uh6b651m3jn9w52p5,e4282tj4jnq8h2to6sjr08jl,GKS Katowice,0.006856335327029228,GKS Katowice vs Radomiak Radom,3exxgrwhhc54jow8nbubjjvo4,2024-07-20
Bruno Jordão,9kn7hs1nbc0rcismky05z6zmx,5iq037iifttb7jw2zkz2z57pj,Radomiak Radom,0.009875265881419182,GKS Katowice vs Radomiak Radom,3exxgrwhhc54jow8nbubjjvo4,2024-07-20
S. Milewski,t9owwo6qmjsfv8e4b304lejt,e4282tj4jnq8h2to6sjr08jl,GKS Katowice,0.06510595977306366,GKS Katowice vs Radomiak Radom,3exxgrwhhc54jow8nbubjjvo4,2024-07-20
A. Komor,99iq70h0f9w17xktqco1c7b9x,e4282tj4jnq8h2to6sjr08jl,GKS Katowice,0.028767915442585945,GKS Katowice vs Radomiak Radom,3exxgrwhhc54jow8nbubjjvo4,2024-07-20
V. Bichakhchyan,77xcfn3ncls6jzpum4j2f13vt,7r1d7xdgcjgp61qxshpho7xck,Pogoń Szczecin,0.022276872768998146,Pogoń Szczecin vs Korona Kielce,3hc2oi8fqo8ijn6sk8bm97hn8,2024-07-20
E. Koulouris,ct2jivny14stls1herriilx3p,7r1d7xdgcjgp61qxshpho7xck,Pogoń Szczecin,0.09918418526649475,Pogoń Szczecin vs Korona Kielce,3hc2oi8fqo8ijn6sk8bm97hn8,2024-07-20
S. Nagamatsu,4vmchta3b88cnn5jtpuysqrmy,2l1pdpvptdw9ois9qkrs9xi3c,Korona Kielce,0.034769207239151,Pogoń Szczecin vs Korona Kielce,3hc2oi8fqo8ijn6sk8bm97hn8,2024-07-20
M. Strzeboński,8itnk4k09t0952szo5q8qlnv8,2l1pdpvptdw9ois9qkrs9xi3c,Korona Kielce,0.014496268704533577,Pogoń Szczecin vs Korona Kielce,3hc2oi8fqo8ijn6sk8bm97hn8,2024-07-20
M. Fornalczyk,1hrgbh0om1xjj7wjjs2vibm22,2l1pdpvptdw9ois9qkrs9xi3c,Korona Kielce,0.025615526363253593,Pogoń Szczecin vs Korona Kielce,3hc2oi8fqo8ijn6sk8bm97hn8,2024-07-20
D. Błanik,7rpetql911mpar3bt5vbp3u95,2l1pdpvptdw9ois9qkrs9xi3c,Korona Kielce,0.014276396483182907,Pogoń Szczecin vs Korona Kielce,3hc2oi8fqo8ijn6sk8bm97hn8,2024-07-20
S. Nagamatsu,4vmchta3b88cnn5jtpuysqrmy,2l1pdpvptdw9ois9qkrs9xi3c,Korona Kielce,0.07177425175905228,Pogoń Szczecin vs Korona Kielce,3hc2oi8fqo8ijn6sk8bm97hn8,2024-07-20
L. Wahlqvist,3u3gjwv3jzdgsnf89bvbj1p79,7r1d7xdgcjgp61qxshpho7xck,Pogoń Szczecin,0.08133101463317871,Pogoń Szczecin vs Korona Kielce,3hc2oi8fqo8ijn6sk8bm97hn8,2024-07-20
M. Fornalczyk,1hrgbh0om1xjj7wjjs2vibm22,2l1pdpvptdw9ois9qkrs9xi3c,Korona Kielce,0.026648888364434242,Pogoń Szczecin vs Korona Kielce,3hc2oi8fqo8ijn6sk8bm97hn8,2024-07-20
S. Nagamatsu,4vmchta3b88cnn5jtpuysqrmy,2l1pdpvptdw9ois9qkrs9xi3c,Korona Kielce,0.021003512665629387,Pogoń Szczecin vs Korona Kielce,3hc2oi8fqo8ijn6sk8bm97hn8,2024-07-20
A. Gorgon,6vxnyzksf48xjlje9xpts5gwl,7r1d7xdgcjgp61qxshpho7xck,Pogoń Szczecin,0.010685421526432037,Pogoń Szczecin vs Korona Kielce,3hc2oi8fqo8ijn6sk8bm97hn8,2024-07-20
M. Strzeboński,8itnk4k09t0952szo5q8qlnv8,2l1pdpvptdw9ois9qkrs9xi3c,Korona Kielce,0.026186369359493256,Pogoń Szczecin vs Korona Kielce,3hc2oi8fqo8ijn6sk8bm97hn8,2024-07-20
E. Koulouris,ct2jivny14stls1herriilx3p,7r1d7xdgcjgp61qxshpho7xck,Pogoń Szczecin,0.4937378466129303,Pogoń Szczecin vs Korona Kielce,3hc2oi8fqo8ijn6sk8bm97hn8,2024-07-20
E. Koulouris,ct2jivny14stls1herriilx3p,7r1d7xdgcjgp61qxshpho7xck,Pogoń Szczecin,0.09356628358364105,Pogoń Szczecin vs Korona Kielce,3hc2oi8fqo8ijn6sk8bm97hn8,2024-07-20
V. Bichakhchyan,77xcfn3ncls6jzpum4j2f13vt,7r1d7xdgcjgp61qxshpho7xck,Pogoń Szczecin,0.12210146337747574,Pogoń Szczecin vs Korona Kielce,3hc2oi8fqo8ijn6sk8bm97hn8,2024-07-20
A. Gorgon,6vxnyzksf48xjlje9xpts5gwl,7r1d7xdgcjgp61qxshpho7xck,Pogoń Szczecin,0.07579325139522552,Pogoń Szczecin vs Korona Kielce,3hc2oi8fqo8ijn6sk8bm97hn8,2024-07-20
E. Koulouris,ct2jivny14stls1herriilx3p,7r1d7xdgcjgp61qxshpho7xck,Pogoń Szczecin,0.7884,Pogoń Szczecin vs Korona Kielce,3hc2oi8fqo8ijn6sk8bm97hn8,2024-07-20
Adrián Dalmau,57tfce3ecx2znfk0fa6d54zbp,2l1pdpvptdw9ois9qkrs9xi3c,Korona Kielce,0.030279645696282387,Pogoń Szczecin vs Korona Kielce,3hc2oi8fqo8ijn6sk8bm97hn8,2024-07-20
K. Grosicki,3ck17gtvtur0a5g1235h8b3yt,7r1d7xdgcjgp61qxshpho7xck,Pogoń Szczecin,0.03466014564037323,Pogoń Szczecin vs Korona Kielce,3hc2oi8fqo8ijn6sk8bm97hn8,2024-07-20
M. Remacle,jprkyrrpfbrgu4gmu07q7isp,2l1pdpvptdw9ois9qkrs9xi3c,Korona Kielce,0.015198752284049988,Pogoń Szczecin vs Korona Kielce,3hc2oi8fqo8ijn6sk8bm97hn8,2024-07-20
K. Grosicki,3ck17gtvtur0a5g1235h8b3yt,7r1d7xdgcjgp61qxshpho7xck,Pogoń Szczecin,0.023756753653287888,Pogoń Szczecin vs Korona Kielce,3hc2oi8fqo8ijn6sk8bm97hn8,2024-07-20
M. Remacle,jprkyrrpfbrgu4gmu07q7isp,2l1pdpvptdw9ois9qkrs9xi3c,Korona Kielce,0.03728635236620903,Pogoń Szczecin vs Korona Kielce,3hc2oi8fqo8ijn6sk8bm97hn8,2024-07-20
V. Bichakhchyan,77xcfn3ncls6jzpum4j2f13vt,7r1d7xdgcjgp61qxshpho7xck,Pogoń Szczecin,0.03724178671836853,Pogoń Szczecin vs Korona Kielce,3hc2oi8fqo8ijn6sk8bm97hn8,2024-07-20
A. Przyborek,1c3xkngggg1ia819447grz9jo,7r1d7xdgcjgp61qxshpho7xck,Pogoń Szczecin,0.032487332820892334,Pogoń Szczecin vs Korona Kielce,3hc2oi8fqo8ijn6sk8bm97hn8,2024-07-20
M. Trojak,eu8u0gnjnblj6664h18wy36c5,2l1pdpvptdw9ois9qkrs9xi3c,Korona Kielce,0.012825379148125648,Pogoń Szczecin vs Korona Kielce,3hc2oi8fqo8ijn6sk8bm97hn8,2024-07-20
João Gamboa,atkoaobhylui34grbharm41xx,7r1d7xdgcjgp61qxshpho7xck,Pogoń Szczecin,0.05343080312013626,Pogoń Szczecin vs Korona Kielce,3hc2oi8fqo8ijn6sk8bm97hn8,2024-07-20
K. Łukasiak,dlfr8xn11nu2q4tkadvna97v8,7r1d7xdgcjgp61qxshpho7xck,Pogoń Szczecin,0.1531722992658615,Pogoń Szczecin vs Korona Kielce,3hc2oi8fqo8ijn6sk8bm97hn8,2024-07-20
F. Ulvestad,4sit7tqcum60o7rdwcnw0b6c5,7r1d7xdgcjgp61qxshpho7xck,Pogoń Szczecin,0.035011015832424164,Pogoń Szczecin vs Korona Kielce,3hc2oi8fqo8ijn6sk8bm97hn8,2024-07-20
P. Paryzek,er55da53u8p61x84bukaxuplg,7r1d7xdgcjgp61qxshpho7xck,Pogoń Szczecin,0.024101581424474716,Pogoń Szczecin vs Korona Kielce,3hc2oi8fqo8ijn6sk8bm97hn8,2024-07-20
B. Kapustka,agyszanu4n5mffzuen16mu28l,d7udukc1t631drge83p7ucqws,Legia Warszawa,0.010954048484563828,Legia Warszawa vs Zagłębie Lubin,3gdhdn2abgasw6mo1xh5qfbis,2024-07-20
Luquinhas,8xyk2ee5mlrd3v597h1vlfw15,d7udukc1t631drge83p7ucqws,Legia Warszawa,0.08669069409370422,Legia Warszawa vs Zagłębie Lubin,3gdhdn2abgasw6mo1xh5qfbis,2024-07-20
T. Pieńko,6qi3kjcejoa3qotg9hxjacr8,145oko43h2g50ck9kn3d51xae,Zagłębie Lubin,0.02043602056801319,Legia Warszawa vs Zagłębie Lubin,3gdhdn2abgasw6mo1xh5qfbis,2024-07-20
Marc Gual,86vljyutefh7yr3r9awcghh49,d7udukc1t631drge83p7ucqws,Legia Warszawa,0.14218921959400177,Legia Warszawa vs Zagłębie Lubin,3gdhdn2abgasw6mo1xh5qfbis,2024-07-20
B. Kapustka,agyszanu4n5mffzuen16mu28l,d7udukc1t631drge83p7ucqws,Legia Warszawa,0.027640707790851593,Legia Warszawa vs Zagłębie Lubin,3gdhdn2abgasw6mo1xh5qfbis,2024-07-20
D. Dąbrowski,9icjikaqrkb2rnzyijotv6f2t,145oko43h2g50ck9kn3d51xae,Zagłębie Lubin,0.017763102427124977,Legia Warszawa vs Zagłębie Lubin,3gdhdn2abgasw6mo1xh5qfbis,2024-07-20
D. Kurminowski,6ifk9nxjknsu12kkzpdisr7fu,145oko43h2g50ck9kn3d51xae,Zagłębie Lubin,0.11507628113031387,Legia Warszawa vs Zagłębie Lubin,3gdhdn2abgasw6mo1xh5qfbis,2024-07-20
Marc Gual,86vljyutefh7yr3r9awcghh49,d7udukc1t631drge83p7ucqws,Legia Warszawa,0.0482165701687336,Legia Warszawa vs Zagłębie Lubin,3gdhdn2abgasw6mo1xh5qfbis,2024-07-20
Marc Gual,86vljyutefh7yr3r9awcghh49,d7udukc1t631drge83p7ucqws,Legia Warszawa,0.04894614592194557,Legia Warszawa vs Zagłębie Lubin,3gdhdn2abgasw6mo1xh5qfbis,2024-07-20
D. Dąbrowski,9icjikaqrkb2rnzyijotv6f2t,145oko43h2g50ck9kn3d51xae,Zagłębie Lubin,0.01653810776770115,Legia Warszawa vs Zagłębie Lubin,3gdhdn2abgasw6mo1xh5qfbis,2024-07-20
T. Pekhart,eh5vhgto6unpackbcm0cbf5jp,d7udukc1t631drge83p7ucqws,Legia Warszawa,0.028752977028489113,Legia Warszawa vs Zagłębie Lubin,3gdhdn2abgasw6mo1xh5qfbis,2024-07-20
D. Kurminowski,6ifk9nxjknsu12kkzpdisr7fu,145oko43h2g50ck9kn3d51xae,Zagłębie Lubin,0.02160458080470562,Legia Warszawa vs Zagłębie Lubin,3gdhdn2abgasw6mo1xh5qfbis,2024-07-20
Marc Gual,86vljyutefh7yr3r9awcghh49,d7udukc1t631drge83p7ucqws,Legia Warszawa,0.014309537597000599,Legia Warszawa vs Zagłębie Lubin,3gdhdn2abgasw6mo1xh5qfbis,2024-07-20
Marc Gual,86vljyutefh7yr3r9awcghh49,d7udukc1t631drge83p7ucqws,Legia Warszawa,0.08255661278963089,Legia Warszawa vs Zagłębie Lubin,3gdhdn2abgasw6mo1xh5qfbis,2024-07-20
B. Kramer,9zh4qj9n8utbaovz281qzo3x1,d7udukc1t631drge83p7ucqws,Legia Warszawa,0.054551076143980026,Legia Warszawa vs Zagłębie Lubin,3gdhdn2abgasw6mo1xh5qfbis,2024-07-20
B. Kapustka,agyszanu4n5mffzuen16mu28l,d7udukc1t631drge83p7ucqws,Legia Warszawa,0.04578510671854019,Legia Warszawa vs Zagłębie Lubin,3gdhdn2abgasw6mo1xh5qfbis,2024-07-20
Marc Gual,86vljyutefh7yr3r9awcghh49,d7udukc1t631drge83p7ucqws,Legia Warszawa,0.41594502329826355,Legia Warszawa vs Zagłębie Lubin,3gdhdn2abgasw6mo1xh5qfbis,2024-07-20
S. Kapuadi,c0arcrn5kpsofa1r53m1dhqp6,d7udukc1t631drge83p7ucqws,Legia Warszawa,0.11146899312734604,Legia Warszawa vs Zagłębie Lubin,3gdhdn2abgasw6mo1xh5qfbis,2024-07-20
Luquinhas,8xyk2ee5mlrd3v597h1vlfw15,d7udukc1t631drge83p7ucqws,Legia Warszawa,0.09291909635066986,Legia Warszawa vs Zagłębie Lubin,3gdhdn2abgasw6mo1xh5qfbis,2024-07-20
B. Kramer,9zh4qj9n8utbaovz281qzo3x1,d7udukc1t631drge83p7ucqws,Legia Warszawa,0.03912331163883209,Legia Warszawa vs Zagłębie Lubin,3gdhdn2abgasw6mo1xh5qfbis,2024-07-20
Marc Gual,86vljyutefh7yr3r9awcghh49,d7udukc1t631drge83p7ucqws,Legia Warszawa,0.013889343477785587,Legia Warszawa vs Zagłębie Lubin,3gdhdn2abgasw6mo1xh5qfbis,2024-07-20
Claude Gonçalves,10lohx6pgx6hb99cvc9st4fkl,d7udukc1t631drge83p7ucqws,Legia Warszawa,0.04876718297600746,Legia Warszawa vs Zagłębie Lubin,3gdhdn2abgasw6mo1xh5qfbis,2024-07-20
R. Augustyniak,b696z8tm11j8bt8k9e3y5k251,d7udukc1t631drge83p7ucqws,Legia Warszawa,0.05856110155582428,Legia Warszawa vs Zagłębie Lubin,3gdhdn2abgasw6mo1xh5qfbis,2024-07-20
A. Radwański,1fv3h5xbsw70cyxm4chcojg89,145oko43h2g50ck9kn3d51xae,Zagłębie Lubin,0.033690083771944046,Legia Warszawa vs Zagłębie Lubin,3gdhdn2abgasw6mo1xh5qfbis,2024-07-20
Luquinhas,8xyk2ee5mlrd3v597h1vlfw15,d7udukc1t631drge83p7ucqws,Legia Warszawa,0.27700886130332947,Legia Warszawa vs Zagłębie Lubin,3gdhdn2abgasw6mo1xh5qfbis,2024-07-20
M. Chrapek,4h6ku69wrhijpfltgrxtzeqj9,d7i1aj8vnexyqv76yt03d54wc,Piast Gliwice,0.016417108476161957,Cracovia vs Piast Gliwice,3edxjtffphxeze8q3qn7l785w,2024-07-21
F. Piasecki,ao28obmqcveh1b751phwonv11,d7i1aj8vnexyqv76yt03d54wc,Piast Gliwice,0.05654904991388321,Cracovia vs Piast Gliwice,3edxjtffphxeze8q3qn7l785w,2024-07-21
T. Huk,181g6wzi3ihz7zuzte0ck77bp,d7i1aj8vnexyqv76yt03d54wc,Piast Gliwice,0.03916905075311661,Cracovia vs Piast Gliwice,3edxjtffphxeze8q3qn7l785w,2024-07-21
Jorge Félix,oyatrrl4rq1erkhluznzhi39,d7i1aj8vnexyqv76yt03d54wc,Piast Gliwice,0.369549959897995,Cracovia vs Piast Gliwice,3edxjtffphxeze8q3qn7l785w,2024-07-21
M. Ameyaw,7qu0qz8c7xik26o96iix88416,d7i1aj8vnexyqv76yt03d54wc,Piast Gliwice,0.04161549732089043,Cracovia vs Piast Gliwice,3edxjtffphxeze8q3qn7l785w,2024-07-21
A. Pyrka,rvqiq9rz1ur11jb8skb7419m,d7i1aj8vnexyqv76yt03d54wc,Piast Gliwice,0.06925685703754425,Cracovia vs Piast Gliwice,3edxjtffphxeze8q3qn7l785w,2024-07-21
G. Tomasiewicz,1lmkzgjn68a57dw3n2nsk20ut,d7i1aj8vnexyqv76yt03d54wc,Piast Gliwice,0.018266240134835243,Cracovia vs Piast Gliwice,3edxjtffphxeze8q3qn7l785w,2024-07-21
K. Glik,7vdb2ph7s3vvcdcbrzp7gl49h,cbq36zdxvn152966h49hb4ijm,Cracovia,0.01368106622248888,Cracovia vs Piast Gliwice,3edxjtffphxeze8q3qn7l785w,2024-07-21
P. Dziczek,6hdfz2mxfptzgyldvlbip2e39,d7i1aj8vnexyqv76yt03d54wc,Piast Gliwice,0.018287232145667076,Cracovia vs Piast Gliwice,3edxjtffphxeze8q3qn7l785w,2024-07-21
Jorge Félix,oyatrrl4rq1erkhluznzhi39,d7i1aj8vnexyqv76yt03d54wc,Piast Gliwice,0.022707289084792137,Cracovia vs Piast Gliwice,3edxjtffphxeze8q3qn7l785w,2024-07-21
Jorge Félix,oyatrrl4rq1erkhluznzhi39,d7i1aj8vnexyqv76yt03d54wc,Piast Gliwice,0.010712186805903912,Cracovia vs Piast Gliwice,3edxjtffphxeze8q3qn7l785w,2024-07-21
T. Huk,181g6wzi3ihz7zuzte0ck77bp,d7i1aj8vnexyqv76yt03d54wc,Piast Gliwice,0.03929433971643448,Cracovia vs Piast Gliwice,3edxjtffphxeze8q3qn7l785w,2024-07-21
M. Ameyaw,7qu0qz8c7xik26o96iix88416,d7i1aj8vnexyqv76yt03d54wc,Piast Gliwice,0.015873344615101814,Cracovia vs Piast Gliwice,3edxjtffphxeze8q3qn7l785w,2024-07-21
Jorge Félix,oyatrrl4rq1erkhluznzhi39,d7i1aj8vnexyqv76yt03d54wc,Piast Gliwice,0.01886862888932228,Cracovia vs Piast Gliwice,3edxjtffphxeze8q3qn7l785w,2024-07-21
M. van Buren,a39nidkjopd50d1gk58soo1cl,cbq36zdxvn152966h49hb4ijm,Cracovia,0.1247028037905693,Cracovia vs Piast Gliwice,3edxjtffphxeze8q3qn7l785w,2024-07-21
Amir Al Ammari,1oxiwrp4v3e7j5v5vz9fe31lh,cbq36zdxvn152966h49hb4ijm,Cracovia,0.14731824398040771,Cracovia vs Piast Gliwice,3edxjtffphxeze8q3qn7l785w,2024-07-21
F. Piasecki,ao28obmqcveh1b751phwonv11,d7i1aj8vnexyqv76yt03d54wc,Piast Gliwice,0.02711637131869793,Cracovia vs Piast Gliwice,3edxjtffphxeze8q3qn7l785w,2024-07-21
F. Piasecki,ao28obmqcveh1b751phwonv11,d7i1aj8vnexyqv76yt03d54wc,Piast Gliwice,0.05265890434384346,Cracovia vs Piast Gliwice,3edxjtffphxeze8q3qn7l785w,2024-07-21
T. Huk,181g6wzi3ihz7zuzte0ck77bp,d7i1aj8vnexyqv76yt03d54wc,Piast Gliwice,0.03421855717897415,Cracovia vs Piast Gliwice,3edxjtffphxeze8q3qn7l785w,2024-07-21
F. Piasecki,ao28obmqcveh1b751phwonv11,d7i1aj8vnexyqv76yt03d54wc,Piast Gliwice,0.20225459337234497,Cracovia vs Piast Gliwice,3edxjtffphxeze8q3qn7l785w,2024-07-21
A. Pyrka,rvqiq9rz1ur11jb8skb7419m,d7i1aj8vnexyqv76yt03d54wc,Piast Gliwice,0.013039709068834782,Cracovia vs Piast Gliwice,3edxjtffphxeze8q3qn7l785w,2024-07-21
P. Dziczek,6hdfz2mxfptzgyldvlbip2e39,d7i1aj8vnexyqv76yt03d54wc,Piast Gliwice,0.029020650312304497,Cracovia vs Piast Gliwice,3edxjtffphxeze8q3qn7l785w,2024-07-21
J. Czerwiński,dv19gtc0jqvxmtxzxz3nw04wl,d7i1aj8vnexyqv76yt03d54wc,Piast Gliwice,0.039162859320640564,Cracovia vs Piast Gliwice,3edxjtffphxeze8q3qn7l785w,2024-07-21
F. Piasecki,ao28obmqcveh1b751phwonv11,d7i1aj8vnexyqv76yt03d54wc,Piast Gliwice,0.029388893395662308,Cracovia vs Piast Gliwice,3edxjtffphxeze8q3qn7l785w,2024-07-21
M. Ameyaw,7qu0qz8c7xik26o96iix88416,d7i1aj8vnexyqv76yt03d54wc,Piast Gliwice,0.012112841010093689,Cracovia vs Piast Gliwice,3edxjtffphxeze8q3qn7l785w,2024-07-21
Jorge Félix,oyatrrl4rq1erkhluznzhi39,d7i1aj8vnexyqv76yt03d54wc,Piast Gliwice,0.04307037591934204,Cracovia vs Piast Gliwice,3edxjtffphxeze8q3qn7l785w,2024-07-21
D. Kądzior,7uy4h0q3bevo7rcp5c9q23e8l,d7i1aj8vnexyqv76yt03d54wc,Piast Gliwice,0.05598187446594238,Cracovia vs Piast Gliwice,3edxjtffphxeze8q3qn7l785w,2024-07-21
T. Kostadinov,9hwxz4jig9tzvusschssz9r6d,d7i1aj8vnexyqv76yt03d54wc,Piast Gliwice,0.12381990253925323,Cracovia vs Piast Gliwice,3edxjtffphxeze8q3qn7l785w,2024-07-21
M. van Buren,a39nidkjopd50d1gk58soo1cl,cbq36zdxvn152966h49hb4ijm,Cracovia,0.6982753872871399,Cracovia vs Piast Gliwice,3edxjtffphxeze8q3qn7l785w,2024-07-21
K. Velde,f1zilbsvn2cftezzxdiex51pl,duvz7klp081jpg8fx5nze7ks7,Lech Poznań,0.22870184481143951,Lech Poznań vs Górnik Zabrze,3fwd9w7u38tvxclpa10lptzis,2024-07-21
A. Kozubal,2z5wtnsmcoo56atafsomynlec,duvz7klp081jpg8fx5nze7ks7,Lech Poznań,0.2623049318790436,Lech Poznań vs Górnik Zabrze,3fwd9w7u38tvxclpa10lptzis,2024-07-21
M. Ishak,8t9x6qe02hvtupcej7q46fphx,duvz7klp081jpg8fx5nze7ks7,Lech Poznań,0.7884,Lech Poznań vs Górnik Zabrze,3fwd9w7u38tvxclpa10lptzis,2024-07-21
Manu Sánchez,hxqmw2biyotagcn1gkbrsoa1,awc8tinkh5u7cy58a00ohg6al,Górnik Zabrze,0.012993188574910164,Lech Poznań vs Górnik Zabrze,3fwd9w7u38tvxclpa10lptzis,2024-07-21
J. Karlström,agnmzpaj62lzsavtq43uxt4gl,duvz7klp081jpg8fx5nze7ks7,Lech Poznań,0.04158831015229225,Lech Poznań vs Górnik Zabrze,3fwd9w7u38tvxclpa10lptzis,2024-07-21
K. Velde,f1zilbsvn2cftezzxdiex51pl,duvz7klp081jpg8fx5nze7ks7,Lech Poznań,0.35015425086021423,Lech Poznań vs Górnik Zabrze,3fwd9w7u38tvxclpa10lptzis,2024-07-21
K. Velde,f1zilbsvn2cftezzxdiex51pl,duvz7klp081jpg8fx5nze7ks7,Lech Poznań,0.03263481706380844,Lech Poznań vs Górnik Zabrze,3fwd9w7u38tvxclpa10lptzis,2024-07-21
A. Kozubal,2z5wtnsmcoo56atafsomynlec,duvz7klp081jpg8fx5nze7ks7,Lech Poznań,0.027230506762862206,Lech Poznań vs Górnik Zabrze,3fwd9w7u38tvxclpa10lptzis,2024-07-21
K. Velde,f1zilbsvn2cftezzxdiex51pl,duvz7klp081jpg8fx5nze7ks7,Lech Poznań,0.03789134696125984,Lech Poznań vs Górnik Zabrze,3fwd9w7u38tvxclpa10lptzis,2024-07-21
N. Zielonka,8zeh177u693siwoon7lozei38,awc8tinkh5u7cy58a00ohg6al,Górnik Zabrze,0.03773796185851097,Lech Poznań vs Górnik Zabrze,3fwd9w7u38tvxclpa10lptzis,2024-07-21
M. Ishak,8t9x6qe02hvtupcej7q46fphx,duvz7klp081jpg8fx5nze7ks7,Lech Poznań,0.12582530081272125,Lech Poznań vs Górnik Zabrze,3fwd9w7u38tvxclpa10lptzis,2024-07-21
A. Ba Loua,aobtkjx0rcummk9vyi40n4vs9,duvz7klp081jpg8fx5nze7ks7,Lech Poznań,0.0901607796549797,Lech Poznań vs Górnik Zabrze,3fwd9w7u38tvxclpa10lptzis,2024-07-21
Ł. Podolski,7xdo0hswqlsizq8ygdb13wwr9,awc8tinkh5u7cy58a00ohg6al,Górnik Zabrze,0.13575829565525055,Lech Poznań vs Górnik Zabrze,3fwd9w7u38tvxclpa10lptzis,2024-07-21
K. Lukoszek,3hrmfeyo1b9lqrl7c6xkpwz1m,awc8tinkh5u7cy58a00ohg6al,Górnik Zabrze,0.017920954152941704,Lech Poznań vs Górnik Zabrze,3fwd9w7u38tvxclpa10lptzis,2024-07-21
A. Kozubal,2z5wtnsmcoo56atafsomynlec,duvz7klp081jpg8fx5nze7ks7,Lech Poznań,0.07250263541936874,Lech Poznań vs Górnik Zabrze,3fwd9w7u38tvxclpa10lptzis,2024-07-21
A. Douglas,ayyl59odebgawqdr4pnbjnq0a,duvz7klp081jpg8fx5nze7ks7,Lech Poznań,0.05297166481614113,Lech Poznań vs Górnik Zabrze,3fwd9w7u38tvxclpa10lptzis,2024-07-21
D. Rasak,1kemxvcosanls2qjeuzjndfx1,awc8tinkh5u7cy58a00ohg6al,Górnik Zabrze,0.02067258208990097,Lech Poznań vs Górnik Zabrze,3fwd9w7u38tvxclpa10lptzis,2024-07-21
K. Velde,f1zilbsvn2cftezzxdiex51pl,duvz7klp081jpg8fx5nze7ks7,Lech Poznań,0.0704699456691742,Lech Poznań vs Górnik Zabrze,3fwd9w7u38tvxclpa10lptzis,2024-07-21
M. Ishak,8t9x6qe02hvtupcej7q46fphx,duvz7klp081jpg8fx5nze7ks7,Lech Poznań,0.1865048110485077,Lech Poznań vs Górnik Zabrze,3fwd9w7u38tvxclpa10lptzis,2024-07-21
D. Hotić,2xba9p5cocj599cltnabjes45,duvz7klp081jpg8fx5nze7ks7,Lech Poznań,0.058037664741277695,Lech Poznań vs Górnik Zabrze,3fwd9w7u38tvxclpa10lptzis,2024-07-21
J. Karlström,agnmzpaj62lzsavtq43uxt4gl,duvz7klp081jpg8fx5nze7ks7,Lech Poznań,0.01990870013833046,Lech Poznań vs Górnik Zabrze,3fwd9w7u38tvxclpa10lptzis,2024-07-21
D. Hotić,2xba9p5cocj599cltnabjes45,duvz7klp081jpg8fx5nze7ks7,Lech Poznań,0.24055306613445282,Lech Poznań vs Górnik Zabrze,3fwd9w7u38tvxclpa10lptzis,2024-07-21
Filipe Nascimento,df4qaor6o2033h6r5zg8etsr9,awc8tinkh5u7cy58a00ohg6al,Górnik Zabrze,0.06209969148039818,Lech Poznań vs Górnik Zabrze,3fwd9w7u38tvxclpa10lptzis,2024-07-21
