playerName,team_name,label,possessionValue.pvValue,possessionValue.pvAdded
A. Adeshina,Novi Pazar,Novi Pazar vs Radnički Kragujevac,0.0857473,-0.0296032
A. Adeshina,Novi Pazar,Novi Pazar vs Čukarički,0.1382932,-0.015053
A. Adeshina,Novi Pazar,TSC vs Novi Pazar,0.0556649,-0.0185064
A. Batisse,IMT Novi Beograd,IMT Novi Beograd vs Radnički Kragujevac,0.2161327,0.1048489
A. Batisse,IMT Novi Beograd,IMT Novi Beograd vs Radnički Niš,0.0,0.0
A. Batisse,IMT Novi Beograd,IMT Novi Beograd vs Vojvodina,0.0812412,0.0260642
A. Batisse,IMT Novi Beograd,OFK Beograd vs IMT Novi Beograd,0.2460611,0.1256214
A. Batisse,IMT Novi Beograd,Spartak Subotica vs IMT Novi Beograd,0.3239182,0.0902762
A. Cvetković,OFK Beograd,OFK Beograd vs IMT Novi Beograd,0.0035611,0.0017527
A. Cvetković,OFK Beograd,OFK Beograd vs Partizan,0.0903428,0.0191955
A. Cvetković,OFK Beograd,Železničar Pančevo vs OFK Beograd,0.0605351,0.010559100000000002
A. Filipović,Partizan,OFK Beograd vs Partizan,0.4416637,0.06343160000000002
A. Filipović,Partizan,Partizan vs Crvena zvezda,0.159392,0.0665864
A. Golijanin,Radnički Kragujevac,IMT Novi Beograd vs Radnički Kragujevac,0.0040954,0.0031585
A. Golijanin,Radnički Kragujevac,Mladost Lučani vs Radnički Kragujevac,0.1434856,-0.0377247
A. Janković,Radnički Kragujevac,IMT Novi Beograd vs Radnički Kragujevac,0.005425200000000001,-0.0070223
A. Janković,Radnički Kragujevac,Mladost Lučani vs Radnički Kragujevac,0.2398843,0.1104164
A. Janković,Radnički Kragujevac,Radnički Kragujevac vs Tekstilac Odžaci,0.2846545,0.1705482
A. Jovanović,Partizan,OFK Beograd vs Partizan,0.0302893,0.000837499999999999
A. Jovanović,Partizan,Partizan vs Crvena zvezda,0.0129494,-0.0020775999999999998
A. Kalulu,Partizan,OFK Beograd vs Partizan,0.2841166,-0.12076399999999998
A. Kalulu,Partizan,Partizan vs Crvena zvezda,0.086044,-0.028401799999999998
A. Katai,Crvena zvezda,Crvena zvezda vs Železničar Pančevo,0.2844388,-0.1094548
A. Katai,Crvena zvezda,Partizan vs Crvena zvezda,0.0400094,-0.1836009
A. Kovačević,Novi Pazar,Novi Pazar vs Čukarički,0.04753160000000001,0.0101786
A. Kovačević,Novi Pazar,TSC vs Novi Pazar,0.2218819,0.09445670000000002
A. Ljajić,Novi Pazar,Novi Pazar vs Radnički Kragujevac,0.6625901,0.05367090000000001
A. Ljajić,Novi Pazar,Novi Pazar vs Čukarički,0.9498941000000001,0.2878989
A. Ljajić,Novi Pazar,TSC vs Novi Pazar,0.6348159,0.1193907
A. Lokosa,Železničar Pančevo,Vojvodina vs Železničar Pančevo,0.062357,-0.0146152
A. Lutovac,IMT Novi Beograd,IMT Novi Beograd vs Radnički Kragujevac,0.3813108,0.1331452
A. Lutovac,IMT Novi Beograd,IMT Novi Beograd vs Radnički Niš,0.008744,-0.0043835
A. Lutovac,IMT Novi Beograd,IMT Novi Beograd vs Vojvodina,0.2541024,0.1833205
A. Lutovac,IMT Novi Beograd,OFK Beograd vs IMT Novi Beograd,0.139913,-0.029107800000000007
A. Lutovac,IMT Novi Beograd,Spartak Subotica vs IMT Novi Beograd,0.3654148,0.07478080000000001
A. Maksimović,Crvena zvezda,Crvena zvezda vs Napredak,0.0407474,0.0056543
A. Maksimović,Crvena zvezda,Crvena zvezda vs Železničar Pančevo,0.0090638,-2.8000000000000094e-05
A. Maksimović,Crvena zvezda,Partizan vs Crvena zvezda,0.2624291,-0.008195899999999992
A. Mesarović,Novi Pazar,Novi Pazar vs Radnički Kragujevac,0.1628361,-0.0573752
A. Mesarović,Novi Pazar,Novi Pazar vs Čukarički,0.6496611,-0.036481200000000005
A. Mesarović,Novi Pazar,TSC vs Novi Pazar,0.5621835000000001,0.174861
A. Paločević,OFK Beograd,OFK Beograd vs IMT Novi Beograd,0.3550099,-0.088525
A. Paločević,OFK Beograd,OFK Beograd vs Partizan,0.5904659,0.2718832
A. Paločević,OFK Beograd,Železničar Pančevo vs OFK Beograd,0.46617600000000003,0.17178150000000003
A. Pejić,TSC,TSC vs Novi Pazar,0.0699769,0.0337214
A. Pejić,TSC,Čukarički vs TSC,0.011551,0.006942500000000001
A. Pejović,Mladost Lučani,Mladost Lučani vs Radnički Kragujevac,0.5235114,0.13709680000000002
A. Pejović,Mladost Lučani,Napredak vs Mladost Lučani,0.3595964,0.0915414
A. Radulović,Vojvodina,IMT Novi Beograd vs Vojvodina,0.2938563,0.1607391
A. Radulović,Vojvodina,Vojvodina vs Radnički Niš,0.45385369999999997,0.2714431
A. Radulović,Vojvodina,Vojvodina vs Železničar Pančevo,0.16196139999999998,-0.0162172
A. Stevanović,IMT Novi Beograd,IMT Novi Beograd vs Radnički Kragujevac,0.230032,0.0231037
A. Stevanović,IMT Novi Beograd,IMT Novi Beograd vs Radnički Niš,0.0,0.0
A. Stevanović,IMT Novi Beograd,IMT Novi Beograd vs Vojvodina,0.1552099,0.0414938
A. Stevanović,IMT Novi Beograd,OFK Beograd vs IMT Novi Beograd,0.0273068,-0.012106799999999997
A. Stevanović,IMT Novi Beograd,Spartak Subotica vs IMT Novi Beograd,0.2872279,0.06211879999999999
A. Stojanović,Radnički Niš,IMT Novi Beograd vs Radnički Niš,0.0,0.0
A. Stojanović,Radnički Niš,Jedinstvo Ub vs Radnički Niš,0.4376274,0.2160408
A. Stojanović,Radnički Niš,Radnički Niš vs Spartak Subotica,0.0700689,0.014768500000000002
A. Stojanović,Radnički Niš,Vojvodina vs Radnički Niš,0.3061482,0.1177637
A. Todoroski,Spartak Subotica,Radnički Niš vs Spartak Subotica,0.8228416000000001,0.2307838
A. Todoroski,Spartak Subotica,Spartak Subotica vs IMT Novi Beograd,0.3489538,-0.0390855
A. Varjačić,Mladost Lučani,Mladost Lučani vs Radnički Kragujevac,0.0960464,0.001751499999999998
A. Vojnović,Radnički Niš,IMT Novi Beograd vs Radnički Niš,0.0,0.0
A. Vojnović,Radnički Niš,Jedinstvo Ub vs Radnički Niš,0.2006357,0.056234299999999994
A. Vojnović,Radnički Niš,Radnički Niš vs Spartak Subotica,0.0903728,0.018241399999999998
A. Vojnović,Radnički Niš,Vojvodina vs Radnički Niš,0.083831,0.019799999999999998
A. Vukičević,OFK Beograd,OFK Beograd vs IMT Novi Beograd,0.2045776,0.0630732
A. Vukičević,OFK Beograd,OFK Beograd vs Partizan,0.180497,0.0313012
A. Vukičević,OFK Beograd,Železničar Pančevo vs OFK Beograd,0.2923414,0.0856621
A. Vulić,Spartak Subotica,Radnički Niš vs Spartak Subotica,0.027705300000000002,0.0106774
A. Vulić,Spartak Subotica,Spartak Subotica vs IMT Novi Beograd,0.1168702,0.0321898
A. Yusif,Železničar Pančevo,Crvena zvezda vs Železničar Pančevo,0.0897244,0.0250809
A. Yusif,Železničar Pančevo,Vojvodina vs Železničar Pančevo,0.3043965,0.08702170000000001
A. Ziljkić,Novi Pazar,Novi Pazar vs Radnički Kragujevac,0.09944520000000001,-0.021342800000000002
A. Ćirković,TSC,TSC vs Novi Pazar,0.8609999,0.011022299999999992
A. Ćirković,TSC,Tekstilac Odžaci vs TSC,1.1473138,0.3058304
A. Ćirković,TSC,Čukarički vs TSC,0.4166141,0.1239548
A. Đermanović,OFK Beograd,OFK Beograd vs IMT Novi Beograd,0.11168020000000001,0.013534699999999998
A. Đermanović,OFK Beograd,OFK Beograd vs Partizan,0.1206667,0.0679152
A. Đermanović,OFK Beograd,Železničar Pančevo vs OFK Beograd,0.13635,0.0557617
A. Đurić,Novi Pazar,Novi Pazar vs Radnički Kragujevac,0.0882342,0.0244359
A. Đurić,Novi Pazar,TSC vs Novi Pazar,0.12130200000000001,0.046944400000000004
A. Šćekić,Partizan,OFK Beograd vs Partizan,0.0111917,-0.006916899999999999
B. Adžić,Radnički Kragujevac,Mladost Lučani vs Radnički Kragujevac,0.318539,0.10738209999999998
B. Adžić,Radnički Kragujevac,Novi Pazar vs Radnički Kragujevac,0.1080591,0.0393218
B. Balaž,Železničar Pančevo,Vojvodina vs Železničar Pančevo,0.028944,-0.0005296999999999997
B. Billups,IMT Novi Beograd,IMT Novi Beograd vs Vojvodina,0.006194900000000001,-0.0033165
B. Billups,IMT Novi Beograd,Spartak Subotica vs IMT Novi Beograd,0.0363586,0.022746499999999996
B. Jočić,Tekstilac Odžaci,Radnički Kragujevac vs Tekstilac Odžaci,0.28566810000000004,0.14753910000000003
B. Jočić,Tekstilac Odžaci,Tekstilac Odžaci vs TSC,0.0776309,0.0215288
B. Knežević,Železničar Pančevo,Crvena zvezda vs Železničar Pančevo,0.031409,-0.0045042
B. Knežević,Železničar Pančevo,Vojvodina vs Železničar Pančevo,0.0627425,-0.024407699999999997
B. Knežević,Železničar Pančevo,Železničar Pančevo vs OFK Beograd,0.0722448,-0.0238737
B. Mirčetić,Radnički Kragujevac,IMT Novi Beograd vs Radnički Kragujevac,0.341006,0.11969010000000001
B. Mirčetić,Radnički Kragujevac,Mladost Lučani vs Radnički Kragujevac,0.49757650000000003,0.10786950000000001
B. Mirčetić,Radnički Kragujevac,Novi Pazar vs Radnički Kragujevac,0.2496562,-0.07182099999999998
B. Mirčetić,Radnički Kragujevac,Radnički Kragujevac vs Tekstilac Odžaci,0.6953916,0.38600470000000003
B. Natcho,Partizan,OFK Beograd vs Partizan,0.5387902999999999,0.0950792
B. Natcho,Partizan,Partizan vs Crvena zvezda,0.3752671,0.1655483
B. Nikčević,Čukarički,Novi Pazar vs Čukarički,0.0188677,-0.0026905
B. Popović,OFK Beograd,OFK Beograd vs IMT Novi Beograd,0.0679311,0.027382300000000002
B. Popović,OFK Beograd,OFK Beograd vs Partizan,0.0627874,0.021372299999999997
B. Popović,OFK Beograd,Železničar Pančevo vs OFK Beograd,0.045762000000000004,0.0005405999999999998
B. Sekulić,Železničar Pančevo,Železničar Pančevo vs OFK Beograd,0.004858100000000001,-0.1036943
B. Sós,TSC,Tekstilac Odžaci vs TSC,0.2146147,0.0634628
B. Yusuf,Vojvodina,IMT Novi Beograd vs Vojvodina,0.25518830000000003,-0.337634
B. Yusuf,Vojvodina,Vojvodina vs Radnički Niš,0.0648106,0.010122999999999998
B. Yusuf,Vojvodina,Vojvodina vs Železničar Pančevo,0.4685606,0.33528060000000004
B. Šerbečić,Radnički Kragujevac,IMT Novi Beograd vs Radnički Kragujevac,0.0782824,0.027444200000000002
B. Šerbečić,Radnički Kragujevac,Mladost Lučani vs Radnički Kragujevac,0.1724316,0.122925
B. Šerbečić,Radnički Kragujevac,Novi Pazar vs Radnički Kragujevac,0.2326964,0.1298465
B. Šerbečić,Radnički Kragujevac,Radnički Kragujevac vs Tekstilac Odžaci,0.1510361,0.009455900000000001
Bruno Duarte,Crvena zvezda,Crvena zvezda vs Napredak,0.6741585999999999,0.3059631
Bruno Duarte,Crvena zvezda,Crvena zvezda vs Železničar Pančevo,0.6804987,0.2090365
Bruno Duarte,Crvena zvezda,Partizan vs Crvena zvezda,0.2375148,0.1000835
C. Atule,Spartak Subotica,Radnički Niš vs Spartak Subotica,0.1792819,0.0737235
C. Atule,Spartak Subotica,Spartak Subotica vs IMT Novi Beograd,0.5714453,0.2903941
C. Ndiaye,Crvena zvezda,Crvena zvezda vs Napredak,0.0703219,-0.0408285
C. Ndiaye,Crvena zvezda,Crvena zvezda vs Železničar Pančevo,0.0675044,0.028937400000000002
C. Ndiaye,Crvena zvezda,Partizan vs Crvena zvezda,0.17723090000000002,-0.2074694
C. Sichenje,Vojvodina,IMT Novi Beograd vs Vojvodina,0.212037,0.018797499999999998
C. Sichenje,Vojvodina,Vojvodina vs Železničar Pančevo,0.0292015,0.0137918
C. Zady Sery,Vojvodina,IMT Novi Beograd vs Vojvodina,1.1155277000000001,0.6044177
C. Zady Sery,Vojvodina,Vojvodina vs Radnički Niš,0.6392213,0.1027051
C. Zady Sery,Vojvodina,Vojvodina vs Železničar Pančevo,0.8032976,0.3157687
D. Aćimović,Jedinstvo Ub,Jedinstvo Ub vs Radnički Niš,0.1832454,0.0981429
D. Aćimović,Jedinstvo Ub,Čukarički vs Jedinstvo Ub,0.09865260000000001,0.0467284
D. Bojat,Novi Pazar,Novi Pazar vs Radnički Kragujevac,0.1422263,0.0018269999999999916
D. Bojat,Novi Pazar,TSC vs Novi Pazar,0.4131089,0.2278644
D. Cvetinović,Mladost Lučani,Napredak vs Mladost Lučani,0.0738862,0.0236613
D. Dunđerski,Spartak Subotica,Radnički Niš vs Spartak Subotica,0.2852789,0.1886962
D. Dunđerski,Spartak Subotica,Spartak Subotica vs IMT Novi Beograd,0.0328523,0.0059626
D. Gojković,OFK Beograd,Železničar Pančevo vs OFK Beograd,0.0,0.0
D. Grgić,Železničar Pančevo,Vojvodina vs Železničar Pančevo,0.1443485,0.03330059999999999
D. Grgić,Železničar Pančevo,Železničar Pančevo vs OFK Beograd,0.0997149,-0.006956999999999995
D. Jevtić,Jedinstvo Ub,Jedinstvo Ub vs Radnički Niš,0.4150704,0.3475827
D. Jevtić,Jedinstvo Ub,Čukarički vs Jedinstvo Ub,0.1237993,-0.0558905
D. Kokanović,Vojvodina,IMT Novi Beograd vs Vojvodina,0.40918129999999997,0.101777
D. Kokanović,Vojvodina,Vojvodina vs Radnički Niš,0.27071639999999997,0.22655389999999997
D. Kokanović,Vojvodina,Vojvodina vs Železničar Pančevo,0.2021308,0.0691736
D. Kolarić,Spartak Subotica,Radnički Niš vs Spartak Subotica,0.2730252,0.17556639999999998
D. Kolarić,Spartak Subotica,Spartak Subotica vs IMT Novi Beograd,0.0611601,0.0165924
D. Miladinović,Jedinstvo Ub,Jedinstvo Ub vs Radnički Niš,0.30957619999999997,0.1450554
D. Miladinović,Jedinstvo Ub,Čukarički vs Jedinstvo Ub,0.1313576,-0.0018598999999999938
D. Nlandu,Radnički Kragujevac,IMT Novi Beograd vs Radnički Kragujevac,0.0660736,-0.004463900000000001
D. Ortíz,Radnički Kragujevac,Mladost Lučani vs Radnički Kragujevac,0.17683959999999999,-0.1216715
D. Ortíz,Radnički Kragujevac,Novi Pazar vs Radnički Kragujevac,0.0140964,-0.0295954
D. Ortíz,Radnički Kragujevac,Radnički Kragujevac vs Tekstilac Odžaci,0.17091979999999998,0.0987885
D. Pavlović,Radnički Niš,IMT Novi Beograd vs Radnički Niš,0.000902,0.0
D. Rosić,Vojvodina,IMT Novi Beograd vs Vojvodina,0.027243,0.0097702
D. Rosić,Vojvodina,Vojvodina vs Radnički Niš,0.0424035,0.006141500000000002
D. Rosić,Vojvodina,Vojvodina vs Železničar Pančevo,0.068866,0.0063516
D. Stanković,Tekstilac Odžaci,Tekstilac Odžaci vs TSC,0.0267476,0.0184935
D. Stevanović,Radnički Niš,Vojvodina vs Radnički Niš,0.037651699999999996,-0.0024403
D. Stevanović,TSC,TSC vs Novi Pazar,0.3017343,0.1695822
D. Stevanović,TSC,Tekstilac Odžaci vs TSC,0.5062286,0.2200369
D. Stevanović,TSC,Čukarički vs TSC,0.1393549,0.0155298
D. Stoiljković,Napredak,Crvena zvezda vs Napredak,0.0579959,-0.0071888
D. Stoiljković,Napredak,Napredak vs Mladost Lučani,0.4196812,-0.1044015
D. Stojanović,Novi Pazar,Novi Pazar vs Radnički Kragujevac,0.0011286,-0.0009571
D. Stojanović,Novi Pazar,Novi Pazar vs Čukarički,0.1542335,-0.014288
D. Čubra,Napredak,Crvena zvezda vs Napredak,0.0188486,0.0044878999999999995
D. Čubra,Napredak,Napredak vs Mladost Lučani,0.3010549,0.2358324
D. Đurić,Tekstilac Odžaci,Radnički Kragujevac vs Tekstilac Odžaci,0.387765,-0.070017
D. Đurić,Tekstilac Odžaci,Tekstilac Odžaci vs TSC,0.3378519,0.12572409999999998
Depú,Vojvodina,IMT Novi Beograd vs Vojvodina,0.049952699999999996,-0.0136486
Depú,Vojvodina,Vojvodina vs Radnički Niš,0.101478,0.0557748
Depú,Vojvodina,Vojvodina vs Železničar Pančevo,0.0132483,-0.0035417
Dálcio,Crvena zvezda,Crvena zvezda vs Napredak,0.1747904,0.006561899999999999
Dálcio,Crvena zvezda,Crvena zvezda vs Železničar Pančevo,0.362676,-0.026248900000000006
E. Addo,OFK Beograd,OFK Beograd vs IMT Novi Beograd,0.3533066,0.175165
E. Addo,OFK Beograd,OFK Beograd vs Partizan,0.2745992,0.097637
E. Addo,OFK Beograd,Železničar Pančevo vs OFK Beograd,0.1697277,0.032916400000000005
E. Annan,OFK Beograd,OFK Beograd vs IMT Novi Beograd,0.1329666,0.0184703
E. Annan,OFK Beograd,OFK Beograd vs Partizan,0.5984661,0.1571034
E. Annan,OFK Beograd,Železničar Pančevo vs OFK Beograd,0.3330701,0.0657537
E. Ben,Železničar Pančevo,Crvena zvezda vs Železničar Pančevo,0.050561499999999995,-0.0026207
E. Ceesay,Jedinstvo Ub,Čukarički vs Jedinstvo Ub,0.025302099999999998,0.0033625
E. Opara,Novi Pazar,Novi Pazar vs Čukarički,0.1376451,0.0507736
E. Opara,Novi Pazar,TSC vs Novi Pazar,0.3297644,-0.0886733
E. Prutsev,Crvena zvezda,Crvena zvezda vs Železničar Pančevo,0.7039345,0.13600689999999996
E. Prutsev,Crvena zvezda,Partizan vs Crvena zvezda,0.3061419,0.1742082
Evandro,Radnički Kragujevac,IMT Novi Beograd vs Radnički Kragujevac,0.2397604,0.1843946
Evandro,Radnički Kragujevac,Mladost Lučani vs Radnički Kragujevac,0.0453874,-0.0038594000000000002
Evandro,Radnički Kragujevac,Novi Pazar vs Radnički Kragujevac,0.2448063,0.0451825
Evandro,Radnički Kragujevac,Radnički Kragujevac vs Tekstilac Odžaci,0.0563771,-0.0733502
F. Bačkulja,Novi Pazar,Novi Pazar vs Radnički Kragujevac,0.0515144,0.022094000000000003
F. Bačkulja,Novi Pazar,Novi Pazar vs Čukarički,0.1246765,0.0682281
F. Bačkulja,Novi Pazar,TSC vs Novi Pazar,0.07420550000000001,0.019431200000000003
F. Ezeh,Železničar Pančevo,Crvena zvezda vs Železničar Pančevo,0.1514342,-0.022469099999999995
F. Ezeh,Železničar Pančevo,Vojvodina vs Železničar Pančevo,0.3506289,-0.0432733
F. Ezeh,Železničar Pančevo,Železničar Pančevo vs OFK Beograd,0.4582162,0.184373
F. Krstić,Napredak,Crvena zvezda vs Napredak,0.0494317,0.0207373
F. Krstić,Napredak,Napredak vs Mladost Lučani,0.7775147,-0.0006122999999999962
F. Nwokeabia,Spartak Subotica,Spartak Subotica vs IMT Novi Beograd,0.0317507,-0.047638099999999996
F. Sredojević,Tekstilac Odžaci,Radnički Kragujevac vs Tekstilac Odžaci,0.1627035,0.009117600000000003
F. Sredojević,Tekstilac Odžaci,Tekstilac Odžaci vs TSC,0.1053848,0.0507511
F. Stojilković,OFK Beograd,OFK Beograd vs Partizan,0.1324732,0.036179199999999995
F. Žunić,Mladost Lučani,Mladost Lučani vs Radnički Kragujevac,0.0526627,0.028724699999999995
F. Žunić,Mladost Lučani,Napredak vs Mladost Lučani,0.0223297,0.010475
G. Kanga,Crvena zvezda,Partizan vs Crvena zvezda,0.0214504,0.0093171
G. Vadze,Čukarički,Novi Pazar vs Čukarički,0.2386464,-0.012171699999999999
G. Vadze,Čukarički,Čukarički vs Jedinstvo Ub,0.0790776,0.0790776
G. Vadze,Čukarički,Čukarički vs TSC,0.2546008,0.1378657
G. Vlijter,OFK Beograd,OFK Beograd vs IMT Novi Beograd,0.2641041,0.17271880000000003
G. Vlijter,OFK Beograd,OFK Beograd vs Partizan,0.0976417,0.036480900000000004
G. Vlijter,OFK Beograd,Železničar Pančevo vs OFK Beograd,0.1622374,0.038446900000000006
G. Vukliš,IMT Novi Beograd,IMT Novi Beograd vs Vojvodina,0.059822,0.035279200000000004
G. Zahid,Partizan,OFK Beograd vs Partizan,0.3903038,0.0806108
G. Zahid,Partizan,Partizan vs Crvena zvezda,0.1434507,-0.0061759000000000015
Goh Young-Jun,Partizan,OFK Beograd vs Partizan,0.1894131,0.03260130000000001
Goh Young-Jun,Partizan,Partizan vs Crvena zvezda,0.2667555,0.09782729999999999
H. Diop,Čukarički,Novi Pazar vs Čukarički,0.111495,0.0532088
H. Diop,Čukarički,Čukarički vs TSC,0.1277667,-0.0134831
I. Babić,Spartak Subotica,Radnički Niš vs Spartak Subotica,0.48088240000000004,0.1093211
I. Babić,Spartak Subotica,Spartak Subotica vs IMT Novi Beograd,0.6191641,0.3186981
I. Davidović,Tekstilac Odžaci,Radnički Kragujevac vs Tekstilac Odžaci,0.285868,0.0474363
I. Davidović,Tekstilac Odžaci,Tekstilac Odžaci vs TSC,0.2963485,0.042507199999999995
I. Kargbo,Jedinstvo Ub,Jedinstvo Ub vs Radnički Niš,0.1539638,0.0625466
I. Kargbo,Jedinstvo Ub,Čukarički vs Jedinstvo Ub,0.0680577,-0.004455399999999999
I. Lakićević,Novi Pazar,Novi Pazar vs Čukarički,0.2103833,0.059058299999999994
I. Milosavljević,TSC,TSC vs Novi Pazar,0.0031033,-0.0024855999999999997
I. Milosavljević,TSC,Tekstilac Odžaci vs TSC,0.364089,0.1964808
I. Ostojić,Napredak,Crvena zvezda vs Napredak,0.0729006,0.0290341
I. Ostojić,Napredak,Napredak vs Mladost Lučani,0.3785714,0.1767399
I. Tanko,Radnički Niš,IMT Novi Beograd vs Radnički Niš,0.0,0.0
I. Tanko,Radnički Niš,Jedinstvo Ub vs Radnički Niš,0.0110577,-0.017211200000000003
I. Tanko,Radnički Niš,Radnički Niš vs Spartak Subotica,0.2343729,-0.005158899999999999
I. Yurukov,Radnički Niš,IMT Novi Beograd vs Radnički Niš,0.0,0.0
I. Yurukov,Radnički Niš,Jedinstvo Ub vs Radnički Niš,0.4732821,0.1146031
I. Yurukov,Radnički Niš,Radnički Niš vs Spartak Subotica,0.0892145,0.044721699999999996
I. Yurukov,Radnički Niš,Vojvodina vs Radnički Niš,0.0866114,-0.0198583
I. Zulfić,IMT Novi Beograd,IMT Novi Beograd vs Radnički Kragujevac,0.08448169999999999,0.0163145
I. Zulfić,IMT Novi Beograd,IMT Novi Beograd vs Radnički Niš,0.0,0.0
I. Zulfić,IMT Novi Beograd,IMT Novi Beograd vs Vojvodina,0.1708405,-0.0729435
I. Zulfić,IMT Novi Beograd,OFK Beograd vs IMT Novi Beograd,0.11825139999999999,0.0336944
I. Zulfić,IMT Novi Beograd,Spartak Subotica vs IMT Novi Beograd,0.2339361,0.040801000000000004
I. Đakovac,TSC,TSC vs Novi Pazar,0.9014201000000001,0.3170496
I. Đakovac,TSC,Tekstilac Odžaci vs TSC,0.6436646,0.31668409999999997
I. Đakovac,TSC,Čukarički vs TSC,0.3459486,-0.1722037
J. Jevremović,Železničar Pančevo,Crvena zvezda vs Železničar Pančevo,0.0754647,0.051384200000000005
J. Jevremović,Železničar Pančevo,Vojvodina vs Železničar Pančevo,0.3976264,0.198174
J. Jevremović,Železničar Pančevo,Železničar Pančevo vs OFK Beograd,0.46072830000000004,0.3898601
J. Marinković,Napredak,Crvena zvezda vs Napredak,0.0764193,0.025846
J. Milosavljević,Železničar Pančevo,Crvena zvezda vs Železničar Pančevo,0.0747948,0.0188239
J. Mituljikić,Novi Pazar,Novi Pazar vs Čukarički,0.0749855,0.0460141
J. Mulato,Spartak Subotica,Radnički Niš vs Spartak Subotica,0.1490025,0.0632273
J. Nišić,Radnički Niš,IMT Novi Beograd vs Radnički Niš,0.001191,0.0
J. Nišić,Radnički Niš,Jedinstvo Ub vs Radnički Niš,0.5448876,0.2084774
J. Nišić,Radnički Niš,Radnički Niš vs Spartak Subotica,0.25514800000000004,0.10119550000000001
J. Nišić,Radnički Niš,Vojvodina vs Radnički Niš,0.3521218,0.08600319999999999
J. Stojanović,Jedinstvo Ub,Jedinstvo Ub vs Radnički Niš,0.3283581,0.1377032
J. Tumbasević,Mladost Lučani,Mladost Lučani vs Radnički Kragujevac,0.1332326,0.008816400000000004
J. Tumbasević,Mladost Lučani,Napredak vs Mladost Lučani,0.2411191,0.0156543
J. Vlalukin,TSC,Tekstilac Odžaci vs TSC,0.24462430000000002,0.045808100000000004
J. Ćirić,Mladost Lučani,Mladost Lučani vs Radnički Kragujevac,0.1727888,0.0665811
J. Ćirić,Mladost Lučani,Napredak vs Mladost Lučani,0.0860808,-0.0154492
Jo Jin-Ho,Radnički Niš,IMT Novi Beograd vs Radnički Niš,0.0172432,0.0172432
Jo Jin-Ho,Radnički Niš,Jedinstvo Ub vs Radnički Niš,0.1532037,-0.036393800000000004
Jo Jin-Ho,Radnički Niš,Radnički Niš vs Spartak Subotica,0.14118150000000002,0.0158716
Jo Jin-Ho,Radnički Niš,Vojvodina vs Radnički Niš,0.10160519999999999,0.0149391
K. Arriaga,Partizan,OFK Beograd vs Partizan,0.0884079,-0.0105552
K. Arriaga,Partizan,Partizan vs Crvena zvezda,0.1736981,-0.005861000000000002
K. Bevis,Radnički Kragujevac,IMT Novi Beograd vs Radnički Kragujevac,0.9271081999999999,0.3060952
K. Bevis,Radnički Kragujevac,Mladost Lučani vs Radnički Kragujevac,0.1492363,-0.0859438
K. Bevis,Radnički Kragujevac,Novi Pazar vs Radnički Kragujevac,0.42363080000000003,0.032341800000000004
K. Bevis,Radnički Kragujevac,Radnički Kragujevac vs Tekstilac Odžaci,0.6013834,0.3241386
K. Opolu Ackah,OFK Beograd,Železničar Pančevo vs OFK Beograd,0.0033415,-0.0006020999999999999
Kayque,Spartak Subotica,Radnički Niš vs Spartak Subotica,0.34423909999999996,0.04521399999999999
Kayque,Spartak Subotica,Spartak Subotica vs IMT Novi Beograd,0.2919768,0.0716754
L. Balević,Napredak,Crvena zvezda vs Napredak,0.0628479,0.0339145
L. Balević,Napredak,Napredak vs Mladost Lučani,0.004573,-0.0003001999999999999
L. Ben Hassine,Radnički Kragujevac,IMT Novi Beograd vs Radnički Kragujevac,0.2535672,0.0844027
L. Ben Hassine,Radnički Kragujevac,Mladost Lučani vs Radnički Kragujevac,0.2778773,0.0193958
L. Ben Hassine,Radnički Kragujevac,Novi Pazar vs Radnički Kragujevac,0.1088436,0.039494
L. Ben Hassine,Radnički Kragujevac,Radnički Kragujevac vs Tekstilac Odžaci,0.1997747,0.0855775
L. Bijelović,Spartak Subotica,Radnički Niš vs Spartak Subotica,0.4511415,0.1971649
L. Bijelović,Spartak Subotica,Spartak Subotica vs IMT Novi Beograd,0.037476999999999996,-0.0225525
L. Ilić,Crvena zvezda,Crvena zvezda vs Napredak,0.1204076,0.0051126
L. Ilić,Crvena zvezda,Crvena zvezda vs Železničar Pančevo,0.826481,0.205916
L. Kaličanin,Čukarički,Novi Pazar vs Čukarički,0.0186814,0.0070149
L. Kaličanin,Čukarički,Čukarički vs Jedinstvo Ub,0.0291157,0.0130766
L. Kaličanin,Čukarički,Čukarički vs TSC,0.0178797,-0.0056955
L. Konstantinov,IMT Novi Beograd,IMT Novi Beograd vs Radnički Kragujevac,0.2123205,0.0986581
L. Konstantinov,IMT Novi Beograd,IMT Novi Beograd vs Radnički Niš,0.0,0.0
L. Konstantinov,IMT Novi Beograd,OFK Beograd vs IMT Novi Beograd,0.19709870000000002,0.027099800000000004
L. Konstantinov,IMT Novi Beograd,Spartak Subotica vs IMT Novi Beograd,0.5410324,0.3112545
L. Krstović,IMT Novi Beograd,IMT Novi Beograd vs Radnički Kragujevac,0.0294409,-0.0091736
L. Krstović,IMT Novi Beograd,IMT Novi Beograd vs Vojvodina,0.0456437,-0.0012082000000000002
L. Lijeskić,Radnički Kragujevac,Radnički Kragujevac vs Tekstilac Odžaci,0.0240411,-0.0022402
L. Luković,IMT Novi Beograd,IMT Novi Beograd vs Radnički Niš,0.0,0.0
L. Luković,IMT Novi Beograd,IMT Novi Beograd vs Vojvodina,0.1924287,0.0498879
L. Luković,IMT Novi Beograd,OFK Beograd vs IMT Novi Beograd,0.0,0.0
L. Luković,IMT Novi Beograd,Spartak Subotica vs IMT Novi Beograd,0.2935241,0.08830350000000001
L. Milojević,Radnički Kragujevac,Radnički Kragujevac vs Tekstilac Odžaci,0.0132511,0.0026702
L. Nikolić,Vojvodina,Vojvodina vs Radnički Niš,0.1380211,0.06875089999999999
L. Nikolić,Vojvodina,Vojvodina vs Železničar Pančevo,0.0367653,0.0011997000000000015
L. Peić,Spartak Subotica,Spartak Subotica vs IMT Novi Beograd,0.0,0.0
L. Ranđelović,Vojvodina,Vojvodina vs Radnički Niš,0.082139,0.0277242
L. Romanić,Železničar Pančevo,Crvena zvezda vs Železničar Pančevo,0.262577,0.08776740000000001
L. Romanić,Železničar Pančevo,Vojvodina vs Železničar Pančevo,0.2751885,0.0341452
L. Romanić,Železničar Pančevo,Železničar Pančevo vs OFK Beograd,0.109539,0.020498200000000005
L. Stankovski,Radnički Kragujevac,IMT Novi Beograd vs Radnički Kragujevac,0.0341538,-0.0238443
L. Stankovski,Radnički Kragujevac,Novi Pazar vs Radnički Kragujevac,0.0251567,0.0016844
L. Stankovski,Radnički Kragujevac,Radnički Kragujevac vs Tekstilac Odžaci,0.0194907,-0.009995200000000001
L. Tufegdžić,Čukarički,Novi Pazar vs Čukarički,0.2438668,-0.116802
L. Tufegdžić,Čukarički,Čukarički vs Jedinstvo Ub,0.8577438000000001,0.2070422
L. Tufegdžić,Čukarički,Čukarički vs TSC,0.0998038,0.014889499999999998
L. Vasić,Tekstilac Odžaci,Radnički Kragujevac vs Tekstilac Odžaci,0.2510751,0.1280727
L. Vasić,Tekstilac Odžaci,Tekstilac Odžaci vs TSC,0.0119131,0.0102016
L. Vidić,Železničar Pančevo,Železničar Pančevo vs OFK Beograd,0.21620830000000002,0.15894049999999998
L. Zhordania,Jedinstvo Ub,Čukarički vs Jedinstvo Ub,0.08288670000000001,0.0473894
Lucas Barros,Vojvodina,Vojvodina vs Radnički Niš,0.2507293,0.0215489
Lucas Barros,Vojvodina,Vojvodina vs Železničar Pančevo,0.425769,0.0982185
M. Bagnack,TSC,Tekstilac Odžaci vs TSC,0.3577539,0.07042670000000001
M. Bagnack,TSC,Čukarički vs TSC,0.0054304999999999996,0.0016048999999999998
M. Banjac,TSC,TSC vs Novi Pazar,0.5043672,0.08367030000000002
M. Banjac,TSC,Tekstilac Odžaci vs TSC,0.6921046000000001,-0.07777709999999999
M. Banjac,TSC,Čukarički vs TSC,0.2702418,0.011988899999999993
M. Bermúdez,OFK Beograd,OFK Beograd vs IMT Novi Beograd,0.010553100000000001,0.0008711
M. Bermúdez,OFK Beograd,Železničar Pančevo vs OFK Beograd,0.054389999999999994,-0.0581894
M. Bogićević,Spartak Subotica,Radnički Niš vs Spartak Subotica,0.2288728,0.1320293
M. Bogićević,Spartak Subotica,Spartak Subotica vs IMT Novi Beograd,0.1881292,-0.0283736
M. Bubanj,Napredak,Napredak vs Mladost Lučani,0.0792492,0.050388999999999996
M. Butean,Vojvodina,IMT Novi Beograd vs Vojvodina,0.2114108,0.0079795
M. Butean,Vojvodina,Vojvodina vs Radnički Niš,0.2396294,0.0845779
M. Butean,Vojvodina,Vojvodina vs Železničar Pančevo,0.1424931,0.037438799999999994
M. Cvetković,Čukarički,Novi Pazar vs Čukarički,0.0097383,0.0017816
M. Cvetković,Čukarički,Čukarički vs Jedinstvo Ub,0.1262627,0.0802069
M. Cvetković,Čukarički,Čukarički vs TSC,0.6674435,-0.007181199999999991
M. Do Couto,IMT Novi Beograd,IMT Novi Beograd vs Radnički Kragujevac,0.1325195,0.043484600000000005
M. Do Couto,IMT Novi Beograd,OFK Beograd vs IMT Novi Beograd,0.1540609,-0.0959055
M. Docić,Čukarički,Čukarički vs Jedinstvo Ub,0.5677759,-0.12514889999999998
M. Docić,Čukarički,Čukarički vs TSC,0.3588495,-0.0855527
M. Drinčić,Tekstilac Odžaci,Radnički Kragujevac vs Tekstilac Odžaci,0.054962899999999995,0.0173834
M. Drinčić,Tekstilac Odžaci,Tekstilac Odžaci vs TSC,0.0623462,-0.0020562
M. Gluščević,Radnički Kragujevac,IMT Novi Beograd vs Radnički Kragujevac,0.34312529999999997,0.1365055
M. Gluščević,Radnički Kragujevac,Novi Pazar vs Radnički Kragujevac,0.023610199999999998,-0.0052707
M. Gluščević,Radnički Kragujevac,Radnički Kragujevac vs Tekstilac Odžaci,0.0540427,-0.0083467
M. Gobeljić,OFK Beograd,OFK Beograd vs Partizan,0.1237472,0.0266337
M. Gobeljić,OFK Beograd,Železničar Pančevo vs OFK Beograd,0.272879,0.1187271
M. Ilić,Crvena zvezda,Crvena zvezda vs Železničar Pančevo,0.010470700000000001,0.0020087
M. Ilić,Partizan,OFK Beograd vs Partizan,0.4100891,0.3197266
M. Ilić,Partizan,Partizan vs Crvena zvezda,0.0853782,0.0187738
M. Ilić,Tekstilac Odžaci,Radnički Kragujevac vs Tekstilac Odžaci,0.16736479999999998,0.0582252
M. Ilić,Tekstilac Odžaci,Tekstilac Odžaci vs TSC,0.1513495,-0.05076189999999999
M. Ivanić,Crvena zvezda,Crvena zvezda vs Napredak,0.8010538,-0.09934269999999999
M. Ivanić,Crvena zvezda,Partizan vs Crvena zvezda,0.5910294,0.1475177
M. Jevtić,IMT Novi Beograd,IMT Novi Beograd vs Radnički Niš,0.0,0.0
M. Jevtić,IMT Novi Beograd,OFK Beograd vs IMT Novi Beograd,0.1004895,0.008562900000000005
M. Joksimović,Mladost Lučani,Mladost Lučani vs Radnički Kragujevac,0.1520435,0.0296662
M. Joksimović,Mladost Lučani,Napredak vs Mladost Lučani,0.1075926,0.0285715
M. Jurčević,Partizan,OFK Beograd vs Partizan,0.1855693,0.0559409
M. Jurčević,Partizan,Partizan vs Crvena zvezda,0.0582501,0.0119484
M. Konatar,Železničar Pančevo,Crvena zvezda vs Železničar Pančevo,0.0935067,-0.0094924
M. Lazarević,Partizan,Partizan vs Crvena zvezda,0.1050655,0.026176099999999997
M. Lazetić,TSC,TSC vs Novi Pazar,0.0348267,0.0101923
M. Lazetić,TSC,Tekstilac Odžaci vs TSC,0.0884655,-0.010667700000000002
M. Lazetić,TSC,Čukarički vs TSC,0.001723,0.0
M. Luković,Tekstilac Odžaci,Radnički Kragujevac vs Tekstilac Odžaci,0.4203515,0.1565194
M. Luković,Tekstilac Odžaci,Tekstilac Odžaci vs TSC,0.2318367,0.11499809999999999
M. Marčić,Tekstilac Odžaci,Radnički Kragujevac vs Tekstilac Odžaci,0.1085793,-0.02405120000000001
M. Marčić,Tekstilac Odžaci,Tekstilac Odžaci vs TSC,0.1219392,0.0931765
M. Mijailović,Spartak Subotica,Radnički Niš vs Spartak Subotica,0.3743542,0.1112571
M. Mijailović,Spartak Subotica,Spartak Subotica vs IMT Novi Beograd,0.2120489,0.0439901
M. Mijić,Spartak Subotica,Radnički Niš vs Spartak Subotica,0.6356506,0.3271003
M. Mijić,Spartak Subotica,Spartak Subotica vs IMT Novi Beograd,0.09814790000000001,-0.0799217
M. Milikić,Železničar Pančevo,Crvena zvezda vs Železničar Pančevo,0.0813362,0.0412919
M. Milikić,Železničar Pančevo,Vojvodina vs Železničar Pančevo,0.1168757,0.0297942
M. Milikić,Železničar Pančevo,Železničar Pančevo vs OFK Beograd,0.1271771,0.09599329999999999
M. Milošević,Radnički Kragujevac,IMT Novi Beograd vs Radnički Kragujevac,0.039681,0.0075696999999999995
M. Milošević,Radnički Kragujevac,Mladost Lučani vs Radnički Kragujevac,0.0422489,0.0065321
M. Milošević,Radnički Kragujevac,Novi Pazar vs Radnički Kragujevac,0.1025375,0.0457709
M. Mitrović,Jedinstvo Ub,Čukarički vs Jedinstvo Ub,0.0509318,-0.005723800000000001
M. Mitrović,Radnički Kragujevac,Mladost Lučani vs Radnički Kragujevac,0.7407561,0.3678482
M. Mitrović,Radnički Kragujevac,Novi Pazar vs Radnički Kragujevac,0.1693794,0.09077969999999999
M. Mitrović,Železničar Pančevo,Crvena zvezda vs Železničar Pančevo,0.0382879,-0.0105958
M. Mitrović,Železničar Pančevo,Vojvodina vs Železničar Pančevo,0.488014,0.1731363
M. Mitrović,Železničar Pančevo,Železničar Pančevo vs OFK Beograd,0.577205,0.2101138
M. Mladenović,Vojvodina,Vojvodina vs Železničar Pančevo,0.0267015,-0.0328085
M. Momčilović,OFK Beograd,OFK Beograd vs IMT Novi Beograd,0.0657309,0.007097000000000001
M. Momčilović,OFK Beograd,OFK Beograd vs Partizan,0.0124938,0.0093992
M. Momčilović,OFK Beograd,Železničar Pančevo vs OFK Beograd,0.2782579,0.2200519
M. Obradović,Napredak,Crvena zvezda vs Napredak,0.021532,0.0102291
M. Obradović,Napredak,Napredak vs Mladost Lučani,0.4448986,0.32988259999999997
M. Pantović,TSC,TSC vs Novi Pazar,0.26534060000000004,0.0679969
M. Pantović,TSC,Tekstilac Odžaci vs TSC,0.3458585,0.0745038
M. Pantović,TSC,Čukarički vs TSC,0.19739469999999998,0.1061051
M. Petković,Napredak,Crvena zvezda vs Napredak,0.3269405,0.0842918
M. Petković,Napredak,Napredak vs Mladost Lučani,0.251327,-0.1828524
M. Petković,Radnički Niš,Jedinstvo Ub vs Radnički Niš,0.0113247,0.0060515000000000005
M. Poletanović,Vojvodina,IMT Novi Beograd vs Vojvodina,0.1767232,0.0255077
M. Poletanović,Vojvodina,Vojvodina vs Radnički Niš,1.0511321,0.43291769999999996
M. Poletanović,Vojvodina,Vojvodina vs Železničar Pančevo,0.3556433,0.1757811
M. Popović,Vojvodina,Vojvodina vs Radnički Niš,0.0227293,-0.0047389
M. Ristić,Radnički Kragujevac,IMT Novi Beograd vs Radnički Kragujevac,0.5638911,0.3850171
M. Ristić,Radnički Kragujevac,Mladost Lučani vs Radnički Kragujevac,0.6005808,0.1192861
M. Ristić,Radnički Kragujevac,Novi Pazar vs Radnički Kragujevac,0.1910429,-0.0583168
M. Ristić,Radnički Kragujevac,Radnički Kragujevac vs Tekstilac Odžaci,0.29133,0.020057500000000006
M. Rodić,Crvena zvezda,Crvena zvezda vs Železničar Pančevo,0.7900462,0.3870322
M. Rádin,TSC,TSC vs Novi Pazar,0.2004252,-0.034766099999999994
M. Rádin,TSC,Tekstilac Odžaci vs TSC,0.1439844,-0.0925364
M. Rádin,TSC,Čukarički vs TSC,0.1835768,0.056895
M. Spremo,IMT Novi Beograd,IMT Novi Beograd vs Radnički Kragujevac,0.11118120000000001,0.0748485
M. Spremo,IMT Novi Beograd,IMT Novi Beograd vs Vojvodina,0.12212490000000001,0.0559307
M. Stajić,Radnički Niš,Radnički Niš vs Spartak Subotica,0.0730407,0.006161599999999997
M. Stajić,Radnički Niš,Vojvodina vs Radnički Niš,0.1567824,0.0232099
M. Stevanović,Čukarički,Novi Pazar vs Čukarički,0.1890967,0.0950521
M. Stevanović,Čukarički,Čukarički vs Jedinstvo Ub,0.4353304,0.1746629
M. Stevanović,Čukarički,Čukarički vs TSC,0.0967043,0.0458023
M. Terzić,Radnički Niš,Jedinstvo Ub vs Radnički Niš,0.1905459,0.06058379999999999
M. Terzić,Radnički Niš,Radnički Niš vs Spartak Subotica,0.16255319999999998,-0.040463900000000004
M. Tošeski,Napredak,Crvena zvezda vs Napredak,0.0990592,0.015391899999999998
M. Tošeski,Napredak,Napredak vs Mladost Lučani,0.734673,0.45841380000000004
M. Tzionis,Čukarički,Čukarički vs Jedinstvo Ub,0.23091129999999999,0.025263799999999996
M. Tzionis,Čukarički,Čukarički vs TSC,0.2188064,0.0767873
M. Veličković,Vojvodina,IMT Novi Beograd vs Vojvodina,0.1279514,-0.2082977
M. Veličković,Vojvodina,Vojvodina vs Radnički Niš,0.7328687,0.2767204
M. Veličković,Vojvodina,Vojvodina vs Železničar Pančevo,0.0667136,0.0307394
M. Yamkam,Radnički Niš,IMT Novi Beograd vs Radnički Niš,0.0,0.0
M. Yamkam,Radnički Niš,Jedinstvo Ub vs Radnički Niš,0.1504887,0.0652998
M. Yamkam,Radnički Niš,Radnički Niš vs Spartak Subotica,0.0777586,0.0510991
M. Yamkam,Radnički Niš,Vojvodina vs Radnički Niš,0.0857819,0.0256202
M. Zekić,Tekstilac Odžaci,Radnički Kragujevac vs Tekstilac Odžaci,0.0344504,-0.007640700000000002
M. Ćosić,Radnički Kragujevac,IMT Novi Beograd vs Radnički Kragujevac,0.6282112,0.0905112
M. Ćosić,Radnički Kragujevac,Mladost Lučani vs Radnički Kragujevac,0.7190553000000001,0.07873489999999997
M. Ćosić,Radnički Kragujevac,Novi Pazar vs Radnički Kragujevac,0.0794525,-0.0190569
M. Ćosić,Radnički Kragujevac,Radnički Kragujevac vs Tekstilac Odžaci,0.3227629,0.0752418
M. Đorđević,TSC,TSC vs Novi Pazar,0.3740817,0.1652379
M. Đorđević,TSC,Tekstilac Odžaci vs TSC,0.4635017,0.2009039
M. Đorđević,TSC,Čukarički vs TSC,0.1182133,0.0319649
M. Šarić,Napredak,Napredak vs Mladost Lučani,0.19570949999999998,-0.019321500000000002
M. Škrbić,Tekstilac Odžaci,Radnički Kragujevac vs Tekstilac Odžaci,0.10349420000000001,0.046921000000000004
Milson,Crvena zvezda,Crvena zvezda vs Železničar Pančevo,0.6827417,0.14430610000000002
Milson,Crvena zvezda,Partizan vs Crvena zvezda,0.0421659,0.006624900000000001
N. Andrić,Mladost Lučani,Mladost Lučani vs Radnički Kragujevac,0.16424,-0.0622307
N. Andrić,Mladost Lučani,Napredak vs Mladost Lučani,0.0354715,0.0007407000000000004
N. Antić,Partizan,Partizan vs Crvena zvezda,0.1547552,-0.0822454
N. Belaković,Radnički Niš,Jedinstvo Ub vs Radnički Niš,0.44284830000000003,0.1448996
N. Belaković,Radnički Niš,Radnički Niš vs Spartak Subotica,0.18067460000000002,0.0387462
N. Belaković,Radnički Niš,Vojvodina vs Radnički Niš,0.0248179,0.007155399999999999
N. Belić,IMT Novi Beograd,IMT Novi Beograd vs Radnički Kragujevac,0.0500031,0.0296789
N. Belić,IMT Novi Beograd,IMT Novi Beograd vs Radnički Niš,0.0013289,0.0
N. Belić,IMT Novi Beograd,OFK Beograd vs IMT Novi Beograd,0.012624,0.0013949
N. Belić,IMT Novi Beograd,Spartak Subotica vs IMT Novi Beograd,0.0380416,0.010268299999999998
N. Bukumira,Radnički Kragujevac,IMT Novi Beograd vs Radnički Kragujevac,0.0201987,0.0058509
N. Djiga,Crvena zvezda,Crvena zvezda vs Železničar Pančevo,0.23228200000000002,0.0381589
N. Djiga,Crvena zvezda,Partizan vs Crvena zvezda,0.1938896,-0.0039783999999999965
N. Doderović,Jedinstvo Ub,Jedinstvo Ub vs Radnički Niš,0.26499649999999997,0.1265363
N. Doderović,Jedinstvo Ub,Čukarički vs Jedinstvo Ub,0.2942593,0.11698870000000001
N. Glišić,IMT Novi Beograd,IMT Novi Beograd vs Radnički Kragujevac,0.077538,-0.0069497
N. Glišić,IMT Novi Beograd,IMT Novi Beograd vs Radnički Niš,0.0012447,-0.0012211
N. Glišić,IMT Novi Beograd,IMT Novi Beograd vs Vojvodina,0.1140928,0.0634982
N. Glišić,IMT Novi Beograd,OFK Beograd vs IMT Novi Beograd,0.7525368,0.48149469999999994
N. Glišić,IMT Novi Beograd,Spartak Subotica vs IMT Novi Beograd,0.3325642,-0.0260203
N. Jojić,Mladost Lučani,Mladost Lučani vs Radnički Kragujevac,0.3759558,-0.03706849999999999
N. Jojić,Mladost Lučani,Napredak vs Mladost Lučani,0.0056682,0.0020465
N. Jovanović,Železničar Pančevo,Crvena zvezda vs Železničar Pančevo,0.1524645,0.0387726
N. Jovanović,Železničar Pančevo,Vojvodina vs Železničar Pančevo,0.3461272,0.17236459999999998
N. Jovanović,Železničar Pančevo,Železničar Pančevo vs OFK Beograd,0.08777309999999999,-0.009885099999999999
N. Karaklajić,Napredak,Crvena zvezda vs Napredak,0.3473248,0.1061887
N. Karaklajić,Napredak,Napredak vs Mladost Lučani,0.3879746,-0.0207515
N. Knežević,OFK Beograd,OFK Beograd vs IMT Novi Beograd,0.5853299000000001,0.263145
N. Knežević,OFK Beograd,OFK Beograd vs Partizan,0.2599908,-0.017026799999999998
N. Knežević,OFK Beograd,Železničar Pančevo vs OFK Beograd,0.6234447999999999,0.28653100000000004
N. Kodžić,Tekstilac Odžaci,Radnički Kragujevac vs Tekstilac Odžaci,0.1669144,0.083078
N. Kojčić,Tekstilac Odžaci,Radnički Kragujevac vs Tekstilac Odžaci,0.1970679,0.0255139
N. Kojčić,Tekstilac Odžaci,Tekstilac Odžaci vs TSC,0.017312499999999998,0.0111405
N. Krstić,IMT Novi Beograd,IMT Novi Beograd vs Radnički Kragujevac,0.1708506,0.010124800000000003
N. Krstić,IMT Novi Beograd,IMT Novi Beograd vs Radnički Niš,0.098187,0.098187
N. Krstić,IMT Novi Beograd,IMT Novi Beograd vs Vojvodina,0.197275,0.0052810000000000044
N. Krstić,IMT Novi Beograd,OFK Beograd vs IMT Novi Beograd,0.448345,0.11161030000000001
N. Krstić,IMT Novi Beograd,Spartak Subotica vs IMT Novi Beograd,0.5586382,0.2187616
N. Leković,Mladost Lučani,Mladost Lučani vs Radnički Kragujevac,0.001296,0.0
N. Leković,Mladost Lučani,Napredak vs Mladost Lučani,0.0007444,0.0004047
N. Marjanović,Tekstilac Odžaci,Tekstilac Odžaci vs TSC,0.0954893,0.037147200000000005
N. Miletić,Novi Pazar,Novi Pazar vs Radnički Kragujevac,0.22615580000000002,0.05427619999999999
N. Miletić,Novi Pazar,Novi Pazar vs Čukarički,0.3608038,0.00818520000000001
N. Miletić,Novi Pazar,TSC vs Novi Pazar,0.1551236,0.05579150000000001
N. Milojević,Čukarički,Novi Pazar vs Čukarički,0.0666167,0.0248112
N. Milunović,Železničar Pančevo,Crvena zvezda vs Železničar Pančevo,0.1395267,0.065262
N. Milunović,Železničar Pančevo,Vojvodina vs Železničar Pančevo,0.2721127,0.1862547
N. Milunović,Železničar Pančevo,Železničar Pančevo vs OFK Beograd,0.245504,0.16243780000000002
N. Mituljikić,OFK Beograd,OFK Beograd vs IMT Novi Beograd,0.34485910000000003,0.1938269
N. Mituljikić,OFK Beograd,OFK Beograd vs Partizan,0.3300152,0.1276057
N. Mituljikić,OFK Beograd,Železničar Pančevo vs OFK Beograd,0.20153959999999999,-0.0394556
N. Mujakić,Partizan,OFK Beograd vs Partizan,0.1973448,0.13773459999999998
N. Mujakić,Partizan,Partizan vs Crvena zvezda,0.1119502,0.0368693
N. Nikolić,Partizan,OFK Beograd vs Partizan,0.0391066,-0.0006401
N. Petrović,TSC,TSC vs Novi Pazar,0.2394367,0.042539900000000005
N. Petrović,TSC,Čukarički vs TSC,0.166647,0.0458409
N. Petrović,Vojvodina,IMT Novi Beograd vs Vojvodina,0.5565838,0.332285
N. Petrović,Vojvodina,Vojvodina vs Radnički Niš,0.213613,0.0838365
N. Petrović,Vojvodina,Vojvodina vs Železničar Pančevo,0.12834890000000002,-0.0792185
N. Radonjić,Crvena zvezda,Crvena zvezda vs Napredak,0.36655150000000003,0.0937706
N. Radonjić,Crvena zvezda,Crvena zvezda vs Železničar Pančevo,0.43560010000000005,0.1028549
N. Skrobonja,Tekstilac Odžaci,Radnički Kragujevac vs Tekstilac Odžaci,0.181422,0.08623699999999998
N. Skrobonja,Tekstilac Odžaci,Tekstilac Odžaci vs TSC,0.3422716,-6.29999999999986e-05
N. Stanković,Čukarički,Novi Pazar vs Čukarički,0.2626004,-0.0056229999999999995
N. Stanković,Čukarički,Čukarički vs Jedinstvo Ub,0.8796097,0.3337269
N. Stanković,Čukarički,Čukarički vs TSC,0.5015186,0.1453733
N. Trifunović,Partizan,OFK Beograd vs Partizan,0.2218182,-0.021927800000000004
N. Trifunović,Partizan,Partizan vs Crvena zvezda,0.0149522,0.0018987000000000001
N. Vidojević,Železničar Pančevo,Železničar Pančevo vs OFK Beograd,0.0972891,0.06283
N. Vujadinović,OFK Beograd,OFK Beograd vs Partizan,0.0,0.0
N. Vukajlović,Napredak,Crvena zvezda vs Napredak,0.1070037,0.015548499999999998
N. Vukajlović,Napredak,Napredak vs Mladost Lučani,0.364888,0.0080812
N. Ćalasan,Spartak Subotica,Radnički Niš vs Spartak Subotica,0.1755446,-0.06302329999999999
N. Ćalasan,Spartak Subotica,Spartak Subotica vs IMT Novi Beograd,0.0603346,0.0221998
N. Ćirković,Mladost Lučani,Mladost Lučani vs Radnički Kragujevac,0.3497331,0.2644427
N. Ćirković,Mladost Lučani,Napredak vs Mladost Lučani,0.1624796,0.0811871
NaN,Crvena zvezda,Crvena zvezda vs Napredak,0.0,0.0
NaN,Crvena zvezda,Crvena zvezda vs Železničar Pančevo,0.0,0.0
NaN,Crvena zvezda,Partizan vs Crvena zvezda,0.0,0.0
NaN,IMT Novi Beograd,IMT Novi Beograd vs Radnički Kragujevac,0.0,0.0
NaN,IMT Novi Beograd,IMT Novi Beograd vs Radnički Niš,0.0,0.0
NaN,IMT Novi Beograd,IMT Novi Beograd vs Vojvodina,0.0,0.0
NaN,IMT Novi Beograd,OFK Beograd vs IMT Novi Beograd,0.0,0.0
NaN,IMT Novi Beograd,Spartak Subotica vs IMT Novi Beograd,0.0,0.0
NaN,Jedinstvo Ub,Jedinstvo Ub vs Radnički Niš,0.0,0.0
NaN,Jedinstvo Ub,Čukarički vs Jedinstvo Ub,0.0,0.0
NaN,Mladost Lučani,Mladost Lučani vs Radnički Kragujevac,0.0,0.0
NaN,Mladost Lučani,Napredak vs Mladost Lučani,0.0,0.0
NaN,Napredak,Crvena zvezda vs Napredak,0.0,0.0
NaN,Napredak,Napredak vs Mladost Lučani,0.0,0.0
NaN,Novi Pazar,Novi Pazar vs Radnički Kragujevac,0.0,0.0
NaN,Novi Pazar,Novi Pazar vs Čukarički,0.0,0.0
NaN,Novi Pazar,TSC vs Novi Pazar,0.0,0.0
NaN,OFK Beograd,OFK Beograd vs IMT Novi Beograd,0.0,0.0
NaN,OFK Beograd,OFK Beograd vs Partizan,0.0,0.0
NaN,OFK Beograd,Železničar Pančevo vs OFK Beograd,0.0,0.0
NaN,Partizan,OFK Beograd vs Partizan,0.0,0.0
NaN,Partizan,Partizan vs Crvena zvezda,0.0,0.0
NaN,Radnički Kragujevac,IMT Novi Beograd vs Radnički Kragujevac,0.0,0.0
NaN,Radnički Kragujevac,Mladost Lučani vs Radnički Kragujevac,0.0,0.0
NaN,Radnički Kragujevac,Novi Pazar vs Radnički Kragujevac,0.0,0.0
NaN,Radnički Kragujevac,Radnički Kragujevac vs Tekstilac Odžaci,0.0,0.0
NaN,Radnički Niš,IMT Novi Beograd vs Radnički Niš,0.0,0.0
NaN,Radnički Niš,Jedinstvo Ub vs Radnički Niš,0.0,0.0
NaN,Radnički Niš,Radnički Niš vs Spartak Subotica,0.0,0.0
NaN,Radnički Niš,Vojvodina vs Radnički Niš,0.0,0.0
NaN,Spartak Subotica,Radnički Niš vs Spartak Subotica,0.0042373,0.0042373
NaN,Spartak Subotica,Spartak Subotica vs IMT Novi Beograd,0.0,0.0
NaN,TSC,TSC vs Novi Pazar,0.0,0.0
NaN,TSC,Tekstilac Odžaci vs TSC,0.0,0.0
NaN,TSC,Čukarički vs TSC,0.0,0.0
NaN,Tekstilac Odžaci,Radnički Kragujevac vs Tekstilac Odžaci,0.0,0.0
NaN,Tekstilac Odžaci,Tekstilac Odžaci vs TSC,0.0,0.0
NaN,Vojvodina,IMT Novi Beograd vs Vojvodina,0.0,0.0
NaN,Vojvodina,Vojvodina vs Radnički Niš,0.0,0.0
NaN,Vojvodina,Vojvodina vs Železničar Pančevo,0.0,0.0
NaN,Čukarički,Novi Pazar vs Čukarički,0.0,0.0
NaN,Čukarički,Čukarički vs Jedinstvo Ub,0.0,0.0
NaN,Čukarički,Čukarički vs TSC,0.0,0.0
NaN,Železničar Pančevo,Crvena zvezda vs Železničar Pančevo,0.0,0.0
NaN,Železničar Pančevo,Vojvodina vs Železničar Pančevo,0.0,0.0
NaN,Železničar Pančevo,Železničar Pančevo vs OFK Beograd,0.0,0.0
O. Bjeličić,Novi Pazar,Novi Pazar vs Čukarički,0.1430152,0.0508272
O. Glazer,Crvena zvezda,Crvena zvezda vs Napredak,0.0405396,0.027923599999999996
O. Glazer,Crvena zvezda,Crvena zvezda vs Železničar Pančevo,0.019773,0.007289299999999999
O. Glazer,Crvena zvezda,Partizan vs Crvena zvezda,0.0633536,-0.007074499999999999
O. Krsmanović,Mladost Lučani,Mladost Lučani vs Radnički Kragujevac,0.1824885,-0.0566715
O. Krsmanović,Mladost Lučani,Napredak vs Mladost Lučani,0.057802900000000004,-0.0018132999999999995
O. Lebi,IMT Novi Beograd,IMT Novi Beograd vs Radnički Kragujevac,0.113489,-0.005063799999999996
O. Lebi,IMT Novi Beograd,IMT Novi Beograd vs Radnički Niš,0.0,0.0
O. Lebi,IMT Novi Beograd,IMT Novi Beograd vs Vojvodina,0.0384161,-0.0022315
O. Lebi,IMT Novi Beograd,OFK Beograd vs IMT Novi Beograd,0.3438373,-0.0577926
O. Lebi,IMT Novi Beograd,Spartak Subotica vs IMT Novi Beograd,0.0057627,-0.0069025
O. Mimović,Crvena zvezda,Crvena zvezda vs Napredak,1.0905576,0.007672199999999997
O. Mršić,Novi Pazar,Novi Pazar vs Radnički Kragujevac,0.2247681,0.13051290000000002
P. Bojić,Mladost Lučani,Mladost Lučani vs Radnički Kragujevac,0.0794047,0.0262605
P. Bojić,Mladost Lučani,Napredak vs Mladost Lučani,0.0852624,-0.0138405
P. Ferreira,Jedinstvo Ub,Jedinstvo Ub vs Radnički Niš,0.031593699999999995,-0.0071132
P. Ivelja,Radnički Niš,IMT Novi Beograd vs Radnički Niš,0.0497497,0.0492855
P. Ivelja,Radnički Niš,Jedinstvo Ub vs Radnički Niš,0.0464366,0.0238496
P. Ivelja,Radnički Niš,Radnički Niš vs Spartak Subotica,0.0289892,0.008238
P. Ivelja,Radnički Niš,Vojvodina vs Radnički Niš,0.0137251,0.0062343
P. Olayinka,Crvena zvezda,Crvena zvezda vs Napredak,0.7984194,0.3078924
P. Olayinka,Crvena zvezda,Partizan vs Crvena zvezda,0.4101498,0.1799107
P. Stanić,TSC,TSC vs Novi Pazar,0.7409933,0.3398876
P. Stanić,TSC,Tekstilac Odžaci vs TSC,0.7538944000000001,0.11935180000000001
P. Stanić,TSC,Čukarički vs TSC,0.11208,-0.04477299999999999
P. Sukacev,Vojvodina,IMT Novi Beograd vs Vojvodina,0.2946804,0.1828737
P. Ukachukwu,Tekstilac Odžaci,Radnički Kragujevac vs Tekstilac Odžaci,0.9415469000000001,0.1821524
P. Ukachukwu,Tekstilac Odžaci,Tekstilac Odžaci vs TSC,0.2737978,0.1523869
P. Ćirković,Napredak,Crvena zvezda vs Napredak,0.0357897,0.0092259
P. Ćirković,Napredak,Napredak vs Mladost Lučani,0.5435201000000001,0.3380752
R. Antwi,Novi Pazar,Novi Pazar vs Radnički Kragujevac,0.0526625,0.0362007
R. Antwi,Novi Pazar,TSC vs Novi Pazar,0.2133776,0.05354829999999999
R. Bosić,Radnički Niš,IMT Novi Beograd vs Radnički Niš,0.0,0.0
R. Bosić,Radnički Niš,Jedinstvo Ub vs Radnički Niš,1.0600679,0.42220969999999997
R. Bosić,Radnički Niš,Radnički Niš vs Spartak Subotica,0.1869152,-0.010998199999999998
R. Bosić,Radnički Niš,Vojvodina vs Radnički Niš,0.4445987,0.2480023
R. Denzell,Jedinstvo Ub,Jedinstvo Ub vs Radnički Niš,0.0499723,0.016634799999999998
R. Denzell,Jedinstvo Ub,Čukarički vs Jedinstvo Ub,0.0194544,-0.010369399999999999
R. Krunić,Crvena zvezda,Crvena zvezda vs Napredak,1.0150242,0.3500267
R. Krunić,Crvena zvezda,Crvena zvezda vs Železničar Pančevo,0.2206962,-0.0017298000000000023
R. Krunić,Crvena zvezda,Partizan vs Crvena zvezda,0.3145195,0.1187503
R. Obeng,Tekstilac Odžaci,Tekstilac Odžaci vs TSC,0.0073425999999999995,-0.006567
S. Bastaja,IMT Novi Beograd,IMT Novi Beograd vs Radnički Kragujevac,0.1880145,0.008816
S. Bastaja,IMT Novi Beograd,IMT Novi Beograd vs Radnički Niš,0.0258083,0.0248874
S. Bastaja,IMT Novi Beograd,IMT Novi Beograd vs Vojvodina,0.0917406,0.026116200000000003
S. Bastaja,IMT Novi Beograd,Spartak Subotica vs IMT Novi Beograd,0.4105678,0.2468213
S. Bukorac,Napredak,Crvena zvezda vs Napredak,0.0953407,0.021128799999999996
S. Bukorac,Napredak,Napredak vs Mladost Lučani,0.2669772,0.0622316
S. Cvetković,Železničar Pančevo,Crvena zvezda vs Železničar Pančevo,0.1243353,0.07568230000000001
S. Golubović,Jedinstvo Ub,Jedinstvo Ub vs Radnički Niš,0.2279528,0.0711983
S. Golubović,Jedinstvo Ub,Čukarički vs Jedinstvo Ub,0.0898539,0.039519
S. Islamović,Novi Pazar,Novi Pazar vs Radnički Kragujevac,0.11631739999999999,-0.0069508999999999994
S. Islamović,Novi Pazar,Novi Pazar vs Čukarički,0.2533665,0.1777872
S. Katompa Mvumpa,Crvena zvezda,Crvena zvezda vs Napredak,0.5099172,-0.1836006
S. Katompa Mvumpa,Crvena zvezda,Partizan vs Crvena zvezda,0.24082489999999998,0.1178388
S. Korač,Vojvodina,IMT Novi Beograd vs Vojvodina,0.1466387,-2.8300000000002802e-05
S. Korač,Vojvodina,Vojvodina vs Radnički Niš,0.2133477,0.1423116
S. Korač,Vojvodina,Vojvodina vs Železničar Pančevo,0.0277131,0.0075087999999999995
S. Kovač,Partizan,OFK Beograd vs Partizan,0.4036807,0.1852929
S. Kovač,Partizan,Partizan vs Crvena zvezda,0.30564610000000003,0.0827169
S. Leković,Crvena zvezda,Crvena zvezda vs Napredak,0.3449193,0.062145399999999996
S. Manojlović,Radnički Niš,IMT Novi Beograd vs Radnički Niš,0.0104263,0.0
S. Manojlović,Radnički Niš,Jedinstvo Ub vs Radnički Niš,0.0442479,0.0126565
S. Manojlović,Radnički Niš,Radnički Niš vs Spartak Subotica,0.0312241,-0.0025835
S. Marjanović,Napredak,Crvena zvezda vs Napredak,0.4368749,0.1867121
S. Marjanović,Napredak,Napredak vs Mladost Lučani,0.3739274,0.11226159999999999
S. Marković,OFK Beograd,OFK Beograd vs IMT Novi Beograd,0.0234496,-0.011839299999999999
S. Medojević,Vojvodina,IMT Novi Beograd vs Vojvodina,0.0520266,0.010600799999999999
S. Nikolic,Radnički Niš,Jedinstvo Ub vs Radnički Niš,0.009406,0.0075479
S. Obradović,OFK Beograd,OFK Beograd vs IMT Novi Beograd,0.0016837,0.0004916
S. Owusu,OFK Beograd,OFK Beograd vs IMT Novi Beograd,0.1414828,-0.10778030000000001
S. Owusu,OFK Beograd,OFK Beograd vs Partizan,0.38741939999999997,0.1676167
S. Pirgić,Železničar Pančevo,Crvena zvezda vs Železničar Pančevo,0.0161301,0.0086806
S. Pirgić,Železničar Pančevo,Vojvodina vs Železničar Pančevo,0.196669,-0.0543556
S. Pirgić,Železničar Pančevo,Železničar Pančevo vs OFK Beograd,0.0162042,-0.003954100000000001
S. Popović,IMT Novi Beograd,IMT Novi Beograd vs Radnički Kragujevac,0.0835452,0.0414589
S. Popović,IMT Novi Beograd,IMT Novi Beograd vs Radnički Niš,0.0014681,-0.0005256
S. Popović,IMT Novi Beograd,IMT Novi Beograd vs Vojvodina,0.0859203,0.0419557
S. Popović,IMT Novi Beograd,OFK Beograd vs IMT Novi Beograd,0.0102375,0.0079912
S. Popović,IMT Novi Beograd,Spartak Subotica vs IMT Novi Beograd,0.3114022,0.2083535
S. Popović,Novi Pazar,Novi Pazar vs Radnički Kragujevac,0.0220111,-0.0023858000000000004
S. Popović,Novi Pazar,Novi Pazar vs Čukarički,0.010221000000000001,-0.0019045
S. Popović,Novi Pazar,TSC vs Novi Pazar,0.0323296,-0.0057474
S. Radović,Radnički Kragujevac,IMT Novi Beograd vs Radnički Kragujevac,0.13430519999999999,0.018436499999999998
S. Radović,Radnički Kragujevac,Mladost Lučani vs Radnički Kragujevac,0.1010029,-0.009673299999999994
S. Radović,Radnički Kragujevac,Novi Pazar vs Radnički Kragujevac,0.0731749,0.0315565
S. Radović,Radnički Kragujevac,Radnički Kragujevac vs Tekstilac Odžaci,0.1620916,0.0355077
S. Rakić,Jedinstvo Ub,Jedinstvo Ub vs Radnički Niš,0.1644379,-0.0027992000000000017
S. Rakić,Jedinstvo Ub,Čukarički vs Jedinstvo Ub,0.2995542,0.1671693
S. Sanogo,Železničar Pančevo,Crvena zvezda vs Železničar Pančevo,0.1596935,0.08656570000000001
S. Sanogo,Železničar Pančevo,Vojvodina vs Železničar Pančevo,0.1164211,0.051956
S. Sanogo,Železničar Pančevo,Železničar Pančevo vs OFK Beograd,0.2888604,0.16855750000000003
S. Simović,Radnički Kragujevac,IMT Novi Beograd vs Radnički Kragujevac,0.0918888,0.0431946
S. Simović,Radnički Kragujevac,Novi Pazar vs Radnički Kragujevac,0.0632398,0.0146012
S. Simović,Radnički Kragujevac,Radnički Kragujevac vs Tekstilac Odžaci,0.232637,0.1578369
S. Sissoko,Čukarički,Novi Pazar vs Čukarički,0.1610244,-0.07879339999999999
S. Sissoko,Čukarički,Čukarički vs Jedinstvo Ub,0.3550508,0.017378500000000005
S. Sissoko,Čukarički,Čukarički vs TSC,0.1880107,0.027269999999999996
S. Stamenković,Mladost Lučani,Mladost Lučani vs Radnički Kragujevac,0.07811169999999999,0.0300927
S. Stamenković,Mladost Lučani,Napredak vs Mladost Lučani,0.0747045,0.0394332
S. Stanojlović,OFK Beograd,OFK Beograd vs Partizan,0.0,0.0
S. Stanojlović,OFK Beograd,Železničar Pančevo vs OFK Beograd,0.0995268,0.0007680000000000013
S. Stojanović,Tekstilac Odžaci,Radnički Kragujevac vs Tekstilac Odžaci,0.1515125,0.0900097
S. Stojanović,Tekstilac Odžaci,Tekstilac Odžaci vs TSC,0.036649,0.0034654000000000004
S. Tedić,Čukarički,Čukarički vs Jedinstvo Ub,0.0,0.0
S. Tedić,Čukarički,Čukarički vs TSC,0.0129462,0.0099315
S. Zeljković,Radnički Kragujevac,Mladost Lučani vs Radnički Kragujevac,0.1928474,0.0764152
S. Đorđević,Vojvodina,IMT Novi Beograd vs Vojvodina,0.4123737,0.1207151
Saša Jovanović,TSC,TSC vs Novi Pazar,0.5120231000000001,0.2723873
Saša Jovanović,TSC,Tekstilac Odžaci vs TSC,0.1826677,0.005964499999999998
Seol Young-Woo,Crvena zvezda,Crvena zvezda vs Napredak,0.841807,0.13678130000000002
Seol Young-Woo,Crvena zvezda,Partizan vs Crvena zvezda,0.2901211,0.0452182
Simón Moreno,Jedinstvo Ub,Jedinstvo Ub vs Radnički Niš,0.036624699999999996,-0.0387207
Stefan Jovanović,TSC,TSC vs Novi Pazar,0.1689338,-0.004706100000000001
Stefan Jovanović,TSC,Čukarički vs TSC,0.453701,0.23222640000000003
T. Bamigboye,Novi Pazar,Novi Pazar vs Radnički Kragujevac,0.0122107,0.0002900000000000003
T. Dadić,Radnički Kragujevac,Mladost Lučani vs Radnički Kragujevac,0.2260022,0.0259311
T. Dadić,Radnički Kragujevac,Novi Pazar vs Radnički Kragujevac,0.0538393,-0.0009781000000000004
T. Dadić,Radnički Kragujevac,Radnički Kragujevac vs Tekstilac Odžaci,0.0441203,0.003918400000000001
T. Elšnik,Crvena zvezda,Crvena zvezda vs Napredak,0.9475784,0.1673682
T. Elšnik,Crvena zvezda,Crvena zvezda vs Železničar Pančevo,0.867995,0.2637019
T. Elšnik,Crvena zvezda,Partizan vs Crvena zvezda,0.5584552,0.24837260000000003
T. Etongou,Radnički Niš,Radnički Niš vs Spartak Subotica,0.038288,0.003587
T. Etongou,Radnički Niš,Vojvodina vs Radnički Niš,0.0,0.0
T. Pérez,Jedinstvo Ub,Jedinstvo Ub vs Radnički Niš,0.5850653,-0.12780370000000002
T. Pérez,Jedinstvo Ub,Čukarički vs Jedinstvo Ub,0.09337780000000001,-0.0587267
T. Stewart,Radnički Niš,IMT Novi Beograd vs Radnički Niš,0.0024965,0.0012005
T. Stewart,Radnički Niš,Jedinstvo Ub vs Radnički Niš,0.1641228,0.000216400000000002
T. Stewart,Radnički Niš,Radnički Niš vs Spartak Subotica,0.241712,0.05274919999999999
T. Stewart,Radnički Niš,Vojvodina vs Radnički Niš,0.3501972,0.06204509999999999
U. Bonnet,IMT Novi Beograd,IMT Novi Beograd vs Radnički Kragujevac,0.1656819,-0.04563369999999999
U. Bonnet,IMT Novi Beograd,IMT Novi Beograd vs Radnički Niš,0.0055993,0.0055993
U. Bonnet,IMT Novi Beograd,IMT Novi Beograd vs Vojvodina,0.122231,0.055539000000000005
U. Bonnet,IMT Novi Beograd,Spartak Subotica vs IMT Novi Beograd,0.2460463,0.0602134
U. Ignjatović,Napredak,Crvena zvezda vs Napredak,0.1978411,0.0864699
U. Kabić,Čukarički,Novi Pazar vs Čukarički,0.2567645,0.2142425
U. Lazić,OFK Beograd,OFK Beograd vs IMT Novi Beograd,0.4344958,0.28734950000000004
U. Lazić,OFK Beograd,OFK Beograd vs Partizan,0.0127501,0.0115978
U. Lazić,OFK Beograd,Železničar Pančevo vs OFK Beograd,0.0006437,0.0
U. Ljubomirac,Mladost Lučani,Mladost Lučani vs Radnički Kragujevac,0.2628409,0.0755362
U. Ljubomirac,Mladost Lučani,Napredak vs Mladost Lučani,0.0507115,0.0026136000000000006
U. Matić,Jedinstvo Ub,Jedinstvo Ub vs Radnički Niš,0.5463616,0.045964099999999994
U. Matić,Jedinstvo Ub,Čukarički vs Jedinstvo Ub,0.1476412,-0.0007206000000000013
U. Miladinović,Čukarički,Čukarički vs Jedinstvo Ub,1.0312196,0.4081423
U. Miladinović,Čukarički,Čukarički vs TSC,0.07826040000000001,0.044999
U. Spajić,Crvena zvezda,Partizan vs Crvena zvezda,0.1019646,0.0285593
U. Stevančević,Jedinstvo Ub,Jedinstvo Ub vs Radnički Niš,0.1788445,-0.0527948
U. Stevančević,Jedinstvo Ub,Čukarički vs Jedinstvo Ub,0.1338477,0.1008417
U. Stojanović,Železničar Pančevo,Vojvodina vs Železničar Pančevo,0.1637809,-0.042254299999999995
U. Stojanović,Železničar Pančevo,Železničar Pančevo vs OFK Beograd,0.2336588,0.0789088
U. Đuranović,Novi Pazar,Novi Pazar vs Radnički Kragujevac,0.5366572,0.15109250000000002
U. Đuranović,Novi Pazar,Novi Pazar vs Čukarički,0.21575060000000001,0.11663459999999999
U. Đuranović,Novi Pazar,TSC vs Novi Pazar,0.22563519999999998,0.03661349999999999
V. Damjanić,Jedinstvo Ub,Jedinstvo Ub vs Radnički Niš,0.1042897,0.0621782
V. Damjanić,Jedinstvo Ub,Čukarički vs Jedinstvo Ub,0.0532249,0.020634
V. Drkušić,Crvena zvezda,Crvena zvezda vs Napredak,0.3055338,0.0921872
V. Drkušić,Crvena zvezda,Crvena zvezda vs Železničar Pančevo,0.1772646,0.0722279
V. Ilić,Radnički Niš,IMT Novi Beograd vs Radnički Niš,0.0,0.0
V. Ilić,Radnički Niš,Jedinstvo Ub vs Radnički Niš,0.2197107,0.0987878
V. Ilić,Radnički Niš,Radnički Niš vs Spartak Subotica,0.1482182,-0.027149899999999998
V. Ilić,Radnički Niš,Vojvodina vs Radnički Niš,0.1664855,0.0045759000000000025
V. Ilić,TSC,TSC vs Novi Pazar,0.0325132,0.0057016
V. Ilić,TSC,Tekstilac Odžaci vs TSC,0.0409119,0.0203246
V. Ilić,TSC,Čukarički vs TSC,0.0373006,0.00025699999999999877
V. Jovanović,Jedinstvo Ub,Jedinstvo Ub vs Radnički Niš,0.0224325,-0.0016030000000000003
V. Jovanović,Jedinstvo Ub,Čukarički vs Jedinstvo Ub,0.032691,-0.00036860000000000023
V. Jovanović,Čukarički,Novi Pazar vs Čukarički,0.1313873,0.0523508
V. Jovanović,Čukarički,Čukarički vs Jedinstvo Ub,0.2098412,0.0145781
V. Jovanović,Čukarički,Čukarički vs TSC,0.0860548,0.0290557
V. Kijevčanin,IMT Novi Beograd,IMT Novi Beograd vs Radnički Niš,0.0,0.0
V. Kijevčanin,IMT Novi Beograd,OFK Beograd vs IMT Novi Beograd,0.2409868,0.1048672
V. Kijevčanin,IMT Novi Beograd,Spartak Subotica vs IMT Novi Beograd,0.2336936,0.0457834
V. Miletić,Napredak,Napredak vs Mladost Lučani,0.0056118,0.0030140999999999996
V. Radojević,TSC,Tekstilac Odžaci vs TSC,0.4118379,-0.03728660000000002
V. Radočaj,IMT Novi Beograd,OFK Beograd vs IMT Novi Beograd,0.3011902,-0.0776308
V. Rogan,Čukarički,Novi Pazar vs Čukarički,0.3140016,0.10705479999999996
V. Rogan,Čukarički,Čukarički vs Jedinstvo Ub,0.2818686,0.054046
V. Rogan,Čukarički,Čukarički vs TSC,0.0149362,0.0043064
V. Savićević,Vojvodina,IMT Novi Beograd vs Vojvodina,0.4277859,0.2539538
V. Serafimović,Čukarički,Novi Pazar vs Čukarički,0.1058623,0.0584888
V. Serafimović,Čukarički,Čukarički vs Jedinstvo Ub,0.3199263,0.1049769
V. Ubiparip,Spartak Subotica,Radnički Niš vs Spartak Subotica,0.4959581,0.0888338
V. Ubiparip,Spartak Subotica,Spartak Subotica vs IMT Novi Beograd,0.1413155,-0.040808000000000004
V. Vidaković,Novi Pazar,Novi Pazar vs Radnički Kragujevac,0.26296210000000003,0.044161200000000005
V. Vidaković,Novi Pazar,Novi Pazar vs Čukarički,0.1312242,0.0451304
V. Vidaković,Novi Pazar,TSC vs Novi Pazar,0.27614700000000003,0.15212599999999998
V. Vitorović,Spartak Subotica,Spartak Subotica vs IMT Novi Beograd,0.43693899999999997,0.27640370000000003
Vinicius Mello,Čukarički,Novi Pazar vs Čukarički,0.11045010000000001,0.041172799999999996
Vinicius Mello,Čukarički,Čukarički vs Jedinstvo Ub,0.7261624,0.17718150000000002
Y. Court,IMT Novi Beograd,IMT Novi Beograd vs Radnički Kragujevac,0.5539598,0.2254673
Y. Court,IMT Novi Beograd,IMT Novi Beograd vs Radnički Niš,0.0,0.0
Y. Court,IMT Novi Beograd,IMT Novi Beograd vs Vojvodina,0.2244557,0.097564
Y. Court,IMT Novi Beograd,OFK Beograd vs IMT Novi Beograd,0.560553,0.23887470000000002
Y. Court,IMT Novi Beograd,Spartak Subotica vs IMT Novi Beograd,0.7610461000000001,0.13594420000000002
Z. Ibrahim,Partizan,OFK Beograd vs Partizan,0.39036309999999996,-0.013503800000000022
Z. Ibrahim,Partizan,Partizan vs Crvena zvezda,0.3042411,0.07932469999999998
Z. Popović,Železničar Pančevo,Crvena zvezda vs Železničar Pančevo,0.0439995,0.0107671
Z. Popović,Železničar Pančevo,Vojvodina vs Železničar Pančevo,0.0372824,0.001171299999999999
Z. Popović,Železničar Pančevo,Železničar Pančevo vs OFK Beograd,0.034035,0.0045372
Đ. Crnomarković,Vojvodina,Vojvodina vs Radnički Niš,0.1042732,-0.024875500000000002
Đ. Crnomarković,Vojvodina,Vojvodina vs Železničar Pančevo,0.0799396,0.0455128
Đ. Gordić,TSC,TSC vs Novi Pazar,0.0739277,0.04375660000000001
Đ. Gordić,TSC,Čukarički vs TSC,0.09810579999999999,0.014650300000000005
Đ. Ivanović,Čukarički,Novi Pazar vs Čukarički,0.3423814,0.1791071
Đ. Ivanović,Čukarički,Čukarički vs Jedinstvo Ub,1.2806403,0.5242592
Đ. Ivanović,Čukarički,Čukarički vs TSC,0.9822853,0.3082187
Đ. Jovanović,Partizan,OFK Beograd vs Partizan,0.12208290000000001,-0.17198000000000002
Đ. Jovanović,Partizan,Partizan vs Crvena zvezda,0.0291892,-0.0114712
Đ. Zec,Radnički Niš,Vojvodina vs Radnički Niš,0.0199205,-0.0676941
Ž. Udovičić,Mladost Lučani,Mladost Lučani vs Radnički Kragujevac,0.2964911,0.15274480000000001
Ž. Udovičić,Mladost Lučani,Napredak vs Mladost Lučani,0.2767603,0.038724999999999996
