id,firstName,lastName,shortFirstName,shortLastName,gender,matchName,nationality,nationalityId,position,type,dateOfBirth,placeOfBirth,countryOfBirth,countryOfBirthId,height,weight,shirtNumber,status,active,foot,knownName,secondNationality,secondNationalityId
17zcph3xmk6rhrzepsl2bmk4q,Andrija,Katić,Andrija,Katic,Male,A. Katić,Serbia,5w4ve503bjdsshwx9ho6jxzx0,Goalkeeper,player,2002-02-17,Kruševac,Serbia,5w4ve503bjdsshwx9ho6jxzx0,195.0,83.0,1.0,active,yes,NaN,NaN,NaN,NaN
18443jomfufijc5n6b35ejlcl,Lukáš,Skovajsa,Lukás,Skovajsa,Male,L. Skovajsa,Slovakia,7dybe8679n9bgyrcxi383pq3y,Defender,player,1994-03-27,Trenčín,Slovakia,7dybe8679n9bgyrcxi383pq3y,181.0,77.0,25.0,active,yes,NaN,NaN,NaN,NaN
1dluk435oh06er5avj9ilstpm,Chinonso,Emeka,Chinonso,Emeka,Male,C. Emeka,Nigeria,63pvdwrsiq5b07mzi8igqei9p,Attacker,player,2001-08-30,NaN,Nigeria,63pvdwrsiq5b07mzi8igqei9p,189.0,NaN,9.0,active,yes,NaN,NaN,NaN,NaN
1lzqnhtefu81ttvcpe6a4e6l1,Damián,Bariš,Damián,Baris,Male,D. Bariš,Slovakia,7dybe8679n9bgyrcxi383pq3y,Midfielder,player,1994-12-09,Trenčín,Slovakia,7dybe8679n9bgyrcxi383pq3y,178.0,75.0,27.0,active,yes,right,NaN,NaN,NaN
29ani26a4nmug5mesyj8wp1xw,Emmanuel,Chimeroucheya Uchegbu,Emmanuel,Uchegbu,Male,E. Uchegbu,Nigeria,63pvdwrsiq5b07mzi8igqei9p,Attacker,player,2005-02-05,NaN,Nigeria,63pvdwrsiq5b07mzi8igqei9p,NaN,NaN,85.0,active,yes,NaN,NaN,NaN,NaN
2hivpagsggwzpck6sw99do9as,Nikolas,Brandis,Nikolas,Brandis,Male,N. Brandis,Slovakia,7dybe8679n9bgyrcxi383pq3y,Defender,player,2005-05-06,NaN,Slovakia,7dybe8679n9bgyrcxi383pq3y,NaN,NaN,NaN,active,no,NaN,NaN,NaN,NaN
30pn568okqowno5oyiy5ldka1,Armin,Đerlek,Armin,Djerlek,Male,A. Đerlek,Serbia,5w4ve503bjdsshwx9ho6jxzx0,Midfielder,player,2000-07-15,Novi Pazar,Serbia,5w4ve503bjdsshwx9ho6jxzx0,173.0,NaN,22.0,active,yes,right,NaN,NaN,NaN
3h9lw0y2c1ccj9xcy1u8ht9g4,Daniel,Prekop,Daniel,Prekop,Male,D. Prekop,Slovakia,7dybe8679n9bgyrcxi383pq3y,Defender,player,2005-05-20,NaN,Slovakia,7dybe8679n9bgyrcxi383pq3y,NaN,NaN,13.0,active,no,NaN,NaN,NaN,NaN
3zfwycbtlksz95tsqcog03yp6,Kelvin,Spencer Pires,Kelvin,Spencer Pires,Male,Kelvin Pires,Cabo Verde,7235kgq23bu1v4qwk491u58h0,Defender,player,2000-06-05,Mindelo,Cabo Verde,7235kgq23bu1v4qwk491u58h0,193.0,87.0,NaN,active,no,NaN,Kelvin Pires,NaN,NaN
3zr1bups9z7w6lzi2ysj9nm51,Jakub,Holúbek,Jakub,Holúbek,Male,J. Holúbek,Slovakia,7dybe8679n9bgyrcxi383pq3y,Defender,player,1991-01-12,Trenčín,Slovakia,7dybe8679n9bgyrcxi383pq3y,180.0,77.0,12.0,active,yes,left,NaN,NaN,NaN
430cujc2dwptr8ue1z3qarxuc,Bright,Donkor,Bright,Donkor,Male,B. Donkor,Ghana,2q2sw72utw5gu9t5y4knckwba,Attacker,player,2005-01-10,NaN,Ghana,2q2sw72utw5gu9t5y4knckwba,NaN,NaN,19.0,active,yes,NaN,NaN,NaN,NaN
4tbq0np7t53osg0fwv6zsd84q,Lazar,Stojsavljević,Lazar,Stojsavljevic,Male,L. Stojsavljević,Serbia,5w4ve503bjdsshwx9ho6jxzx0,Defender,player,1998-05-05,NaN,Serbia,5w4ve503bjdsshwx9ho6jxzx0,191.0,NaN,15.0,active,yes,left,NaN,England,1fk5l4hkqk12i7zske6mcqju6
53m1gixs8t47p942fsxlv6uvp,Ivan,Galád,NaN,NaN,Male,I. Galád,Slovakia,7dybe8679n9bgyrcxi383pq3y,NaN,coach,1963-04-10,Krupina,Slovakia,7dybe8679n9bgyrcxi383pq3y,NaN,NaN,NaN,active,yes,NaN,NaN,NaN,NaN
5w3jmzuq05jmljucwdsdkb1uc,Samuel,Bagín,Samuel,Bagín,Male,S. Bagín,Slovakia,7dybe8679n9bgyrcxi383pq3y,Defender,player,2004-02-08,NaN,Slovakia,7dybe8679n9bgyrcxi383pq3y,189.0,NaN,2.0,active,yes,NaN,NaN,NaN,NaN
617unia8rrl6umoe9ti7o3yms,Sani,Suleiman,Sani,Suleiman,Male,S. Suleiman,Nigeria,63pvdwrsiq5b07mzi8igqei9p,Attacker,player,NaN,NaN,Nigeria,63pvdwrsiq5b07mzi8igqei9p,NaN,NaN,77.0,active,yes,NaN,NaN,NaN,NaN
8tqxi0nvgzh1gkb0r4w062t5g,Matej,Obšivan,Matej,Obsivan,Male,M. Obšivan,Slovakia,7dybe8679n9bgyrcxi383pq3y,Defender,player,2005-06-06,NaN,Slovakia,7dybe8679n9bgyrcxi383pq3y,NaN,NaN,NaN,active,no,NaN,NaN,NaN,NaN
8y1dv126alw2wisl9hlx6ioes,Ľuboš,Praženka,Lubos,Prazenka,Male,Ľ. Praženka,Slovakia,7dybe8679n9bgyrcxi383pq3y,Attacker,player,2005-06-20,NaN,Slovakia,7dybe8679n9bgyrcxi383pq3y,NaN,NaN,16.0,active,no,NaN,NaN,NaN,NaN
95jf68g1ogtz7q1cnlam4bn6c,Matúš,Slavíček,Matús,Slavícek,Male,M. Slavíček,Slovakia,7dybe8679n9bgyrcxi383pq3y,Goalkeeper,player,2003-07-11,NaN,Slovakia,7dybe8679n9bgyrcxi383pq3y,NaN,NaN,30.0,active,yes,NaN,NaN,NaN,NaN
9nr7jmaqe7rroput1dx013v1l,Samuel,Šefčík,Samuel,Sefcík,Male,S. Šefčík,Slovakia,7dybe8679n9bgyrcxi383pq3y,Midfielder,player,1996-11-04,Bratislava,Slovakia,7dybe8679n9bgyrcxi383pq3y,182.0,73.0,23.0,active,yes,NaN,NaN,NaN,NaN
9tj5jpa27wxlb7j79244jvsgl,Ilija,Stolica,Ilija,Stolica,Male,I. Stolica,Serbia,5w4ve503bjdsshwx9ho6jxzx0,NaN,coach,1978-07-07,Beograd,Serbia,5w4ve503bjdsshwx9ho6jxzx0,187.0,84.0,NaN,active,no,NaN,NaN,NaN,NaN
a8arrpa5myjkzun3m4xfxy784,Lukáš,Mikulaj,Lukáš,Mikulaj,Male,L. Mikulaj,Slovakia,7dybe8679n9bgyrcxi383pq3y,Attacker,player,2005-04-11,NaN,Slovakia,7dybe8679n9bgyrcxi383pq3y,NaN,NaN,21.0,active,yes,NaN,NaN,NaN,NaN
ao72d1mt8ddpksplwi6t2fjf8,Jude Cide,Sunday,Jude,Sunday,Male,J. Sunday,Nigeria,63pvdwrsiq5b07mzi8igqei9p,Attacker,player,2004-10-04,NaN,Nigeria,63pvdwrsiq5b07mzi8igqei9p,NaN,NaN,7.0,active,yes,NaN,NaN,NaN,NaN
b3b4ebv8jfukcu74rfyref5zo,Tadeáš,Hájovský,Tadeás,Hájovsky,Male,T. Hájovský,Slovakia,7dybe8679n9bgyrcxi383pq3y,Midfielder,player,2005-09-30,NaN,Slovakia,7dybe8679n9bgyrcxi383pq3y,NaN,NaN,6.0,active,yes,NaN,NaN,NaN,NaN
caxomndm1cv4hh8hwe4n333ai,Luka,Damjanović,Luka,Damjanovic,Male,L. Damjanović,Bosnia and Herzegovina,4fue8u54361o79fbiu9qwxjer,Goalkeeper,player,2003-09-10,Banja Luka,Bosnia and Herzegovina,4fue8u54361o79fbiu9qwxjer,NaN,NaN,NaN,active,yes,NaN,NaN,NaN,NaN
cz0ivswd8ej4texqzly61p6hg,Rash Rahim,Ibrahim,Rahim,Ibrahim,Male,R. Ibrahim,Ghana,2q2sw72utw5gu9t5y4knckwba,Midfielder,player,2001-06-10,NaN,Ghana,2q2sw72utw5gu9t5y4knckwba,186.0,NaN,20.0,active,yes,right,NaN,NaN,NaN
d3456pq0j1inb26jyfxu5ak15,Matúš,Kmeť,Matús,Kmet,Male,M. Kmeť,Slovakia,7dybe8679n9bgyrcxi383pq3y,Defender,player,2000-06-27,Ružomberok,Slovakia,7dybe8679n9bgyrcxi383pq3y,173.0,69.0,11.0,active,no,right,NaN,NaN,NaN
dwip9wvmdfgmnaei32f1y05m2,Samir,Ben Sallam,Samir,Ben Sallam,Male,S. Ben Sallam,Netherlands,6hzi5pltnz67q4la8yli9qfv6,Midfielder,player,2001-06-03,Amsterdam,Netherlands,6hzi5pltnz67q4la8yli9qfv6,178.0,NaN,42.0,active,yes,right,NaN,Morocco,2xdcc39z1k79pnjbtn9x31wdh
e1n8z01dq1qvm7krrjwk3y61g,Artur,Gajdoš,Artur,Gajdos,Male,A. Gajdoš,Slovakia,7dybe8679n9bgyrcxi383pq3y,Midfielder,player,2004-01-20,NaN,Slovakia,7dybe8679n9bgyrcxi383pq3y,NaN,NaN,8.0,active,no,NaN,NaN,NaN,NaN
ef3rhuo7yei01o8o2pdpyenkl,Taras,Bondarenko,Taras,Bondarenko,Male,T. Bondarenko,Ukraine,315w6fk6umfzf4qvba3t55u61,Midfielder,player,1992-09-23,NaN,Ukraine,315w6fk6umfzf4qvba3t55u61,183.0,67.0,14.0,active,yes,NaN,NaN,NaN,NaN
eiw84wsldydp7izgl43b8st1w,Alex,Húdok,Alex,Húdok,Male,A. Húdok,Slovakia,7dybe8679n9bgyrcxi383pq3y,Goalkeeper,player,2006-05-06,NaN,Slovakia,7dybe8679n9bgyrcxi383pq3y,NaN,NaN,24.0,active,yes,NaN,NaN,NaN,NaN
m19qp49tn84pb39f8kouze95,Luka,Zorić,Luka,Zoric,Male,L. Zorić,Serbia,5w4ve503bjdsshwx9ho6jxzx0,Defender,player,1998-03-02,NaN,Serbia,5w4ve503bjdsshwx9ho6jxzx0,NaN,NaN,3.0,active,yes,NaN,NaN,NaN,NaN
uzxusvr3cozrr5u278qtlyc4,Adrian,Fiala,Adrian,Fiala,Male,A. Fiala,Slovakia,7dybe8679n9bgyrcxi383pq3y,Midfielder,player,2005-05-02,NaN,Slovakia,7dybe8679n9bgyrcxi383pq3y,NaN,NaN,18.0,active,yes,NaN,NaN,NaN,NaN
z4fjg53quqxjh0sjx9u7hg4,Hugo,Pávek,Hugo,Pávek,Male,H. Pávek,Slovakia,7dybe8679n9bgyrcxi383pq3y,Defender,player,2005-06-02,NaN,Slovakia,7dybe8679n9bgyrcxi383pq3y,NaN,NaN,90.0,active,yes,NaN,NaN,NaN,NaN
12395z7ydxxjuz4sj034ane21,Christián,Herc,Christián,Herc,Male,C. Herc,Slovakia,7dybe8679n9bgyrcxi383pq3y,Midfielder,player,1998-09-30,Levice,Slovakia,7dybe8679n9bgyrcxi383pq3y,185.0,72.0,24.0,active,yes,right,NaN,NaN,NaN
17v4rpvw3iff0o0q3xuqnesd0,Leandro Filipe,de Almeida Dornelles,Leandro Filipe,de Almeida Dornelles,Male,Filipe,Brazil,2vufyvpoxd9lfl9f6vpp7tz6y,Goalkeeper,player,2003-01-26,NaN,Brazil,2vufyvpoxd9lfl9f6vpp7tz6y,195.0,100.0,1.0,active,yes,NaN,Filipe,NaN,NaN
18rnr89ksw4jhunbs92i73ch5,Benjamín,Száraz,Benjamin,Szaraz,Male,B. Száraz,Slovakia,7dybe8679n9bgyrcxi383pq3y,Goalkeeper,player,1998-03-09,Veľký Kýr,Slovakia,7dybe8679n9bgyrcxi383pq3y,189.0,84.0,39.0,active,yes,right,NaN,NaN,NaN
1gq668oo73fi2nyyrjol7axud,Taras,Kacharaba,Taras,Kacharaba,Male,T. Kacharaba,Ukraine,315w6fk6umfzf4qvba3t55u61,Defender,player,1995-01-07,Zhydachiv,Ukraine,315w6fk6umfzf4qvba3t55u61,189.0,79.0,33.0,active,yes,right,NaN,NaN,NaN
1n1bn1fc3378qhp35w7443c9h,Norbert Sándor,Balogh,Norbert,Balogh,Male,N. Balogh,Hungary,1vy5vlux7mj2r7r9ktd71hhpo,Attacker,player,1996-02-21,Hajdúböszörmény,Hungary,1vy5vlux7mj2r7r9ktd71hhpo,197.0,80.0,19.0,active,yes,right,NaN,NaN,NaN
1nsjai8x5bgirx5rufesjptjp,Milan,Dimun,Milan,Dimun,Male,M. Dimun,Slovakia,7dybe8679n9bgyrcxi383pq3y,Midfielder,player,1996-09-19,Košice,Slovakia,7dybe8679n9bgyrcxi383pq3y,186.0,76.0,8.0,active,yes,NaN,NaN,NaN,NaN
1txv3b9y7h3du9d5bbblg0vai,Romaric,Yapi,Romaric,Yapi,Male,R. Yapi,France,7gww28djs405rfga69smki84o,Defender,player,2000-07-13,Évry,France,7gww28djs405rfga69smki84o,178.0,70.0,91.0,active,yes,right,NaN,Côte d'Ivoire,tin6kf561ywonqan0mettr98
2mtiow3m5vincvwvdzrgixdsk,Attila,Németh,Attila,Németh,Male,A. Németh,Slovakia,7dybe8679n9bgyrcxi383pq3y,Goalkeeper,player,2004-03-01,NaN,Slovakia,7dybe8679n9bgyrcxi383pq3y,NaN,NaN,NaN,active,yes,NaN,NaN,NaN,NaN
2rq9bdoqppx3thlsm79j2i0ru,Márk,Csinger,Márk,Csinger,Male,M. Csinger,Hungary,1vy5vlux7mj2r7r9ktd71hhpo,Defender,player,2003-05-31,NaN,Hungary,1vy5vlux7mj2r7r9ktd71hhpo,NaN,NaN,21.0,active,yes,right,NaN,NaN,NaN
50tfyk5k7qkm1kwv9rrneriwa,Ján,Bernát,Ján,Bernát,Male,J. Bernát,Slovakia,7dybe8679n9bgyrcxi383pq3y,Midfielder,player,2001-01-10,Prešov,Slovakia,7dybe8679n9bgyrcxi383pq3y,180.0,70.0,7.0,active,yes,NaN,NaN,NaN,NaN
5keqk0houbdodlxfqfyldzhuc,Máté,Tuboly,Máté,Tuboly,Male,M. Tuboly,Hungary,1vy5vlux7mj2r7r9ktd71hhpo,Midfielder,player,2004-09-15,NaN,Hungary,1vy5vlux7mj2r7r9ktd71hhpo,NaN,NaN,68.0,active,yes,NaN,NaN,NaN,NaN
6vy1ci3n2w1hkep8jrxytujca,Ivan,Dolček,Ivan,Dolcek,Male,I. Dolček,Croatia,37hlakrwxyuzovaeoo4sezusp,Attacker,player,2000-04-24,Koprivnica,Croatia,37hlakrwxyuzovaeoo4sezusp,181.0,76.0,9.0,active,no,left,NaN,NaN,NaN
6ynddvrfay02kkirltpn68s4q,Fortune,Akpan Bassey,Fortune,Bassey,Male,F. Bassey,Nigeria,63pvdwrsiq5b07mzi8igqei9p,Attacker,player,1998-10-06,NaN,Nigeria,63pvdwrsiq5b07mzi8igqei9p,185.0,NaN,14.0,active,yes,right,NaN,NaN,NaN
71k9g56fz19856bnyyy3hg7bo,Máté,Szolgai,Máté,Szolgai,Male,M. Szolgai,Slovakia,7dybe8679n9bgyrcxi383pq3y,Midfielder,player,2003-07-27,NaN,Slovakia,7dybe8679n9bgyrcxi383pq3y,182.0,NaN,NaN,active,no,NaN,NaN,NaN,NaN
7eb63uicl4nz306gu2pmpry1g,Pablo Antonio,Ortíz Cabezas,Pablo,Ortíz,Male,P. Ortíz,Colombia,6kby8rq1p01fg5ds38ckkrcs5,Defender,player,2000-06-08,Tumaco,Colombia,6kby8rq1p01fg5ds38ckkrcs5,190.0,70.0,26.0,active,yes,left,NaN,NaN,NaN
8d66eij88wfg6nal7s9xe5vjd,Ladislav,Almási,Ladislav,Almási,Male,L. Almási,Slovakia,7dybe8679n9bgyrcxi383pq3y,Attacker,player,1999-03-06,Bratislava,Slovakia,7dybe8679n9bgyrcxi383pq3y,195.0,84.0,99.0,active,yes,right,NaN,NaN,NaN
9lzmlwu6prc91701lp0nqlkh5,Samuel,Petráš,Samuel,Petrás,Male,S. Petráš,Slovakia,7dybe8679n9bgyrcxi383pq3y,Goalkeeper,player,1999-04-10,Žilina,Slovakia,7dybe8679n9bgyrcxi383pq3y,190.0,87.0,1.0,active,no,NaN,NaN,NaN,NaN
9tfmx1skw0vk1di55lbxhkyjt,Mateus,Brunetti Valor,Mateus,Brunetti Valor,Male,Mateus Brunetti,Brazil,2vufyvpoxd9lfl9f6vpp7tz6y,Defender,player,1999-11-18,São Paulo,Brazil,2vufyvpoxd9lfl9f6vpp7tz6y,NaN,NaN,16.0,active,yes,left,Mateus Brunetti,Italy,25f2cmb2r8mk5rj92tzer6kvv
a3x1zd1zarf5tuualhfdy47h1,Yhoan Many,Andzouana,Yhoan,Andzouana,Male,Y. Andzouana,Congo,1s2y6o0lwj69dj5ib5pid8f6r,Defender,player,1996-12-13,Brazzaville,Congo,1s2y6o0lwj69dj5ib5pid8f6r,177.0,69.0,17.0,active,yes,right,NaN,France,7gww28djs405rfga69smki84o
aogmf3xbk0yra7pw9hxl3ct90,Filip,Raška,Filip,Raska,Male,F. Raška,Slovakia,7dybe8679n9bgyrcxi383pq3y,Defender,player,2005-08-09,NaN,Czechia,5md5tpwr2nmqao528prx43jr7,NaN,NaN,47.0,active,yes,NaN,NaN,Czechia,5md5tpwr2nmqao528prx43jr7
b1o797a6gxohsv92t5ebw4lm2,Alejandro,Méndez García,Alejandro,Méndez García,Male,Alex Méndez,Spain,49ih1pwv3ahshdf8uzrimi54c,Defender,player,2001-07-28,NaN,Spain,49ih1pwv3ahshdf8uzrimi54c,180.0,68.0,18.0,active,yes,NaN,Alex Méndez,NaN,NaN
cz8rap253qxnx9l0g1sj6dt04,Mahmudu,Bajo,Mahmudu,Bajo,Male,M. Bajo,Gambia,4ix3ulx7h2a09r16jo9qdbuvp,Midfielder,player,2004-08-15,NaN,Gambia,4ix3ulx7h2a09r16jo9qdbuvp,178.0,NaN,6.0,active,yes,NaN,NaN,NaN,NaN
d4k91nsdr9bwivcca7naey8lw,Levente,Bősze,Levente,Bosze,Male,L. Bősze,Hungary,1vy5vlux7mj2r7r9ktd71hhpo,Midfielder,player,2009-02-18,NaN,Hungary,1vy5vlux7mj2r7r9ktd71hhpo,NaN,NaN,13.0,active,yes,NaN,NaN,NaN,NaN
d88612l7fy9dvqe1kulqevlsk,Vasilios,Kaltsas,Vasilios,Kaltsas,Male,V. Kaltsas,Greece,6lpgd60z890no2v46zdecrcss,Goalkeeper,player,2007-03-25,NaN,Greece,6lpgd60z890no2v46zdecrcss,195.0,NaN,30.0,active,yes,right,NaN,NaN,NaN
dhc0ecmk5ddpdadm7ziv61y39,Francisco Javier,Muñoz Llompart,Francisco Javier,Muñoz Llompart,Male,Xisco Muñoz,Spain,49ih1pwv3ahshdf8uzrimi54c,NaN,coach,1980-09-05,Manacor,Spain,49ih1pwv3ahshdf8uzrimi54c,175.0,69.0,NaN,active,yes,NaN,Xisco Muñoz,NaN,NaN
dn0cmj9g9hqefe4of9qripuj9,Filip,Kaša,Filip,Kasa,Male,F. Kaša,Czechia,5md5tpwr2nmqao528prx43jr7,Defender,player,1994-01-01,Ostrava,Czechia,5md5tpwr2nmqao528prx43jr7,189.0,77.0,25.0,active,no,right,NaN,Slovakia,7dybe8679n9bgyrcxi383pq3y
dphjm5otyeb004tqonfbbct90,Damir,Redzic,Damir,Redzic,Male,D. Redzic,Hungary,1vy5vlux7mj2r7r9ktd71hhpo,Attacker,player,2003-03-23,NaN,Hungary,1vy5vlux7mj2r7r9ktd71hhpo,NaN,NaN,23.0,active,yes,NaN,NaN,NaN,NaN
dsm566un9e2aoiz7t4z4pl7je,Milán,Vitális,Milán,Vitális,Male,M. Vitális,Hungary,1vy5vlux7mj2r7r9ktd71hhpo,Midfielder,player,2002-01-28,NaN,Hungary,1vy5vlux7mj2r7r9ktd71hhpo,NaN,NaN,27.0,active,yes,NaN,NaN,NaN,NaN
du28e4s5bntunw94yzsdh4acq,Matej,Trusa,Matej,Trusa,Male,M. Trusa,Slovakia,7dybe8679n9bgyrcxi383pq3y,Attacker,player,2000-11-29,NaN,Slovakia,7dybe8679n9bgyrcxi383pq3y,184.0,74.0,46.0,active,yes,NaN,NaN,NaN,NaN
eaucji42h0ay0g8h4nh4f9s7o,Konrad Jan,Gruszkowski,Konrad,Gruszkowski,Male,K. Gruszkowski,Poland,27baqb7359ywdvsxxklx1kn11,Defender,player,2001-01-27,Rabka-Zdrój,Poland,27baqb7359ywdvsxxklx1kn11,183.0,74.0,77.0,active,yes,right,NaN,NaN,NaN
efjgg9qr6hdz7ufboa07q5y7e,Ammar Manaf,Ramadan,Ammar Manaf,Ramadan,Male,Ammar Ramadan,Syria,3tsnzfkszhsktmhsmwar1tvp8,Attacker,player,2001-01-05,Edlib,Syria,3tsnzfkszhsktmhsmwar1tvp8,174.0,72.0,10.0,active,yes,left,Ammar Ramadan,NaN,NaN
eje5qbwydavpurasv1lyw5xih,Aleksandar,Popović,Aleksandar,Popovic,Male,A. Popović,Serbia,5w4ve503bjdsshwx9ho6jxzx0,Goalkeeper,player,1999-09-27,NaN,Serbia,5w4ve503bjdsshwx9ho6jxzx0,NaN,NaN,41.0,active,yes,NaN,NaN,NaN,NaN
euerbe0yev1srzyswuvseq49g,Oliver,Jürgens,Oliver,Jürgens,Male,O. Jürgens,Estonia,64smib5liu1qh78iaylufxj99,Attacker,player,2003-05-10,Tallinn,Estonia,64smib5liu1qh78iaylufxj99,180.0,NaN,14.0,active,no,NaN,NaN,NaN,NaN
nxz62x5gfz3d8hxqoon6lv1m,Ákos,Szendrei,Ákos,Szendrei,Male,Á. Szendrei,Hungary,1vy5vlux7mj2r7r9ktd71hhpo,Attacker,player,2003-01-23,NaN,Hungary,1vy5vlux7mj2r7r9ktd71hhpo,NaN,NaN,22.0,active,yes,NaN,NaN,NaN,NaN
17fh37y13hwtz5osjkf16ltxx,Michal,Faško,Michal,Fasko,Male,M. Faško,Slovakia,7dybe8679n9bgyrcxi383pq3y,Midfielder,player,1994-08-24,Brezno,Slovakia,7dybe8679n9bgyrcxi383pq3y,183.0,76.0,23.0,active,yes,left,NaN,NaN,NaN
2bxftztbfbzrxj3cf0xizfkkp,Szilárd,Bokros,Szilárd,Bokros,Male,S. Bokros,Hungary,1vy5vlux7mj2r7r9ktd71hhpo,Defender,player,2000-03-28,NaN,Hungary,1vy5vlux7mj2r7r9ktd71hhpo,NaN,NaN,6.0,active,yes,NaN,NaN,NaN,NaN
2p5b5vjxz74uoxihdoyamv6ui,Marek,Teplán,Marek,Teplán,Male,M. Teplán,Slovakia,7dybe8679n9bgyrcxi383pq3y,Goalkeeper,player,2002-07-07,Martin,Slovakia,7dybe8679n9bgyrcxi383pq3y,NaN,NaN,30.0,active,yes,NaN,NaN,NaN,NaN
3mvuxo3km7pzvgh82y1zo0z6c,Ľubomír,Žinčák,NaN,NaN,Male,Ľ. Žinčák,Slovakia,7dybe8679n9bgyrcxi383pq3y,Defender,player,NaN,NaN,Slovakia,7dybe8679n9bgyrcxi383pq3y,NaN,NaN,12.0,active,yes,NaN,NaN,NaN,NaN
3p9zmquh318g7ovqgmpuryllh,Dominik,Kružliak,Dominik,Kruzliak,Male,D. Kružliak,Slovakia,7dybe8679n9bgyrcxi383pq3y,Defender,player,1996-07-10,NaN,Slovakia,7dybe8679n9bgyrcxi383pq3y,183.0,79.0,24.0,active,yes,NaN,NaN,NaN,NaN
3ph2vmo060rq3l7h3korj30lx,Žan,Medved,Zan,Medved,Male,Ž. Medved,Slovenia,63vptz9g2ckqnnlxhd1oqn4xq,Attacker,player,1999-06-14,Slovenj Gradec,Slovenia,63vptz9g2ckqnnlxhd1oqn4xq,185.0,NaN,55.0,active,yes,NaN,NaN,NaN,NaN
4250ti5pfnj8qh5iz4ukzjnjd,Péter,Varga,Péter,Varga,Male,P. Varga,Slovakia,7dybe8679n9bgyrcxi383pq3y,Midfielder,player,1998-01-27,NaN,Slovakia,7dybe8679n9bgyrcxi383pq3y,183.0,68.0,66.0,active,yes,NaN,NaN,NaN,NaN
4w32xhwkyd5mtf8jkbja744x5,Lukáš,Fabiš,Lukás,Fabis,Male,L. Fabiš,Slovakia,7dybe8679n9bgyrcxi383pq3y,Defender,player,1998-05-05,Nitra,Slovakia,7dybe8679n9bgyrcxi383pq3y,185.0,82.0,19.0,active,yes,NaN,NaN,NaN,NaN
4wtqt7xl5c6mltvdxjc5oo0k5,Roman,Skuhravý,NaN,NaN,Male,R. Skuhravý,Czechia,5md5tpwr2nmqao528prx43jr7,NaN,coach,1975-01-06,NaN,Czechia,5md5tpwr2nmqao528prx43jr7,NaN,NaN,NaN,active,yes,NaN,NaN,NaN,NaN
50i05npy0v93nfhir5xh0ooic,Giannis,Niarchos,Giannis,Niarchos,Male,G. Niarchos,Greece,6lpgd60z890no2v46zdecrcss,Attacker,player,2002-06-26,NaN,Greece,6lpgd60z890no2v46zdecrcss,NaN,NaN,7.0,active,yes,NaN,NaN,NaN,NaN
5bpx24iyhlarqkmg09pm27lgq,Luís Miguel,Castelo dos Santos,Luís Miguel,Castelo dos Santos,Male,Luís dos Santos,Portugal,1nbm5i9a0403zzvltn17lxinc,Midfielder,player,2000-01-20,NaN,Portugal,1nbm5i9a0403zzvltn17lxinc,175.0,71.0,11.0,active,yes,NaN,Luís dos Santos,NaN,NaN
5uol2o9loy0ihrff17kz2ux2h,Marek,Zsigmund,Marek,Zsigmund,Male,M. Zsigmund,Slovakia,7dybe8679n9bgyrcxi383pq3y,Midfielder,player,1997-04-20,Ružomberok,Slovakia,7dybe8679n9bgyrcxi383pq3y,174.0,76.0,25.0,active,yes,NaN,NaN,NaN,NaN
5vjwd4k2n8vpnb84g2wi15nu1,Ján,Krivák,Ján,Krivák,Male,J. Krivák,Slovakia,7dybe8679n9bgyrcxi383pq3y,Defender,player,1993-11-10,Vranov nad Topľou,Slovakia,7dybe8679n9bgyrcxi383pq3y,186.0,78.0,20.0,active,yes,NaN,NaN,NaN,NaN
6um29l0f5fkk73if6g76mc1k9,Dávid,Šípoš,Dávid,Sípos,Male,D. Šípoš,Slovakia,7dybe8679n9bgyrcxi383pq3y,Goalkeeper,player,1998-08-14,Topoľčany,Slovakia,7dybe8679n9bgyrcxi383pq3y,189.0,73.0,1.0,active,yes,NaN,NaN,NaN,NaN
75rogdn577r9sni9eo2pxrx90,Šimon,Sabolčík,Simon,Sabolcík,Male,Š. Sabolčík,Slovakia,7dybe8679n9bgyrcxi383pq3y,Midfielder,player,2005-08-16,NaN,Slovakia,7dybe8679n9bgyrcxi383pq3y,NaN,NaN,29.0,active,yes,NaN,NaN,NaN,NaN
7676jh2vz7qsvhu5aulumyzh0,Rastislav,Korba,Rastislav,Korba,Male,R. Korba,Slovakia,7dybe8679n9bgyrcxi383pq3y,Midfielder,player,2006-04-03,NaN,Slovakia,7dybe8679n9bgyrcxi383pq3y,NaN,NaN,18.0,active,yes,NaN,NaN,NaN,NaN
95aokv8dk9sj9uq57k7t7po15,Daniel,Magda,Daniel,Magda,Male,D. Magda,Slovakia,7dybe8679n9bgyrcxi383pq3y,Defender,player,1997-11-25,Prešov,Slovakia,7dybe8679n9bgyrcxi383pq3y,184.0,80.0,21.0,active,yes,right,NaN,NaN,NaN
9kmmlvfxro0meb5tngkoc3nkk,Miroslav,Sovič,Miroslav,Sovic,Male,M. Sovič,Slovakia,7dybe8679n9bgyrcxi383pq3y,Midfielder,player,2004-05-12,NaN,Slovakia,7dybe8679n9bgyrcxi383pq3y,NaN,NaN,15.0,active,no,NaN,NaN,NaN,NaN
a5a9gdm8km6po5o0f781cy6ms,Timotej,Vavrík,NaN,NaN,Male,T. Vavrík,Slovakia,7dybe8679n9bgyrcxi383pq3y,Attacker,player,2006-09-21,NaN,Slovakia,7dybe8679n9bgyrcxi383pq3y,NaN,NaN,NaN,active,yes,NaN,NaN,NaN,NaN
atsifkud4hm2j0cv73jfzzl5h,Gergely,Géri,Gergely,Géri,Male,G. Géri,Slovakia,7dybe8679n9bgyrcxi383pq3y,NaN,coach,1977-01-19,NaN,Slovakia,7dybe8679n9bgyrcxi383pq3y,NaN,NaN,NaN,active,no,NaN,NaN,Hungary,1vy5vlux7mj2r7r9ktd71hhpo
bhcspf4ywysgcdou5zxqp7q3t,Zyen,Thyfearious Jones,Zyen,Jones,Male,Z. Jones,USA,7hr2f89v44y65dyu9k92vprwn,Attacker,player,2000-08-25,Clarkston,USA,7hr2f89v44y65dyu9k92vprwn,181.0,NaN,10.0,active,yes,left,NaN,NaN,NaN
c48bc2einekwfyew18c0zqf6y,Karlo,Miljanić,Karlo,Miljanic,Male,K. Miljanić,Croatia,37hlakrwxyuzovaeoo4sezusp,Attacker,player,2002-01-02,Vinkovci,Croatia,37hlakrwxyuzovaeoo4sezusp,NaN,NaN,27.0,active,yes,NaN,NaN,NaN,NaN
c8namt55e4iy86nxpswdgcwa2,Nassim Patrice,Innocenti,Nassim,Innocenti,Male,N. Innocenti,Burkina Faso,2ggql4uo9h0p3c67wkm68ibol,Defender,player,2002-02-19,Crest,France,7gww28djs405rfga69smki84o,187.0,75.0,90.0,active,yes,left,NaN,France,7gww28djs405rfga69smki84o
d7qnv5jqvy89ptfbuavesrr4k,Jakub,Jakubko,Jakub,Jakubko,Male,J. Jakubko,Slovakia,7dybe8679n9bgyrcxi383pq3y,Defender,player,2004-08-24,NaN,Slovakia,7dybe8679n9bgyrcxi383pq3y,NaN,NaN,5.0,active,yes,NaN,NaN,NaN,NaN
e05t9j6pmt4j5dobxo7gtb6xh,Matúš,Kira,Matús,Kira,Male,M. Kira,Slovakia,7dybe8679n9bgyrcxi383pq3y,Goalkeeper,player,1994-10-10,Košice,Slovakia,7dybe8679n9bgyrcxi383pq3y,185.0,80.0,22.0,active,yes,NaN,NaN,NaN,NaN
tbbthwwwpfkm7luezvil0no5,Dávid,Gallovič,Dávid,Gallovic,Male,D. Gallovič,Slovakia,7dybe8679n9bgyrcxi383pq3y,Midfielder,player,1996-04-23,NaN,Slovakia,7dybe8679n9bgyrcxi383pq3y,NaN,NaN,8.0,active,yes,NaN,NaN,NaN,NaN
umdn1ig45tqdo40hv35pxr6d,Nicolás Ezequiel,Gorosito,Nicolás,Gorosito,Male,N. Gorosito,Argentina,2vovxa97k7v7ofa85dah2xktb,Defender,player,1988-08-17,Rafaela,Argentina,2vovxa97k7v7ofa85dah2xktb,186.0,79.0,88.0,active,yes,right,NaN,Slovakia,7dybe8679n9bgyrcxi383pq3y
w43k14le352qw2eibwwkjh0p,Dalibor,Takáč,Dalibor,Takác,Male,D. Takáč,Slovakia,7dybe8679n9bgyrcxi383pq3y,Midfielder,player,1997-10-11,Košice,Slovakia,7dybe8679n9bgyrcxi383pq3y,178.0,75.0,17.0,active,yes,right,NaN,NaN,NaN
2jvbo8qpcd0ror8hvqdtkafh1,Martin,Mikovič,Martin,Mikovic,Male,M. Mikovič,Slovakia,7dybe8679n9bgyrcxi383pq3y,Defender,player,1990-09-12,Trnava,Slovakia,7dybe8679n9bgyrcxi383pq3y,168.0,67.0,29.0,active,yes,NaN,NaN,NaN,NaN
34da10k5hhm6j3fxjqqrvne5m,Kelvin,Ofori,Kelvin,Ofori,Male,K. Ofori,Ghana,2q2sw72utw5gu9t5y4knckwba,Midfielder,player,2001-07-27,NaN,Ghana,2q2sw72utw5gu9t5y4knckwba,172.0,68.0,97.0,active,yes,left,NaN,NaN,NaN
37kdms01y82ssm7arh4i56ml1,Roman,Procházka,Roman,Procházka,Male,R. Procházka,Slovakia,7dybe8679n9bgyrcxi383pq3y,Midfielder,player,1989-03-14,Trnava,Slovakia,7dybe8679n9bgyrcxi383pq3y,184.0,76.0,6.0,active,yes,right,NaN,NaN,NaN
3hcmomqbqfbtj638upmftwg2y,Thomas,Nikolaou,Thomas,Nikolaou,Male,T. Nikolaou,Cyprus,3om8cj5nhmq1rzzkykubm5icj,Defender,player,2001-10-22,Xylofagou,Cyprus,3om8cj5nhmq1rzzkykubm5icj,176.0,NaN,12.0,active,yes,left,NaN,NaN,NaN
3mw2djqxfp5qdhfhtwvtbab6c,Kazeem,Bolaji Soliu,Kazeem,Bolaji,Male,K. Bolaji,Nigeria,63pvdwrsiq5b07mzi8igqei9p,Defender,player,2002-12-13,Oko Ode,Nigeria,63pvdwrsiq5b07mzi8igqei9p,NaN,NaN,77.0,active,yes,NaN,NaN,NaN,NaN
3of5wnut0wef5v47hs50jx711,Martin,Bukata,Martin,Bukata,Male,M. Bukata,Slovakia,7dybe8679n9bgyrcxi383pq3y,Midfielder,player,1993-10-02,Košice,Slovakia,7dybe8679n9bgyrcxi383pq3y,175.0,69.0,28.0,active,yes,right,NaN,NaN,NaN
4s2x327i20p6hm0fwo8fgges,Filip,Trello,Filip,Trello,Male,F. Trello,Slovakia,7dybe8679n9bgyrcxi383pq3y,Midfielder,player,2007-01-28,NaN,Slovakia,7dybe8679n9bgyrcxi383pq3y,NaN,NaN,20.0,active,no,NaN,NaN,NaN,NaN
53esz84pfvicb6dj9gw6s4jqh,Martin,Šulek,Martin,Sulek,Male,M. Šulek,Slovakia,7dybe8679n9bgyrcxi383pq3y,Defender,player,1998-01-15,Trenčín,Slovakia,7dybe8679n9bgyrcxi383pq3y,179.0,65.0,18.0,active,yes,NaN,NaN,NaN,NaN
53x5oslkqc22k95dl9yzfiqne,Roko,Jureškin,Roko,Jureskin,Male,R. Jureškin,Croatia,37hlakrwxyuzovaeoo4sezusp,Midfielder,player,2000-09-29,NaN,Croatia,37hlakrwxyuzovaeoo4sezusp,NaN,NaN,3.0,active,yes,NaN,NaN,NaN,NaN
58exqobwo8r6jlyoqndg6hadx,Michal,Gašparík,Michal,Gasparík,Male,M. Gašparík,Slovakia,7dybe8679n9bgyrcxi383pq3y,NaN,coach,1981-12-19,Trnava,Slovakia,7dybe8679n9bgyrcxi383pq3y,179.0,69.0,NaN,active,yes,NaN,NaN,NaN,NaN
5c9mr875hob9e1m8e9lhe7mqx,Martin,Vantruba,Martin,Vantruba,Male,M. Vantruba,Slovakia,7dybe8679n9bgyrcxi383pq3y,Goalkeeper,player,1998-02-07,Trnava,Slovakia,7dybe8679n9bgyrcxi383pq3y,196.0,90.0,72.0,active,yes,right,NaN,NaN,NaN
673zq55hik8gvoj5ednuemg2x,Milan,Corryn,Milan,Corryn,Male,M. Corryn,Belgium,4wbzjcclyefma1ourvjsu4q2j,Midfielder,player,1999-04-04,Brussels,Belgium,4wbzjcclyefma1ourvjsu4q2j,180.0,80.0,8.0,active,yes,right,NaN,NaN,NaN
76c6kd9bgphgw68z4wwoy1fdg,Dávid,Bukovský,Dávid,Bukovsky,Male,D. Bukovský,Slovakia,7dybe8679n9bgyrcxi383pq3y,Attacker,player,2007-08-27,NaN,Slovakia,7dybe8679n9bgyrcxi383pq3y,NaN,NaN,22.0,active,yes,NaN,NaN,NaN,NaN
984e89x03ephvbtqfkrx8l49h,Vojtěch,Kubista,Vojtech,Kubista,Male,V. Kubista,Czechia,5md5tpwr2nmqao528prx43jr7,Midfielder,player,1993-03-19,Jablonec nad Nisou,Czechia,5md5tpwr2nmqao528prx43jr7,185.0,83.0,27.0,active,yes,left,NaN,NaN,NaN
9nf6sppqywgsvrzrg99xaq76d,Miloš,Kratochvíl,Milos,Kratochvíl,Male,M. Kratochvíl,Czechia,5md5tpwr2nmqao528prx43jr7,Midfielder,player,1996-04-26,NaN,Czechia,5md5tpwr2nmqao528prx43jr7,186.0,79.0,14.0,active,yes,right,NaN,NaN,NaN
a0eof0c5ifjrxf1nbyfropdjp,Erik,Daniel,Erik,Daniel,Male,E. Daniel,Czechia,5md5tpwr2nmqao528prx43jr7,Midfielder,player,1992-02-04,Bratislava,Czechia,5md5tpwr2nmqao528prx43jr7,178.0,75.0,23.0,active,yes,right,NaN,Slovakia,7dybe8679n9bgyrcxi383pq3y
a3vvzjv2cu7e9kzm44w1as1jp,Lukáš,Štetina,Lukás,Stetina,Male,L. Štetina,Slovakia,7dybe8679n9bgyrcxi383pq3y,Defender,player,1991-07-28,Nitra,Slovakia,7dybe8679n9bgyrcxi383pq3y,185.0,85.0,2.0,active,yes,right,NaN,NaN,NaN
b4egl31c8ozbo6754jnkl2784,Miha,Kompan Breznik,Miha,Breznik,Male,M. Breznik,Slovenia,63vptz9g2ckqnnlxhd1oqn4xq,Defender,player,2003-10-05,NaN,Slovenia,63vptz9g2ckqnnlxhd1oqn4xq,NaN,NaN,NaN,active,no,NaN,NaN,NaN,NaN
bkwvqabu13v1d8kt207rvc00k,Patrick,Karhan,Patrick,Karhan,Male,P. Karhan,Slovakia,7dybe8679n9bgyrcxi383pq3y,Midfielder,player,2003-06-19,Wolfsburg,Germany,36min0qztu8eydwvpv8t1is0m,185.0,NaN,21.0,active,yes,right,NaN,Germany,36min0qztu8eydwvpv8t1is0m
bpa4041uf6rhu659hwa08o1lg,Marek,Ujlaky,Marek,Ujlaky,Male,M. Ujlaky,Slovakia,7dybe8679n9bgyrcxi383pq3y,Defender,player,2003-12-03,NaN,Slovakia,7dybe8679n9bgyrcxi383pq3y,184.0,NaN,13.0,active,yes,right,NaN,NaN,NaN
brwqlanf39ex63ux6brkacoru,Adrian,Zeljković,Adrian,Zeljkovic,Male,A. Zeljković,Slovenia,63vptz9g2ckqnnlxhd1oqn4xq,Midfielder,player,2002-08-19,NaN,Slovenia,63vptz9g2ckqnnlxhd1oqn4xq,192.0,87.0,80.0,active,yes,right,NaN,NaN,NaN
cm7ceie86tfwjhbqk76pvic4p,Libor,Holík,Libor,Holík,Male,L. Holík,Czechia,5md5tpwr2nmqao528prx43jr7,Defender,player,1998-05-12,NaN,Czechia,5md5tpwr2nmqao528prx43jr7,180.0,72.0,4.0,active,yes,right,NaN,NaN,NaN
cxz4zddmoyebzx57afocncvoq,Philip,Azango Elayo,Philip,Azango,Male,P. Azango,Nigeria,63pvdwrsiq5b07mzi8igqei9p,Midfielder,player,1997-05-21,Jos Plateau,Nigeria,63pvdwrsiq5b07mzi8igqei9p,166.0,75.0,11.0,active,yes,left,NaN,NaN,NaN
d9hdipnzq4k4cgojv6akpcyxh,Erik,Sabo,Erik,Sabo,Male,E. Sabo,Slovakia,7dybe8679n9bgyrcxi383pq3y,Midfielder,player,1991-11-22,Šúrovce,Slovakia,7dybe8679n9bgyrcxi383pq3y,187.0,74.0,52.0,active,yes,right,NaN,NaN,NaN
dez9uf8qcs4xpk7xhwxg1dizu,Sebastián,Kóša,Sebastián,Kósa,Male,S. Kóša,Slovakia,7dybe8679n9bgyrcxi383pq3y,Defender,player,2003-09-13,Nové Zámky,Slovakia,7dybe8679n9bgyrcxi383pq3y,191.0,83.0,26.0,active,no,right,NaN,NaN,NaN
di3bykjf3zdw24vb03jx1bhzp,Dobrivoj,Rusov,Dobrivoj,Rusov,Male,D. Rusov,Slovakia,7dybe8679n9bgyrcxi383pq3y,Goalkeeper,player,1993-01-13,Trnava,Slovakia,7dybe8679n9bgyrcxi383pq3y,190.0,77.0,31.0,active,yes,right,NaN,NaN,NaN
dtkyk7u6a1zbyjo0xh01xeead,Filip,Twardzik,Filip,Twardzik,Male,F. Twardzik,Czechia,5md5tpwr2nmqao528prx43jr7,Defender,player,1993-02-10,Trinec,Czechia,5md5tpwr2nmqao528prx43jr7,185.0,78.0,33.0,active,yes,left,NaN,NaN,NaN
ecqkuv2ybmhl7hb3zqvif23f9,Róbert,Pich,Róbert,Pich,Male,R. Pich,Slovakia,7dybe8679n9bgyrcxi383pq3y,Midfielder,player,1988-11-12,Svidník,Slovakia,7dybe8679n9bgyrcxi383pq3y,173.0,68.0,7.0,active,yes,both,NaN,NaN,NaN
eim53fbgajnpydps3071jxivp,Jakub,Paur,Jakub,Paur,Male,J. Paur,Slovakia,7dybe8679n9bgyrcxi383pq3y,Attacker,player,1992-07-04,Žilina,Slovakia,7dybe8679n9bgyrcxi383pq3y,184.0,75.0,17.0,active,yes,right,NaN,NaN,NaN
eqcjn90gfhj319bzxm3d0j7jd,Filip,Bainovič,Filip,Bainovic,Male,F. Bainovič,Serbia,5w4ve503bjdsshwx9ho6jxzx0,Midfielder,player,1996-06-23,Požarevac,Serbia,5w4ve503bjdsshwx9ho6jxzx0,176.0,76.0,25.0,active,no,right,NaN,NaN,NaN
f37bii3trrybzssblyq6x9wk4,Nils Raul Hugo,Ahl,Hugo,Ahl,Male,H. Ahl,Sweden,1z6l2c33w2kyz9rdefs1d68nb,Midfielder,player,2001-10-16,NaN,Sweden,1z6l2c33w2kyz9rdefs1d68nb,NaN,NaN,16.0,active,yes,NaN,NaN,NaN,NaN
jf5ow5qxswm7urne6c6pnzkl,Michal,Ďuriš,Michal,Duris,Male,M. Ďuriš,Slovakia,7dybe8679n9bgyrcxi383pq3y,Attacker,player,1988-06-01,Uherské Hradiště,Czechia,5md5tpwr2nmqao528prx43jr7,183.0,75.0,57.0,active,yes,right,NaN,Czechia,5md5tpwr2nmqao528prx43jr7
k5zoj6nv60whksh42eztymsp,Žiga,Frelih,Ziga,Frelih,Male,Ž. Frelih,Slovenia,63vptz9g2ckqnnlxhd1oqn4xq,Goalkeeper,player,1998-02-06,Ljubljana,Slovenia,63vptz9g2ckqnnlxhd1oqn4xq,197.0,90.0,1.0,active,yes,NaN,NaN,NaN,NaN
175c3vqpypkfz0of6hf2kdtxx,Šimon,Šmehyl,NaN,NaN,Male,Š. Šmehyl,Slovakia,7dybe8679n9bgyrcxi383pq3y,Defender,player,1994-02-09,Topoľčany,Slovakia,7dybe8679n9bgyrcxi383pq3y,175.0,NaN,8.0,active,yes,NaN,NaN,NaN,NaN
1yq6rn81dkt09j67fid6olz2t,Nikolas,Špalek,Nikolas,Spalek,Male,N. Špalek,Slovakia,7dybe8679n9bgyrcxi383pq3y,Attacker,player,1997-02-12,Šaľa,Slovakia,7dybe8679n9bgyrcxi383pq3y,171.0,67.0,97.0,active,yes,right,NaN,NaN,NaN
39fyeup5b7tx2b4p2kx1sllnt,Jozef,Špyrka,NaN,NaN,Male,J. Špyrka,Slovakia,7dybe8679n9bgyrcxi383pq3y,Midfielder,player,1999-05-30,NaN,Slovakia,7dybe8679n9bgyrcxi383pq3y,NaN,NaN,20.0,active,yes,NaN,NaN,NaN,NaN
3casihk8rdtxx3nkyrov68fyt,Michal,Horodník,NaN,NaN,Male,M. Horodník,Slovakia,7dybe8679n9bgyrcxi383pq3y,Defender,player,1996-10-29,NaN,Slovakia,7dybe8679n9bgyrcxi383pq3y,181.0,75.0,11.0,active,yes,left,NaN,NaN,NaN
3qo7iqjxphhddtitrym7lb8tm,Tobiáš,Diviš,NaN,NaN,Male,T. Diviš,Slovakia,7dybe8679n9bgyrcxi383pq3y,Defender,player,2003-12-02,Ružomberok,Slovakia,7dybe8679n9bgyrcxi383pq3y,NaN,NaN,14.0,active,yes,right,NaN,NaN,NaN
40nwnpyjv622l29uqgzqu17je,Matúš,Chropovský,NaN,NaN,Male,M. Chropovský,Slovakia,7dybe8679n9bgyrcxi383pq3y,Goalkeeper,player,2002-06-03,NaN,Slovakia,7dybe8679n9bgyrcxi383pq3y,NaN,NaN,NaN,active,yes,NaN,NaN,NaN,NaN
47b72vxpquq1a5sbncfp2c72t,Róbert,Pillár,Róbert,Pillár,Male,R. Pillár,Slovakia,7dybe8679n9bgyrcxi383pq3y,Defender,player,1991-05-27,Bardejov,Slovakia,7dybe8679n9bgyrcxi383pq3y,189.0,82.0,21.0,active,yes,NaN,NaN,NaN,NaN
497cva6ygshr07y7n2y4v1p79,Martin,Šimko,NaN,NaN,Male,M. Šimko,Slovakia,7dybe8679n9bgyrcxi383pq3y,Defender,player,1998-05-24,NaN,Slovakia,7dybe8679n9bgyrcxi383pq3y,NaN,NaN,3.0,active,yes,NaN,NaN,NaN,NaN
4qlhmu8vkocylqg9f8lkklc5x,Jakub,Sylvestr,Jakub,Sylvestr,Male,J. Sylvestr,Slovakia,7dybe8679n9bgyrcxi383pq3y,Attacker,player,1989-02-02,Banská Bystrica,Slovakia,7dybe8679n9bgyrcxi383pq3y,178.0,72.0,23.0,active,yes,right,NaN,NaN,NaN
4vo2sbi94f3etq648nrp860wk,Viktor,Sliacky,Viktor,Sliacky,Male,V. Sliacky,Slovakia,7dybe8679n9bgyrcxi383pq3y,Attacker,player,2003-06-10,NaN,Slovakia,7dybe8679n9bgyrcxi383pq3y,NaN,NaN,93.0,active,yes,NaN,NaN,NaN,NaN
5g2asbwn7z9xomfm9sz5knrv9,Mikuláš,Radványi,NaN,NaN,Male,M. Radványi,Slovakia,7dybe8679n9bgyrcxi383pq3y,NaN,coach,1968-11-22,Dunajská Streda,Slovakia,7dybe8679n9bgyrcxi383pq3y,NaN,NaN,NaN,active,yes,NaN,NaN,NaN,NaN
5zqj5ku1wjsng69lrfrgsy3je,Christian Emmanuel,Nguidjol Bayemi,NaN,NaN,Male,C. Bayemi,Cameroon,4eb9feio6u267dd1jcwaf38mt,Attacker,player,1998-12-25,NaN,Cameroon,4eb9feio6u267dd1jcwaf38mt,NaN,NaN,17.0,active,yes,NaN,NaN,NaN,NaN
60hb2iku0p4coba4zext3t53o,Dominik,Žák,NaN,NaN,Male,D. Žák,Czechia,5md5tpwr2nmqao528prx43jr7,Midfielder,player,2000-04-30,NaN,Czechia,5md5tpwr2nmqao528prx43jr7,NaN,NaN,12.0,active,yes,NaN,NaN,NaN,NaN
66yrr8le38s34bbh7ga38cmsq,Nándor Károly,Tamás,Nándor,Tamás,Male,N. Tamás,Romania,17oj2qrzqlkhdjvazum10sx2i,Attacker,player,2000-10-24,NaN,Romania,17oj2qrzqlkhdjvazum10sx2i,NaN,NaN,22.0,active,yes,NaN,NaN,Hungary,1vy5vlux7mj2r7r9ktd71hhpo
6c0v2gywrmolnaj26uebsqbro,Timotej,Cagáň,NaN,NaN,Male,T. Cagáň,Slovakia,7dybe8679n9bgyrcxi383pq3y,Defender,player,2005-12-08,NaN,Slovakia,7dybe8679n9bgyrcxi383pq3y,NaN,NaN,NaN,active,yes,NaN,NaN,NaN,NaN
94jds6clsdbzzxlr6fn5e50yc,Dávid,Kmeťo,NaN,NaN,Male,D. Kmeťo,Slovakia,7dybe8679n9bgyrcxi383pq3y,Midfielder,player,2004-04-23,NaN,Slovakia,7dybe8679n9bgyrcxi383pq3y,NaN,NaN,15.0,active,yes,NaN,NaN,NaN,NaN
9aire7ehxjsmcm7sh354gmb8q,Stephen,Adayilo Daniel,NaN,NaN,Male,S. Adayilo,Nigeria,63pvdwrsiq5b07mzi8igqei9p,Defender,player,2000-05-25,NaN,Nigeria,63pvdwrsiq5b07mzi8igqei9p,NaN,NaN,2.0,active,yes,NaN,NaN,NaN,NaN
9hmybq66cujgggy5pamd220gl,Jozef,Pastorek,Jozef,Pastorek,Male,J. Pastorek,Slovakia,7dybe8679n9bgyrcxi383pq3y,Midfielder,player,1998-09-26,NaN,Slovakia,7dybe8679n9bgyrcxi383pq3y,NaN,NaN,7.0,active,yes,NaN,NaN,NaN,NaN
9jd3voo6k9idhimulhfsn46sq,Filip,Dlubáč,NaN,NaN,Male,F. Dlubáč,Slovakia,7dybe8679n9bgyrcxi383pq3y,Goalkeeper,player,2001-02-15,NaN,Slovakia,7dybe8679n9bgyrcxi383pq3y,NaN,NaN,1.0,active,yes,NaN,NaN,NaN,NaN
9sx1lk7tzcdqeoje9ix93hiw9,Dan,Ožvolda,NaN,NaN,Male,D. Ožvolda,Czechia,5md5tpwr2nmqao528prx43jr7,Midfielder,player,1996-10-11,NaN,Czechia,5md5tpwr2nmqao528prx43jr7,180.0,70.0,6.0,active,yes,right,NaN,NaN,NaN
9zl45bh349e2cgbqlekbus4q1,Tamás,Németh,NaN,NaN,Male,T. Németh,Slovakia,7dybe8679n9bgyrcxi383pq3y,Midfielder,player,1999-02-13,NaN,Slovakia,7dybe8679n9bgyrcxi383pq3y,NaN,NaN,10.0,active,yes,NaN,NaN,NaN,NaN
aea45edigjvk02vfjnzyp1vdg,Sebastián,Nagy,NaN,NaN,Male,S. Nagy,Slovakia,7dybe8679n9bgyrcxi383pq3y,Attacker,player,2004-10-21,NaN,Slovakia,7dybe8679n9bgyrcxi383pq3y,NaN,NaN,NaN,active,yes,NaN,NaN,NaN,NaN
bpbzcyqri0bsz95bwn6113hl,Dominik,Špiriak,Dominik,Spiriak,Male,D. Špiriak,Slovakia,7dybe8679n9bgyrcxi383pq3y,Defender,player,1999-03-22,Bratislava,Slovakia,7dybe8679n9bgyrcxi383pq3y,181.0,NaN,5.0,active,yes,right,NaN,NaN,NaN
bvo8hf08p2eno9oldufqfbgtl,Ganbayar,Ganbold,Ganbayar,Ganbold,Male,G. Ganbold,Mongolia,19cw8kmvywtowb9zfnfswhko8,Attacker,player,2000-09-03,NaN,Mongolia,19cw8kmvywtowb9zfnfswhko8,NaN,NaN,73.0,active,yes,NaN,NaN,NaN,NaN
cquqn610d5e0gz3n4vp4bl7md,Boris,Turčák,NaN,NaN,Male,B. Turčák,Slovakia,7dybe8679n9bgyrcxi383pq3y,Attacker,player,1993-02-21,NaN,Slovakia,7dybe8679n9bgyrcxi383pq3y,177.0,72.0,NaN,active,no,NaN,NaN,NaN,NaN
cus5c286jpit596ebioe104q1,Patrik,Voleský,NaN,NaN,Male,P. Voleský,Czechia,5md5tpwr2nmqao528prx43jr7,Attacker,player,1998-05-18,NaN,Czechia,5md5tpwr2nmqao528prx43jr7,189.0,83.0,99.0,active,yes,NaN,NaN,NaN,NaN
cvo0ntf61ftrdre8w3nskgo6i,Jakub,Trefil,Jakub,Trefil,Male,J. Trefil,Czechia,5md5tpwr2nmqao528prx43jr7,Goalkeeper,player,2001-02-09,NaN,Czechia,5md5tpwr2nmqao528prx43jr7,NaN,NaN,31.0,active,yes,NaN,NaN,NaN,NaN
cwqk6dpo451ibp8kn9xjvt7h0,Gábor,Tóth,NaN,NaN,Male,G. Tóth,Slovakia,7dybe8679n9bgyrcxi383pq3y,Attacker,player,1993-10-08,NaN,Slovakia,7dybe8679n9bgyrcxi383pq3y,NaN,NaN,9.0,active,yes,NaN,NaN,NaN,NaN
da7pshxb9iy4edmooaxbebmjt,Branislav,Sluka,Branislav,Sluka,Male,B. Sluka,Slovakia,7dybe8679n9bgyrcxi383pq3y,Defender,player,1999-01-23,NaN,Slovakia,7dybe8679n9bgyrcxi383pq3y,NaN,NaN,71.0,active,yes,NaN,NaN,NaN,NaN
dgf37odryk6lwsqs8og9qymtw,Tibor,Tóth,NaN,NaN,Male,T. Tóth,Slovakia,7dybe8679n9bgyrcxi383pq3y,Midfielder,player,2003-09-16,NaN,Slovakia,7dybe8679n9bgyrcxi383pq3y,NaN,NaN,98.0,active,no,NaN,NaN,NaN,NaN
efwe1iz2sw71b76qpnvxlnoid,Gergő,Nagy,Gergo,Nagy,Male,G. Nagy,Hungary,1vy5vlux7mj2r7r9ktd71hhpo,Midfielder,player,1993-01-07,Gyula,Hungary,1vy5vlux7mj2r7r9ktd71hhpo,172.0,60.0,77.0,active,yes,NaN,NaN,NaN,NaN
mo16pn32yf5nyghy8un8jkh6,Ondřej,Rudzan,NaN,NaN,Male,O. Rudzan,Czechia,5md5tpwr2nmqao528prx43jr7,Defender,player,1998-08-25,NaN,Czechia,5md5tpwr2nmqao528prx43jr7,NaN,NaN,24.0,active,yes,NaN,NaN,NaN,NaN
sc52cbj5j9qpuccvdvlfvvv8,Daniel,Knesz,NaN,NaN,Male,D. Knesz,Slovakia,7dybe8679n9bgyrcxi383pq3y,Midfielder,player,2005-04-14,NaN,Slovakia,7dybe8679n9bgyrcxi383pq3y,NaN,NaN,NaN,active,no,NaN,NaN,NaN,NaN
1pspsqbqjrotk6c3x09o84id,Jakub,Považanec,Jakub,Povazanec,Male,J. Považanec,Slovakia,7dybe8679n9bgyrcxi383pq3y,Midfielder,player,1991-01-31,Banská Bystrica,Slovakia,7dybe8679n9bgyrcxi383pq3y,181.0,78.0,91.0,active,yes,NaN,NaN,NaN,NaN
1v9leyu3y45lb21enpad0wzqh,Bernard,Petrák,NaN,NaN,Male,B. Petrák,Slovakia,7dybe8679n9bgyrcxi383pq3y,Defender,player,1999-12-15,Voronezh,Russia,7kfg68kh6n16fs4ap3xjiudr,178.0,77.0,3.0,active,yes,left,NaN,Russia,7kfg68kh6n16fs4ap3xjiudr
2go6g3smam2ll954zk3qrk5x,Marek,Hlinka,NaN,NaN,Male,M. Hlinka,Slovakia,7dybe8679n9bgyrcxi383pq3y,Midfielder,player,1990-10-04,Banská Bystrica,Slovakia,7dybe8679n9bgyrcxi383pq3y,182.0,83.0,88.0,active,yes,NaN,NaN,NaN,NaN
2xdnx2egg51d9cnec3h1lba3t,Marián,Pišoja,NaN,NaN,Male,M. Pišoja,Slovakia,7dybe8679n9bgyrcxi383pq3y,Defender,player,2000-06-16,Považská Bystrica,Slovakia,7dybe8679n9bgyrcxi383pq3y,184.0,83.0,28.0,active,yes,right,NaN,NaN,NaN
32649nlo21dlxhgwz88j4rifo,Ivan,Anokye Mensah,Ivan,Anokye Mensah,Male,I. Mensah,Ghana,2q2sw72utw5gu9t5y4knckwba,Defender,player,2004-04-22,NaN,Ghana,2q2sw72utw5gu9t5y4knckwba,NaN,NaN,25.0,active,yes,NaN,NaN,NaN,NaN
3olhifvbewrgeudyi6n7ndlre,Tibor,Slebodník,NaN,NaN,Male,T. Slebodník,Slovakia,7dybe8679n9bgyrcxi383pq3y,Midfielder,player,2000-09-21,Jánovce,Slovakia,7dybe8679n9bgyrcxi383pq3y,178.0,80.0,9.0,active,yes,NaN,NaN,NaN,NaN
3qf9lidcmozvvpy2jprlx3v11,Boris,Godál,Boris,Godál,Male,B. Godál,Slovakia,7dybe8679n9bgyrcxi383pq3y,Defender,player,1987-05-27,Trenčín,Slovakia,7dybe8679n9bgyrcxi383pq3y,188.0,88.0,33.0,active,yes,right,NaN,NaN,NaN
3qwwgwgyjan1hi56m7f89vhsl,Tomáš,Malec,Tomás,Malec,Male,T. Malec,Slovakia,7dybe8679n9bgyrcxi383pq3y,Attacker,player,1993-01-05,Trenčín,Slovakia,7dybe8679n9bgyrcxi383pq3y,199.0,93.0,29.0,active,yes,right,NaN,NaN,NaN
47tihhwvlym68utqhuzik2y1h,Branislav,Ľupták,NaN,NaN,Male,B. Ľupták,Slovakia,7dybe8679n9bgyrcxi383pq3y,Midfielder,player,1991-06-05,Krupina,Slovakia,7dybe8679n9bgyrcxi383pq3y,179.0,75.0,10.0,active,yes,right,NaN,NaN,NaN
6hew65b32paemf47ffwkfjis5,Ľubomír,Willwéber,NaN,NaN,Male,Ľ. Willwéber,Slovakia,7dybe8679n9bgyrcxi383pq3y,Defender,player,1992-09-11,NaN,Slovakia,7dybe8679n9bgyrcxi383pq3y,NaN,NaN,41.0,active,yes,NaN,NaN,NaN,NaN
71unvnpwjjeqq2oci02ev8us5,Dávid,Richtárech,NaN,NaN,Male,D. Richtárech,Slovakia,7dybe8679n9bgyrcxi383pq3y,Midfielder,player,1996-04-22,NaN,Slovakia,7dybe8679n9bgyrcxi383pq3y,172.0,72.0,6.0,active,yes,NaN,NaN,NaN,NaN
7oycboprr3g5tsfan8lm55nca,Ivan,Rehák,NaN,NaN,Male,I. Rehák,Slovakia,7dybe8679n9bgyrcxi383pq3y,Goalkeeper,player,2001-04-27,NaN,Slovakia,7dybe8679n9bgyrcxi383pq3y,NaN,NaN,1.0,active,yes,NaN,NaN,NaN,NaN
80gyjel9nj2vtp9q4t012exas,Gabriel,Demian,NaN,NaN,Male,G. Demian,Slovakia,7dybe8679n9bgyrcxi383pq3y,Midfielder,player,2004-12-04,NaN,Slovakia,7dybe8679n9bgyrcxi383pq3y,NaN,NaN,14.0,active,yes,NaN,NaN,NaN,NaN
8g4paxl5e68y9xvpvy1omp016,Dominik,Veselovský,Dominik,Veselovsky,Male,D. Veselovský,Slovakia,7dybe8679n9bgyrcxi383pq3y,Midfielder,player,2002-07-19,NaN,Slovakia,7dybe8679n9bgyrcxi383pq3y,NaN,NaN,20.0,active,yes,NaN,NaN,NaN,NaN
8od1c130jxczrb7jan2hes3fu,Nicolas,Šikula,Nicolas,Sikula,Male,N. Šikula,Slovakia,7dybe8679n9bgyrcxi383pq3y,Defender,player,2003-05-15,NaN,Slovakia,7dybe8679n9bgyrcxi383pq3y,182.0,NaN,13.0,active,yes,NaN,NaN,NaN,NaN
anbbua2r96lbr4revtn24a8lw,Michal,Lukáč,Michal,Lukác,Male,M. Lukáč,Slovakia,7dybe8679n9bgyrcxi383pq3y,Goalkeeper,player,2005-09-14,NaN,Slovakia,7dybe8679n9bgyrcxi383pq3y,NaN,NaN,31.0,active,yes,NaN,NaN,NaN,NaN
aqlfpajyqfeuzdf0zxwe46ynd,Adam,Brenkus,Adam,Brenkus,Male,A. Brenkus,Slovakia,7dybe8679n9bgyrcxi383pq3y,Midfielder,player,1999-01-08,Dolný Kubín,Slovakia,7dybe8679n9bgyrcxi383pq3y,178.0,75.0,23.0,active,yes,right,NaN,NaN,NaN
ata52av3m6wab60sndu7vhyol,Lukáš,Migaľa,NaN,NaN,Male,L. Migaľa,Slovakia,7dybe8679n9bgyrcxi383pq3y,Defender,player,1990-07-04,Hnúšťa,Slovakia,7dybe8679n9bgyrcxi383pq3y,NaN,NaN,21.0,active,yes,right,NaN,NaN,NaN
ckhtep3wdbi6tofodh3d1fp7u,Martin,Rymarenko,Martin,Rymarkeno,Male,M. Rymarenko,Slovakia,7dybe8679n9bgyrcxi383pq3y,Attacker,player,1999-04-09,Banská Bystrica,Slovakia,7dybe8679n9bgyrcxi383pq3y,176.0,67.0,11.0,active,yes,NaN,NaN,NaN,NaN
cqtopaztbkxgb30bzbja6iwdm,Michal,Trnovský,Michal,Trnovsky,Male,M. Trnovský,Slovakia,7dybe8679n9bgyrcxi383pq3y,Goalkeeper,player,2001-08-10,NaN,Slovakia,7dybe8679n9bgyrcxi383pq3y,NaN,NaN,36.0,active,yes,NaN,NaN,NaN,NaN
dua5ewk710pbnrnl3v7s5iyvo,Adam,Hanes,NaN,NaN,Male,A. Hanes,Slovakia,7dybe8679n9bgyrcxi383pq3y,Attacker,player,2002-06-17,NaN,Slovakia,7dybe8679n9bgyrcxi383pq3y,NaN,NaN,16.0,active,yes,NaN,NaN,NaN,NaN
em1ywhtfmoplcp54y18qkb3yt,Marek,Bažík,Marek,Bazik,Male,M. Bažík,Slovakia,7dybe8679n9bgyrcxi383pq3y,NaN,coach,1976-02-09,Čačín,Slovakia,7dybe8679n9bgyrcxi383pq3y,173.0,66.0,NaN,active,yes,NaN,NaN,NaN,NaN
ezcrg867lnc0175aiep1irwt1,Timotej,Záhumenský,Timotej,Záhumensky,Male,T. Záhumenský,Slovakia,7dybe8679n9bgyrcxi383pq3y,Defender,player,1995-07-17,Žiar nad Hronom,Slovakia,7dybe8679n9bgyrcxi383pq3y,184.0,81.0,44.0,active,yes,left,NaN,NaN,NaN
17wb7qv8x70tkgmug9ngw0zys,Branislav,Sokol,Branislav,Sokol,Male,B. Sokol,Slovakia,7dybe8679n9bgyrcxi383pq3y,Goalkeeper,player,2004-09-15,NaN,Slovakia,7dybe8679n9bgyrcxi383pq3y,NaN,NaN,35.0,active,yes,NaN,NaN,NaN,NaN
1nzmtzzhpyul7kk61yn1cep6,Matěj,Luksch,NaN,NaN,Male,M. Luksch,Czechia,5md5tpwr2nmqao528prx43jr7,Goalkeeper,player,1998-06-19,České Budějovice,Czechia,5md5tpwr2nmqao528prx43jr7,191.0,83.0,34.0,active,yes,NaN,NaN,NaN,NaN
21iixtvt80wpzqad9x3qghlux,David,Huf,David,Huf,Male,D. Huf,Czechia,5md5tpwr2nmqao528prx43jr7,Attacker,player,1999-01-23,NaN,Czechia,5md5tpwr2nmqao528prx43jr7,NaN,NaN,9.0,active,yes,NaN,NaN,NaN,NaN
373oftzyos8vnsulcskeudboq,Rudolf,Božík,Rudolf,Bozík,Male,R. Božík,Slovakia,7dybe8679n9bgyrcxi383pq3y,Midfielder,player,2003-02-11,NaN,Slovakia,7dybe8679n9bgyrcxi383pq3y,NaN,NaN,5.0,active,yes,NaN,NaN,NaN,NaN
3h9lw0y2c1ccj9xcy1u8ht9g4,Daniel,Prekop,Daniel,Prekop,Male,D. Prekop,Slovakia,7dybe8679n9bgyrcxi383pq3y,Defender,player,2005-05-20,NaN,Slovakia,7dybe8679n9bgyrcxi383pq3y,NaN,NaN,NaN,active,yes,NaN,NaN,NaN,NaN
3qszei9rfwcv722hlpq7j7e5m,Samuel,Lavrinčík,Samuel,Lavrincík,Male,S. Lavrinčík,Slovakia,7dybe8679n9bgyrcxi383pq3y,Midfielder,player,2001-07-10,NaN,Slovakia,7dybe8679n9bgyrcxi383pq3y,NaN,NaN,11.0,active,yes,NaN,NaN,NaN,NaN
42d89sta2s6vkeafesgz8yqd,Štefan,Gerec,Stefan,Gerec,Male,Š. Gerec,Slovakia,7dybe8679n9bgyrcxi383pq3y,Attacker,player,1992-11-10,NaN,Slovakia,7dybe8679n9bgyrcxi383pq3y,176.0,71.0,15.0,active,yes,NaN,NaN,NaN,NaN
57ieklwt78roetp55kcgiczu2,Alexander,Mojžiš,Alexander,Mojzis,Male,A. Mojžiš,Slovakia,7dybe8679n9bgyrcxi383pq3y,Defender,player,1999-01-02,Krupina,Slovakia,7dybe8679n9bgyrcxi383pq3y,183.0,82.0,2.0,active,yes,NaN,NaN,NaN,NaN
5dl5nz5hp5lazq2pnru8slnh0,David,Jackuliak,David,Jackuliak,Male,D. Jackuliak,Slovakia,7dybe8679n9bgyrcxi383pq3y,Attacker,player,2003-08-02,NaN,Slovakia,7dybe8679n9bgyrcxi383pq3y,191.0,86.0,13.0,active,no,NaN,NaN,NaN,NaN
5nq8a77t1enm36la314v0h5ka,Oliver,Luterán,Oliver,Luterán,Male,O. Luterán,Slovakia,7dybe8679n9bgyrcxi383pq3y,Midfielder,player,2001-09-06,Kendice,Slovakia,7dybe8679n9bgyrcxi383pq3y,179.0,73.0,4.0,active,yes,right,NaN,NaN,NaN
5nrmy96rd53lt1lob9q0zaynd,Marián,Chobot,Marián,Chobot,Male,M. Chobot,Slovakia,7dybe8679n9bgyrcxi383pq3y,Midfielder,player,1999-08-31,Topoľčany,Slovakia,7dybe8679n9bgyrcxi383pq3y,177.0,NaN,20.0,active,yes,left,NaN,NaN,NaN
5on7xtjzijxmmc9lgld14wsx6,Timotej,Múdry,Timotej,Múdry,Male,T. Múdry,Slovakia,7dybe8679n9bgyrcxi383pq3y,Midfielder,player,2000-04-04,NaN,Slovakia,7dybe8679n9bgyrcxi383pq3y,NaN,NaN,6.0,active,yes,NaN,NaN,NaN,NaN
5vr2kfap08lirtdgw0vh6mpsk,Tomáš,Frühwald,Tomáš,Frühwald,Male,T. Frühwald,Slovakia,7dybe8679n9bgyrcxi383pq3y,Goalkeeper,player,2002-09-23,NaN,Slovakia,7dybe8679n9bgyrcxi383pq3y,193.0,88.0,34.0,active,no,NaN,NaN,NaN,NaN
71k9g56fz19856bnyyy3hg7bo,Máté,Szolgai,Máté,Szolgai,Male,M. Szolgai,Slovakia,7dybe8679n9bgyrcxi383pq3y,Midfielder,player,2003-07-27,NaN,Slovakia,7dybe8679n9bgyrcxi383pq3y,182.0,NaN,24.0,active,yes,NaN,NaN,NaN,NaN
71wijkzueuulwshsw7z5cmb8q,Matúš,Malý,Matús,Maly,Male,M. Malý,Slovakia,7dybe8679n9bgyrcxi383pq3y,Defender,player,2001-07-11,Dunajská Streda,Slovakia,7dybe8679n9bgyrcxi383pq3y,193.0,87.0,32.0,active,yes,NaN,NaN,NaN,NaN
7zp84rnke5blo9z4rkug0m5ed,Martin,Chrien,Martin,Chrien,Male,M. Chrien,Slovakia,7dybe8679n9bgyrcxi383pq3y,Midfielder,player,1995-09-08,Banská Bystrica,Slovakia,7dybe8679n9bgyrcxi383pq3y,188.0,80.0,30.0,active,yes,right,NaN,NaN,NaN
88m1d6wwdft7cxtbg0fn77w15,Matej,Madleňák,Matej,Madlenák,Male,M. Madleňák,Slovakia,7dybe8679n9bgyrcxi383pq3y,Defender,player,1999-02-07,NaN,Slovakia,7dybe8679n9bgyrcxi383pq3y,185.0,75.0,23.0,active,yes,NaN,NaN,NaN,NaN
8i6qvsnql164tc432z7q0445w,Dominik,Ťapaj,Dominik,Tapaj,Male,D. Ťapaj,Slovakia,7dybe8679n9bgyrcxi383pq3y,Goalkeeper,player,2004-05-10,NaN,Slovakia,7dybe8679n9bgyrcxi383pq3y,193.0,85.0,1.0,active,yes,NaN,NaN,NaN,NaN
8qo2ay0eobs7lyol641ljiv2t,Daniel,Köstl,Daniel,Köstl,Male,D. Köstl,Czechia,5md5tpwr2nmqao528prx43jr7,Defender,player,1998-05-23,NaN,Czechia,5md5tpwr2nmqao528prx43jr7,188.0,81.0,16.0,active,yes,NaN,NaN,NaN,NaN
948hkubnsmkrwesqk0ylmvkr9,Ondřej,Smetana,Ondrej,Smetana,Male,O. Smetana,Czechia,5md5tpwr2nmqao528prx43jr7,NaN,coach,1982-09-04,Ostrava - Vítkovice,Czechia,5md5tpwr2nmqao528prx43jr7,198.0,94.0,NaN,active,yes,NaN,NaN,NaN,NaN
9mt84o1omv64u5kd94hsrxazt,Martin,Boďa,Martin,Boda,Male,M. Boďa,Slovakia,7dybe8679n9bgyrcxi383pq3y,Attacker,player,1997-02-02,NaN,Slovakia,7dybe8679n9bgyrcxi383pq3y,194.0,84.0,18.0,active,yes,NaN,NaN,NaN,NaN
9n54ox1i7fskj6esi9h8xvfqi,Alexander,Selecký,Alexander,Selecký,Male,A. Selecký,Slovakia,7dybe8679n9bgyrcxi383pq3y,Defender,player,2002-10-08,NaN,Slovakia,7dybe8679n9bgyrcxi383pq3y,177.0,71.0,28.0,active,yes,NaN,NaN,NaN,NaN
9nr7jmaqe7rroput1dx013v1l,Samuel,Šefčík,Samuel,Sefcík,Male,S. Šefčík,Slovakia,7dybe8679n9bgyrcxi383pq3y,Midfielder,player,1996-11-04,Bratislava,Slovakia,7dybe8679n9bgyrcxi383pq3y,182.0,73.0,10.0,active,no,NaN,NaN,NaN,NaN
aepfg6oyeyfxw5pyq62zfo0a2,Adam,Tučný,Adam,Tucny,Male,A. Tučný,Slovakia,7dybe8679n9bgyrcxi383pq3y,Midfielder,player,2002-05-21,Dunajská Streda,Slovakia,7dybe8679n9bgyrcxi383pq3y,177.0,72.0,17.0,active,yes,NaN,NaN,NaN,NaN
ah86hq477gjurowqpaulhft3o,Kevin,Švehla,Kevin,Svehla,Male,K. Švehla,Slovakia,7dybe8679n9bgyrcxi383pq3y,Midfielder,player,2005-07-22,NaN,Slovakia,7dybe8679n9bgyrcxi383pq3y,NaN,NaN,NaN,active,no,NaN,NaN,NaN,NaN
an42om3qvdrdni1fte93q4zx1,Peter,Tomko,Peter,Tomko,Male,P. Tomko,Slovakia,7dybe8679n9bgyrcxi383pq3y,NaN,assistant coach,1984-05-01,NaN,Slovakia,7dybe8679n9bgyrcxi383pq3y,188.0,85.0,NaN,active,yes,NaN,NaN,NaN,NaN
bqxwqho31gkp20ghh33956x3o,Jakub,Luka,Jakub,Luka,Male,J. Luka,Slovakia,7dybe8679n9bgyrcxi383pq3y,Defender,player,2003-08-18,NaN,Slovakia,7dybe8679n9bgyrcxi383pq3y,193.0,NaN,NaN,active,no,right,NaN,NaN,NaN
byyv7bl9m3sh4on62lvuc11bd,Jan,Hladík,Jan,Hladík,Male,J. Hladík,Czechia,5md5tpwr2nmqao528prx43jr7,Attacker,player,1993-09-21,NaN,Czechia,5md5tpwr2nmqao528prx43jr7,183.0,75.0,14.0,active,yes,NaN,NaN,NaN,NaN
c62viv3wvtsmc6m8yh64byj8p,Marko,Kelemen,Marko,Kelemen,Male,M. Kelemen,Slovakia,7dybe8679n9bgyrcxi383pq3y,Attacker,player,2000-04-29,Rožňava,Slovakia,7dybe8679n9bgyrcxi383pq3y,186.0,75.0,26.0,active,yes,NaN,NaN,NaN,NaN
ce4u3ot9a2z4i7bsuf0ir61yi,Martin,Gomola,Martin,Gomola,Male,M. Gomola,Slovakia,7dybe8679n9bgyrcxi383pq3y,Defender,player,2002-01-08,NaN,Slovakia,7dybe8679n9bgyrcxi383pq3y,NaN,NaN,19.0,active,yes,NaN,NaN,NaN,NaN
cq2siabqa0z8pwuoweciwgdwq,Šimon,Gabriel,Simon,Gabriel,Male,Š. Gabriel,Czechia,5md5tpwr2nmqao528prx43jr7,Defender,player,2001-05-28,NaN,Czechia,5md5tpwr2nmqao528prx43jr7,186.0,88.0,22.0,active,yes,right,NaN,NaN,NaN
ea0kw1uq8vipof4wb8xlrsnh1,Ján,Maslo,Ján,Maslo,Male,J. Maslo,Slovakia,7dybe8679n9bgyrcxi383pq3y,Defender,player,1986-02-05,Dolný Kubín,Slovakia,7dybe8679n9bgyrcxi383pq3y,199.0,97.0,3.0,active,yes,right,NaN,NaN,NaN
ellfertz7z7nftuv5pl4ukh9m,Kristóf,Domonkos,Kristóf,Domonkos,Male,K. Domonkos,Slovakia,7dybe8679n9bgyrcxi383pq3y,Midfielder,player,1998-08-17,Galanta,Slovakia,7dybe8679n9bgyrcxi383pq3y,173.0,73.0,8.0,active,yes,NaN,NaN,NaN,NaN
1b2m4zad7wyzenhffh69krpbd,David,Oulehla,NaN,NaN,Male,D. Oulehla,Czechia,5md5tpwr2nmqao528prx43jr7,NaN,coach,1983-09-26,NaN,Czechia,5md5tpwr2nmqao528prx43jr7,NaN,NaN,NaN,active,yes,NaN,NaN,NaN,NaN
1c2chlc4b6b98wmjqmfwul711,Martin,Nagy,NaN,NaN,Male,M. Nagy,Slovakia,7dybe8679n9bgyrcxi383pq3y,Midfielder,player,1990-09-05,NaN,Slovakia,7dybe8679n9bgyrcxi383pq3y,176.0,71.0,18.0,active,yes,NaN,NaN,NaN,NaN
1xq8r9g0n0zp1augg3wrihlg5,Martin,Junas,NaN,NaN,Male,M. Junas,Slovakia,7dybe8679n9bgyrcxi383pq3y,Goalkeeper,player,1996-03-09,NaN,Slovakia,7dybe8679n9bgyrcxi383pq3y,187.0,84.0,39.0,active,yes,right,NaN,NaN,NaN
218jan56ksky7oqrakbci8962,Adam,Gaži,Adam,Gazi,Male,A. Gaži,Slovakia,7dybe8679n9bgyrcxi383pq3y,Midfielder,player,2003-03-01,NaN,Slovakia,7dybe8679n9bgyrcxi383pq3y,176.0,NaN,25.0,active,yes,NaN,NaN,NaN,NaN
2ngonbhh12w5z33vqpn8t10k4,Sheun,Emmanuel,NaN,NaN,Male,S. Emmanuel,Nigeria,63pvdwrsiq5b07mzi8igqei9p,Defender,player,2003-09-23,NaN,Nigeria,63pvdwrsiq5b07mzi8igqei9p,NaN,NaN,15.0,active,yes,NaN,NaN,NaN,NaN
33bi7y8jn984bxktox4xmmw44,Davi Esteves,de Freitas Alves,NaN,NaN,Male,Davi Alves,Brazil,2vufyvpoxd9lfl9f6vpp7tz6y,Midfielder,player,2001-06-12,NaN,Brazil,2vufyvpoxd9lfl9f6vpp7tz6y,NaN,NaN,8.0,active,yes,NaN,NaN,NaN,NaN
417pgu52k0kpuqk56tp11wzu2,Martin,Mášík,NaN,NaN,Male,M. Mášík,Slovakia,7dybe8679n9bgyrcxi383pq3y,Midfielder,player,1999-01-08,NaN,Slovakia,7dybe8679n9bgyrcxi383pq3y,178.0,72.0,19.0,active,yes,NaN,NaN,NaN,NaN
43ssius9znhjpkfvc93go6wa1,Adam,Krčík,NaN,NaN,Male,A. Krčík,Slovakia,7dybe8679n9bgyrcxi383pq3y,Defender,player,1996-03-16,NaN,Slovakia,7dybe8679n9bgyrcxi383pq3y,NaN,NaN,37.0,active,yes,NaN,NaN,NaN,NaN
4i7dd05oy00jxibiziqxkc9d6,Lukáš,Leginus,Lukás,Leginus,Male,L. Leginus,Slovakia,7dybe8679n9bgyrcxi383pq3y,Attacker,player,2000-04-24,NaN,Slovakia,7dybe8679n9bgyrcxi383pq3y,NaN,NaN,71.0,active,yes,NaN,NaN,NaN,NaN
53wk65c7o2wgykzq7q2e4n4h6,Mário,Hollý,NaN,NaN,Male,M. Hollý,Slovakia,7dybe8679n9bgyrcxi383pq3y,Midfielder,player,2000-04-25,NaN,Slovakia,7dybe8679n9bgyrcxi383pq3y,185.0,74.0,22.0,active,yes,NaN,NaN,NaN,NaN
6sdt0s0rs32ng3ohq67krgx04,Adam,Ravas,NaN,NaN,Male,A. Ravas,Slovakia,7dybe8679n9bgyrcxi383pq3y,Midfielder,player,2007-11-27,NaN,Slovakia,7dybe8679n9bgyrcxi383pq3y,NaN,NaN,NaN,active,yes,right,NaN,NaN,NaN
9n6cczdnnmgfvhgxk6wqfob11,Michal,Ranko,NaN,NaN,Male,M. Ranko,Slovakia,7dybe8679n9bgyrcxi383pq3y,Defender,player,1994-02-19,Trenčín,Slovakia,7dybe8679n9bgyrcxi383pq3y,189.0,76.0,5.0,active,yes,NaN,NaN,NaN,NaN
a2hptjjaufyagci1guclx68d1,Ján,Vlasko,NaN,NaN,Male,J. Vlasko,Slovakia,7dybe8679n9bgyrcxi383pq3y,Attacker,player,1990-01-11,Bojnice,Slovakia,7dybe8679n9bgyrcxi383pq3y,179.0,74.0,10.0,active,yes,left,NaN,NaN,NaN
alnhvswa0mkn6ls9x2fomlexh,Adam,Morong,Adam,Morong,Male,A. Morong,Slovakia,7dybe8679n9bgyrcxi383pq3y,Defender,player,1993-06-16,Galanta,Slovakia,7dybe8679n9bgyrcxi383pq3y,178.0,NaN,9.0,active,yes,NaN,NaN,NaN,NaN
as9w12k4pcyxfkpuvtld9skph,Martin,Černek,NaN,NaN,Male,M. Černek,Slovakia,7dybe8679n9bgyrcxi383pq3y,Defender,player,1994-12-30,NaN,Slovakia,7dybe8679n9bgyrcxi383pq3y,NaN,NaN,3.0,active,yes,NaN,NaN,NaN,NaN
b0mehh1xcp7wkpb0u9oefyr4l,Oliver,Podhorín,NaN,NaN,Male,O. Podhorín,Slovakia,7dybe8679n9bgyrcxi383pq3y,Defender,player,1992-07-06,Michalovciach,Slovakia,7dybe8679n9bgyrcxi383pq3y,183.0,73.0,20.0,active,yes,NaN,NaN,NaN,NaN
byr9qyjrfu4d2apghzmtgje5m,Taofiq,Jibril,Taofiq,Jibril,Male,T. Jibril,Nigeria,63pvdwrsiq5b07mzi8igqei9p,Attacker,player,1998-04-23,NaN,Nigeria,63pvdwrsiq5b07mzi8igqei9p,NaN,NaN,14.0,active,yes,NaN,NaN,Portugal,1nbm5i9a0403zzvltn17lxinc
cajlkem80tfpzbn2sny7ek8kq,Yann Michael,Yao,NaN,NaN,Male,Y. Yao,Côte d'Ivoire,tin6kf561ywonqan0mettr98,Midfielder,player,1997-06-20,Dabou,Côte d'Ivoire,tin6kf561ywonqan0mettr98,NaN,NaN,7.0,active,yes,left,NaN,NaN,NaN
ch6on1y60ysoeet0u3tgowafp,Lukáš,Hroššo,Lukás,Hrosso,Male,L. Hroššo,Slovakia,7dybe8679n9bgyrcxi383pq3y,Goalkeeper,player,1987-04-19,Nitra,Slovakia,7dybe8679n9bgyrcxi383pq3y,196.0,91.0,31.0,active,yes,both,NaN,NaN,NaN
co9v1d3g1wkq4mcs6uiscaxn9,Pavol,Majerník,NaN,NaN,Male,P. Majerník,Slovakia,7dybe8679n9bgyrcxi383pq3y,NaN,coach,1978-12-31,NaN,Slovakia,7dybe8679n9bgyrcxi383pq3y,185.0,76.0,NaN,active,no,right,NaN,NaN,NaN
cpawfyedpl2gtjl8mj7gdh2xg,Kauã,Silva Figueiredo Moura,NaN,NaN,Male,Kauã Moura,Brazil,2vufyvpoxd9lfl9f6vpp7tz6y,Defender,player,2004-01-05,NaN,Brazil,2vufyvpoxd9lfl9f6vpp7tz6y,NaN,NaN,6.0,active,yes,NaN,NaN,NaN,NaN
eh68vlclvqqtjt3it7sk0y8rt,Marek,Fábry,Marek,Fábry,Male,M. Fábry,Slovakia,7dybe8679n9bgyrcxi383pq3y,Attacker,player,1998-08-07,Nitra,Slovakia,7dybe8679n9bgyrcxi383pq3y,191.0,86.0,11.0,active,yes,right,NaN,NaN,NaN
ei9498o3r9c79f6g1l2ukaoes,Ali,Lutfi,NaN,NaN,Male,A. Lutfi,USA,7hr2f89v44y65dyu9k92vprwn,Midfielder,player,2005-09-09,NaN,USA,7hr2f89v44y65dyu9k92vprwn,NaN,NaN,NaN,active,yes,NaN,NaN,Sudan,62wa0a1wwukxladeo5kqhrpen
eic5aqr8l99rhm9udams7dlg5,Matej,Hrádecký,Matej,Hrádecky,Male,M. Hrádecký,Finland,2u07e54v5dprsugdvddpq5ync,Defender,player,1995-04-17,Turku,Finland,2u07e54v5dprsugdvddpq5ync,193.0,76.0,4.0,active,yes,NaN,NaN,Slovakia,7dybe8679n9bgyrcxi383pq3y
elzmfhikf7pi2pofuu2zd933d,Adam,Kopas,Adam,Kopas,Male,A. Kopas,Slovakia,7dybe8679n9bgyrcxi383pq3y,Defender,player,1999-08-16,NaN,Slovakia,7dybe8679n9bgyrcxi383pq3y,190.0,78.0,33.0,active,yes,NaN,NaN,NaN,NaN
j71l4z2mfwicz99tib9b71zp,Róbert,Matějov,NaN,NaN,Male,R. Matějov,Slovakia,7dybe8679n9bgyrcxi383pq3y,Defender,player,1988-07-05,NaN,Slovakia,7dybe8679n9bgyrcxi383pq3y,179.0,75.0,16.0,active,yes,NaN,NaN,NaN,NaN
2c82zo4uxt5hsojmq5eoxbytw,Dávid,Petrík,Dávid,Petrík,Male,D. Petrík,Slovakia,7dybe8679n9bgyrcxi383pq3y,Midfielder,player,2005-06-14,NaN,Slovakia,7dybe8679n9bgyrcxi383pq3y,NaN,NaN,19.0,active,yes,NaN,NaN,NaN,NaN
2epom5c0lfo6kxj7pqvz8m6zt,Abdul Musa,Zubairu,Abdul,Zubairu,Male,A. Zubairu,Nigeria,63pvdwrsiq5b07mzi8igqei9p,Midfielder,player,1998-10-03,NaN,Nigeria,63pvdwrsiq5b07mzi8igqei9p,162.0,62.0,4.0,active,yes,NaN,NaN,NaN,NaN
2tim10de6mjduagwk6r8dcrca,Lukáš,Šimko,NaN,NaN,Male,L. Šimko,Slovakia,7dybe8679n9bgyrcxi383pq3y,Defender,player,1999-06-30,NaN,Slovakia,7dybe8679n9bgyrcxi383pq3y,NaN,NaN,2.0,active,yes,NaN,NaN,NaN,NaN
3l9tawvteu62tvyy8ontwyln8,Adam,Žulevič,NaN,NaN,Male,A. Žulevič,Slovakia,7dybe8679n9bgyrcxi383pq3y,Attacker,player,2007-09-14,NaN,Slovakia,7dybe8679n9bgyrcxi383pq3y,NaN,NaN,97.0,active,yes,NaN,NaN,NaN,NaN
3s6h7ah3aw6x091rky1zu3tka,Samuel Antonio,Ramos Linares,Samuel,Ramos,Male,Samuel Ramos,Spain,49ih1pwv3ahshdf8uzrimi54c,Midfielder,player,2000-08-18,Santa Cruz de Tenerife,Spain,49ih1pwv3ahshdf8uzrimi54c,184.0,NaN,21.0,active,yes,left,NaN,NaN,NaN
3y1hr2kxzhzcmv1dllixjbo5w,Artúr,Musák,NaN,NaN,Male,A. Musák,Hungary,1vy5vlux7mj2r7r9ktd71hhpo,Midfielder,player,2005-10-17,NaN,Ukraine,315w6fk6umfzf4qvba3t55u61,182.0,NaN,55.0,active,yes,NaN,NaN,Ukraine,315w6fk6umfzf4qvba3t55u61
463e49o3i91ihutgy2q4zsd79,Matúš,Marcin,NaN,NaN,Male,M. Marcin,Slovakia,7dybe8679n9bgyrcxi383pq3y,Attacker,player,1994-04-06,Prešov,Slovakia,7dybe8679n9bgyrcxi383pq3y,178.0,77.0,9.0,active,yes,both,NaN,NaN,NaN
4n1s49nvjwknaqepz9nk6okyc,Henry Franck,Bahi,NaN,NaN,Male,F. Bahi,Guinea,4i9sg55wigitrfx7290f59ceo,Defender,player,1999-12-20,NaN,Guinea,4i9sg55wigitrfx7290f59ceo,180.0,NaN,12.0,active,yes,NaN,NaN,NaN,NaN
54vrwxfvshcftu7ffssh1reac,Luka,Lemishko,NaN,NaN,Male,L. Lemishko,Ukraine,315w6fk6umfzf4qvba3t55u61,Midfielder,player,2006-08-20,NaN,Ukraine,315w6fk6umfzf4qvba3t55u61,NaN,NaN,NaN,active,yes,NaN,NaN,NaN,NaN
6af32dsaqietkepdi4sblamp6,Enzo Mauro,Arevalo Acosta,NaN,NaN,Male,E. Arevalo,Uruguay,286fwlvd6dzntv6ewv3cyvb0p,Midfielder,player,1997-04-15,NaN,Uruguay,286fwlvd6dzntv6ewv3cyvb0p,NaN,NaN,29.0,active,yes,NaN,NaN,Spain,49ih1pwv3ahshdf8uzrimi54c
7fjouk68ko4vy0qcz6fs0wl0q,Denys,Taraduda,Denys,Taraduda,Male,D. Taraduda,Ukraine,315w6fk6umfzf4qvba3t55u61,Defender,player,2000-08-17,Boikivske,Ukraine,315w6fk6umfzf4qvba3t55u61,186.0,78.0,3.0,active,yes,NaN,NaN,NaN,NaN
7zmtrgppv7pv6kbxz7tff31n8,Yushi,Shimamura,NaN,NaN,Male,Y. Shimamura,Japan,lxyibh89lpdc0bfian1nx0xq,Midfielder,player,1999-12-20,NaN,Slovakia,7dybe8679n9bgyrcxi383pq3y,NaN,NaN,8.0,active,yes,NaN,NaN,NaN,NaN
82l95d7jh9f8em7w6dn7smgpg,Polydefkis,Volanakis,NaN,NaN,Male,P. Volanakis,Greece,6lpgd60z890no2v46zdecrcss,Defender,player,2003-04-25,NaN,Greece,6lpgd60z890no2v46zdecrcss,189.0,79.0,5.0,active,yes,left,NaN,NaN,NaN
82lo0di4kinipycvz4zhl7ld5,Martin,Bednár,Martin,Bednar,Male,M. Bednár,Slovakia,7dybe8679n9bgyrcxi383pq3y,Midfielder,player,1999-04-22,Prešov,Slovakia,7dybe8679n9bgyrcxi383pq3y,185.0,79.0,66.0,active,yes,right,NaN,NaN,NaN
86iv7jtj1e50c7vnvopoph6mt,Stanislav,Danko,NaN,NaN,Male,S. Danko,Slovakia,7dybe8679n9bgyrcxi383pq3y,Midfielder,player,1994-03-17,Michalovce,Slovakia,7dybe8679n9bgyrcxi383pq3y,178.0,73.0,51.0,active,yes,NaN,NaN,NaN,NaN
87c3mhjp8hnns65k57x63tje2,Muhamed,Šahinović,Muhamed,Sahinovic,Male,M. Šahinović,Bosnia and Herzegovina,4fue8u54361o79fbiu9qwxjer,Goalkeeper,player,2003-09-30,NaN,Bosnia and Herzegovina,4fue8u54361o79fbiu9qwxjer,191.0,79.0,31.0,active,yes,right,NaN,NaN,NaN
87gc1djnk9bvenuhgmw84f3rp,Anton,Šoltís,NaN,NaN,Male,A. Šoltís,Slovakia,7dybe8679n9bgyrcxi383pq3y,NaN,coach,1976-02-05,NaN,Slovakia,7dybe8679n9bgyrcxi383pq3y,173.0,73.0,NaN,active,yes,NaN,NaN,NaN,NaN
89mrojg2kewrjikl5iugqrz6d,Gino Ronald,van Kessel,Gino,van Kessel,Male,G. van Kessel,Curaçao,5im58ram567ao2fbnz39sm8vk,Attacker,player,1993-03-09,Alkmaar,Netherlands,6hzi5pltnz67q4la8yli9qfv6,182.0,83.0,93.0,active,yes,NaN,NaN,Netherlands,6hzi5pltnz67q4la8yli9qfv6
91bl9clvc316uzmuajpzljljp,Ondrej,Duda,NaN,NaN,Male,O. Duda,Slovakia,7dybe8679n9bgyrcxi383pq3y,NaN,assistant coach,NaN,NaN,Slovakia,7dybe8679n9bgyrcxi383pq3y,NaN,NaN,NaN,active,yes,NaN,NaN,NaN,NaN
91vzmsk4e8on352l32nafqeei,Eduvie Marho,Ikoba,Eduvie,Ikoba,Male,E. Ikoba,USA,7hr2f89v44y65dyu9k92vprwn,Attacker,player,1997-10-26,NaN,USA,7hr2f89v44y65dyu9k92vprwn,NaN,NaN,91.0,active,yes,NaN,NaN,Nigeria,63pvdwrsiq5b07mzi8igqei9p
9kk9g2kgy58sv75pfj9sto5wp,Usman Issa,Adekunle,NaN,NaN,Male,I. Adekunle,Nigeria,63pvdwrsiq5b07mzi8igqei9p,Attacker,player,1997-12-20,NaN,Nigeria,63pvdwrsiq5b07mzi8igqei9p,177.0,70.0,7.0,active,yes,NaN,NaN,NaN,NaN
bw7g40ihk5of1c2ax4v0s4p91,Erik,Pačinda,Erik,Pacinda,Male,E. Pačinda,Slovakia,7dybe8679n9bgyrcxi383pq3y,Attacker,player,1989-05-09,Košice,Slovakia,7dybe8679n9bgyrcxi383pq3y,175.0,66.0,11.0,active,yes,left,NaN,NaN,NaN
c7f5qrcnpn4jfthdpud67gvhm,Ivan,Tiurin,NaN,NaN,Male,I. Tiurin,Ukraine,315w6fk6umfzf4qvba3t55u61,Goalkeeper,player,1997-05-21,NaN,Ukraine,315w6fk6umfzf4qvba3t55u61,191.0,85.0,23.0,active,yes,right,NaN,NaN,NaN
cdizx56cljv9qrgifqd26rdg,Saša,Marjanović,NaN,NaN,Male,S. Marjanović,Bosnia and Herzegovina,4fue8u54361o79fbiu9qwxjer,Defender,player,2002-02-05,Banja Luka,Bosnia and Herzegovina,4fue8u54361o79fbiu9qwxjer,NaN,NaN,15.0,active,yes,NaN,NaN,NaN,NaN
cflltphsio8xaxhuhn70wx4gl,Igor,Žofčák,Igor,Zofcák,Male,I. Žofčák,Slovakia,7dybe8679n9bgyrcxi383pq3y,Midfielder,player,1983-04-10,Michalovce,Slovakia,7dybe8679n9bgyrcxi383pq3y,176.0,75.0,10.0,active,yes,right,NaN,NaN,NaN
co5fpren0lr78oq77d7pysxyh,Tornike,Dzotsenidze,Tornike,Dzotsenidze,Male,T. Dzotsenidze,Georgia,55mqz7j6585f2jhgfhn62lomr,Defender,player,1999-11-07,NaN,Georgia,55mqz7j6585f2jhgfhn62lomr,187.0,73.0,26.0,active,yes,NaN,NaN,NaN,NaN
cz76ey3uk26bq5psphzs653bo,Christos,Makrygiannis,NaN,NaN,Male,C. Makrygiannis,Greece,6lpgd60z890no2v46zdecrcss,Defender,player,2006-11-13,NaN,Greece,6lpgd60z890no2v46zdecrcss,181.0,NaN,30.0,active,yes,left,NaN,NaN,NaN
d8nu4aiee6vg52by1k1snl7xm,Alexandros,Kyziridis,Alexandros,Kyziridis,Male,A. Kyziridis,Greece,6lpgd60z890no2v46zdecrcss,Attacker,player,2000-09-16,Skydra,Greece,6lpgd60z890no2v46zdecrcss,NaN,NaN,89.0,active,yes,right,NaN,NaN,NaN
dgim6o077wlggrxfw9t8tydat,Patrik,Lukáč,NaN,NaN,Male,P. Lukáč,Slovakia,7dybe8679n9bgyrcxi383pq3y,Goalkeeper,player,1994-12-05,Prešov,Slovakia,7dybe8679n9bgyrcxi383pq3y,191.0,85.0,1.0,active,yes,right,NaN,NaN,NaN
1awtxdlrr3ph4q7wj62oag4r8,James Willy,Ndjeungoue,James,Ndjeungoue,Male,J. Ndjeungoue,Cameroon,4eb9feio6u267dd1jcwaf38mt,Defender,player,2003-04-04,NaN,Cameroon,4eb9feio6u267dd1jcwaf38mt,NaN,NaN,17.0,active,yes,NaN,NaN,NaN,NaN
1ay3ef800f635ki7nks9w9re,Andrej,Stojchevski,Andrej,Stojchevski,Male,A. Stojchevski,North Macedonia,1lesyxylc5eza0a4z87t9azcc,Defender,player,2003-05-26,NaN,North Macedonia,1lesyxylc5eza0a4z87t9azcc,186.0,75.0,18.0,active,yes,right,NaN,NaN,NaN
1n0p6ekr7qvvagju86ggwi49g,Samuel Mawuena,Gidi,Samuel,Gidi,Male,S. Gidi,Ghana,2q2sw72utw5gu9t5y4knckwba,Midfielder,player,2004-04-15,NaN,Ghana,2q2sw72utw5gu9t5y4knckwba,NaN,NaN,11.0,active,yes,NaN,NaN,NaN,NaN
2k1q3fsxypzg3ordb3hmq4xsk,Nikita,Kelembet,NaN,NaN,Male,N. Kelembet,Ukraine,315w6fk6umfzf4qvba3t55u61,Defender,player,2005-02-18,NaN,Ukraine,315w6fk6umfzf4qvba3t55u61,NaN,NaN,4.0,active,yes,NaN,NaN,NaN,NaN
4a7ei643udozfl8xcqdgl9u6s,Timotej,Hranica,Timotej,Hranica,Male,T. Hranica,Slovakia,7dybe8679n9bgyrcxi383pq3y,Defender,player,2005-05-28,NaN,Slovakia,7dybe8679n9bgyrcxi383pq3y,NaN,NaN,21.0,active,yes,NaN,NaN,NaN,NaN
4ri96hnt93iy3ckt7buigvecq,Denis,Alijagić,Denis,Alijagic,Male,D. Alijagić,Czechia,5md5tpwr2nmqao528prx43jr7,Attacker,player,2003-04-10,Praha,Czechia,5md5tpwr2nmqao528prx43jr7,185.0,82.0,9.0,active,yes,right,NaN,Bosnia and Herzegovina,4fue8u54361o79fbiu9qwxjer
4xk6crcbt40xenux91yy011at,Miroslav,Káčer,Miroslav,Kácer,Male,M. Káčer,Slovakia,7dybe8679n9bgyrcxi383pq3y,Midfielder,player,1996-02-02,Žilina,Slovakia,7dybe8679n9bgyrcxi383pq3y,170.0,77.0,66.0,active,yes,right,NaN,NaN,NaN
5087f701jgpsaugp8p39ks2z8,Michal,Mynář,Michal,Mynár,Male,M. Mynář,Slovakia,7dybe8679n9bgyrcxi383pq3y,Defender,player,2004-02-06,NaN,Slovakia,7dybe8679n9bgyrcxi383pq3y,NaN,NaN,NaN,active,yes,NaN,NaN,NaN,NaN
5uc8bmbfp3izb9s0gvqwq7yl1,Ján,Minárik,Ján,Minárik,Male,J. Minárik,Slovakia,7dybe8679n9bgyrcxi383pq3y,Defender,player,1997-07-25,NaN,Slovakia,7dybe8679n9bgyrcxi383pq3y,177.0,NaN,23.0,active,yes,left,NaN,NaN,NaN
6kld0n1b5hjwechya9cax3o5w,Samuel,Javorček,Samuel,Javorcek,Male,S. Javorček,Slovakia,7dybe8679n9bgyrcxi383pq3y,Midfielder,player,2004-02-09,NaN,Slovakia,7dybe8679n9bgyrcxi383pq3y,NaN,NaN,28.0,active,yes,NaN,NaN,NaN,NaN
73bt1irnki81xex9jkn7vxxey,Adrián,Kaprálik,Adrián,Kaprálik,Male,A. Kaprálik,Slovakia,7dybe8679n9bgyrcxi383pq3y,Attacker,player,2002-06-10,Dolný Kubín,Slovakia,7dybe8679n9bgyrcxi383pq3y,173.0,63.0,10.0,active,yes,right,NaN,NaN,NaN
7nolt983cv10muw69tyqh6t7u,Patrik,Leitner,Patrik,Leitner,Male,P. Leitner,Slovakia,7dybe8679n9bgyrcxi383pq3y,Defender,player,2002-02-07,NaN,Slovakia,7dybe8679n9bgyrcxi383pq3y,NaN,NaN,NaN,active,no,NaN,NaN,NaN,NaN
7qd7bou2so81xcsawhogsv4t0,Eric Yves,Bille,Eric,Bille,Male,E. Bille,Côte d'Ivoire,tin6kf561ywonqan0mettr98,Attacker,player,2004-12-24,NaN,Côte d'Ivoire,tin6kf561ywonqan0mettr98,181.0,78.0,14.0,active,yes,NaN,NaN,NaN,NaN
7wm8whndx19gcpqxtw9safljp,Peter,Pekarík,Peter,Pekarík,Male,P. Pekarík,Slovakia,7dybe8679n9bgyrcxi383pq3y,Defender,player,1986-10-30,Žilina,Slovakia,7dybe8679n9bgyrcxi383pq3y,177.0,73.0,NaN,active,yes,right,NaN,NaN,NaN
82ygb1o73bmez9ojb8xuqxmju,Ľubomír,Belko,Lubomír,Belko,Male,Ľ. Belko,Slovakia,7dybe8679n9bgyrcxi383pq3y,Goalkeeper,player,2002-02-04,NaN,Slovakia,7dybe8679n9bgyrcxi383pq3y,NaN,NaN,30.0,active,yes,NaN,NaN,NaN,NaN
8zkcuhb57u6yhqodvq6u3rx0,Xavier Rodrigue,Adang Mveng,Xavier,Adang,Male,X. Adang,Cameroon,4eb9feio6u267dd1jcwaf38mt,Midfielder,player,2004-06-07,NaN,Cameroon,4eb9feio6u267dd1jcwaf38mt,NaN,NaN,6.0,active,yes,NaN,NaN,NaN,NaN
8zlfq13hrbxtqb6wi74yr2tqs,Basirou,Badjie,Basirou,Badjie,Male,B. Badjie,Gambia,4ix3ulx7h2a09r16jo9qdbuvp,Defender,player,2005-03-20,NaN,Gambia,4ix3ulx7h2a09r16jo9qdbuvp,NaN,NaN,13.0,active,yes,left,NaN,NaN,NaN
929eyaq4a218jj3yahxtoeve2,Tomáš,Nemčík,Tomás,Nemcík,Male,T. Nemčík,Slovakia,7dybe8679n9bgyrcxi383pq3y,Defender,player,2001-04-19,Žilina,Slovakia,7dybe8679n9bgyrcxi383pq3y,NaN,NaN,NaN,active,no,NaN,NaN,NaN,NaN
95bqg4niavcpxnjxwncz7d9uc,Jakub,Badžgoň,Jakub,Badzgon,Male,J. Badžgoň,Slovakia,7dybe8679n9bgyrcxi383pq3y,Goalkeeper,player,2005-06-02,NaN,Slovakia,7dybe8679n9bgyrcxi383pq3y,190.0,83.0,1.0,active,yes,NaN,NaN,NaN,NaN
9ixkbogcqd6mpwu74jz7su99m,Dominik,Javorček,Dominik,Javorcek,Male,D. Javorček,Slovakia,7dybe8679n9bgyrcxi383pq3y,Defender,player,2002-11-02,NaN,Slovakia,7dybe8679n9bgyrcxi383pq3y,NaN,NaN,27.0,active,no,NaN,NaN,NaN,NaN
9nrps1br9mhbl7huhbuldlyvp,Michal,Ščasný,Michal,Scasny,Male,M. Ščasný,Czechia,5md5tpwr2nmqao528prx43jr7,NaN,coach,1978-08-19,NaN,Czechia,5md5tpwr2nmqao528prx43jr7,177.0,75.0,NaN,active,yes,NaN,NaN,NaN,NaN
al4py7fz76sgmuoh91qufcpd6,Krisztián,Bari,Krisztián,Bari,Male,K. Bari,Slovakia,7dybe8679n9bgyrcxi383pq3y,Defender,player,2001-02-06,NaN,Slovakia,7dybe8679n9bgyrcxi383pq3y,173.0,61.0,20.0,active,yes,NaN,NaN,NaN,NaN
asc8atq6vw48onal0eukfih3o,Samuel,Belaník,Samuel,Belaník,Male,S. Belaník,Slovakia,7dybe8679n9bgyrcxi383pq3y,Goalkeeper,player,2003-08-26,NaN,Slovakia,7dybe8679n9bgyrcxi383pq3y,196.0,NaN,22.0,active,yes,NaN,NaN,NaN,NaN
b63yq9pfi4e8ksbtw4rh784yc,Samuel,Kopásek,Samuel,Kopásek,Male,S. Kopásek,Slovakia,7dybe8679n9bgyrcxi383pq3y,Defender,player,2003-05-22,NaN,Slovakia,7dybe8679n9bgyrcxi383pq3y,175.0,NaN,19.0,active,yes,NaN,NaN,NaN,NaN
bjb4ee3aomtv5hz7qqyjlkgoa,Dávid,Ďuriš,Dávid,Duris,Male,D. Ďuriš,Slovakia,7dybe8679n9bgyrcxi383pq3y,Attacker,player,1999-03-22,Žilina,Slovakia,7dybe8679n9bgyrcxi383pq3y,186.0,80.0,29.0,active,yes,right,NaN,NaN,NaN
c6o9o0acmpv92q9s0cazftmju,Samuel,Ďatko,NaN,NaN,Male,S. Ďatko,Slovakia,7dybe8679n9bgyrcxi383pq3y,Midfielder,player,2001-06-24,NaN,Slovakia,7dybe8679n9bgyrcxi383pq3y,NaN,NaN,24.0,active,no,NaN,NaN,NaN,NaN
c83z5v68ti7pbyjp2yfpat9be,Patrik,Iľko,Patrik,Ilko,Male,P. Iľko,Slovakia,7dybe8679n9bgyrcxi383pq3y,Attacker,player,2001-02-16,NaN,Slovakia,7dybe8679n9bgyrcxi383pq3y,180.0,72.0,16.0,active,yes,NaN,NaN,NaN,NaN
d08hduq5rv8kkzclfivjk0tn8,Tomáš,Jaššo,Tomás,Jasso,Male,T. Jaššo,Slovakia,7dybe8679n9bgyrcxi383pq3y,Defender,player,2004-03-04,NaN,Slovakia,7dybe8679n9bgyrcxi383pq3y,NaN,NaN,5.0,active,yes,NaN,NaN,NaN,NaN
d0byc0mdhvvkvt1vkr28i6f9x,Tomáš,Hubočan,Tomás,Hubocan,Male,T. Hubočan,Slovakia,7dybe8679n9bgyrcxi383pq3y,Defender,player,1985-09-17,Žilina,Slovakia,7dybe8679n9bgyrcxi383pq3y,184.0,70.0,15.0,active,yes,both,NaN,NaN,NaN
dgkk1v0my1dy8wk18uamcuwwk,Mário,Sauer,Mário,Sauer,Male,M. Sauer,Slovakia,7dybe8679n9bgyrcxi383pq3y,Midfielder,player,2004-05-15,Bratislava,Slovakia,7dybe8679n9bgyrcxi383pq3y,182.0,NaN,37.0,active,yes,NaN,NaN,NaN,NaN
dw2kvzu6l204zcj1a9hztxfkk,Tobiáš,Pališčák,Tobiás,Paliscák,Male,T. Pališčák,Slovakia,7dybe8679n9bgyrcxi383pq3y,Defender,player,2007-10-25,NaN,Slovakia,7dybe8679n9bgyrcxi383pq3y,NaN,NaN,2.0,active,yes,NaN,NaN,NaN,NaN
i7qk4b3p4it7q401oh95f66s,Vladimír,Vaľko,Vladimír,Valko,Male,V. Vaľko,Slovakia,7dybe8679n9bgyrcxi383pq3y,Attacker,player,2005-01-13,NaN,Slovakia,7dybe8679n9bgyrcxi383pq3y,NaN,NaN,NaN,active,yes,NaN,NaN,NaN,NaN
sd73yki6ae3b83djm76r5mvo,František,Kóša,Frantisek,Kósa,Male,F. Kóša,Slovakia,7dybe8679n9bgyrcxi383pq3y,Attacker,player,2006-03-02,NaN,Slovakia,7dybe8679n9bgyrcxi383pq3y,NaN,NaN,7.0,active,yes,NaN,NaN,NaN,NaN
10ema67rh45t75v9ia2hud6vo,Nino,Marcelli,Nino,Marcelli,Male,N. Marcelli,Slovakia,7dybe8679n9bgyrcxi383pq3y,Midfielder,player,2005-05-29,NaN,Slovakia,7dybe8679n9bgyrcxi383pq3y,178.0,NaN,18.0,active,yes,NaN,NaN,NaN,NaN
1hs134ygzqubfqku26rytkmol,Vladimír,Weiss,Vladimír,Weiss,Male,V. Weiss,Slovakia,7dybe8679n9bgyrcxi383pq3y,NaN,coach,1964-09-22,Bratislava,Slovakia,7dybe8679n9bgyrcxi383pq3y,182.0,NaN,NaN,active,yes,NaN,NaN,NaN,NaN
1p2ugub44nhzuqv0p19ri8wt0,Martin,Mišovič,Martin,Misovic,Male,M. Mišovič,Slovakia,7dybe8679n9bgyrcxi383pq3y,Attacker,player,2004-01-22,NaN,Slovakia,7dybe8679n9bgyrcxi383pq3y,NaN,NaN,5.0,active,yes,NaN,NaN,NaN,NaN
24m1p3nyfn9nurqdvnvn2mrx1,Kenan,Bajrič,Kenan,Bajric,Male,K. Bajrič,Slovenia,63vptz9g2ckqnnlxhd1oqn4xq,Defender,player,1994-12-20,Ljubljana,Slovenia,63vptz9g2ckqnnlxhd1oqn4xq,189.0,83.0,12.0,active,yes,right,NaN,NaN,NaN
2x41wpt2f9djuf4jf42eewa1,Danylo,Ihnatenko,Danylo,Ignatenko,Male,D. Ihnatenko,Ukraine,315w6fk6umfzf4qvba3t55u61,Midfielder,player,1997-03-13,Zaporizhzhia,Ukraine,315w6fk6umfzf4qvba3t55u61,189.0,84.0,77.0,active,yes,right,NaN,NaN,NaN
3oip8q5n34zx901vkv450vpck,Andrej,Mikoláš,Andrej,Mikolás,Male,A. Mikoláš,Slovakia,7dybe8679n9bgyrcxi383pq3y,Goalkeeper,player,2004-08-11,NaN,Slovakia,7dybe8679n9bgyrcxi383pq3y,NaN,NaN,30.0,active,yes,NaN,NaN,NaN,NaN
4duf40rwyzgm6t3iuemifqb8q,Samuel,Habodasz,Samuel,Habodasz,Male,S. Habodasz,Slovakia,7dybe8679n9bgyrcxi383pq3y,Midfielder,player,2000-05-26,NaN,Slovakia,7dybe8679n9bgyrcxi383pq3y,NaN,NaN,NaN,active,yes,NaN,NaN,NaN,NaN
4g2foiwsex0h0r1w9eywkgydw,Maxim,Mateáš,Maxim,Mateás,Male,M. Mateas,Slovakia,7dybe8679n9bgyrcxi383pq3y,Midfielder,player,2008-05-12,NaN,Slovakia,7dybe8679n9bgyrcxi383pq3y,NaN,NaN,16.0,active,yes,NaN,NaN,NaN,NaN
4rg5d1oo8rtclemhci81i6xg5,Róbert,Mak,Róbert,Mak,Male,R. Mak,Slovakia,7dybe8679n9bgyrcxi383pq3y,Attacker,player,1991-03-08,Bratislava,Slovakia,7dybe8679n9bgyrcxi383pq3y,179.0,78.0,21.0,active,yes,right,NaN,NaN,NaN
5jd3xi68273u2xl2d1gsonc2d,Lukáš,Pauschek,Lukás,Pauschek,Male,L. Pauschek,Slovakia,7dybe8679n9bgyrcxi383pq3y,Defender,player,1992-12-09,Bratislava,Slovakia,7dybe8679n9bgyrcxi383pq3y,180.0,78.0,25.0,active,yes,right,NaN,NaN,NaN
5qwergu94zpb6wglhk008qbro,Idjessi Yethro,Metsoko,Idjessi,Metsoko,Male,I. Metsoko,Togo,3jiuckrqd0zejkm452st5dyq7,Attacker,player,2002-03-14,NaN,France,7gww28djs405rfga69smki84o,NaN,NaN,93.0,active,yes,NaN,NaN,France,7gww28djs405rfga69smki84o
6trb4r92tklh2460s6y53xofd,Martin,Trnovský,Martin,Trnovsky,Male,M. Trnovský,Slovakia,7dybe8679n9bgyrcxi383pq3y,Goalkeeper,player,2000-06-07,Bratislava,Slovakia,7dybe8679n9bgyrcxi383pq3y,191.0,84.0,31.0,active,yes,NaN,NaN,NaN,NaN
78rxvyelnj7orbbzs4u1fghrd,César Rodolfo,Blackman Camarena,César,Blackman,Male,C. Blackman,Panama,5nhk7v9jq6dqmfbn4hiihhofv,Defender,player,1998-04-02,Ciudad de Panamá,Panama,5nhk7v9jq6dqmfbn4hiihhofv,174.0,70.0,28.0,active,yes,right,NaN,NaN,NaN
7ocbj4fxn53jakzel1q5pie39,Vladimír,Weiss,Vladimír,Weiss,Male,V. Weiss,Slovakia,7dybe8679n9bgyrcxi383pq3y,Midfielder,player,1989-11-30,Bratislava,Slovakia,7dybe8679n9bgyrcxi383pq3y,173.0,71.0,7.0,active,yes,right,NaN,NaN,NaN
7s7qpbwbprkfliinikth7rieh,Matúš,Vojtko,Matús,Vojtko,Male,M. Vojtko,Slovakia,7dybe8679n9bgyrcxi383pq3y,Defender,player,2000-10-05,Michalovce,Slovakia,7dybe8679n9bgyrcxi383pq3y,176.0,76.0,27.0,active,yes,left,NaN,NaN,NaN
7tsv54aoaiyjj1s7hhx12505w,Elvis Akpooghene,Isaac,Elvis,Isaac,Male,E. Isaac,Nigeria,63pvdwrsiq5b07mzi8igqei9p,Attacker,player,2002-08-15,NaN,Nigeria,63pvdwrsiq5b07mzi8igqei9p,NaN,NaN,8.0,active,yes,NaN,NaN,NaN,NaN
7u4btq4mxa8yha36hcn4gc4bt,Marko,Tolić,Marko,Tolic,Male,M. Tolić,Croatia,37hlakrwxyuzovaeoo4sezusp,Midfielder,player,1996-07-05,Zagreb,Croatia,37hlakrwxyuzovaeoo4sezusp,NaN,NaN,10.0,active,yes,right,NaN,NaN,NaN
9m0c5nlso2paawkh2y1zrrzrp,Jurij,Medveděv,Jurij,Medvedev,Male,J. Medveděv,Czechia,5md5tpwr2nmqao528prx43jr7,Defender,player,1996-06-18,Badamsha,Kazakhstan,6kewn14jj4ncyzghlbu61hna6,180.0,74.0,17.0,active,yes,right,NaN,Kazakhstan,6kewn14jj4ncyzghlbu61hna6
9s3bc4i84ab8ar9c17lts3pp1,Kyriakos,Savvidīs,Kyriakos,Savvidis,Male,K. Savvidīs,Greece,6lpgd60z890no2v46zdecrcss,Midfielder,player,1995-06-20,Thessaloniki,Greece,6lpgd60z890no2v46zdecrcss,181.0,78.0,88.0,active,yes,right,NaN,NaN,NaN
a3pp88a52x123muu26sg4maxh,Kevin,Wimmer,Kevin,Wimmer,Male,K. Wimmer,Austria,hcs1bd49qliqqity6o268jyt,Defender,player,1992-11-15,Wels,Austria,hcs1bd49qliqqity6o268jyt,187.0,85.0,6.0,active,yes,left,NaN,NaN,NaN
adngqbiq4kicxj5ewcixxw4ph,Guram,Kashia,Guram,Kashia,Male,G. Kashia,Georgia,55mqz7j6585f2jhgfhn62lomr,Defender,player,1987-07-04,Tbilisi,Georgia,55mqz7j6585f2jhgfhn62lomr,185.0,87.0,4.0,active,yes,right,NaN,NaN,NaN
b6h33b82fqk8rc31a8k5sg60a,Alen,Mustafić,Alen,Mustafic,Male,A. Mustafić,Bosnia and Herzegovina,4fue8u54361o79fbiu9qwxjer,Midfielder,player,1999-07-05,Tuzla,Bosnia and Herzegovina,4fue8u54361o79fbiu9qwxjer,185.0,78.0,20.0,active,yes,right,NaN,NaN,NaN
bivdfi1qduw62buuhtw4sodg4,Adam,Hrdina,Adam,Hrdina,Male,A. Hrdina,Slovakia,7dybe8679n9bgyrcxi383pq3y,Goalkeeper,player,2004-02-12,NaN,Slovakia,7dybe8679n9bgyrcxi383pq3y,194.0,NaN,35.0,active,yes,NaN,NaN,NaN,NaN
cioh30lqc9p0e5n3cmjnk1979,Július,Szöke,Július,Szöke,Male,J. Szöke,Slovakia,7dybe8679n9bgyrcxi383pq3y,Midfielder,player,1995-08-01,Hnúšťa,Slovakia,7dybe8679n9bgyrcxi383pq3y,182.0,70.0,37.0,active,yes,right,NaN,NaN,NaN
czlv3j3qotjfr6z77midggeeh,Siemen,Voet,Siemen,Voet,Male,S. Voet,Belgium,4wbzjcclyefma1ourvjsu4q2j,Defender,player,2000-02-03,NaN,Belgium,4wbzjcclyefma1ourvjsu4q2j,190.0,81.0,2.0,active,yes,left,NaN,NaN,NaN
d3ppqv1v0qgjcjrf6q9xlvap5,Dominik,Takáč,Dominik,Takác,Male,D. Takáč,Slovakia,7dybe8679n9bgyrcxi383pq3y,Goalkeeper,player,1999-01-12,Galanta,Slovakia,7dybe8679n9bgyrcxi383pq3y,195.0,82.0,71.0,active,yes,left,NaN,NaN,NaN
dliitj4cijcpe3dxgn56a65be,Sharani,Zuberu,Sharani,Zuberu,Male,S. Zuberu,Ghana,2q2sw72utw5gu9t5y4knckwba,Attacker,player,2000-01-07,NaN,Ghana,2q2sw72utw5gu9t5y4knckwba,183.0,NaN,23.0,active,yes,NaN,NaN,NaN,NaN
e1n8z01dq1qvm7krrjwk3y61g,Artur,Gajdoš,Artur,Gajdos,Male,A. Gajdoš,Slovakia,7dybe8679n9bgyrcxi383pq3y,Midfielder,player,2004-01-20,NaN,Slovakia,7dybe8679n9bgyrcxi383pq3y,NaN,NaN,26.0,active,yes,NaN,NaN,NaN,NaN
earki4hdejtjz2fmlmt2z60ut,Juraj,Kucka,Juraj,Kucka,Male,J. Kucka,Slovakia,7dybe8679n9bgyrcxi383pq3y,Midfielder,player,1987-02-26,Bojnice,Slovakia,7dybe8679n9bgyrcxi383pq3y,186.0,81.0,33.0,active,yes,right,NaN,NaN,NaN
eprihatu8znb0vq6kuaj38z1m,David,Strelec,David,Strelec,Male,D. Strelec,Slovakia,7dybe8679n9bgyrcxi383pq3y,Attacker,player,2001-04-04,Nové Zámky,Slovakia,7dybe8679n9bgyrcxi383pq3y,185.0,73.0,13.0,active,yes,left,NaN,NaN,NaN
sws2q3l7q1o36ynck0cfl5h,Tigran,Barseghyan,Tigran,Barseghyan,Male,T. Barseghyan,Armenia,687vx665s4d88stgnq72a84k6,Midfielder,player,1993-09-22,Yerevan,Armenia,687vx665s4d88stgnq72a84k6,179.0,NaN,11.0,active,yes,left,NaN,NaN,NaN
1lxsyoos06fqbsi6skcm974a2,Adam,Danko,Adam,Danko,Male,A. Danko,Slovakia,7dybe8679n9bgyrcxi383pq3y,Goalkeeper,player,2003-06-27,NaN,Slovakia,7dybe8679n9bgyrcxi383pq3y,186.0,NaN,28.0,active,yes,NaN,NaN,NaN,NaN
2h8ono3z5nscm9pngv3mak0oa,Roland,Galčík,Roland,Galcík,Male,R. Galčík,Slovakia,7dybe8679n9bgyrcxi383pq3y,Attacker,player,2001-07-30,NaN,Slovakia,7dybe8679n9bgyrcxi383pq3y,NaN,NaN,7.0,active,yes,NaN,NaN,NaN,NaN
3bc1w51ucrvl6kice2eoojkes,Ridwan,Sanusi,NaN,NaN,Male,R. Sanusi,Nigeria,63pvdwrsiq5b07mzi8igqei9p,Midfielder,player,2002-09-21,NaN,Nigeria,63pvdwrsiq5b07mzi8igqei9p,NaN,NaN,27.0,active,yes,NaN,NaN,NaN,NaN
3j8xwqfdkhecuepoh6s6sh4gl,Pavol,Bajza,Pavol,Bajza,Male,P. Bajza,Slovakia,7dybe8679n9bgyrcxi383pq3y,Goalkeeper,player,1991-09-04,Žilina,Slovakia,7dybe8679n9bgyrcxi383pq3y,195.0,89.0,91.0,active,yes,right,NaN,NaN,NaN
3yvh2wn1zvnzdl0y1d6n3x7th,Samuel,Štefánik,Samuel,Stefánik,Male,S. Štefánik,Slovakia,7dybe8679n9bgyrcxi383pq3y,Midfielder,player,1991-11-16,Bánovce nad Bebravou,Slovakia,7dybe8679n9bgyrcxi383pq3y,177.0,74.0,26.0,active,yes,right,NaN,NaN,NaN
422xuec0ym5ekah9gyvc4jys,Samuel,Mašlej,NaN,NaN,Male,S. Mašlej,Slovakia,7dybe8679n9bgyrcxi383pq3y,Attacker,player,2005-02-01,NaN,Slovakia,7dybe8679n9bgyrcxi383pq3y,NaN,NaN,21.0,active,yes,NaN,NaN,NaN,NaN
4fa76tep2ca1r03vokdzgbsh5,Adrián,Slávik,NaN,NaN,Male,A. Slávik,Slovakia,7dybe8679n9bgyrcxi383pq3y,Midfielder,player,1999-04-12,NaN,Slovakia,7dybe8679n9bgyrcxi383pq3y,NaN,NaN,23.0,active,yes,NaN,NaN,NaN,NaN
4fuzlwry4gqghvvzem4fvxlhw,Alex,Markovic,Alex,Markovic,Male,A. Markovic,Serbia,5w4ve503bjdsshwx9ho6jxzx0,Defender,player,2002-06-10,NaN,Hungary,1vy5vlux7mj2r7r9ktd71hhpo,NaN,NaN,18.0,active,yes,NaN,NaN,Hungary,1vy5vlux7mj2r7r9ktd71hhpo
5eqw9xo4lpkewsehpiauhsui2,Mário,Mrva,Mário,Mrva,Male,M. Mrva,Slovakia,7dybe8679n9bgyrcxi383pq3y,Defender,player,1999-02-16,Ružomberok,Slovakia,7dybe8679n9bgyrcxi383pq3y,190.0,85.0,5.0,active,yes,NaN,NaN,NaN,NaN
5gdbr6ptqv207ytova45dlox6,Štefan,Markulík,NaN,NaN,Male,Š. Markulík,Slovakia,7dybe8679n9bgyrcxi383pq3y,NaN,coach,1991-10-27,NaN,Slovakia,7dybe8679n9bgyrcxi383pq3y,NaN,NaN,NaN,active,yes,NaN,NaN,NaN,NaN
6a33ylquco39t515pwi5itk2x,Matej,Oravec,Matej,Oravec,Male,M. Oravec,Slovakia,7dybe8679n9bgyrcxi383pq3y,Defender,player,1998-03-30,Trnava,Slovakia,7dybe8679n9bgyrcxi383pq3y,185.0,74.0,4.0,active,yes,right,NaN,NaN,NaN
6l5nyyhk1f31h85a0lsyb74lw,Šimon,Faško,NaN,NaN,Male,S. Faško,Slovakia,7dybe8679n9bgyrcxi383pq3y,Midfielder,player,2006-04-09,NaN,Slovakia,7dybe8679n9bgyrcxi383pq3y,NaN,NaN,25.0,active,yes,NaN,NaN,NaN,NaN
6tx2gl3bxb555xzy5w7q42r8q,Martin,Talakov,Martin,Talakov,Male,M. Talakov,North Macedonia,1lesyxylc5eza0a4z87t9azcc,Midfielder,player,2003-03-09,NaN,North Macedonia,1lesyxylc5eza0a4z87t9azcc,NaN,NaN,19.0,active,yes,NaN,NaN,NaN,NaN
72se229vb7nk9vmop6w6tebdg,Kayode,Saliman,NaN,NaN,Male,K. Saliman,Nigeria,63pvdwrsiq5b07mzi8igqei9p,Midfielder,player,2003-01-07,NaN,Nigeria,63pvdwrsiq5b07mzi8igqei9p,NaN,NaN,77.0,active,yes,NaN,NaN,NaN,NaN
7d652ns7jnbtq16jpq06qml1w,Daniel,Smékal,Daniel,Smékal,Male,D. Smékal,Czechia,5md5tpwr2nmqao528prx43jr7,Attacker,player,2001-12-08,NaN,Czechia,5md5tpwr2nmqao528prx43jr7,NaN,NaN,9.0,active,yes,NaN,NaN,NaN,NaN
8g66huzw03lik7hmo4tuco5jo,Filip,Mielke,Filip,Mielke,Male,F. Mielke,Slovakia,7dybe8679n9bgyrcxi383pq3y,Defender,player,2005-04-09,NaN,Slovakia,7dybe8679n9bgyrcxi383pq3y,NaN,NaN,3.0,active,yes,NaN,NaN,NaN,NaN
92utn03a3kb2ezglbx294behg,Lamin,Sambou,NaN,NaN,Male,L. Sambou,Gambia,4ix3ulx7h2a09r16jo9qdbuvp,Defender,player,2005-03-12,Sifoe,Gambia,4ix3ulx7h2a09r16jo9qdbuvp,NaN,NaN,NaN,active,no,NaN,NaN,NaN,NaN
bist0b8gg6qi30rdd8qx423h0,Ondřej,Deml,Ondrej,Deml,Male,O. Deml,Czechia,5md5tpwr2nmqao528prx43jr7,Midfielder,player,2005-01-20,NaN,Czechia,5md5tpwr2nmqao528prx43jr7,NaN,NaN,8.0,active,yes,NaN,NaN,NaN,NaN
bq1i8z906frmxd7upktyfcgd1,Kristián,Koštrna,Kristián,Kostrna,Male,K. Koštrna,Slovakia,7dybe8679n9bgyrcxi383pq3y,Defender,player,1993-12-15,Hlohovec,Slovakia,7dybe8679n9bgyrcxi383pq3y,176.0,71.0,24.0,active,yes,NaN,NaN,NaN,NaN
bs25e89htou4kucgz3c9thej9,René,Paraj,NaN,NaN,Male,R. Paraj,Slovakia,7dybe8679n9bgyrcxi383pq3y,Midfielder,player,1992-08-14,Žiar nad Hronom,Slovakia,7dybe8679n9bgyrcxi383pq3y,NaN,NaN,15.0,active,yes,NaN,NaN,NaN,NaN
bse78hbpbf32wr6nboc5zds0k,Musa,Jatta,Musa,Jatta,Male,M. Jatta,Gambia,4ix3ulx7h2a09r16jo9qdbuvp,Defender,player,2004-12-20,NaN,Gambia,4ix3ulx7h2a09r16jo9qdbuvp,NaN,NaN,NaN,active,no,NaN,NaN,NaN,NaN
buj5uugmme0xy5bkkocffnys,Lukáš,Domaniský,NaN,NaN,Male,L. Domaniský,Slovakia,7dybe8679n9bgyrcxi383pq3y,Goalkeeper,player,2004-08-09,NaN,Slovakia,7dybe8679n9bgyrcxi383pq3y,NaN,NaN,16.0,active,yes,NaN,NaN,NaN,NaN
c6o9o0acmpv92q9s0cazftmju,Samuel,Ďatko,NaN,NaN,Male,S. Ďatko,Slovakia,7dybe8679n9bgyrcxi383pq3y,Midfielder,player,2001-06-24,NaN,Slovakia,7dybe8679n9bgyrcxi383pq3y,NaN,NaN,NaN,active,yes,NaN,NaN,NaN,NaN
cmglu8v2ydovsaiw988b5cr9w,Peter,Juritka,NaN,NaN,Male,P. Juritka,Slovakia,7dybe8679n9bgyrcxi383pq3y,Attacker,player,2004-07-31,NaN,Slovakia,7dybe8679n9bgyrcxi383pq3y,NaN,NaN,17.0,active,yes,NaN,NaN,NaN,NaN
cp1i86uxyxv6l5xla4mw32zth,David Alberto,Depetris,David,Depetris,Male,D. Depetris,Slovakia,7dybe8679n9bgyrcxi383pq3y,Attacker,player,1988-11-11,San Jorge,Argentina,2vovxa97k7v7ofa85dah2xktb,184.0,75.0,22.0,active,yes,NaN,NaN,Argentina,2vovxa97k7v7ofa85dah2xktb
cxvice5160oird04qkfcwkzjd,Matej,Grešák,NaN,NaN,Male,M. Grešák,Slovakia,7dybe8679n9bgyrcxi383pq3y,Defender,player,1999-05-31,NaN,Slovakia,7dybe8679n9bgyrcxi383pq3y,NaN,NaN,14.0,active,yes,NaN,NaN,NaN,NaN
dju1k1rsggcz54bivw0md7m5l,Vladimír,Cifranič,NaN,NaN,Male,V. Cifranič,Slovakia,7dybe8679n9bgyrcxi383pq3y,NaN,coach,1975-10-01,NaN,Slovakia,7dybe8679n9bgyrcxi383pq3y,NaN,NaN,NaN,active,no,NaN,NaN,NaN,NaN
dyne11pf74cddy5qm9q0cbqc4,Vincent,Chyla,Vincent,Chyla,Male,V. Chyla,Slovakia,7dybe8679n9bgyrcxi383pq3y,Midfielder,player,2004-01-08,NaN,Slovakia,7dybe8679n9bgyrcxi383pq3y,NaN,NaN,13.0,active,yes,NaN,NaN,NaN,NaN
e9hgvxi5mkl4ug3f452sofytw,Naphthalene Frank,Appiah,NaN,NaN,Male,F. Appiah,Ghana,2q2sw72utw5gu9t5y4knckwba,Midfielder,player,2002-08-20,Accra,Ghana,2q2sw72utw5gu9t5y4knckwba,NaN,NaN,20.0,active,no,NaN,NaN,NaN,NaN
eu6y488eb9zhaf6cqp9gu16ok,Andy,Masaryk,Andy,Masaryk,Male,A. Masaryk,Slovakia,7dybe8679n9bgyrcxi383pq3y,Attacker,player,2005-04-07,NaN,Slovakia,7dybe8679n9bgyrcxi383pq3y,NaN,NaN,30.0,active,no,NaN,NaN,NaN,NaN
ezec1c8uli4wz18eaysm5fuok,Alasana,Yirajang,NaN,NaN,Male,A. Yirajang,Gambia,4ix3ulx7h2a09r16jo9qdbuvp,Attacker,player,2004-11-12,Kartong,Gambia,4ix3ulx7h2a09r16jo9qdbuvp,NaN,NaN,10.0,active,yes,NaN,NaN,NaN,NaN
