id,firstName,lastName,shortFirstName,shortLastName,gender,matchName,nationality,nationalityId,position,type,dateOfBirth,countryOfBirth,countryOfBirthId,height,foot,shirtNumber,status,active,weight,placeOfBirth,secondNationality,secondNationalityId,knownName
2h94np282g0qtzal1czznequi,Anders,Nørbo Hoff Nielsen,Anders,Hoff,Male,A. Hoff,Denmark,5adf60vwiw2f2mibyq1k4ex7i,Goalkeeper,player,2003-09-04,Denmark,5adf60vwiw2f2mibyq1k4ex7i,188.0,right,31.0,active,yes,NaN,NaN,NaN,NaN,NaN
2p9y93r7xfjb71d1bfckcs53p,Oliver,Stanisic,Oliver,Stanisic,Male,O. Stanisic,Sweden,1z6l2c33w2kyz9rdefs1d68nb,Defender,player,1994-02-10,Sweden,1z6l2c33w2kyz9rdefs1d68nb,192.0,right,2.0,active,yes,NaN,NaN,NaN,NaN,NaN
2xewnia49fvj3u2x3y8tfq2ju,Simon Michael,Becher,Simon,Becher,Male,S. Becher,USA,7hr2f89v44y65dyu9k92vprwn,Attacker,player,1999-07-20,USA,7hr2f89v44y65dyu9k92vprwn,185.0,NaN,11.0,active,no,85.0,NaN,NaN,NaN,NaN
3epwf56ozg73hueacwmckk0r9,Sebastian,Pingel,Sebastian,Pingel,Male,S. Pingel,Denmark,5adf60vwiw2f2mibyq1k4ex7i,Attacker,player,1993-05-11,Denmark,5adf60vwiw2f2mibyq1k4ex7i,NaN,NaN,10.0,active,yes,NaN,NaN,NaN,NaN,NaN
3xbn4aym0k2nt9zbeblcd8dsl,Martin,Retov,Martin,Retov,Male,M. Retov,Denmark,5adf60vwiw2f2mibyq1k4ex7i,NaN,coach,1980-05-05,Denmark,5adf60vwiw2f2mibyq1k4ex7i,178.0,NaN,NaN,active,yes,82.0,Rødovre,NaN,NaN,NaN
4bkqvwlmbwul0s8lbbq6mifp,Søren,Reese,Søren,Reese,Male,S. Reese,Denmark,5adf60vwiw2f2mibyq1k4ex7i,Defender,player,1993-07-29,Denmark,5adf60vwiw2f2mibyq1k4ex7i,184.0,left,20.0,active,yes,71.0,Ingstrup,NaN,NaN,NaN
4i0jiisff5k1efcgf27skpqfo,Frederik,Roslyng Christiansen,Frederik,Roslyng,Male,F. Roslyng,Denmark,5adf60vwiw2f2mibyq1k4ex7i,Defender,player,2005-12-25,Denmark,5adf60vwiw2f2mibyq1k4ex7i,NaN,NaN,34.0,active,yes,NaN,NaN,NaN,NaN,NaN
4lxxyqy78jkglhv2w6crzcnsa,Ole Martin,Lekven Kolskogen,Ole,Kolskogen,Male,O. Kolskogen,Norway,7f16iy4w8u8ogyn6pfooqwv5z,Defender,player,2001-01-20,Norway,7f16iy4w8u8ogyn6pfooqwv5z,187.0,right,24.0,active,yes,73.0,Bergen,NaN,NaN,NaN
4m3slt6iikaxklqd12i719rl5,Moses,Opondo,Moses,Opondo,Male,M. Opondo,Uganda,1j6yonplolalz6goyopv7xd1k,Midfielder,player,1997-10-28,Uganda,1j6yonplolalz6goyopv7xd1k,174.0,right,6.0,active,yes,72.0,NaN,Denmark,5adf60vwiw2f2mibyq1k4ex7i,NaN
4m9sp9mxlsjk6fv7v218yqfv9,Marvin,Egho,Marvin,Egho,Male,M. Egho,Austria,hcs1bd49qliqqity6o268jyt,Attacker,player,1994-05-09,Austria,hcs1bd49qliqqity6o268jyt,188.0,left,45.0,active,yes,75.0,Wien,NaN,NaN,NaN
4mxciw9jsj9l437fd7bv78p91,Jakob,Svarrer Ankersen,Jakob,Ankersen,Male,J. Ankersen,Denmark,5adf60vwiw2f2mibyq1k4ex7i,Midfielder,player,1990-09-22,Denmark,5adf60vwiw2f2mibyq1k4ex7i,182.0,right,7.0,active,yes,70.0,Esbjerg,NaN,NaN,NaN
51ymbnikkta369rn3exb1g7bo,Abdul,Salam Moro,NaN,NaN,Male,A. Moro,Denmark,5adf60vwiw2f2mibyq1k4ex7i,Unknown,player,NaN,Denmark,5adf60vwiw2f2mibyq1k4ex7i,NaN,NaN,NaN,active,yes,NaN,NaN,NaN,NaN,NaN
5lu7bn7uec3zjqpoi1x81gbu1,Sebastian,Lund Hausner,Sebastian,Hausner,Male,S. Hausner,Denmark,5adf60vwiw2f2mibyq1k4ex7i,Defender,player,2000-04-11,Denmark,5adf60vwiw2f2mibyq1k4ex7i,188.0,right,4.0,active,yes,78.0,Horsens,NaN,NaN,NaN
5oesz1ge01l4ay7llja4a3alm,Rogers,Mugisha,Rogers,Mugisha,Male,R. Mugisha,Uganda,1j6yonplolalz6goyopv7xd1k,Attacker,player,2003-06-06,Uganda,1j6yonplolalz6goyopv7xd1k,NaN,NaN,16.0,active,yes,NaN,NaN,NaN,NaN,NaN
5w0giylttgiapseaw6qky0mxg,Frederik,Juul Christensen,NaN,NaN,Male,F. Christensen,Denmark,5adf60vwiw2f2mibyq1k4ex7i,Midfielder,player,2000-01-19,Denmark,5adf60vwiw2f2mibyq1k4ex7i,176.0,NaN,18.0,active,yes,70.0,NaN,NaN,NaN,NaN
61vr9xr91fr4g6ayzga5vn9w5,Alexander,Ludwig,Alexander,Ludwig,Male,A. Ludwig,Denmark,5adf60vwiw2f2mibyq1k4ex7i,Defender,player,1993-06-30,Denmark,5adf60vwiw2f2mibyq1k4ex7i,184.0,left,33.0,active,yes,85.0,København,NaN,NaN,NaN
6xisosaqrokplph1s2rhrui38,Sory,Traoré,Sory,Traore,Male,S. Traoré,Guinea,4i9sg55wigitrfx7290f59ceo,Attacker,player,2005-03-13,Guinea,4i9sg55wigitrfx7290f59ceo,NaN,NaN,NaN,active,yes,NaN,NaN,NaN,NaN,NaN
7353ysa16qgg30b9z5qiagys4,Alagie,Saine,Alagie,Saine,Male,A. Saine,Gambia,4ix3ulx7h2a09r16jo9qdbuvp,Defender,player,2003-01-20,Gambia,4ix3ulx7h2a09r16jo9qdbuvp,186.0,right,28.0,active,yes,NaN,NaN,NaN,NaN,NaN
7hso2bszmf4qal560jhrg2904,Yamirou,Ouorou,NaN,NaN,Male,Y. Ouorou,Benin,3o5wco7tkqgfmys9exmt5fo2h,Unknown,player,NaN,Benin,3o5wco7tkqgfmys9exmt5fo2h,NaN,NaN,NaN,active,yes,NaN,NaN,NaN,NaN,NaN
7odg3dte6eh3uuv1cjnd3oefo,Andreas,Kampp Kiilerich Hermansen,Andreas,Hermansen,Male,A. Hermansen,Denmark,5adf60vwiw2f2mibyq1k4ex7i,Goalkeeper,player,2004-05-01,Denmark,5adf60vwiw2f2mibyq1k4ex7i,NaN,NaN,40.0,active,yes,NaN,NaN,NaN,NaN,NaN
7x5op2llscnltkn0pkshbwlxw,Mads,Lyng,Mads,Lyng,Male,M. Lyng,Denmark,5adf60vwiw2f2mibyq1k4ex7i,NaN,assistant coach,NaN,Denmark,5adf60vwiw2f2mibyq1k4ex7i,NaN,NaN,NaN,active,yes,NaN,NaN,NaN,NaN,NaN
8112qk6z1vwmhhsh103x6vuhg,Samuel,Walseth Juel,NaN,NaN,Male,S. Juel,Denmark,5adf60vwiw2f2mibyq1k4ex7i,Defender,player,2005-04-21,Denmark,5adf60vwiw2f2mibyq1k4ex7i,NaN,NaN,29.0,active,yes,NaN,NaN,NaN,NaN,NaN
8uhv14rin2znrr0wqgvcc2f2t,Matej,Delač,Matej,Delac,Male,M. Delač,Croatia,37hlakrwxyuzovaeoo4sezusp,Goalkeeper,player,1992-08-20,Bosnia and Herzegovina,4fue8u54361o79fbiu9qwxjer,190.0,right,1.0,active,yes,80.0,Gornji Vakuf,Bosnia and Herzegovina,4fue8u54361o79fbiu9qwxjer,NaN
9dh7cnu4uzbraeck0t5iqlj4k,Adam Herman Bengt,Herdonsson,Adam,Herdonsson,Male,A. Herdonsson,Sweden,1z6l2c33w2kyz9rdefs1d68nb,Midfielder,player,2004-04-07,Sweden,1z6l2c33w2kyz9rdefs1d68nb,NaN,NaN,17.0,active,yes,NaN,NaN,NaN,NaN,NaN
9p9cd8xw4fz5mihxm69exb7ys,Omar,Jarju,NaN,NaN,Male,O. Jarju,Gambia,4ix3ulx7h2a09r16jo9qdbuvp,Attacker,player,2005-10-18,Gambia,4ix3ulx7h2a09r16jo9qdbuvp,NaN,NaN,NaN,active,yes,NaN,NaN,NaN,NaN,NaN
9tdl50o579ut0oj2eec0dprtg,Angelo Luca,Nehme,Angelo,Nehmé,Male,A. Nehme,Denmark,5adf60vwiw2f2mibyq1k4ex7i,Midfielder,player,2004-01-23,Denmark,5adf60vwiw2f2mibyq1k4ex7i,165.0,both,22.0,active,yes,NaN,NaN,NaN,NaN,NaN
a48bpdpt0siemxqtr3rubwbu,Muhamet,Hyseni,Muhamet,Hyseni,Male,M. Hyseni,Kosovo,86u6edbqifdjsn49mbp2anw7p,Attacker,player,2001-02-06,Kosovo,86u6edbqifdjsn49mbp2anw7p,NaN,NaN,9.0,active,yes,NaN,NaN,NaN,NaN,NaN
a6ymx4wkrn260rtpb360nsiqd,Mikkel,Kallesøe Andreasen,Mikkel,Kallesøe,Male,M. Kallesøe,Denmark,5adf60vwiw2f2mibyq1k4ex7i,Defender,player,1997-04-20,Denmark,5adf60vwiw2f2mibyq1k4ex7i,193.0,right,25.0,active,yes,80.0,Lemvig,NaN,NaN,NaN
aomjkj5s52jkzgk3ljsz0osiy,Emanuel,Perez,Manny,Perez,Male,E. Perez,USA,7hr2f89v44y65dyu9k92vprwn,Defender,player,1999-02-19,USA,7hr2f89v44y65dyu9k92vprwn,183.0,NaN,3.0,active,no,73.0,Garner,Mexico,5trdr3jf42i20zj1hnkvcytr6,NaN
b9g3gwxlao9u6y4elz1sdukmh,Elijah Henry,Just,Elijah,Just,Male,E. Just,New Zealand,wcq2y28a27syx5do1k2i2nj8,Midfielder,player,2000-05-01,New Zealand,wcq2y28a27syx5do1k2i2nj8,174.0,right,27.0,active,yes,68.0,Palmerston North,NaN,NaN,NaN
bdz03qovxerzrv12lgljae1p0,Christ,Tapé,Christ,Tapé,Male,C. Tapé,Côte d'Ivoire,tin6kf561ywonqan0mettr98,Defender,player,2006-03-02,Côte d'Ivoire,tin6kf561ywonqan0mettr98,NaN,NaN,NaN,active,yes,NaN,NaN,NaN,NaN,NaN
c1p51x3fg0dgss14z9vozfqc4,Anton Noah Christian,Ekeroth,Anton,Ekeroth,Male,A. Ekeroth,Sweden,1z6l2c33w2kyz9rdefs1d68nb,Defender,player,2001-09-16,Sweden,1z6l2c33w2kyz9rdefs1d68nb,NaN,NaN,12.0,active,no,NaN,NaN,NaN,NaN,NaN
cl4xl80n4gew1ox03r3ooshrd,Oliver,Kjærgaard,Oliver,Kjærgaard,Male,O. Kjærgaard,Denmark,5adf60vwiw2f2mibyq1k4ex7i,Midfielder,player,1998-07-11,Denmark,5adf60vwiw2f2mibyq1k4ex7i,184.0,NaN,NaN,active,yes,76.0,NaN,NaN,NaN,NaN
cphvg2nexeks2vwd2ezb4zuok,Odilon Bryan,Me Atowoula Kouassi,Odilon,Kouassi,Male,O. Kouassi,Côte d'Ivoire,tin6kf561ywonqan0mettr98,Midfielder,player,2005-10-13,Côte d'Ivoire,tin6kf561ywonqan0mettr98,187.0,NaN,8.0,active,yes,NaN,NaN,NaN,NaN,NaN
cqsc3mj8klukkgutdrpegybdg,Kwaku,Karikari,NaN,NaN,Male,K. Karikari,Ghana,2q2sw72utw5gu9t5y4knckwba,Attacker,player,2002-03-25,Ghana,2q2sw72utw5gu9t5y4knckwba,NaN,NaN,21.0,active,yes,NaN,NaN,NaN,NaN,NaN
dsfbfzwy3c06mu50ee89qrbsa,Marinus Frederik,Løvgren Larsen,Marinus,Larsen,Male,M. Larsen,Denmark,5adf60vwiw2f2mibyq1k4ex7i,Midfielder,player,2003-12-30,Denmark,5adf60vwiw2f2mibyq1k4ex7i,169.0,right,19.0,active,yes,63.0,NaN,NaN,NaN,NaN
e2157naqwp1qdsgaxre307cb8,Hjalte,Toftegaard,Hjalte,Toftegaard,Male,H. Toftegaard,Denmark,5adf60vwiw2f2mibyq1k4ex7i,Midfielder,player,2006-06-25,Denmark,5adf60vwiw2f2mibyq1k4ex7i,NaN,NaN,23.0,active,yes,NaN,NaN,NaN,NaN,NaN
eso2tbbpnxu9qvx6zy07m5jx0,Julius,Madsen,NaN,NaN,Male,J. Madsen,Denmark,5adf60vwiw2f2mibyq1k4ex7i,Midfielder,player,2003-08-01,Denmark,5adf60vwiw2f2mibyq1k4ex7i,NaN,NaN,14.0,active,yes,NaN,Næstved,NaN,NaN,NaN
2il3e76bk2e6mro0yrbzsa9ec,Kim,Engstrøm,NaN,NaN,Male,K. Engstrøm,Denmark,5adf60vwiw2f2mibyq1k4ex7i,NaN,coach,1979-10-29,Denmark,5adf60vwiw2f2mibyq1k4ex7i,NaN,NaN,NaN,active,yes,NaN,NaN,NaN,NaN,NaN
2k5289tevc2gxo04i83io5a3u,Emil,Rosberg Møller,Emil,Møller,Male,E. Møller,Denmark,5adf60vwiw2f2mibyq1k4ex7i,Defender,player,2004-05-31,Denmark,5adf60vwiw2f2mibyq1k4ex7i,NaN,NaN,24.0,active,yes,NaN,NaN,NaN,NaN,NaN
2uellcocrvapu7o70g5zdcmad,Jacob,Egeris Pedersen,NaN,NaN,Male,J. Egeris,Denmark,5adf60vwiw2f2mibyq1k4ex7i,Defender,player,1990-05-19,Mexico,5trdr3jf42i20zj1hnkvcytr6,188.0,right,5.0,active,yes,83.0,Ixtlan,NaN,NaN,NaN
38shfw53eg5qtvem3d3ou04r8,Ruben,Stabell Minerba,NaN,NaN,Male,R. Minerba,Denmark,5adf60vwiw2f2mibyq1k4ex7i,Defender,player,2005-05-02,Denmark,5adf60vwiw2f2mibyq1k4ex7i,187.0,right,23.0,active,yes,NaN,NaN,NaN,NaN,NaN
4a0jmv6qmwn01iuqp1mhnyzth,Nicolaj,Thomsen,Nicolaj,Thomsen,Male,N. Thomsen,Denmark,5adf60vwiw2f2mibyq1k4ex7i,Midfielder,player,1993-05-08,Denmark,5adf60vwiw2f2mibyq1k4ex7i,180.0,right,27.0,active,yes,75.0,Skagen,NaN,NaN,NaN
5u9zrgsm6wycfcbk04m64wd1w,Niels Henrik,Melsæther Morberg,NaN,NaN,Male,N. Morberg,Denmark,5adf60vwiw2f2mibyq1k4ex7i,Midfielder,player,2001-02-20,Denmark,5adf60vwiw2f2mibyq1k4ex7i,NaN,NaN,6.0,active,yes,NaN,NaN,Norway,7f16iy4w8u8ogyn6pfooqwv5z,NaN
6dki65mdd3letfjjj51i0w3c9,Andreas,Heimer Hansen,Andreas,Heimer Hansen,Male,A. Heimer,Denmark,5adf60vwiw2f2mibyq1k4ex7i,Midfielder,player,1997-12-10,Denmark,5adf60vwiw2f2mibyq1k4ex7i,183.0,NaN,20.0,active,yes,75.0,København,NaN,NaN,NaN
6g671k5lvgoo2bgub2516q1w4,Ludvig,Fagersted Henriksen,NaN,NaN,Male,L. Henriksen,Denmark,5adf60vwiw2f2mibyq1k4ex7i,Defender,player,2001-11-23,Denmark,5adf60vwiw2f2mibyq1k4ex7i,NaN,NaN,2.0,active,yes,NaN,NaN,NaN,NaN,NaN
6otr0cifkk9jbmxc2ew2spka,Ahmed,Daghim,Ahmed,Daghim,Male,Ahmed Daghim,Palestine,1iq272xbm8xx01hiu7thq4tgt,Midfielder,player,2001-04-07,Denmark,5adf60vwiw2f2mibyq1k4ex7i,NaN,right,7.0,active,yes,NaN,NaN,Denmark,5adf60vwiw2f2mibyq1k4ex7i,NaN
7kpojg6qp0943wdweelu6w9hw,Dino,Alijagic,NaN,NaN,Male,D. Alijagic,Denmark,5adf60vwiw2f2mibyq1k4ex7i,Attacker,player,2007-03-18,Denmark,5adf60vwiw2f2mibyq1k4ex7i,NaN,NaN,29.0,active,yes,NaN,NaN,NaN,NaN,NaN
86mx27krl6c613x6e3t9g3cic,Fisnik,Isaki,Fisnik,Isaki,Male,F. Isaki,North Macedonia,1lesyxylc5eza0a4z87t9azcc,Midfielder,player,2003-04-27,Denmark,5adf60vwiw2f2mibyq1k4ex7i,178.0,left,18.0,active,yes,68.0,NaN,Denmark,5adf60vwiw2f2mibyq1k4ex7i,NaN
8i0o1b8rjsab9se3v6vteqmfo,Chukwuemeka Paul,Nnamani,Chukwuemeka,Nnamani,Male,E. Nnamani,Denmark,5adf60vwiw2f2mibyq1k4ex7i,Attacker,player,2001-11-04,Denmark,5adf60vwiw2f2mibyq1k4ex7i,183.0,both,11.0,active,yes,NaN,Rødovre,Nigeria,63pvdwrsiq5b07mzi8igqei9p,Emeka
8xe0fufxfgf5cuwgysz3r2j85,Emil,Nørmark Christensen,NaN,NaN,Male,E. Christensen,Denmark,5adf60vwiw2f2mibyq1k4ex7i,Defender,player,1997-07-10,Denmark,5adf60vwiw2f2mibyq1k4ex7i,190.0,NaN,28.0,active,yes,83.0,NaN,NaN,NaN,NaN
8xfqengyrwgxhhi86ok88vf2s,Magnus,Bøttker,Magnus,Bøttker,Male,M. Bøttker,Denmark,5adf60vwiw2f2mibyq1k4ex7i,Attacker,player,2004-08-11,Denmark,5adf60vwiw2f2mibyq1k4ex7i,NaN,NaN,26.0,active,yes,NaN,NaN,NaN,NaN,NaN
9213debwtuph6cjborx73sx78,Osvald Gabriel,Søe,NaN,NaN,Male,O. Søe,Denmark,5adf60vwiw2f2mibyq1k4ex7i,Defender,player,2005-11-05,Denmark,5adf60vwiw2f2mibyq1k4ex7i,187.0,NaN,12.0,active,yes,NaN,NaN,NaN,NaN,NaN
9y3vs6l0mjj38z0kw062jlh3p,Aris Nikolaos,Halling Vaporakis,Aris,Vaporakis,Male,A. Vaporakis,Denmark,5adf60vwiw2f2mibyq1k4ex7i,Goalkeeper,player,1995-01-06,Denmark,5adf60vwiw2f2mibyq1k4ex7i,184.0,NaN,1.0,active,yes,77.0,NaN,NaN,NaN,NaN
a0i74nqik3lbi02ngno0m0ys4,Abdullah,Iqbal,Abdullah,Iqbal,Male,Abdullah Iqbal,Pakistan,4pjfgdjadjcfgts4nljt6mh0s,Defender,player,2002-07-27,Denmark,5adf60vwiw2f2mibyq1k4ex7i,NaN,NaN,4.0,active,no,NaN,NaN,Denmark,5adf60vwiw2f2mibyq1k4ex7i,Abdullah Iqbal
ab3nxxoj7bxlnhot9htoex1xw,Gustav,Højbjerg,NaN,NaN,Male,G. Højbjerg,Denmark,5adf60vwiw2f2mibyq1k4ex7i,Defender,player,2003-12-03,Denmark,5adf60vwiw2f2mibyq1k4ex7i,187.0,left,21.0,active,yes,NaN,NaN,NaN,NaN,NaN
as7qhgi67gngq0nb3zmwg8jro,Sebastian,Senna Clemmensen,NaN,NaN,Male,S. Clemmensen,Denmark,5adf60vwiw2f2mibyq1k4ex7i,Attacker,player,2003-09-01,Denmark,5adf60vwiw2f2mibyq1k4ex7i,179.0,left,10.0,active,yes,70.0,NaN,Togo,3jiuckrqd0zejkm452st5dyq7,NaN
b2gkyjq8emj9pywryc3rycogl,Michael Aksel,Bataican Falkesgaard,Michael,Falkesgaard,Male,M. Falkesgaard,Philippines,2bn52u7dpgfatwqumx224cczx,Goalkeeper,player,1991-04-09,Denmark,5adf60vwiw2f2mibyq1k4ex7i,191.0,right,13.0,active,yes,81.0,NaN,NaN,NaN,NaN
dja68kdmhtsm9x5zqzgtpqas4,Tobias,Vedel Blidegn,NaN,NaN,Male,T. Blidegn,Denmark,5adf60vwiw2f2mibyq1k4ex7i,Midfielder,player,2005-03-08,Denmark,5adf60vwiw2f2mibyq1k4ex7i,NaN,NaN,16.0,active,yes,NaN,NaN,NaN,NaN,NaN
dme4jqo3w3abg6z0vt1gnkpp0,Danis,Faljic,NaN,NaN,Male,D. Faljic,Denmark,5adf60vwiw2f2mibyq1k4ex7i,Midfielder,player,2007-04-12,Denmark,5adf60vwiw2f2mibyq1k4ex7i,NaN,NaN,NaN,active,yes,NaN,NaN,NaN,NaN,NaN
e8vt8711wb40afht2v13omket,Mikkel,Wohlgemuth,Mikkel,Wohlgemuth,Male,M. Wohlgemuth,Denmark,5adf60vwiw2f2mibyq1k4ex7i,Midfielder,player,1995-06-04,Denmark,5adf60vwiw2f2mibyq1k4ex7i,179.0,right,14.0,active,yes,75.0,NaN,NaN,NaN,NaN
erb2xg622lfmo3jp5lgwcsrh0,Elias Buch,Idrissi,NaN,NaN,Male,E. Idrissi,Denmark,5adf60vwiw2f2mibyq1k4ex7i,Unknown,player,NaN,Denmark,5adf60vwiw2f2mibyq1k4ex7i,NaN,NaN,NaN,active,yes,NaN,NaN,NaN,NaN,NaN
eyvv6b94feknnp1uew6n0ytat,Nicklas Mouritz,Mouritsen,Nicklas,Mouritsen,Male,N. Mouritsen,Denmark,5adf60vwiw2f2mibyq1k4ex7i,Defender,player,1995-03-15,Denmark,5adf60vwiw2f2mibyq1k4ex7i,180.0,left,3.0,active,yes,73.0,København,NaN,NaN,NaN
ezbixgm2km8iapnsl57bn4wkp,Mikkel,Mouritz Jensen,NaN,NaN,Male,M. Mouritz,Denmark,5adf60vwiw2f2mibyq1k4ex7i,Midfielder,player,1997-01-22,Denmark,5adf60vwiw2f2mibyq1k4ex7i,176.0,NaN,8.0,active,yes,NaN,NaN,NaN,NaN,NaN
kqj7nh6pqmqbt0abyyu0fcpg,Osman Abdulkadir,Addo,NaN,NaN,Male,O. Addo,Denmark,5adf60vwiw2f2mibyq1k4ex7i,Attacker,player,2004-03-31,Denmark,5adf60vwiw2f2mibyq1k4ex7i,NaN,right,22.0,active,yes,NaN,NaN,NaN,NaN,NaN
zpl7lyln792rt0b2oedamvbo,Jonathan,Mathys,NaN,NaN,Male,J. Mathys,Denmark,5adf60vwiw2f2mibyq1k4ex7i,Attacker,player,2004-01-08,Denmark,5adf60vwiw2f2mibyq1k4ex7i,185.0,right,9.0,active,yes,NaN,NaN,NaN,NaN,NaN
15jis83lol1yvu17js2m0g8b8,Oliver,Svendsen,Oliver,Svendsen,Male,O. Svendsen,Denmark,5adf60vwiw2f2mibyq1k4ex7i,Defender,player,2004-01-08,Denmark,5adf60vwiw2f2mibyq1k4ex7i,NaN,NaN,3.0,active,yes,NaN,NaN,NaN,NaN,NaN
15yli690oxmbr4dl1ksti2p9m,Mikail,Maden,Mikail,Maden,Male,M. Maden,Norway,7f16iy4w8u8ogyn6pfooqwv5z,Midfielder,player,2002-01-17,Norway,7f16iy4w8u8ogyn6pfooqwv5z,NaN,NaN,8.0,active,yes,NaN,NaN,NaN,NaN,NaN
1se7wkenvs4elrapvdw9mdnje,Leonel,Dahl Montano,Leonel,Montano,Male,L. Montano,Denmark,5adf60vwiw2f2mibyq1k4ex7i,Defender,player,1999-10-02,Denmark,5adf60vwiw2f2mibyq1k4ex7i,190.0,left,21.0,active,yes,NaN,NaN,Colombia,6kby8rq1p01fg5ds38ckkrcs5,NaN
2zp6y48cwwnk82pmqmvs5qxgp,Lars Lungi,Sørensen,NaN,NaN,Male,L. Sørensen,Denmark,5adf60vwiw2f2mibyq1k4ex7i,NaN,coach,1969-05-04,Denmark,5adf60vwiw2f2mibyq1k4ex7i,NaN,NaN,NaN,active,yes,NaN,NaN,NaN,NaN,NaN
3409nwopzba99bytmeg62h3is,Emel,Omerović,NaN,NaN,Male,E. Omerović,Bosnia and Herzegovina,4fue8u54361o79fbiu9qwxjer,Defender,player,2006-03-09,Bosnia and Herzegovina,4fue8u54361o79fbiu9qwxjer,NaN,right,NaN,active,yes,NaN,NaN,Denmark,5adf60vwiw2f2mibyq1k4ex7i,NaN
37mo55lynu3blqnb8k9ln8k16,Patrick,Lindholm Tjørnelund,Patrick,Tjørnelund,Male,P. Tjørnelund,Denmark,5adf60vwiw2f2mibyq1k4ex7i,Defender,player,2002-04-05,Denmark,5adf60vwiw2f2mibyq1k4ex7i,NaN,NaN,4.0,active,yes,NaN,NaN,NaN,NaN,NaN
3pgcuwxh1p5b4t4wxm0ofahhw,Mads,Svane,NaN,NaN,Male,M. Svane,Denmark,5adf60vwiw2f2mibyq1k4ex7i,Defender,player,2006-05-11,Denmark,5adf60vwiw2f2mibyq1k4ex7i,NaN,NaN,31.0,active,yes,NaN,NaN,NaN,NaN,NaN
45bcgucg627rhrdgt8tn9hd9m,Kasper,Thiesson Kristensen,Kasper,Kristensen,Male,K. Kristensen,Denmark,5adf60vwiw2f2mibyq1k4ex7i,Goalkeeper,player,1999-08-04,Denmark,5adf60vwiw2f2mibyq1k4ex7i,191.0,right,16.0,active,yes,75.0,Aarhus,NaN,NaN,NaN
46nx0rm8sod6bbo4a3d7g6jv8,Elias Valentin,Andersen,NaN,NaN,Male,E. Andersen,Denmark,5adf60vwiw2f2mibyq1k4ex7i,Attacker,player,2005-02-22,Denmark,5adf60vwiw2f2mibyq1k4ex7i,189.0,NaN,39.0,active,yes,NaN,NaN,NaN,NaN,NaN
4jve632xnmqujh4ioaxpaovai,Tim,Freriks,Tim,Freriks,Male,T. Freriks,Netherlands,6hzi5pltnz67q4la8yli9qfv6,Attacker,player,1998-10-02,Netherlands,6hzi5pltnz67q4la8yli9qfv6,NaN,NaN,14.0,active,yes,NaN,NaN,NaN,NaN,NaN
4tmufy48y5xskoe0yqcj9xa1g,Emil,Jørgensen,NaN,NaN,Male,E. Jørgensen,Denmark,5adf60vwiw2f2mibyq1k4ex7i,Goalkeeper,player,2004-04-21,Denmark,5adf60vwiw2f2mibyq1k4ex7i,NaN,NaN,34.0,active,yes,NaN,NaN,NaN,NaN,NaN
4yyiv4t6irqpeayug5qgvmkmh,Benjamin,Steenfeldt Hvidt,Benjamin,Hvidt,Male,B. Hvidt,Denmark,5adf60vwiw2f2mibyq1k4ex7i,Midfielder,player,2000-03-12,Denmark,5adf60vwiw2f2mibyq1k4ex7i,184.0,right,22.0,active,yes,80.0,Aarhus,NaN,NaN,NaN
6hmsrr08cllpl4iumu92zskbt,Lucas,Skjoldberg From,NaN,NaN,Male,L. From,Denmark,5adf60vwiw2f2mibyq1k4ex7i,Attacker,player,1999-05-22,Denmark,5adf60vwiw2f2mibyq1k4ex7i,185.0,right,7.0,active,yes,NaN,NaN,NaN,NaN,NaN
7fkc01xxyl1trj3uav134ehyi,Daniel,Gadegaard Andersen,Daniel,Gadegaard Andersen,Male,D. Gadegaard,Denmark,5adf60vwiw2f2mibyq1k4ex7i,Goalkeeper,player,2001-05-31,Denmark,5adf60vwiw2f2mibyq1k4ex7i,191.0,NaN,1.0,active,yes,80.0,NaN,NaN,NaN,NaN
7wo1hk736v1xhovvu2t2trw89,Yacine,Bourhane,Yacine,Bourhane,Male,Y. Bourhane,Comoros,40fy8dkxp9lwfufwmbnctzlz6,Midfielder,player,1998-09-30,France,7gww28djs405rfga69smki84o,184.0,left,10.0,active,yes,74.0,Noisy-le-Grand,France,7gww28djs405rfga69smki84o,NaN
839pm7rmjp6q1bt52f7ek9vys,Johan,Meyer,Johan,Meyer,Male,J. Meyer,Denmark,5adf60vwiw2f2mibyq1k4ex7i,Defender,player,2004-01-05,Denmark,5adf60vwiw2f2mibyq1k4ex7i,192.0,right,NaN,active,yes,NaN,Hillerød,NaN,NaN,NaN
98mkoolgahktzky97y0khdq1g,Frederik,Strømdahl Flaskager,Frederik,Flaskager,Male,F. Flaskager,Denmark,5adf60vwiw2f2mibyq1k4ex7i,Attacker,player,2005-01-29,Denmark,5adf60vwiw2f2mibyq1k4ex7i,178.0,NaN,26.0,active,yes,74.0,NaN,NaN,NaN,NaN
9xxdec5pv5plas9ve4ehs4nop,Elias Fritjof,Grænge Sørensen,Elias,Sørensen,Male,E. Sørensen,Denmark,5adf60vwiw2f2mibyq1k4ex7i,Attacker,player,1999-09-18,Denmark,5adf60vwiw2f2mibyq1k4ex7i,189.0,right,9.0,active,no,NaN,Sjunkeby,NaN,NaN,NaN
aaen6ay582tscjs71i2wvfu1h,Jesper,Lange,NaN,NaN,Male,J. Lange,Denmark,5adf60vwiw2f2mibyq1k4ex7i,Attacker,player,1986-01-11,Denmark,5adf60vwiw2f2mibyq1k4ex7i,178.0,NaN,NaN,active,yes,71.0,Odense,NaN,NaN,NaN
alqojx5s6i7yi5116lzix02l0,Martin,Kjær Kruse,NaN,NaN,Male,M. Kruse,Denmark,5adf60vwiw2f2mibyq1k4ex7i,Unknown,player,NaN,Denmark,5adf60vwiw2f2mibyq1k4ex7i,NaN,NaN,NaN,active,yes,NaN,NaN,NaN,NaN,NaN
ate1ymumg2iwzn8uyyf3ts222,Andreas,Sejr Lausen,NaN,NaN,Male,A. Lausen,Denmark,5adf60vwiw2f2mibyq1k4ex7i,Midfielder,player,2002-10-15,Denmark,5adf60vwiw2f2mibyq1k4ex7i,NaN,NaN,12.0,active,yes,NaN,NaN,NaN,NaN,NaN
auv81snxkpk2ybxzi8giy5azt,Nicklas,Strunck Jakobsen,Nicklas,Strunck,Male,N. Strunck,Denmark,5adf60vwiw2f2mibyq1k4ex7i,Midfielder,player,1999-08-17,Denmark,5adf60vwiw2f2mibyq1k4ex7i,NaN,right,19.0,active,yes,NaN,Ølstykke,NaN,NaN,NaN
bmkwmf5f2ssnw2cq7uga7yd5g,Andreas,Troelsen,NaN,NaN,Male,A. Troelsen,Denmark,5adf60vwiw2f2mibyq1k4ex7i,Defender,player,2003-05-31,Denmark,5adf60vwiw2f2mibyq1k4ex7i,188.0,left,5.0,active,yes,NaN,NaN,NaN,NaN,NaN
bziblrmt2iq3eyv5b96trlwd0,Kalle Bjerregaard,Pedersen,NaN,NaN,Male,K. Pedersen,Denmark,5adf60vwiw2f2mibyq1k4ex7i,Defender,player,NaN,Denmark,5adf60vwiw2f2mibyq1k4ex7i,NaN,NaN,NaN,active,yes,NaN,NaN,NaN,NaN,NaN
c7buy99bjqmkmno8w5t0189d6,Tobias Kirstrup,Stagaard,Tobias,Stagaard,Male,T. Stagaard,Denmark,5adf60vwiw2f2mibyq1k4ex7i,Defender,player,2002-01-29,Denmark,5adf60vwiw2f2mibyq1k4ex7i,187.0,NaN,15.0,active,yes,NaN,NaN,NaN,NaN,NaN
cod92jjb3qqrg6n1tu15ciwpg,Marcus,Winther Hansen,NaN,NaN,Male,M. Hansen,Denmark,5adf60vwiw2f2mibyq1k4ex7i,Midfielder,player,2002-05-21,Denmark,5adf60vwiw2f2mibyq1k4ex7i,NaN,NaN,18.0,active,yes,NaN,NaN,NaN,NaN,NaN
dkuinrikn3htd1kilcsce2bit,Emil,Frost Holten,Emil,Holten,Male,E. Holten,Denmark,5adf60vwiw2f2mibyq1k4ex7i,Attacker,player,1996-08-08,Denmark,5adf60vwiw2f2mibyq1k4ex7i,195.0,NaN,11.0,active,no,78.0,NaN,NaN,NaN,NaN
eas91my7qw7etoha5plxfk9yi,Jonas,Søgaard Mortensen,Jonas,Mortensen,Male,J. Mortensen,Denmark,5adf60vwiw2f2mibyq1k4ex7i,Defender,player,2001-01-16,Denmark,5adf60vwiw2f2mibyq1k4ex7i,179.0,right,2.0,active,yes,68.0,NaN,NaN,NaN,NaN
efh8bbfaqg4riyedthbbviuad,Jesper,Alkærsig Lauridsen,Jesper,Lauridsen,Male,J. Lauridsen,Denmark,5adf60vwiw2f2mibyq1k4ex7i,Defender,player,1991-03-27,Denmark,5adf60vwiw2f2mibyq1k4ex7i,182.0,left,6.0,active,yes,78.0,Herning,NaN,NaN,NaN
23sc7wc7my7wes6cuaxw1v0no,Jonatan,Holm Lindekilde,Jonatan,Lindekilde,Male,J. Lindekilde,Denmark,5adf60vwiw2f2mibyq1k4ex7i,Defender,player,2006-03-31,Denmark,5adf60vwiw2f2mibyq1k4ex7i,188.0,NaN,21.0,active,yes,NaN,NaN,NaN,NaN,NaN
289rctmvd5ppy9zqn98jbe4et,Agon Fatmir,Muçolli,Agon,Muçolli,Male,A. Muçolli,Albania,17zsm8shejejls2on1ffil3op,Attacker,player,1998-09-26,Denmark,5adf60vwiw2f2mibyq1k4ex7i,172.0,left,98.0,active,yes,72.0,Fredericia,Denmark,5adf60vwiw2f2mibyq1k4ex7i,NaN
2cup1vjw8n43kbzzxfflnmplg,Jagvir,Singh Sidhu,Jagvir,Singh Sidhu,Male,J. Singh,Denmark,5adf60vwiw2f2mibyq1k4ex7i,Attacker,player,2001-01-04,Denmark,5adf60vwiw2f2mibyq1k4ex7i,175.0,NaN,NaN,active,no,NaN,NaN,India,pu2isxryiewd7pvejah6oqex,NaN
2zt1yrfv8m2mhpo720n0uydck,Daniel,Bisgaard Haarbo,Daniel,Haarbo,Male,D. Haarbo,Denmark,5adf60vwiw2f2mibyq1k4ex7i,Midfielder,player,2003-03-14,Denmark,5adf60vwiw2f2mibyq1k4ex7i,NaN,NaN,20.0,active,yes,NaN,NaN,NaN,NaN,NaN
3od63zrf6cay4d6ync9i2iuqc,Frederik,Thykær Rieper,Frederik,Rieper,Male,F. Rieper,Denmark,5adf60vwiw2f2mibyq1k4ex7i,Defender,player,1999-06-19,Denmark,5adf60vwiw2f2mibyq1k4ex7i,196.0,right,5.0,active,yes,83.0,Aarhus,NaN,NaN,NaN
45ssaw51hm80y1tfalyesap9m,Emilio,Stuberg Simonsen,Emilio,Simonsen,Male,E. Simonsen,Denmark,5adf60vwiw2f2mibyq1k4ex7i,Midfielder,player,1999-10-31,Denmark,5adf60vwiw2f2mibyq1k4ex7i,NaN,NaN,15.0,active,yes,NaN,NaN,NaN,NaN,NaN
4bojyjyvkdgm1lss6n37q2t5g,Daníel Freyr,Kristjánsson,Daníel,Kristjánsson,Male,D. Kristjánsson,Iceland,4jjsm5a20nnxgw5cus6b7yxc6,Defender,player,2005-08-30,Iceland,4jjsm5a20nnxgw5cus6b7yxc6,NaN,left,17.0,active,yes,NaN,NaN,NaN,NaN,NaN
65g5cfsdr10378yvmkpm19444,Anders,Dahl,Anders,Dahl,Male,A. Dahl,Denmark,5adf60vwiw2f2mibyq1k4ex7i,Defender,player,2002-05-01,Denmark,5adf60vwiw2f2mibyq1k4ex7i,176.0,right,14.0,active,yes,65.0,NaN,NaN,NaN,NaN
6htmvmk8hnaxx8cwhc91vz7ys,Lukas Mellin,Døssing,NaN,NaN,Male,L. Døssing,Denmark,5adf60vwiw2f2mibyq1k4ex7i,Goalkeeper,player,2005-07-17,Denmark,5adf60vwiw2f2mibyq1k4ex7i,NaN,NaN,NaN,active,yes,NaN,NaN,NaN,NaN,NaN
6lb4k3g75nzgi8bp1y1mzxkru,Patrick,Hessellund Egelund,Patrick,Egelund,Male,P. Egelund,Denmark,5adf60vwiw2f2mibyq1k4ex7i,Attacker,player,2000-08-02,Denmark,5adf60vwiw2f2mibyq1k4ex7i,169.0,NaN,9.0,active,yes,63.0,NaN,NaN,NaN,NaN
6wfu6s6xo5zjeke21fgbouql0,Jakob,Vestergaard Jessen,NaN,NaN,Male,J. Jessen,Denmark,5adf60vwiw2f2mibyq1k4ex7i,Midfielder,player,2004-03-05,Denmark,5adf60vwiw2f2mibyq1k4ex7i,184.0,left,22.0,active,yes,NaN,NaN,NaN,NaN,NaN
6yev7nszmpylpqncom2gdkul1,Jeppe,Brinch-Vilhelmsen,Jeppe,Brinch,Male,J. Brinch,Denmark,5adf60vwiw2f2mibyq1k4ex7i,Defender,player,1995-05-08,Denmark,5adf60vwiw2f2mibyq1k4ex7i,185.0,NaN,3.0,active,yes,79.0,NaN,NaN,NaN,NaN
7g5mtjc5bxy2oxtmghn85az9w,Mathias,Høgh Gammelgård,NaN,NaN,Male,M. Gammelgård,Denmark,5adf60vwiw2f2mibyq1k4ex7i,Goalkeeper,player,NaN,Denmark,5adf60vwiw2f2mibyq1k4ex7i,NaN,NaN,25.0,active,yes,NaN,NaN,NaN,NaN,NaN
7ztdirfvd9d0x2yw1v051xzbo,William,Madsen,NaN,NaN,Male,W. Madsen,Denmark,5adf60vwiw2f2mibyq1k4ex7i,Midfielder,player,2002-04-05,Denmark,5adf60vwiw2f2mibyq1k4ex7i,NaN,NaN,13.0,active,yes,NaN,NaN,NaN,NaN,NaN
91xtn2wlot8g8ue89zn4iiyqy,Eskild,Munk Dall,Eskild,Dall,Male,E. Dall,Denmark,5adf60vwiw2f2mibyq1k4ex7i,Attacker,player,2003-01-08,Denmark,5adf60vwiw2f2mibyq1k4ex7i,186.0,right,19.0,active,yes,72.0,Aalborg,NaN,NaN,NaN
9jqox80arzpytv1b136jobhpm,Asbjørn Johnsen,Bøndergaard,Asbjørn,Bøndergaard,Male,A. Bøndergaard,Denmark,5adf60vwiw2f2mibyq1k4ex7i,Attacker,player,2004-05-05,Denmark,5adf60vwiw2f2mibyq1k4ex7i,184.0,right,16.0,active,yes,68.0,NaN,NaN,NaN,NaN
ayxi2m0g0pm6rl1ba5pto66z9,Gustav,Ølsted Marcussen,Gustav,Marcussen,Male,G. Marcussen,Denmark,5adf60vwiw2f2mibyq1k4ex7i,Midfielder,player,1998-06-12,Denmark,5adf60vwiw2f2mibyq1k4ex7i,178.0,right,7.0,active,yes,NaN,NaN,NaN,NaN,NaN
b1kyjkhaaiw32cb4bubbpm7tg,Jeppe,Kudsk Pedersen,Jeppe,Kudsk,Male,J. Kudsk,Denmark,5adf60vwiw2f2mibyq1k4ex7i,Defender,player,2003-02-25,Denmark,5adf60vwiw2f2mibyq1k4ex7i,188.0,right,4.0,active,yes,NaN,Holstebro,NaN,NaN,NaN
bvc80w5ai425plu54nhgx5fxl,Daniel,Lønborg Thøgersen,Daniel,Thøgersen,Male,D. Thøgersen,Denmark,5adf60vwiw2f2mibyq1k4ex7i,Defender,player,2000-01-08,Denmark,5adf60vwiw2f2mibyq1k4ex7i,183.0,left,2.0,active,yes,73.0,Esbjerg,NaN,NaN,NaN
cu2l7ju3t72stqhwaurrnqbqh,Mattias,Heðinsson Lamhauge,Mattias,Lamhauge,Male,M. Lamhauge,Faroe Islands,1glg6jsz6v1fkk8y9pq4fqjc4,Goalkeeper,player,1999-08-02,Faroe Islands,1glg6jsz6v1fkk8y9pq4fqjc4,NaN,NaN,1.0,active,yes,NaN,NaN,NaN,NaN,NaN
di9i2ld6fdcqfcb9351peawgl,Michael,Hansen,NaN,NaN,Male,M. Hansen,Denmark,5adf60vwiw2f2mibyq1k4ex7i,NaN,coach,1971-09-22,Denmark,5adf60vwiw2f2mibyq1k4ex7i,NaN,NaN,NaN,active,yes,NaN,NaN,NaN,NaN,NaN
dmfdjb50l4kw3l634nt7g0xlg,Viggo,Pørtner,NaN,NaN,Male,V. Pørtner,Denmark,5adf60vwiw2f2mibyq1k4ex7i,Unknown,player,NaN,Denmark,5adf60vwiw2f2mibyq1k4ex7i,NaN,NaN,NaN,active,yes,NaN,NaN,NaN,NaN,NaN
e8ncg8zfaq9njkv7owyqh9yzu,Oscar William,Fuglsang,Oscar,Fuglsang,Male,O. Fuglsang,Denmark,5adf60vwiw2f2mibyq1k4ex7i,Defender,player,2002-03-12,Denmark,5adf60vwiw2f2mibyq1k4ex7i,173.0,right,NaN,active,yes,64.0,Aarhus,NaN,NaN,NaN
ei3xmwfz8dah5e4lcbu4w98t1,Jesper,Lindorff Juelsgård,Jesper,Juelsgard,Male,J. Juelsgård,Denmark,5adf60vwiw2f2mibyq1k4ex7i,Defender,player,1989-01-26,Denmark,5adf60vwiw2f2mibyq1k4ex7i,180.0,left,18.0,active,yes,82.0,Spjald,NaN,NaN,NaN
eiy7fhqxdx3ypg4dq4454hpbe,Valdemar,Birksø Thorsen,Valdemar,Birksø,Male,V. Birksø,Denmark,5adf60vwiw2f2mibyq1k4ex7i,Goalkeeper,player,2001-03-17,Denmark,5adf60vwiw2f2mibyq1k4ex7i,NaN,NaN,90.0,active,yes,NaN,Brande,NaN,NaN,NaN
y4dl1rer075c9wz6zhx7skbt,Oscar,Buch,NaN,NaN,Male,O. Buch,Denmark,5adf60vwiw2f2mibyq1k4ex7i,Attacker,player,1997-02-14,Denmark,5adf60vwiw2f2mibyq1k4ex7i,NaN,NaN,97.0,active,yes,NaN,NaN,NaN,NaN,NaN
1el3mu4rgcx8tebrawgfvynf8,Selim,Baskaya,NaN,NaN,Male,S. Baskaya,Denmark,5adf60vwiw2f2mibyq1k4ex7i,Midfielder,player,2004-06-27,Denmark,5adf60vwiw2f2mibyq1k4ex7i,NaN,NaN,11.0,active,yes,NaN,NaN,Türkiye,6kd6webenogylfgwt2aa9l6vx,NaN
35og29e19w0ykeqcvudhpgr8,Nichlas,Monefeldt Vesterbæk,NaN,NaN,Male,N. Vesterbæk,Denmark,5adf60vwiw2f2mibyq1k4ex7i,Defender,player,2000-03-24,Denmark,5adf60vwiw2f2mibyq1k4ex7i,NaN,NaN,12.0,active,yes,NaN,NaN,NaN,NaN,NaN
3pl9bjh47loedh0xme4yyhs2y,Simon,Holden,NaN,NaN,Male,S. Holden,Denmark,5adf60vwiw2f2mibyq1k4ex7i,Midfielder,player,2000-11-10,Denmark,5adf60vwiw2f2mibyq1k4ex7i,185.0,right,NaN,active,no,NaN,NaN,NaN,NaN,NaN
4ieyvppe24gqdkm2xv2xlaluc,Oscar,Hjorth Reenberg,NaN,NaN,Male,O. Hjorth,Denmark,5adf60vwiw2f2mibyq1k4ex7i,Goalkeeper,player,2006-04-12,Denmark,5adf60vwiw2f2mibyq1k4ex7i,NaN,NaN,30.0,active,yes,NaN,NaN,NaN,NaN,NaN
4lac0f1ev5usxpka7gaev3hii,Marcus,Kristensen,Marcus,Kristensen,Male,M. Kristensen,Denmark,5adf60vwiw2f2mibyq1k4ex7i,Midfielder,player,2003-01-14,Denmark,5adf60vwiw2f2mibyq1k4ex7i,NaN,NaN,8.0,active,yes,NaN,NaN,NaN,NaN,NaN
4rhxehi019n7z1z1m7a39w1sk,Kasper,Nyegaard,NaN,NaN,Male,K. Nyegaard,Denmark,5adf60vwiw2f2mibyq1k4ex7i,Midfielder,player,2004-10-13,Denmark,5adf60vwiw2f2mibyq1k4ex7i,NaN,NaN,14.0,active,yes,NaN,NaN,NaN,NaN,NaN
65f1ckijc2btnprgz3s593dw4,Jonas,Horup Damkjær,NaN,NaN,Male,J. Damkjær,Denmark,5adf60vwiw2f2mibyq1k4ex7i,Midfielder,player,2001-11-04,Denmark,5adf60vwiw2f2mibyq1k4ex7i,NaN,NaN,22.0,active,yes,NaN,NaN,NaN,NaN,NaN
6bkuzenpse2kzirt9q7qeisd0,Marc,Winkel,NaN,NaN,Male,M. Winkel,Denmark,5adf60vwiw2f2mibyq1k4ex7i,Midfielder,player,2004-05-19,Denmark,5adf60vwiw2f2mibyq1k4ex7i,172.0,both,17.0,active,yes,NaN,NaN,NaN,NaN,NaN
6dtufsz4pcjgabw64ex64w3kk,Mikkel,Klarskov Dandanell Madsen,NaN,NaN,Male,M. Madsen,Denmark,5adf60vwiw2f2mibyq1k4ex7i,Defender,player,2005-08-27,Denmark,5adf60vwiw2f2mibyq1k4ex7i,NaN,NaN,NaN,active,no,NaN,NaN,NaN,NaN,NaN
7h02v4ymnko5fh01iylbh34es,Roni,Arabaci,Roni,Arabaci,Male,R. Arabaci,Denmark,5adf60vwiw2f2mibyq1k4ex7i,Attacker,player,2001-02-14,Denmark,5adf60vwiw2f2mibyq1k4ex7i,176.0,right,10.0,active,yes,NaN,København,NaN,NaN,NaN
7pnxa8wzxx5qxevcckxdd62tx,Lasse Emil,Nielsen,Emil,Nielsen,Male,E. Nielsen,Denmark,5adf60vwiw2f2mibyq1k4ex7i,Attacker,player,1993-11-08,Denmark,5adf60vwiw2f2mibyq1k4ex7i,180.0,left,7.0,active,yes,77.0,Store Merløse,NaN,NaN,NaN
81c40rn7lrb39qu0sam8kv6dw,Oliver,Skolnik,NaN,NaN,Male,O. Skolnik,Denmark,5adf60vwiw2f2mibyq1k4ex7i,Defender,player,1999-06-03,Denmark,5adf60vwiw2f2mibyq1k4ex7i,NaN,NaN,4.0,active,yes,NaN,NaN,NaN,NaN,NaN
8r9iqig43yjty7l1oq6yg73mc,Marco,Brylov,NaN,NaN,Male,M. Brylov,Denmark,5adf60vwiw2f2mibyq1k4ex7i,Goalkeeper,player,1995-11-21,Denmark,5adf60vwiw2f2mibyq1k4ex7i,NaN,NaN,1.0,active,yes,NaN,NaN,NaN,NaN,NaN
8rdndyl03uhh1u5id0qf3ymms,Victor,Svensson,NaN,NaN,Male,V. Svensson,Denmark,5adf60vwiw2f2mibyq1k4ex7i,Attacker,player,2005-01-27,Denmark,5adf60vwiw2f2mibyq1k4ex7i,NaN,NaN,24.0,active,yes,NaN,NaN,NaN,NaN,NaN
99tm7b6ux9s4qocz0y4pcahas,Valdemar,Montell,NaN,NaN,Male,V. Montell,Denmark,5adf60vwiw2f2mibyq1k4ex7i,Defender,player,2002-07-01,Denmark,5adf60vwiw2f2mibyq1k4ex7i,NaN,NaN,19.0,active,yes,NaN,NaN,NaN,NaN,NaN
aejgqvdw1jftxaa538kaa15w4,Oliver,Astradsson Juul Jensen,NaN,NaN,Male,O. Juul,Denmark,5adf60vwiw2f2mibyq1k4ex7i,Defender,player,2001-04-18,Denmark,5adf60vwiw2f2mibyq1k4ex7i,183.0,left,3.0,active,yes,NaN,NaN,NaN,NaN,NaN
ajq7c0j4c2fxq5h3mqu8nw1ec,Mads,Skøtt,NaN,NaN,Male,M. Skøtt,Denmark,5adf60vwiw2f2mibyq1k4ex7i,Midfielder,player,2005-07-14,Denmark,5adf60vwiw2f2mibyq1k4ex7i,NaN,NaN,21.0,active,yes,NaN,NaN,NaN,NaN,NaN
ass2un9by50uzrp6i9njn7nkk,Nikolaj,Rahr Zachariassen,NaN,NaN,Male,N. Zachariassen,Denmark,5adf60vwiw2f2mibyq1k4ex7i,Midfielder,player,2005-05-03,Denmark,5adf60vwiw2f2mibyq1k4ex7i,NaN,left,20.0,active,yes,NaN,NaN,NaN,NaN,NaN
bwozpgcm48s08t1glxfgjajmd,Nicklas,Halse,Nicklas,Halse,Male,N. Halse,Denmark,5adf60vwiw2f2mibyq1k4ex7i,Midfielder,player,1997-05-03,Denmark,5adf60vwiw2f2mibyq1k4ex7i,NaN,NaN,6.0,active,yes,NaN,NaN,NaN,NaN,NaN
cf6zq49y8v1ekw07e7yi3uac,Andreas,Maarup Hansen,NaN,NaN,Male,A. Maarup,Denmark,5adf60vwiw2f2mibyq1k4ex7i,Midfielder,player,1999-05-23,Denmark,5adf60vwiw2f2mibyq1k4ex7i,NaN,NaN,18.0,active,yes,NaN,NaN,NaN,NaN,NaN
duvhbifjh37mvlm46akiy431m,Mikkel,Juhl Aagaard Andersen,Mikkel,Juhl,Male,M. Juhl,Denmark,5adf60vwiw2f2mibyq1k4ex7i,Defender,player,2000-01-29,Denmark,5adf60vwiw2f2mibyq1k4ex7i,178.0,right,2.0,active,yes,NaN,Præstø,NaN,NaN,NaN
e0nkqbugb4xkpluu5e42zf2ms,Frederik,Engqvist,NaN,NaN,Male,F. Engqvist,Denmark,5adf60vwiw2f2mibyq1k4ex7i,Attacker,player,2006-05-09,Denmark,5adf60vwiw2f2mibyq1k4ex7i,NaN,NaN,25.0,active,yes,NaN,NaN,NaN,NaN,NaN
eig8tfw8wed1o72zp99fpyrit,Mikkel,Thygesen,NaN,NaN,Male,M. Thygesen,Denmark,5adf60vwiw2f2mibyq1k4ex7i,NaN,coach,1984-10-22,Denmark,5adf60vwiw2f2mibyq1k4ex7i,184.0,right,NaN,active,yes,82.0,København,NaN,NaN,NaN
emakjdiju8z2peey3ytjahz6y,Alexander Hasmark,Jensen,Alexander Hasmark,Jensen,Male,A. Jensen,Denmark,5adf60vwiw2f2mibyq1k4ex7i,Goalkeeper,player,2000-04-08,Denmark,5adf60vwiw2f2mibyq1k4ex7i,NaN,NaN,16.0,active,yes,NaN,NaN,NaN,NaN,NaN
m031ocyfq011rual3olkegdm,Arman,Taranis,Armann,Taranis,Male,A. Taranis,Denmark,5adf60vwiw2f2mibyq1k4ex7i,Attacker,player,2001-07-30,Denmark,5adf60vwiw2f2mibyq1k4ex7i,NaN,NaN,15.0,active,yes,NaN,NaN,NaN,NaN,NaN
11ngumxajbizagbzpm5kompxx,Michael Steven,Chacón Ibargüen,Michael,Chacón,Male,M. Chacón,Netherlands,6hzi5pltnz67q4la8yli9qfv6,Midfielder,player,1994-04-11,Colombia,6kby8rq1p01fg5ds38ckkrcs5,175.0,right,6.0,active,yes,72.0,Palmira,Colombia,6kby8rq1p01fg5ds38ckkrcs5,NaN
18g25rcpd99fe1gvr48uoqmtw,Emil,Villumsen,NaN,NaN,Male,E. Villumsen,Denmark,5adf60vwiw2f2mibyq1k4ex7i,Defender,player,2006-09-19,Denmark,5adf60vwiw2f2mibyq1k4ex7i,NaN,NaN,31.0,active,yes,NaN,NaN,NaN,NaN,NaN
1icurh5jrnw1e6jdgqxjnhdnu,Gabriël,Çulhacı,Gabriël,Culhaci,Male,G. Çulhacı,Netherlands,6hzi5pltnz67q4la8yli9qfv6,Defender,player,1999-12-30,Netherlands,6hzi5pltnz67q4la8yli9qfv6,178.0,left,5.0,active,yes,NaN,Amsterdam,NaN,NaN,NaN
2lc9bt5639t572il73e9y044,Dulat,Talyspaev,NaN,NaN,Male,D. Talyspaev,Kazakhstan,6kewn14jj4ncyzghlbu61hna6,Goalkeeper,player,2005-08-23,Kazakhstan,6kewn14jj4ncyzghlbu61hna6,188.0,right,12.0,active,yes,NaN,NaN,NaN,NaN,NaN
2pm5oqzyonn0dysa5nszgq3xm,Hans Christian,Bonnesen,NaN,NaN,Male,H. Bonnesen,Denmark,5adf60vwiw2f2mibyq1k4ex7i,Defender,player,2001-03-17,Denmark,5adf60vwiw2f2mibyq1k4ex7i,NaN,NaN,4.0,active,yes,NaN,NaN,NaN,NaN,NaN
3mcj3wypzq3lno1ehc0vif1sl,Jafar Aurelio,Miguel Arias,Jafar,Arias,Male,J. Arias,Curaçao,5im58ram567ao2fbnz39sm8vk,Attacker,player,1995-06-16,Curaçao,5im58ram567ao2fbnz39sm8vk,191.0,right,26.0,active,yes,78.0,Willemstad,Netherlands,6hzi5pltnz67q4la8yli9qfv6,NaN
3mgrufy83uhzs9liw8pwxi784,Gabriel M.,Larsen,NaN,NaN,Male,G. Larsen,Denmark,5adf60vwiw2f2mibyq1k4ex7i,Midfielder,player,2006-12-20,Denmark,5adf60vwiw2f2mibyq1k4ex7i,NaN,NaN,28.0,active,yes,NaN,NaN,NaN,NaN,NaN
45b72f8szmqnv8tz06j7mj1wq,Patrick,Weah,Patrick,Weah,Male,P. Weah,Liberia,78fh41lat89a3xaqjqcdzb4ul,Attacker,player,2003-12-05,Liberia,78fh41lat89a3xaqjqcdzb4ul,185.0,NaN,NaN,active,yes,83.0,Monrovia,USA,7hr2f89v44y65dyu9k92vprwn,NaN
4m7gr5z6b40dj02yrmlwgeluc,Sebastian,Larsen,NaN,NaN,Male,S. Larsen,Denmark,5adf60vwiw2f2mibyq1k4ex7i,Defender,player,2004-05-25,Denmark,5adf60vwiw2f2mibyq1k4ex7i,NaN,NaN,3.0,active,yes,NaN,NaN,NaN,NaN,NaN
4ti8pdx03j8dh4mdb626ltmvo,Niklas,Jakobsen,NaN,NaN,Male,N. Jakobsen,Denmark,5adf60vwiw2f2mibyq1k4ex7i,Midfielder,player,2005-10-05,Denmark,5adf60vwiw2f2mibyq1k4ex7i,NaN,NaN,21.0,active,yes,NaN,NaN,NaN,NaN,NaN
5nved2kta2hk8103hkyhq33hm,Mattias,Jakobsen,Mattias,Jakobsen,Male,M. Jakobsen,Denmark,5adf60vwiw2f2mibyq1k4ex7i,Defender,player,2003-01-08,Denmark,5adf60vwiw2f2mibyq1k4ex7i,NaN,NaN,22.0,active,yes,NaN,NaN,NaN,NaN,NaN
619s1phj5bkgkug3aszc1y9cl,Mike,Lindemann Jensen,Mike,Jensen,Male,M. Jensen,Denmark,5adf60vwiw2f2mibyq1k4ex7i,Midfielder,player,1988-02-19,Denmark,5adf60vwiw2f2mibyq1k4ex7i,177.0,right,7.0,active,yes,75.0,NaN,NaN,NaN,NaN
67p0s4o54xcmiustgy8k5gljo,Silas,Hald,NaN,NaN,Male,S. Hald,Denmark,5adf60vwiw2f2mibyq1k4ex7i,Defender,player,2006-09-02,Denmark,5adf60vwiw2f2mibyq1k4ex7i,NaN,right,16.0,active,yes,NaN,NaN,NaN,NaN,NaN
69h930ebovyl7rut5dz4r2iok,Molik Jesse,Khan,Molik,Khan,Male,M. Khan,Trinidad and Tobago,635ed0499golbw7h62vt7g53j,Midfielder,player,2004-04-08,Trinidad and Tobago,635ed0499golbw7h62vt7g53j,183.0,right,NaN,active,yes,76.0,San Fernando,NaN,NaN,NaN
6orujbbswf771s9rv0dcd8kd0,Basem,Alkhoudari,NaN,NaN,Male,B. Alkhoudari,Denmark,5adf60vwiw2f2mibyq1k4ex7i,Attacker,player,2006-10-22,Denmark,5adf60vwiw2f2mibyq1k4ex7i,NaN,left,17.0,active,yes,NaN,NaN,Iraq,1uzblzx1s42jn6zk6hivjzby8,NaN
74m58jsznzu8l89b8h7rkh1bd,Christian Emil Tue,Jensen,Christian,Jensen,Male,C. Jensen,Denmark,5adf60vwiw2f2mibyq1k4ex7i,Midfielder,player,2000-03-09,Denmark,5adf60vwiw2f2mibyq1k4ex7i,NaN,NaN,10.0,active,yes,NaN,NaN,NaN,NaN,NaN
7tijn3mz3caivct99bmp0q68k,Vinicius Faloni,Degn Pedersen,NaN,NaN,Male,V. Pedersen,Denmark,5adf60vwiw2f2mibyq1k4ex7i,Midfielder,player,2007-03-01,Denmark,5adf60vwiw2f2mibyq1k4ex7i,NaN,NaN,NaN,active,yes,NaN,NaN,NaN,NaN,NaN
8qzac8nxm8nxbckdaisnooutw,Erkan,Semovski,NaN,NaN,Male,E. Semovski,North Macedonia,1lesyxylc5eza0a4z87t9azcc,Attacker,player,2004-11-23,Denmark,5adf60vwiw2f2mibyq1k4ex7i,181.0,NaN,19.0,active,yes,NaN,NaN,Denmark,5adf60vwiw2f2mibyq1k4ex7i,NaN
8ypf9ih1936oqs0rb00k8cjkk,Mikkel,Rohde Durlev,NaN,NaN,Male,M. Durlev,Denmark,5adf60vwiw2f2mibyq1k4ex7i,Defender,player,2005-03-17,Denmark,5adf60vwiw2f2mibyq1k4ex7i,174.0,right,NaN,active,yes,NaN,NaN,NaN,NaN,NaN
98zlz2sscsf6vb7d52ici074k,Youssef,Dhaflaoui,NaN,NaN,Male,Y. Dhaflaoui,Tunisia,2um1icx6ftp1auliaxyw0ou6y,Attacker,player,2002-07-03,Denmark,5adf60vwiw2f2mibyq1k4ex7i,173.0,left,9.0,active,yes,NaN,København,Denmark,5adf60vwiw2f2mibyq1k4ex7i,NaN
am3509ake84cde1xhb9264i22,Marcus,Mustac Gudmann,Marcus,Gudmann,Male,M. Gudmann,Denmark,5adf60vwiw2f2mibyq1k4ex7i,Defender,player,2000-02-27,Denmark,5adf60vwiw2f2mibyq1k4ex7i,NaN,NaN,2.0,active,yes,NaN,NaN,Serbia,5w4ve503bjdsshwx9ho6jxzx0,NaN
bmvcofmie6om4muxij4kdkro4,Ifenna,Dorgu,NaN,NaN,Male,I. Dorgu,Denmark,5adf60vwiw2f2mibyq1k4ex7i,Attacker,player,2006-08-23,Denmark,5adf60vwiw2f2mibyq1k4ex7i,NaN,NaN,27.0,active,yes,NaN,NaN,Nigeria,63pvdwrsiq5b07mzi8igqei9p,NaN
bnqw3m446pe19tgmnv2jcoatx,Nicklas,Pedersen,Nicklas,Pedersen,Male,N. Pedersen,Denmark,5adf60vwiw2f2mibyq1k4ex7i,NaN,coach,1987-10-10,Denmark,5adf60vwiw2f2mibyq1k4ex7i,187.0,right,NaN,active,yes,76.0,Køge,NaN,NaN,NaN
d2otdesf6fxo0zjmrenoi074k,Durmuş Efe,Bayrak,NaN,NaN,Male,E. Bayrak,Türkiye,6kd6webenogylfgwt2aa9l6vx,Defender,player,2006-12-11,Denmark,5adf60vwiw2f2mibyq1k4ex7i,NaN,NaN,15.0,active,yes,NaN,Køge,Denmark,5adf60vwiw2f2mibyq1k4ex7i,NaN
d2ukggo2v5jsw4pctznmaijo4,Alfred,Gøthler,NaN,NaN,Male,A. Gøthler,Denmark,5adf60vwiw2f2mibyq1k4ex7i,Attacker,player,2007-06-24,Denmark,5adf60vwiw2f2mibyq1k4ex7i,NaN,NaN,33.0,active,yes,NaN,NaN,NaN,NaN,NaN
dqqswfn9s1tdxjoslts8ks6xg,Berkant,Bayrak,NaN,NaN,Male,B. Bayrak,Türkiye,6kd6webenogylfgwt2aa9l6vx,Goalkeeper,player,2005-01-28,Türkiye,6kd6webenogylfgwt2aa9l6vx,NaN,NaN,1.0,active,yes,NaN,NaN,Denmark,5adf60vwiw2f2mibyq1k4ex7i,NaN
e0u730to91qqtvvx16uhajz10,Saman,Jalaei,NaN,NaN,Male,S. Jalaei,Denmark,5adf60vwiw2f2mibyq1k4ex7i,Attacker,player,2006-06-04,Denmark,5adf60vwiw2f2mibyq1k4ex7i,170.0,NaN,30.0,active,yes,NaN,NaN,Iran,e53g9hr2d3kasm34uumbg8r4,NaN
e2aqcawslcbpp88nia8eko2y1,Joachim,Juhl Rothmann,Joachim,Rothmann,Male,J. Rothmann,Denmark,5adf60vwiw2f2mibyq1k4ex7i,Attacker,player,2000-06-29,Denmark,5adf60vwiw2f2mibyq1k4ex7i,NaN,NaN,11.0,active,yes,NaN,NaN,NaN,NaN,NaN
etv86c76faputyvch964nju38,Lukas,Schmidt,NaN,NaN,Male,L. Schmidt,Denmark,5adf60vwiw2f2mibyq1k4ex7i,Midfielder,player,2006-02-26,Denmark,5adf60vwiw2f2mibyq1k4ex7i,NaN,NaN,NaN,active,yes,NaN,NaN,NaN,NaN,NaN
eu574m78nqv6a5638b44oquqc,Javany,Lawrence,NaN,NaN,Male,J. Lawrence,Denmark,5adf60vwiw2f2mibyq1k4ex7i,Midfielder,player,2005-07-27,Denmark,5adf60vwiw2f2mibyq1k4ex7i,NaN,NaN,24.0,active,yes,NaN,NaN,NaN,NaN,NaN
k43cten7yb6p59yo0firhb84,Mads Schütt,Rasmussen,NaN,NaN,Male,M. Rasmussen,Denmark,5adf60vwiw2f2mibyq1k4ex7i,Midfielder,player,2006-04-06,Denmark,5adf60vwiw2f2mibyq1k4ex7i,NaN,right,32.0,active,yes,NaN,NaN,NaN,NaN,NaN
1fjkjzsei9slx2t4zhsqdkve1,Monday Bassey,Etim,NaN,NaN,Male,M. Etim,Nigeria,63pvdwrsiq5b07mzi8igqei9p,Attacker,player,1998-12-04,Nigeria,63pvdwrsiq5b07mzi8igqei9p,175.0,NaN,9.0,active,yes,74.0,Calabar,NaN,NaN,NaN
1hlx5mvl8th7y82gocnuxacd0,Erouan Donavan Kafo,Bagou,Donavan,Bagou,Male,D. Bagou,Côte d'Ivoire,tin6kf561ywonqan0mettr98,Attacker,player,2004-01-13,Côte d'Ivoire,tin6kf561ywonqan0mettr98,NaN,NaN,19.0,active,yes,NaN,NaN,Denmark,5adf60vwiw2f2mibyq1k4ex7i,NaN
1n4eldqa7h9jvcx1693zqu06i,Tobias,Arndal,Tobias,Arndal,Male,T. Arndal,Denmark,5adf60vwiw2f2mibyq1k4ex7i,Midfielder,player,1997-09-01,Denmark,5adf60vwiw2f2mibyq1k4ex7i,185.0,right,8.0,active,yes,79.0,Odense,NaN,NaN,NaN
2p4mbqt7hvjz5frre6b3nppl,Christian,Lønstrup,Christian,Lonstrup,Male,C. Lønstrup,Denmark,5adf60vwiw2f2mibyq1k4ex7i,NaN,coach,1971-04-04,Denmark,5adf60vwiw2f2mibyq1k4ex7i,186.0,NaN,NaN,active,yes,NaN,Gentofte,NaN,NaN,NaN
2tcdx5rp7vujnlid4oqqxdogk,Marinus,Due Grandt,NaN,NaN,Male,M. Due Grandt,Denmark,5adf60vwiw2f2mibyq1k4ex7i,Midfielder,player,2000-03-24,Denmark,5adf60vwiw2f2mibyq1k4ex7i,NaN,NaN,6.0,active,yes,NaN,NaN,NaN,NaN,NaN
3rok7i8nrt4yzx2melj4qiuqc,Solomon,Opoku,NaN,NaN,Male,S. Opoku,Denmark,5adf60vwiw2f2mibyq1k4ex7i,Midfielder,player,2004-04-07,Denmark,5adf60vwiw2f2mibyq1k4ex7i,NaN,NaN,14.0,active,yes,NaN,NaN,Ghana,2q2sw72utw5gu9t5y4knckwba,NaN
55qsxtqivxajkxmpdeyccus5w,Anton,Mayland,Anton,Mayland,Male,A. Mayland,Denmark,5adf60vwiw2f2mibyq1k4ex7i,Goalkeeper,player,2006-10-26,Denmark,5adf60vwiw2f2mibyq1k4ex7i,NaN,NaN,26.0,active,yes,NaN,NaN,NaN,NaN,NaN
5dlh0fa9yo6z283w9p58xmnoq,Nicklas Bjerre,Schmidt,NaN,NaN,Male,N. Schmidt,Denmark,5adf60vwiw2f2mibyq1k4ex7i,Midfielder,player,1995-11-09,Denmark,5adf60vwiw2f2mibyq1k4ex7i,NaN,NaN,12.0,active,yes,NaN,NaN,NaN,NaN,NaN
5i6n6yne6fh410vk7p7kkokmi,Gregers,Arndal-Lauritzen,Gregers,Arndal-Lauritzen,Male,G. Arndal-Lauritzen,Denmark,5adf60vwiw2f2mibyq1k4ex7i,Defender,player,1998-05-03,Denmark,5adf60vwiw2f2mibyq1k4ex7i,187.0,left,4.0,active,yes,80.0,NaN,NaN,NaN,NaN
5z7y55t2o577r8ki3i5855as,Jonathan,Witt,NaN,NaN,Male,J. Witt,Denmark,5adf60vwiw2f2mibyq1k4ex7i,Defender,player,1992-12-06,Denmark,5adf60vwiw2f2mibyq1k4ex7i,NaN,NaN,7.0,active,yes,NaN,NaN,NaN,NaN,NaN
74gioldvq6q6xgb3q7k1bv7dg,Benjamin,Asare,Benjamin,Asare,Male,B. Asare,Ghana,2q2sw72utw5gu9t5y4knckwba,Goalkeeper,player,1992-07-13,Ghana,2q2sw72utw5gu9t5y4knckwba,NaN,NaN,NaN,active,yes,NaN,NaN,NaN,NaN,NaN
7l7f98nn8gohmdacsdb2labkk,Alessio,Alicino,NaN,NaN,Male,A. Alicino,Italy,25f2cmb2r8mk5rj92tzer6kvv,Midfielder,player,2001-10-12,Italy,25f2cmb2r8mk5rj92tzer6kvv,NaN,both,34.0,active,yes,NaN,NaN,Denmark,5adf60vwiw2f2mibyq1k4ex7i,NaN
81gka3mi69fh8gyehyy8xo9as,Cornelius,Allen,NaN,NaN,Male,C. Allen,Denmark,5adf60vwiw2f2mibyq1k4ex7i,Defender,player,2003-07-23,Denmark,5adf60vwiw2f2mibyq1k4ex7i,NaN,NaN,3.0,active,yes,NaN,NaN,NaN,NaN,NaN
85a9bmnu6fqvhlff28qm0e0a1,Daniel,Johansen,Daniel,Johansen,Male,D. Johansen,Faroe Islands,1glg6jsz6v1fkk8y9pq4fqjc4,Defender,player,1998-07-09,Faroe Islands,1glg6jsz6v1fkk8y9pq4fqjc4,NaN,NaN,27.0,active,yes,NaN,NaN,NaN,NaN,NaN
8gqvlydur0v4cpmz1ozqkejh0,Marco,Bruhn,NaN,NaN,Male,M. Bruhn,Denmark,5adf60vwiw2f2mibyq1k4ex7i,Attacker,player,2004-11-12,Denmark,5adf60vwiw2f2mibyq1k4ex7i,NaN,right,11.0,active,yes,NaN,NaN,NaN,NaN,NaN
8mswl5vzza12hylodrrsq3zvu,Adrian,Kappenberger,Adrian,Kappenberger,Male,A. Kappenberger,Denmark,5adf60vwiw2f2mibyq1k4ex7i,Goalkeeper,player,1996-08-25,Denmark,5adf60vwiw2f2mibyq1k4ex7i,194.0,right,1.0,active,yes,84.0,NaN,Switzerland,3bh70jgvc5mn58x0byjkuda17,NaN
8qz0rnws9m4fya37kzvdnsi6s,Jonatan Marvin,Rindom,NaN,NaN,Male,J. Rindom,Denmark,5adf60vwiw2f2mibyq1k4ex7i,Midfielder,player,2003-10-13,Denmark,5adf60vwiw2f2mibyq1k4ex7i,NaN,NaN,70.0,active,no,NaN,NaN,Algeria,1ayprcriqhb8iv10ch70clppu,NaN
9350utk4onh2hv5jznxqpkd7t,Rasmus,Kawiecky Møller,NaN,NaN,Male,R. Møller,Denmark,5adf60vwiw2f2mibyq1k4ex7i,Defender,player,2000-05-03,Denmark,5adf60vwiw2f2mibyq1k4ex7i,NaN,NaN,2.0,active,yes,NaN,NaN,NaN,NaN,NaN
9lsylzgf7e3i5zb0fshnxo6xg,Simon Peter,Friis Sharif,NaN,NaN,Male,S. Sharif,Denmark,5adf60vwiw2f2mibyq1k4ex7i,Defender,player,1997-11-10,Denmark,5adf60vwiw2f2mibyq1k4ex7i,NaN,NaN,18.0,active,yes,NaN,NaN,NaN,NaN,NaN
b8tw9d3b8tgnfezy68vadwnx0,Frederik,Karlsen,NaN,NaN,Male,F. Karlsen,Denmark,5adf60vwiw2f2mibyq1k4ex7i,Midfielder,player,2004-11-19,Denmark,5adf60vwiw2f2mibyq1k4ex7i,NaN,both,22.0,active,yes,NaN,NaN,NaN,NaN,NaN
bop31qof3lon7u6rvmb68ktzp,Markus,Strøm Bay,NaN,NaN,Male,M. Bay,Denmark,5adf60vwiw2f2mibyq1k4ex7i,Midfielder,player,1997-02-17,Denmark,5adf60vwiw2f2mibyq1k4ex7i,NaN,right,10.0,active,yes,NaN,Brøndby,NaN,NaN,NaN
bpldj4qdzfdm1n739atcadbmc,Berzan,Kücükylidiz,NaN,NaN,Male,B. Kücükylidiz,Denmark,5adf60vwiw2f2mibyq1k4ex7i,Midfielder,player,2000-10-04,Denmark,5adf60vwiw2f2mibyq1k4ex7i,NaN,NaN,20.0,active,yes,NaN,NaN,NaN,NaN,NaN
elsygne5tjybbxrqgehtovnro,Lucas,Bøje-Larsen,NaN,NaN,Male,L. Bøje-Larsen,Denmark,5adf60vwiw2f2mibyq1k4ex7i,Defender,player,2001-02-09,Denmark,5adf60vwiw2f2mibyq1k4ex7i,NaN,NaN,5.0,active,yes,NaN,NaN,NaN,NaN,NaN
khqldwfq14b7giakss24l9t5,Kasper,Enghardt Pedersen,Kasper,Enghardt,Male,K. Enghardt,Denmark,5adf60vwiw2f2mibyq1k4ex7i,Defender,player,1992-05-27,Denmark,5adf60vwiw2f2mibyq1k4ex7i,186.0,NaN,21.0,active,yes,79.0,NaN,NaN,NaN,NaN
uiyol728wan4mxco2foplknp,Adrian,Rúnason Justinussen,Adrian,Justinussen,Male,A. Justinussen,Faroe Islands,1glg6jsz6v1fkk8y9pq4fqjc4,Attacker,player,1998-07-21,Faroe Islands,1glg6jsz6v1fkk8y9pq4fqjc4,NaN,NaN,17.0,active,yes,NaN,NaN,NaN,NaN,NaN
1f510mbuc4i1mmshqlgim5u6s,Oliver,Harbo Overgaard,NaN,NaN,Male,O. Overgaard,Denmark,5adf60vwiw2f2mibyq1k4ex7i,Midfielder,player,2002-04-07,Denmark,5adf60vwiw2f2mibyq1k4ex7i,NaN,NaN,24.0,active,yes,NaN,NaN,NaN,NaN,NaN
1xcf8y3egy8j0g2c6xkcx6o6h,Frederik,Mortensen,NaN,NaN,Male,F. Mortensen,Denmark,5adf60vwiw2f2mibyq1k4ex7i,Midfielder,player,1998-10-30,Denmark,5adf60vwiw2f2mibyq1k4ex7i,176.0,NaN,6.0,active,yes,77.0,NaN,NaN,NaN,NaN
2f0p63eeg2yc4jsyotle88q38,Valdemar Bach,Schmølker,NaN,NaN,Male,V. Schmølker,Denmark,5adf60vwiw2f2mibyq1k4ex7i,Midfielder,player,2007-01-20,Denmark,5adf60vwiw2f2mibyq1k4ex7i,NaN,NaN,49.0,active,yes,NaN,NaN,NaN,NaN,NaN
4c9cr7oxmbe87rr1yb4dt1p1w,Lukas,Sneftrup Christensen,NaN,NaN,Male,L. Sneftrup,Denmark,5adf60vwiw2f2mibyq1k4ex7i,Midfielder,player,2004-12-13,Denmark,5adf60vwiw2f2mibyq1k4ex7i,NaN,NaN,28.0,active,yes,NaN,NaN,NaN,NaN,NaN
4dmz3u7j1eoz4ofr1o8tbxedw,Oscar,Nørgaard Meedom,Oscar,Meedom,Male,O. Meedom,Denmark,5adf60vwiw2f2mibyq1k4ex7i,Attacker,player,2005-08-16,Denmark,5adf60vwiw2f2mibyq1k4ex7i,NaN,NaN,16.0,active,yes,NaN,NaN,NaN,NaN,NaN
5jyv1dctfxa6335l1mlifwavo,Mikkel,Boye,NaN,NaN,Male,M. Boye,Denmark,5adf60vwiw2f2mibyq1k4ex7i,Attacker,player,2007-04-05,Denmark,5adf60vwiw2f2mibyq1k4ex7i,192.0,right,40.0,active,yes,NaN,NaN,NaN,NaN,NaN
6bv0j0ezhh9u5u5hqz64p790q,Marius Haudrum,Jacobsen,Marius,Haudrum Jacobsen,Male,M. Jacobsen,Denmark,5adf60vwiw2f2mibyq1k4ex7i,Defender,player,2004-01-13,Denmark,5adf60vwiw2f2mibyq1k4ex7i,NaN,NaN,12.0,active,yes,NaN,NaN,NaN,NaN,NaN
6xhxqcmi0g6h61y2pl9v89xjo,Jonas,Sneftrup Christensen,NaN,NaN,Male,J. Sneftrup,Denmark,5adf60vwiw2f2mibyq1k4ex7i,Midfielder,player,2001-05-30,Denmark,5adf60vwiw2f2mibyq1k4ex7i,178.0,NaN,30.0,active,yes,NaN,NaN,NaN,NaN,NaN
8gdfn7j6xac9p4jh94hk40jdg,Jesper,Cornelius Rasmussen,NaN,NaN,Male,J. Cornelius,Denmark,5adf60vwiw2f2mibyq1k4ex7i,Attacker,player,2001-06-26,Denmark,5adf60vwiw2f2mibyq1k4ex7i,NaN,NaN,14.0,active,yes,NaN,NaN,NaN,NaN,NaN
8iodn9a5r7pk47uqcx67i7i8k,Jens Sebastian,Beraque Rasmussen,Sebastian,Rasmussen,Male,S. Beraque,Philippines,2bn52u7dpgfatwqumx224cczx,Attacker,player,2002-06-17,Philippines,2bn52u7dpgfatwqumx224cczx,NaN,NaN,15.0,active,yes,NaN,Aarhus,Denmark,5adf60vwiw2f2mibyq1k4ex7i,NaN
8q8yol44e42o9hwttlopznvh0,Max,Nielsen,NaN,NaN,Male,M. Nielsen,Denmark,5adf60vwiw2f2mibyq1k4ex7i,Defender,player,2004-10-25,Denmark,5adf60vwiw2f2mibyq1k4ex7i,NaN,right,22.0,active,yes,NaN,NaN,NaN,NaN,NaN
8wql45w71t7ifmk62r4zsca38,Rasmus Frank,Johansen,NaN,NaN,Male,R. Johansen,Denmark,5adf60vwiw2f2mibyq1k4ex7i,Defender,player,2003-03-22,Denmark,5adf60vwiw2f2mibyq1k4ex7i,NaN,NaN,NaN,active,yes,NaN,NaN,NaN,NaN,NaN
9b89pmcjk6re94bjp0ixeatjo,Frederik Rasmus,Christensen,NaN,NaN,Male,F. Christensen,Denmark,5adf60vwiw2f2mibyq1k4ex7i,Attacker,player,2001-01-18,Denmark,5adf60vwiw2f2mibyq1k4ex7i,194.0,right,9.0,active,yes,NaN,NaN,NaN,NaN,NaN
9yxhg70gpwi3e9s84c8qwg0yx,Jonas,Dakir,Jonas,Dakir,Male,J. Dakir,Denmark,5adf60vwiw2f2mibyq1k4ex7i,Goalkeeper,player,1997-04-18,Denmark,5adf60vwiw2f2mibyq1k4ex7i,191.0,NaN,25.0,active,yes,76.0,Aarhus,NaN,NaN,NaN
ayhdul772mr22qoly04psb3f8,Oliver,Friis Dorph,Oliver,Dorph,Male,O. Dorph,Denmark,5adf60vwiw2f2mibyq1k4ex7i,Defender,player,2004-01-06,Denmark,5adf60vwiw2f2mibyq1k4ex7i,178.0,right,4.0,active,yes,NaN,NaN,NaN,NaN,NaN
az9x5coo3hl4qkt16x24pp5re,Moubarack,Compaoré,Moubarack,Compaoré,Male,M. Compaoré,Burkina Faso,2ggql4uo9h0p3c67wkm68ibol,Attacker,player,2002-09-24,Burkina Faso,2ggql4uo9h0p3c67wkm68ibol,178.0,NaN,20.0,active,yes,NaN,NaN,NaN,NaN,NaN
b0yv1pcxifawqx6r1cfqq3otm,Zander,Hyltoft,Zander,Hyltoft,Male,Z. Hyltoft,Denmark,5adf60vwiw2f2mibyq1k4ex7i,Midfielder,player,1995-09-20,Denmark,5adf60vwiw2f2mibyq1k4ex7i,190.0,right,17.0,active,yes,NaN,NaN,NaN,NaN,NaN
beu3ypladd5dexnm9x946kjkk,Alexander,Nathan,NaN,NaN,Male,A. Nathan,Denmark,5adf60vwiw2f2mibyq1k4ex7i,Midfielder,player,2006-03-23,Denmark,5adf60vwiw2f2mibyq1k4ex7i,NaN,NaN,47.0,active,yes,NaN,NaN,NaN,NaN,NaN
bp232fgjrfyok2471ec7u1tcl,Mathias,Laustrup Kristensen,Mathias,Kristensen,Male,M. Kristensen,Denmark,5adf60vwiw2f2mibyq1k4ex7i,Midfielder,player,1997-03-21,Denmark,5adf60vwiw2f2mibyq1k4ex7i,187.0,right,11.0,active,yes,77.0,NaN,NaN,NaN,Mathias Kristensen
bpoqmt2dwwsm57vdfrm9stvro,Laurits,Nørby,NaN,NaN,Male,L. Nørby,Denmark,5adf60vwiw2f2mibyq1k4ex7i,Defender,player,2004-06-29,Denmark,5adf60vwiw2f2mibyq1k4ex7i,NaN,NaN,29.0,active,yes,NaN,NaN,NaN,NaN,NaN
cflwegqpzch8y30pb3dhigqnd,Emil,Søgaard Jensen,NaN,NaN,Male,E. Søgaard,Denmark,5adf60vwiw2f2mibyq1k4ex7i,Defender,player,1996-11-30,Denmark,5adf60vwiw2f2mibyq1k4ex7i,NaN,NaN,18.0,active,yes,NaN,NaN,NaN,NaN,NaN
dwuxps3jv2852642q000wep6,Villads,Rasmussen,NaN,NaN,Male,V. Rasmussen,Denmark,5adf60vwiw2f2mibyq1k4ex7i,Midfielder,player,2001-11-27,Denmark,5adf60vwiw2f2mibyq1k4ex7i,NaN,NaN,10.0,active,yes,NaN,NaN,NaN,NaN,NaN
dxv40hh07gxq4hn0i6dwb2l4a,Andreas,Søndergaard,Andreas,Söndergaard,Male,A. Søndergaard,Denmark,5adf60vwiw2f2mibyq1k4ex7i,Goalkeeper,player,2001-01-17,Denmark,5adf60vwiw2f2mibyq1k4ex7i,189.0,right,1.0,active,yes,NaN,NaN,NaN,NaN,NaN
e0rgqk3gxzs005m9ok9hvp1ck,Théo,Puggaard Ekié Hansen,Théo,Hansen,Male,T. Hansen,Denmark,5adf60vwiw2f2mibyq1k4ex7i,Midfielder,player,2005-08-26,Denmark,5adf60vwiw2f2mibyq1k4ex7i,NaN,right,26.0,active,yes,NaN,NaN,NaN,NaN,Théo Hansen
e19g5bz7s9wqcvj8mttztxi0a,Oliver Augustus,Sparre Klitten,Oliver,Klitten,Male,O. Klitten,Denmark,5adf60vwiw2f2mibyq1k4ex7i,Attacker,player,2000-05-01,Denmark,5adf60vwiw2f2mibyq1k4ex7i,NaN,NaN,7.0,active,yes,NaN,NaN,NaN,NaN,NaN
ea2x4o6ufsqoz2zz7tqcnvo16,Lukas,Sparre Klitten,Lukas,Klitten,Male,L. Klitten,Denmark,5adf60vwiw2f2mibyq1k4ex7i,Defender,player,2000-05-01,Denmark,5adf60vwiw2f2mibyq1k4ex7i,193.0,left,27.0,active,yes,70.0,Aalborg,NaN,NaN,NaN
ebd3uvtt54wkdsahc2127j02c,Frederik,Dietz Nielsen,NaN,NaN,Male,F. Dietz,Denmark,5adf60vwiw2f2mibyq1k4ex7i,Defender,player,2003-10-08,Denmark,5adf60vwiw2f2mibyq1k4ex7i,NaN,NaN,13.0,active,yes,NaN,NaN,NaN,NaN,NaN
ebddkdhm6fhar2ir2h7azhslw,Magnus,Rosengreen,NaN,NaN,Male,M. Rosengreen,Denmark,5adf60vwiw2f2mibyq1k4ex7i,Attacker,player,2006-09-06,Denmark,5adf60vwiw2f2mibyq1k4ex7i,NaN,NaN,37.0,active,yes,NaN,NaN,NaN,NaN,NaN
ew927mi250fb7j5nf7scu16fp,Martin,Thomsen,NaN,NaN,Male,M. Thomsen,Denmark,5adf60vwiw2f2mibyq1k4ex7i,NaN,coach,1982-08-06,Denmark,5adf60vwiw2f2mibyq1k4ex7i,183.0,NaN,NaN,active,yes,84.0,Hobro,NaN,NaN,NaN
k3qdvvg6cmatp55ivsa9714a,Christian,Brøgger Hørby,Christian,Hørby,Male,C. Hørby,Denmark,5adf60vwiw2f2mibyq1k4ex7i,Midfielder,player,2001-03-18,Denmark,5adf60vwiw2f2mibyq1k4ex7i,183.0,NaN,8.0,active,no,NaN,NaN,NaN,NaN,NaN
lu9bber07etravimh00k745x,Jesper,Bøge Pedersen,Jesper,Bøge,Male,J. Bøge,Denmark,5adf60vwiw2f2mibyq1k4ex7i,Defender,player,1990-02-22,Denmark,5adf60vwiw2f2mibyq1k4ex7i,180.0,right,3.0,active,yes,70.0,NaN,NaN,NaN,NaN
xd4gm9uiq807dri1gs3ltclw,Joachim,Justsen Andersen,NaN,NaN,Male,J. Andersen,Denmark,5adf60vwiw2f2mibyq1k4ex7i,Goalkeeper,player,2006-04-24,Denmark,5adf60vwiw2f2mibyq1k4ex7i,195.0,right,50.0,active,yes,77.0,NaN,NaN,NaN,NaN
1cumsropo1r0msfzxxteml1w,Jeffrey Papayaw,Adjei-Broni,Jeffrey,Adjei-Broni,Male,J. Adjei-Broni,Denmark,5adf60vwiw2f2mibyq1k4ex7i,Attacker,player,2004-04-15,Denmark,5adf60vwiw2f2mibyq1k4ex7i,NaN,left,16.0,active,yes,NaN,Rødovre,NaN,NaN,NaN
21i8eq6dgpzydeyrame6xp05w,Mathias,Andreasen,Mathias,Andreasen,Male,M. Andreasen,Denmark,5adf60vwiw2f2mibyq1k4ex7i,Attacker,player,2003-10-08,Denmark,5adf60vwiw2f2mibyq1k4ex7i,NaN,right,27.0,active,yes,NaN,NaN,NaN,NaN,NaN
37rzipex1y0nhv8o2dr7h2bys,Benjamin,Martens Meibom,Benjamin,Meibom,Male,B. Meibom,Denmark,5adf60vwiw2f2mibyq1k4ex7i,Defender,player,2004-02-02,Denmark,5adf60vwiw2f2mibyq1k4ex7i,186.0,left,21.0,active,yes,NaN,NaN,NaN,NaN,NaN
3ejggtt1du1cui3wc1f8oqx62,Lirim,Qamili,Lirim,Qamili,Male,L. Qamili,North Macedonia,1lesyxylc5eza0a4z87t9azcc,Attacker,player,1998-06-04,Denmark,5adf60vwiw2f2mibyq1k4ex7i,190.0,left,7.0,active,no,74.0,Glostrup,Albania,17zsm8shejejls2on1ffil3op,NaN
3njsc9nturnshsiofmiy19gr8,Emil,Borella Jensen,NaN,NaN,Male,E. Jensen,Denmark,5adf60vwiw2f2mibyq1k4ex7i,Midfielder,player,2005-02-07,Denmark,5adf60vwiw2f2mibyq1k4ex7i,185.0,right,NaN,active,yes,NaN,NaN,NaN,NaN,NaN
3pk6hii2s8tbv2zux8mvbapec,Nicolaj,Jungvig,Nicolaj,Jungvig,Male,N. Jungvig,Denmark,5adf60vwiw2f2mibyq1k4ex7i,Defender,player,2003-12-02,Denmark,5adf60vwiw2f2mibyq1k4ex7i,185.0,right,28.0,active,yes,NaN,NaN,NaN,NaN,NaN
3th83n9qum31wu53g68j5iwic,Carl Alfred,Maslen,NaN,NaN,Male,A. Maslen,Denmark,5adf60vwiw2f2mibyq1k4ex7i,Goalkeeper,player,2004-03-13,Denmark,5adf60vwiw2f2mibyq1k4ex7i,NaN,NaN,13.0,active,yes,NaN,NaN,NaN,NaN,NaN
45dqseup0cmujyl4nprr29y0a,Magnus,Fredslund,Magnus,Fredslund,Male,M. Fredslund,Denmark,5adf60vwiw2f2mibyq1k4ex7i,Defender,player,1992-07-26,Denmark,5adf60vwiw2f2mibyq1k4ex7i,185.0,right,30.0,active,yes,83.0,NaN,NaN,NaN,NaN
4oxf446ya7jwulq6hxlp8r36d,Jonas,Skjøtt Gemmer,Jonas,Gemmer,Male,J. Gemmer,Denmark,5adf60vwiw2f2mibyq1k4ex7i,Midfielder,player,1996-01-31,Denmark,5adf60vwiw2f2mibyq1k4ex7i,183.0,right,6.0,active,yes,76.0,Hvidovre,NaN,NaN,NaN
4qz1pnlx3d0m5wkhpocl0euj8,Anders,Ravn Olsen,Anders,Ravn,Male,A. Ravn,Denmark,5adf60vwiw2f2mibyq1k4ex7i,Goalkeeper,player,2005-04-02,Denmark,5adf60vwiw2f2mibyq1k4ex7i,NaN,NaN,29.0,active,yes,NaN,NaN,NaN,NaN,NaN
5e5fuj7mbkpvf0bug32ixxc5x,Simon,Makienok Christoffersen,Simon,Makienok,Male,S. Makienok,Denmark,5adf60vwiw2f2mibyq1k4ex7i,Attacker,player,1990-11-21,Denmark,5adf60vwiw2f2mibyq1k4ex7i,201.0,right,24.0,active,yes,94.0,Næstved,NaN,NaN,NaN
615e0bjcd0tyge047sy43y5sl,Martin,Spelmann,Martin,Spelmann,Male,M. Spelmann,Denmark,5adf60vwiw2f2mibyq1k4ex7i,Midfielder,player,1987-03-21,Denmark,5adf60vwiw2f2mibyq1k4ex7i,175.0,right,10.0,active,yes,72.0,Hvidovre,NaN,NaN,NaN
630daj1ef34rczbhng0eoncvd,Malte,Kiilerich Hansen,Malte,Kiilerich,Male,M. Kiilerich,Denmark,5adf60vwiw2f2mibyq1k4ex7i,Defender,player,1995-10-16,Denmark,5adf60vwiw2f2mibyq1k4ex7i,188.0,right,25.0,active,yes,82.0,København,NaN,NaN,NaN
6dzg820946z4848whaa6ny2nd,Nicolai,Clausen,Nicolai,Clausen,Male,N. Clausen,Denmark,5adf60vwiw2f2mibyq1k4ex7i,Defender,player,1995-06-10,Denmark,5adf60vwiw2f2mibyq1k4ex7i,NaN,left,23.0,active,yes,NaN,NaN,NaN,NaN,NaN
6uwvbagahvoavs630k8uksxjp,Mads,Kaalund Larsen,Mads,Kaalund,Male,M. Kaalund,Denmark,5adf60vwiw2f2mibyq1k4ex7i,Midfielder,player,1996-08-16,Denmark,5adf60vwiw2f2mibyq1k4ex7i,183.0,right,18.0,active,yes,75.0,København,NaN,NaN,NaN
907vtkod58b7986k7u1619gr8,Emmanuel,Aby,NaN,NaN,Male,E. Aby,Denmark,5adf60vwiw2f2mibyq1k4ex7i,Attacker,player,NaN,Denmark,5adf60vwiw2f2mibyq1k4ex7i,NaN,NaN,NaN,active,yes,NaN,NaN,NaN,NaN,NaN
9r07ooissj5mz15g87x5rmbx1,Christian,Greko Jakobsen,Christian,Jakobsen,Male,C. Jakobsen,Denmark,5adf60vwiw2f2mibyq1k4ex7i,Midfielder,player,1993-03-27,Denmark,5adf60vwiw2f2mibyq1k4ex7i,190.0,right,14.0,active,yes,84.0,København,NaN,NaN,NaN
9tt9eo9bsff7dp7aqjal1obo4,Frederik,Rask Høgh Jensen,NaN,NaN,Male,F. Høgh,Denmark,5adf60vwiw2f2mibyq1k4ex7i,Attacker,player,1995-05-05,Denmark,5adf60vwiw2f2mibyq1k4ex7i,NaN,NaN,9.0,active,yes,NaN,NaN,NaN,NaN,NaN
a30gduuv9d1s4pkthgu2jhyol,Daniel,Stenderup,Daniel,Stenderup,Male,D. Stenderup,Denmark,5adf60vwiw2f2mibyq1k4ex7i,Defender,player,1989-05-31,Denmark,5adf60vwiw2f2mibyq1k4ex7i,183.0,right,2.0,active,yes,71.0,København,NaN,NaN,NaN
bcdp9e3dezuaybm8ndrsanbx0,Marc,Nielsen,Marc,Nielsen,Male,M. Nielsen,Denmark,5adf60vwiw2f2mibyq1k4ex7i,Defender,player,2001-05-16,Denmark,5adf60vwiw2f2mibyq1k4ex7i,NaN,NaN,26.0,active,no,NaN,Rønne,NaN,NaN,Marc Nielsen
bfvdr7ckiersz26ya2kq9f1g4,Ahmed,Iljazovski,Ahmed,Iljazovski,Male,A. Iljazovski,North Macedonia,1lesyxylc5eza0a4z87t9azcc,Defender,player,1997-07-31,Denmark,5adf60vwiw2f2mibyq1k4ex7i,188.0,right,15.0,active,yes,67.0,NaN,Denmark,5adf60vwiw2f2mibyq1k4ex7i,NaN
bods9n6ynuqy3s39f0f6cj1zp,Per,Frandsen,Per,Frandsen,Male,P. Frandsen,Denmark,5adf60vwiw2f2mibyq1k4ex7i,NaN,coach,1970-02-06,Denmark,5adf60vwiw2f2mibyq1k4ex7i,NaN,NaN,NaN,active,yes,NaN,NaN,NaN,NaN,NaN
d4w0nytrfhhtw8xqh7rofq6z9,Mathias,Krathmann Gehrt,Mathias,Gehrt,Male,M. Gehrt,Denmark,5adf60vwiw2f2mibyq1k4ex7i,Midfielder,player,1992-06-07,Denmark,5adf60vwiw2f2mibyq1k4ex7i,174.0,right,8.0,active,yes,75.0,København,NaN,NaN,NaN
d9hh01mit4geyadol3gmzco9,Filip,Đukić,Filip,Djukic,Male,F. Đukić,Montenegro,1411jebgwo2ja1erogsq81lg9,Goalkeeper,player,1999-08-06,Denmark,5adf60vwiw2f2mibyq1k4ex7i,181.0,NaN,1.0,active,yes,72.0,Hvidovre,Denmark,5adf60vwiw2f2mibyq1k4ex7i,NaN
dncrhma6gwcn6pxiu7hfc6qz8,Andreas,Kiel Smed,Andreas,Smed,Male,A. Smed,Denmark,5adf60vwiw2f2mibyq1k4ex7i,Midfielder,player,1997-03-19,Denmark,5adf60vwiw2f2mibyq1k4ex7i,182.0,NaN,22.0,active,yes,73.0,NaN,NaN,NaN,NaN
dshwz1df0rbe0fztksawvd0wl,Matti,Bøge Olsen,Matti,Olsen,Male,M. Olsen,Denmark,5adf60vwiw2f2mibyq1k4ex7i,Defender,player,1995-06-07,Denmark,5adf60vwiw2f2mibyq1k4ex7i,NaN,right,5.0,active,yes,NaN,København,NaN,NaN,NaN
dwpns7gcg4s1c35df5td9ow7o,Marius,Holst Papuga,Marius,Papuga,Male,M. Papuga,Denmark,5adf60vwiw2f2mibyq1k4ex7i,Midfielder,player,2005-05-13,Denmark,5adf60vwiw2f2mibyq1k4ex7i,NaN,NaN,17.0,active,yes,NaN,NaN,NaN,NaN,NaN
expisj0yt6l9v1kof4or2ak4q,Elias,Rusborg,Elias,Rusborg,Male,E. Rusborg,Faroe Islands,1glg6jsz6v1fkk8y9pq4fqjc4,Defender,player,2003-01-10,Faroe Islands,1glg6jsz6v1fkk8y9pq4fqjc4,193.0,right,20.0,active,yes,NaN,NaN,NaN,NaN,NaN
g2cgdv428rmpmb0om40ldses,Magnus,Lysholm Carsten Petersen,Magnus,Lysholm,Male,M. Lysholm,Denmark,5adf60vwiw2f2mibyq1k4ex7i,Defender,player,2002-01-18,Denmark,5adf60vwiw2f2mibyq1k4ex7i,198.0,both,12.0,active,yes,NaN,Hvidovre,NaN,NaN,NaN
mi9seytqwwsg48dfji4u7ok4,Christian,Grönbaek,Christian,Grönbaek,Male,C. Grönbaek,Denmark,5adf60vwiw2f2mibyq1k4ex7i,NaN,assistant coach,1975-12-27,Denmark,5adf60vwiw2f2mibyq1k4ex7i,NaN,NaN,NaN,active,yes,NaN,NaN,NaN,NaN,NaN
1nn1wc14k9zd3wtu73loj7kes,Paul,Ngongo Iversen,NaN,NaN,Male,P. Ngongo,Denmark,5adf60vwiw2f2mibyq1k4ex7i,Attacker,player,2000-05-23,Denmark,5adf60vwiw2f2mibyq1k4ex7i,NaN,NaN,7.0,active,yes,NaN,NaN,NaN,NaN,NaN
1uqyed3w4uitn3iuzca5oi7yt,Lasse,Holmgaard,NaN,NaN,Male,L. Holmgaard,Denmark,5adf60vwiw2f2mibyq1k4ex7i,NaN,coach,1981-04-10,Denmark,5adf60vwiw2f2mibyq1k4ex7i,NaN,NaN,NaN,active,yes,NaN,NaN,NaN,NaN,NaN
2qedb8t85t1ieeed9613c9crt,Christian,Enemark,Christian,Enemark,Male,C. Enemark,Denmark,5adf60vwiw2f2mibyq1k4ex7i,Defender,player,1999-01-20,Denmark,5adf60vwiw2f2mibyq1k4ex7i,183.0,NaN,15.0,active,yes,78.0,NaN,NaN,NaN,NaN
3xz0h3d6r2qgmv9egms8yaz56,Christian,Vestergaard,Christian,Vestergaard,Male,C. Vestergaard,Denmark,5adf60vwiw2f2mibyq1k4ex7i,Defender,player,2001-04-26,Denmark,5adf60vwiw2f2mibyq1k4ex7i,193.0,NaN,4.0,active,yes,NaN,NaN,NaN,NaN,NaN
3ywgt5v070xudujs9f7cuqm7d,Jacob,Vetter Laursen,NaN,NaN,Male,J. Vetter,Denmark,5adf60vwiw2f2mibyq1k4ex7i,Defender,player,1998-08-05,Denmark,5adf60vwiw2f2mibyq1k4ex7i,NaN,NaN,32.0,active,yes,NaN,NaN,NaN,NaN,NaN
4uuqid6t4nspn0wspyltz3bx0,Jamiu Olaide,Musbaudeen,Jamiu,Musbaudeen,Male,J. Musbaudeen,Nigeria,63pvdwrsiq5b07mzi8igqei9p,Midfielder,player,2004-07-09,Nigeria,63pvdwrsiq5b07mzi8igqei9p,NaN,NaN,33.0,active,yes,NaN,NaN,NaN,NaN,NaN
52vwj2s29n7wngablotd7pboq,Jonathan,Risbjerg Ægidius,Jonathan,Ægidius,Male,J. Ægidius,Denmark,5adf60vwiw2f2mibyq1k4ex7i,Goalkeeper,player,2002-04-22,Denmark,5adf60vwiw2f2mibyq1k4ex7i,185.0,right,NaN,active,yes,71.0,NaN,NaN,NaN,NaN
5moycfv7blzfnjqiruao7dv6c,Casper,Holmelund,NaN,NaN,Male,C. Holmelund,Denmark,5adf60vwiw2f2mibyq1k4ex7i,Attacker,player,2003-07-09,Denmark,5adf60vwiw2f2mibyq1k4ex7i,NaN,NaN,19.0,active,yes,NaN,NaN,NaN,NaN,NaN
6bajck5osvj7trnwt2a5mc3dg,Isak Frederik,Tånnander,NaN,NaN,Male,I. Tånnander,Denmark,5adf60vwiw2f2mibyq1k4ex7i,Midfielder,player,2001-06-24,Denmark,5adf60vwiw2f2mibyq1k4ex7i,NaN,NaN,22.0,active,yes,NaN,NaN,Sweden,1z6l2c33w2kyz9rdefs1d68nb,NaN
6sdv4s8oz558wfhx72vwlpvu2,Lennart Franklin,Moser,Lennart,Moser,Male,L. Moser,Germany,36min0qztu8eydwvpv8t1is0m,Goalkeeper,player,1999-12-06,Germany,36min0qztu8eydwvpv8t1is0m,196.0,left,99.0,active,yes,88.0,Berlin,NaN,NaN,NaN
7165hb1x2ygl2j5weox7hy6i2,Jeppe,Pedersen,Jeppe,Pedersen,Male,J. Pedersen,Denmark,5adf60vwiw2f2mibyq1k4ex7i,Midfielder,player,2001-03-03,Denmark,5adf60vwiw2f2mibyq1k4ex7i,180.0,right,21.0,active,yes,72.0,Hirtshals,NaN,NaN,NaN
77ukg02lmfn6r70xfkw9607op,Sebastian Sommer,Sørensen,NaN,NaN,Male,S. Sommer,Denmark,5adf60vwiw2f2mibyq1k4ex7i,Midfielder,player,1996-04-08,Denmark,5adf60vwiw2f2mibyq1k4ex7i,186.0,NaN,6.0,active,yes,72.0,NaN,NaN,NaN,NaN
7xde75gwrng67wvjkugv9xih,Christoffer Felix,Cornelius Petersen,Christoffer,Petersen,Male,C. Petersen,Denmark,5adf60vwiw2f2mibyq1k4ex7i,Goalkeeper,player,1997-10-20,Denmark,5adf60vwiw2f2mibyq1k4ex7i,NaN,NaN,NaN,active,no,NaN,NaN,NaN,NaN,NaN
8ewvm6ux4yvpwgrzjkc1chqwa,Albert,Nørager,NaN,NaN,Male,A. Nørager,Denmark,5adf60vwiw2f2mibyq1k4ex7i,Defender,player,1999-10-29,Denmark,5adf60vwiw2f2mibyq1k4ex7i,NaN,NaN,3.0,active,yes,NaN,NaN,NaN,NaN,NaN
8h3cyhuw5049gcxrsld3rw1ec,Villads,Westh,Villads,Westh,Male,V. Westh,Denmark,5adf60vwiw2f2mibyq1k4ex7i,Midfielder,player,2004-04-25,Denmark,5adf60vwiw2f2mibyq1k4ex7i,182.0,left,18.0,active,yes,73.0,NaN,NaN,NaN,NaN
9618hk1lq7i6see347k7plkyy,Momodou,Sarr,Momodou,Sarr,Male,M. Sarr,Finland,2u07e54v5dprsugdvddpq5ync,Attacker,player,2000-03-31,Finland,2u07e54v5dprsugdvddpq5ync,NaN,NaN,9.0,active,yes,NaN,NaN,Gambia,4ix3ulx7h2a09r16jo9qdbuvp,NaN
9fvf8z6p8ok0n5vu999ysfywa,Casper,Jørgensen,NaN,NaN,Male,C. Jørgensen,Denmark,5adf60vwiw2f2mibyq1k4ex7i,Midfielder,player,2002-08-20,Denmark,5adf60vwiw2f2mibyq1k4ex7i,185.0,left,24.0,active,yes,NaN,NaN,NaN,NaN,NaN
9ircna8pbskreztmy1wiqwx9m,Sterling Siloe,Yatéké,Sterling,Yatéké,Male,S. Yatéké,Central African Republic,4grlavjd5jd86praiug1voxmd,Attacker,player,1999-09-15,Central African Republic,4grlavjd5jd86praiug1voxmd,184.0,right,17.0,active,yes,80.0,Bangui,NaN,NaN,NaN
ae86fel4p9nioy219v3lg62hg,Kyrylo,Shushman,NaN,NaN,Male,K. Shushman,Ukraine,315w6fk6umfzf4qvba3t55u61,Goalkeeper,player,2004-08-05,Ukraine,315w6fk6umfzf4qvba3t55u61,NaN,NaN,27.0,active,yes,NaN,NaN,NaN,NaN,NaN
aszp26w7k6ycpwmcpvfteov84,Malthe,Johnsen Bøndergaard,Malthe,Bøndergaard,Male,M. Bøndergaard,Denmark,5adf60vwiw2f2mibyq1k4ex7i,Defender,player,2005-10-14,Denmark,5adf60vwiw2f2mibyq1k4ex7i,NaN,NaN,NaN,active,yes,NaN,NaN,NaN,NaN,NaN
b55jtl3ixolidn6cvc4t90efo,Jakob,Vadstrup Larsen,Jakob,Vadstrup,Male,J. Vadstrup,Denmark,5adf60vwiw2f2mibyq1k4ex7i,Defender,player,2003-07-30,Denmark,5adf60vwiw2f2mibyq1k4ex7i,NaN,NaN,2.0,active,yes,NaN,NaN,NaN,NaN,NaN
b6l4m6bmqgil9bjjov4tnuivo,Christoffer,Palm,NaN,NaN,Male,C. Palm,Denmark,5adf60vwiw2f2mibyq1k4ex7i,Midfielder,player,2002-03-30,Denmark,5adf60vwiw2f2mibyq1k4ex7i,NaN,NaN,14.0,active,yes,NaN,NaN,NaN,NaN,NaN
dqssvdpt2iwg8qn9wto3miind,Ari,Leifsson,Ari,Leifsson,Male,A. Leifsson,Iceland,4jjsm5a20nnxgw5cus6b7yxc6,Defender,player,1998-04-19,Iceland,4jjsm5a20nnxgw5cus6b7yxc6,193.0,NaN,5.0,active,yes,NaN,Reykjavík,NaN,NaN,NaN
dvnd5025v01tme7xzayw6jhn8,Nicolai,Bossen,NaN,NaN,Male,N. Bossen,Denmark,5adf60vwiw2f2mibyq1k4ex7i,Midfielder,player,2006-02-02,Denmark,5adf60vwiw2f2mibyq1k4ex7i,NaN,NaN,25.0,active,yes,NaN,NaN,NaN,NaN,NaN
dyzzo6n83rg4fpvmqqa69moes,Asker,Beck Jensen,Asker,Beck,Male,A. Beck,Denmark,5adf60vwiw2f2mibyq1k4ex7i,Midfielder,player,2003-07-07,Denmark,5adf60vwiw2f2mibyq1k4ex7i,NaN,NaN,16.0,active,yes,NaN,NaN,NaN,NaN,NaN
e3546n3qj447qgmizao50zx1w,Frederik,Brinch Møller,NaN,NaN,Male,F. Møller,Denmark,5adf60vwiw2f2mibyq1k4ex7i,Midfielder,player,2005-12-21,Denmark,5adf60vwiw2f2mibyq1k4ex7i,NaN,NaN,12.0,active,yes,NaN,NaN,NaN,NaN,NaN
ekx0wotp433tuaw4g93nybjmc,Sami,Jalal Karchoud,NaN,NaN,Male,S. Jalal,Denmark,5adf60vwiw2f2mibyq1k4ex7i,Midfielder,player,2004-03-27,Denmark,5adf60vwiw2f2mibyq1k4ex7i,NaN,NaN,29.0,active,yes,NaN,NaN,NaN,NaN,NaN
f1ba9g771s0zeel0titcj3omi,Abdoulie,Njai,NaN,NaN,Male,A. Njai,Denmark,5adf60vwiw2f2mibyq1k4ex7i,Defender,player,1997-07-10,Denmark,5adf60vwiw2f2mibyq1k4ex7i,185.0,NaN,11.0,active,yes,NaN,København,Gambia,4ix3ulx7h2a09r16jo9qdbuvp,NaN
f58yr2jmfp8kpgprfxbokt1t6,Mike,Vestergård,NaN,NaN,Male,M. Vestergård,Denmark,5adf60vwiw2f2mibyq1k4ex7i,Midfielder,player,1997-11-19,Denmark,5adf60vwiw2f2mibyq1k4ex7i,NaN,NaN,8.0,active,yes,NaN,NaN,NaN,NaN,NaN
zjklvm2eeuit947oxvxc2o0k,Valdemar,Philip,NaN,NaN,Male,V. Philip,Denmark,5adf60vwiw2f2mibyq1k4ex7i,Defender,player,NaN,Denmark,5adf60vwiw2f2mibyq1k4ex7i,NaN,NaN,30.0,active,yes,NaN,NaN,NaN,NaN,NaN
15jhbyn4wsbd865fd9djcwaok,William Christian,Martin,William,Martin,Male,W. Martin,Republic of Ireland,63nepb66un7juhglo2g6rezcl,Attacker,player,2007-04-23,Republic of Ireland,63nepb66un7juhglo2g6rezcl,NaN,NaN,40.0,active,yes,NaN,NaN,NaN,NaN,NaN
19wdr5lrjw3aqm0ap9nklwefo,Yahya,Bojang,Yahya,Bojang,Male,Y. Bojang,Gambia,4ix3ulx7h2a09r16jo9qdbuvp,Defender,player,2004-09-10,Gambia,4ix3ulx7h2a09r16jo9qdbuvp,185.0,right,24.0,active,yes,NaN,NaN,NaN,NaN,NaN
1b32j0lqi7ggcabdra4tygxzo,Markus Gustav,Jensen,Markus,Jensen,Male,M. Jensen,Denmark,5adf60vwiw2f2mibyq1k4ex7i,Attacker,player,2005-07-15,Denmark,5adf60vwiw2f2mibyq1k4ex7i,NaN,both,11.0,active,yes,NaN,NaN,NaN,NaN,NaN
1mml4inucvyomv1dcog3c1pt5,Look Saa Nicholas,Kengkhetkid Mickelson,Nicholas,Mickelson,Male,N. Mickelson,Thailand,71wqq15l0mvpl4lneayzzh44g,Defender,player,1999-07-24,Norway,7f16iy4w8u8ogyn6pfooqwv5z,179.0,right,2.0,active,yes,70.0,Skien,Norway,7f16iy4w8u8ogyn6pfooqwv5z,NaN
1rmox6tf7r283dca2vi844kr8,Aske Emil,Berg Adelgaard,Aske,Adelgaard,Male,A. Adelgaard,Denmark,5adf60vwiw2f2mibyq1k4ex7i,Defender,player,2003-11-10,Denmark,5adf60vwiw2f2mibyq1k4ex7i,NaN,left,23.0,active,yes,NaN,Odense,NaN,NaN,NaN
1vt9w739g9cui1qrjhld5jgt1,Sauli Aapo Kasperi,Väisänen,Sauli,Väisänen,Male,S. Väisänen,Finland,2u07e54v5dprsugdvddpq5ync,Defender,player,1994-06-05,Finland,2u07e54v5dprsugdvddpq5ync,190.0,right,25.0,active,yes,75.0,Helsinki,NaN,NaN,NaN
2g019dl7zougqjo7usig0rf11,Martin,Hansen,Martin,Hansen,Male,M. Hansen,Denmark,5adf60vwiw2f2mibyq1k4ex7i,Goalkeeper,player,1990-06-15,Denmark,5adf60vwiw2f2mibyq1k4ex7i,188.0,both,1.0,active,yes,85.0,Brøndby,NaN,NaN,NaN
2uw6m0yavlvkkiob73hoywb56,Gustav,Grubbe Madsen,Gustav,Grubbe,Male,G. Grubbe,Denmark,5adf60vwiw2f2mibyq1k4ex7i,Defender,player,2003-01-27,Denmark,5adf60vwiw2f2mibyq1k4ex7i,181.0,right,14.0,active,yes,74.0,Odense,NaN,NaN,NaN
2z8u8kyv91shp0la8alkn6kus,Max Isaac,Ejdum,Max,Ejdum,Male,M. Ejdum,Denmark,5adf60vwiw2f2mibyq1k4ex7i,Midfielder,player,2004-10-15,Denmark,5adf60vwiw2f2mibyq1k4ex7i,NaN,left,18.0,active,yes,NaN,NaN,NaN,NaN,NaN
3l692jwch4m0k1cfehyhmnl5h,Søren,Krogh,Søren,Krogh,Male,S. Krogh,Denmark,5adf60vwiw2f2mibyq1k4ex7i,NaN,coach,1977-04-19,Denmark,5adf60vwiw2f2mibyq1k4ex7i,NaN,NaN,NaN,active,yes,NaN,Lemvig,NaN,NaN,NaN
3vbc9fkmc8rypz1l5n2ln8efo,Tobias Oskar,Elnegaard,Tobias,Elnegaard,Male,T. Elnegaard,Denmark,5adf60vwiw2f2mibyq1k4ex7i,Goalkeeper,player,2008-07-02,Denmark,5adf60vwiw2f2mibyq1k4ex7i,NaN,NaN,NaN,active,yes,NaN,NaN,NaN,NaN,NaN
4clmd8g8jogdfvauhijd7n55h,Viljar,Røsholt Myhra,Viljar,Myhra,Male,V. Myhra,Norway,7f16iy4w8u8ogyn6pfooqwv5z,Goalkeeper,player,1996-07-21,Norway,7f16iy4w8u8ogyn6pfooqwv5z,194.0,right,16.0,active,yes,94.0,Skien,NaN,NaN,NaN
4n002w0ii1wqwx8t5xc1bzf2s,Julius,Berthel Askou Harvey,Julius,Berthel Askou,Male,J. Berthel Askou,Denmark,5adf60vwiw2f2mibyq1k4ex7i,Defender,player,2006-05-27,Denmark,5adf60vwiw2f2mibyq1k4ex7i,NaN,NaN,13.0,active,yes,NaN,NaN,NaN,NaN,NaN
5wmik73cqursg7sv3w14ue5pm,Louicius Don,Deedson,Louicius,Deedson,Male,L. Deedson,Haiti,5mp58o38d0mr5qt8g4o6l7efg,Attacker,player,2001-02-11,Haiti,5mp58o38d0mr5qt8g4o6l7efg,178.0,left,10.0,active,yes,NaN,NaN,USA,7hr2f89v44y65dyu9k92vprwn,NaN
6eg3kxxg5aneckolraz03xzpw,Nikolaj,Juul-Sandberg,Nikolaj,Juul-Sandberg,Male,N. Juul-Sandberg,Denmark,5adf60vwiw2f2mibyq1k4ex7i,Midfielder,player,2006-04-21,Denmark,5adf60vwiw2f2mibyq1k4ex7i,NaN,NaN,21.0,active,yes,NaN,NaN,NaN,NaN,NaN
80s55a7uw8kypoikefwhtdm5m,Max Johannes,Whitta Fenger,Max,Fenger,Male,M. Fenger,Denmark,5adf60vwiw2f2mibyq1k4ex7i,Attacker,player,2001-08-07,Denmark,5adf60vwiw2f2mibyq1k4ex7i,182.0,right,30.0,active,yes,75.0,Roskilde,NaN,NaN,NaN
8f1mw21tbkct0slelpdznf7dg,Marcus,McCoy,Marcus,McCoy,Male,M. McCoy,Denmark,5adf60vwiw2f2mibyq1k4ex7i,Defender,player,2005-08-24,Denmark,5adf60vwiw2f2mibyq1k4ex7i,NaN,left,15.0,active,yes,NaN,NaN,NaN,NaN,NaN
97xbmht3t4t1p9iu6598oq7l5,Alasana,Manneh,Alasana,Manneh,Male,A. Manneh,Gambia,4ix3ulx7h2a09r16jo9qdbuvp,Midfielder,player,1998-04-08,Gambia,4ix3ulx7h2a09r16jo9qdbuvp,176.0,left,8.0,active,yes,61.0,Banjul,NaN,NaN,NaN
ap5tk7hqni7e79nshgc6axk44,Noah,Hovgaard Lassen,Noah,Lassen,Male,N. Lassen,Denmark,5adf60vwiw2f2mibyq1k4ex7i,Midfielder,player,2007-01-13,Denmark,5adf60vwiw2f2mibyq1k4ex7i,NaN,NaN,41.0,active,yes,NaN,NaN,NaN,NaN,NaN
axyrfq1u8nwcj2ss5498u8qhg,Luca,Tange Kjerrumgaard,Luca,Kjerrumgaard,Male,L. Kjerrumgaard,Denmark,5adf60vwiw2f2mibyq1k4ex7i,Attacker,player,2003-02-09,Denmark,5adf60vwiw2f2mibyq1k4ex7i,190.0,NaN,17.0,active,yes,NaN,Odense,NaN,NaN,NaN
b6h33b82fqk8rc31a8k5sg60a,Alen,Mustafić,Alen,Mustafic,Male,A. Mustafić,Bosnia and Herzegovina,4fue8u54361o79fbiu9qwxjer,Midfielder,player,1999-07-05,Bosnia and Herzegovina,4fue8u54361o79fbiu9qwxjer,185.0,right,NaN,active,no,78.0,Tuzla,NaN,NaN,NaN
cvtxbvkvayqwjapabzbhl7h0,Valdemar,Grymer,NaN,NaN,Male,V. Grymer,Denmark,5adf60vwiw2f2mibyq1k4ex7i,Midfielder,player,2005-06-26,Denmark,5adf60vwiw2f2mibyq1k4ex7i,NaN,NaN,NaN,active,yes,NaN,NaN,NaN,NaN,NaN
dpv6emcsq35lv8fr67816yzje,Tyler David Sylvester,Burey,Tyler,Burey,Male,T. Burey,England,1fk5l4hkqk12i7zske6mcqju6,Attacker,player,2001-01-09,England,1fk5l4hkqk12i7zske6mcqju6,187.0,right,27.0,active,yes,NaN,London,Jamaica,gimxu1vjwoa2xrecyd9gtyoc,NaN
dqtarwrqvkopmzbt2ovp2dln9,Bjørn,Iversen Paulsen,Bjørn,Paulsen,Male,B. Paulsen,Denmark,5adf60vwiw2f2mibyq1k4ex7i,Defender,player,1991-07-02,Denmark,5adf60vwiw2f2mibyq1k4ex7i,191.0,right,4.0,active,yes,85.0,Augustenborg,NaN,NaN,NaN
ef7l91pb4w6yk7lijxjxlievp,Mads,Juul Greve,Mads,Greve,Male,M. Greve,Denmark,5adf60vwiw2f2mibyq1k4ex7i,Defender,player,1989-09-12,Denmark,5adf60vwiw2f2mibyq1k4ex7i,195.0,right,5.0,active,yes,NaN,NaN,NaN,NaN,NaN
e42jh6bbwn4aybdnysonrvutx,Leeroy,Owusu,Leeroy,Owusu,Male,L. Owusu,Netherlands,6hzi5pltnz67q4la8yli9qfv6,Defender,player,1996-08-13,Netherlands,6hzi5pltnz67q4la8yli9qfv6,174.0,right,20.0,active,yes,68.0,Purmerend,Ghana,2q2sw72utw5gu9t5y4knckwba,NaN
e9o7q10wnhex4e8eo47mobbvt,Jakob,Bonde Jensen,Jakob,Bonde,Male,J. Bonde,Denmark,5adf60vwiw2f2mibyq1k4ex7i,Midfielder,player,1993-12-29,Denmark,5adf60vwiw2f2mibyq1k4ex7i,186.0,left,6.0,active,yes,75.0,Nykøbing Falster,NaN,NaN,NaN
ejv587h08dn1hgxhfgib3reqy,Rami,Al Hajj,Rami,Al Hajj,Male,R. Al Hajj,Sweden,1z6l2c33w2kyz9rdefs1d68nb,Midfielder,player,2001-09-17,Lebanon,x78kryrxd9j9dfj4mtec292b,180.0,right,22.0,active,yes,69.0,Beirut,Lebanon,x78kryrxd9j9dfj4mtec292b,NaN
eq15hjcxpdrl5vca2q7s4tr3e,Mihajlo,Ivančević,Mihajlo,Ivancevic,Male,M. Ivančević,Serbia,5w4ve503bjdsshwx9ho6jxzx0,Defender,player,1999-04-07,Serbia,5w4ve503bjdsshwx9ho6jxzx0,190.0,left,NaN,active,yes,80.0,Bačka Topola,NaN,NaN,NaN
ev2s21ogvpjtata4fndi868ve,James,Gomez,James,Gomez,Male,J. Gomez,Gambia,4ix3ulx7h2a09r16jo9qdbuvp,Defender,player,2001-11-14,Gambia,4ix3ulx7h2a09r16jo9qdbuvp,189.0,right,29.0,active,yes,80.0,Bakary Sambouya,NaN,NaN,NaN
ewh6t7yo6clfewu89uznll9uc,Elias,Hansborg-Sørensen,Elias,Hansborg-Sørensen,Male,E. Hansborg-Sørensen,Denmark,5adf60vwiw2f2mibyq1k4ex7i,Attacker,player,2005-07-02,Denmark,5adf60vwiw2f2mibyq1k4ex7i,NaN,NaN,26.0,active,yes,NaN,NaN,NaN,NaN,NaN
rbk7g9mpasw3edltliscyzv8,Johannes Daniel Erik,Selvén,Johannes,Selvén,Male,J. Selvén,Sweden,1z6l2c33w2kyz9rdefs1d68nb,Attacker,player,2003-07-26,Sweden,1z6l2c33w2kyz9rdefs1d68nb,170.0,left,19.0,active,yes,64.0,NaN,NaN,NaN,NaN
wrckom9vy4352nos44600ydw,Tobias,Slotsager,Tobias,Slotsager,Male,T. Slotsager,Denmark,5adf60vwiw2f2mibyq1k4ex7i,Defender,player,2006-01-01,Denmark,5adf60vwiw2f2mibyq1k4ex7i,190.0,right,28.0,active,yes,NaN,Morud,NaN,NaN,NaN
11cna826ls27ahux2w0ckapqt,Kasper,Kusk Vangsgaard,Kasper,Kusk,Male,K. Kusk,Denmark,5adf60vwiw2f2mibyq1k4ex7i,Midfielder,player,1991-11-10,Denmark,5adf60vwiw2f2mibyq1k4ex7i,180.0,left,17.0,active,yes,67.0,Aalborg,NaN,NaN,NaN
139g7ilwvcpl519v3scnweg2d,Lucas Tomas,Jensen,Lucas,Jensen,Male,L. Jensen,Denmark,5adf60vwiw2f2mibyq1k4ex7i,Attacker,player,1994-10-08,Denmark,5adf60vwiw2f2mibyq1k4ex7i,184.0,right,7.0,active,yes,77.0,Holstebro,NaN,NaN,NaN
18vvlxsaoloypja4fdddj687o,Omar,Jebali,Omar,Jebali,Male,O. Jebali,Tunisia,2um1icx6ftp1auliaxyw0ou6y,Defender,player,2000-02-19,Tunisia,2um1icx6ftp1auliaxyw0ou6y,NaN,NaN,34.0,active,yes,NaN,NaN,NaN,NaN,NaN
4csz412vb3lquessbnf999ct0,Adam,Ahmad,NaN,NaN,Male,A. Ahmad,Denmark,5adf60vwiw2f2mibyq1k4ex7i,Attacker,player,2003-06-25,Denmark,5adf60vwiw2f2mibyq1k4ex7i,NaN,NaN,23.0,active,yes,NaN,NaN,NaN,NaN,NaN
5hr1cb6e6xb3eyjnau7w4825l,Rasmus,Thellufsen Pedersen,Rasmus,Thellufsen,Male,R. Thellufsen,Denmark,5adf60vwiw2f2mibyq1k4ex7i,Midfielder,player,1997-01-09,Denmark,5adf60vwiw2f2mibyq1k4ex7i,175.0,both,22.0,active,yes,70.0,Sæby,NaN,NaN,NaN
64vlnkuqfh7rnymg8qku8amwa,Lasse William,Schulz,Lasse,Schulz,Male,L. Schulz,Finland,2u07e54v5dprsugdvddpq5ync,Goalkeeper,player,2003-03-29,Finland,2u07e54v5dprsugdvddpq5ync,198.0,right,1.0,active,yes,84.0,Helsinki,Germany,36min0qztu8eydwvpv8t1is0m,NaN
6gi9kejni27hjp7b43djczz6d,Philip,Rejnhold Olsen,Philip,Rejnhold,Male,P. Rejnhold,Denmark,5adf60vwiw2f2mibyq1k4ex7i,Defender,player,1996-03-21,Denmark,5adf60vwiw2f2mibyq1k4ex7i,177.0,both,3.0,active,yes,75.0,København,NaN,NaN,NaN
6t6k24gn6zwxz1g6c3n4ph0q,Mathias,Haarup,Mathias,Haarup,Male,M. Haarup,Denmark,5adf60vwiw2f2mibyq1k4ex7i,Defender,player,1996-02-10,Denmark,5adf60vwiw2f2mibyq1k4ex7i,178.0,NaN,27.0,active,yes,NaN,NaN,NaN,NaN,NaN
6xnn9048x2zmwprfsg0lhq61g,Mads,Houkjær,NaN,NaN,Male,M. Houkjær,Denmark,5adf60vwiw2f2mibyq1k4ex7i,Defender,player,NaN,Denmark,5adf60vwiw2f2mibyq1k4ex7i,NaN,NaN,37.0,active,yes,NaN,NaN,NaN,NaN,NaN
78iynnu6cnznv6fxpo4br4mlm,Victor Sylvestre,Mpindi Ekani,Victor,Mpindi,Male,V. Mpindi,Cameroon,4eb9feio6u267dd1jcwaf38mt,Midfielder,player,1997-02-27,Cameroon,4eb9feio6u267dd1jcwaf38mt,190.0,right,29.0,active,yes,82.0,NaN,NaN,NaN,NaN
7ar33yy0wd5ah5o8om1l12pgq,Marcus,Serup Hannesbo,Marcus,Hannesbo,Male,M. Hannesbo,Denmark,5adf60vwiw2f2mibyq1k4ex7i,Midfielder,player,2002-05-11,Denmark,5adf60vwiw2f2mibyq1k4ex7i,184.0,left,11.0,active,yes,69.0,NaN,NaN,NaN,NaN
7hjje0m3ssh678vkup0un3zmc,David,Olsen,NaN,NaN,Male,D. Olsen,Denmark,5adf60vwiw2f2mibyq1k4ex7i,NaN,assistant coach,1973-12-29,Denmark,5adf60vwiw2f2mibyq1k4ex7i,NaN,NaN,NaN,active,yes,NaN,NaN,NaN,NaN,NaN
7j35sfip0xb51mpa91wzikrh0,Oskar,Øhlenschlæger,NaN,NaN,Male,O. Øhlenschlæger,Denmark,5adf60vwiw2f2mibyq1k4ex7i,Midfielder,player,2004-04-19,Denmark,5adf60vwiw2f2mibyq1k4ex7i,180.0,both,20.0,active,yes,NaN,NaN,NaN,NaN,NaN
9l89n30nejpn2u22ygvchwnze,Lasse,Steffensen,NaN,NaN,Male,L. Steffensen,Denmark,5adf60vwiw2f2mibyq1k4ex7i,Attacker,player,1996-08-27,Denmark,5adf60vwiw2f2mibyq1k4ex7i,NaN,NaN,9.0,active,yes,NaN,NaN,NaN,NaN,NaN
9nafz0c0x2qvmo5ldm0djmcq1,Magnus,Kaastrup Refstrup Lauritsen,Magnus,Kaastrup,Male,M. Kaastrup,Denmark,5adf60vwiw2f2mibyq1k4ex7i,Attacker,player,2000-12-28,Denmark,5adf60vwiw2f2mibyq1k4ex7i,176.0,left,10.0,active,yes,70.0,NaN,NaN,NaN,NaN
9vbxe5gvruap8h546efz3nx1w,Andreas,Rise Kristiansen,NaN,NaN,Male,A. Rise Kristiansen,Denmark,5adf60vwiw2f2mibyq1k4ex7i,Midfielder,player,2007-06-29,Denmark,5adf60vwiw2f2mibyq1k4ex7i,NaN,NaN,NaN,active,yes,NaN,NaN,NaN,NaN,NaN
9y2jqheyw7vuscwsj9yyxuga,Gustav Bonde,Dahl,Gustav,Bonde Dahl,Male,G. Dahl,Denmark,5adf60vwiw2f2mibyq1k4ex7i,Midfielder,player,2004-03-20,Denmark,5adf60vwiw2f2mibyq1k4ex7i,NaN,NaN,25.0,active,yes,NaN,NaN,NaN,NaN,NaN
a7eramyy1bd8msxmg84ctc8ut,Ayo,Simon Okosun,Ayo Simon,Okosun,Male,A. Simon Okosun,Denmark,5adf60vwiw2f2mibyq1k4ex7i,Midfielder,player,1993-07-21,Denmark,5adf60vwiw2f2mibyq1k4ex7i,198.0,right,8.0,active,yes,85.0,Kopenhagen,Nigeria,63pvdwrsiq5b07mzi8igqei9p,NaN
ag1psg17osvgbq5fz9xo7kmj8,Zean,Peetz Dalügge,Zean,Dalügge,Male,Z. Dalügge,Denmark,5adf60vwiw2f2mibyq1k4ex7i,Attacker,player,2003-07-11,Denmark,5adf60vwiw2f2mibyq1k4ex7i,NaN,NaN,NaN,active,no,NaN,NaN,NaN,NaN,NaN
alvc454edslfjld3g3wcn7yp6,Tim Erik,Hartzell,Tim,Hartzell,Male,T. Hartzell,Sweden,1z6l2c33w2kyz9rdefs1d68nb,Defender,player,2001-10-22,Sweden,1z6l2c33w2kyz9rdefs1d68nb,NaN,NaN,44.0,active,no,NaN,NaN,NaN,NaN,NaN
anh9yln71anor44xeh5zp9n56,Bo,Zinck,NaN,NaN,Male,B. Zinck,Denmark,5adf60vwiw2f2mibyq1k4ex7i,NaN,coach,1979-02-14,Denmark,5adf60vwiw2f2mibyq1k4ex7i,NaN,NaN,NaN,active,yes,NaN,NaN,NaN,NaN,NaN
bvw5oc4c040ey5dt5wn0choiy,Gustav Julius,Mortensen,Gustav,Mortensen,Male,G. Mortensen,Denmark,5adf60vwiw2f2mibyq1k4ex7i,Defender,player,2004-03-19,Denmark,5adf60vwiw2f2mibyq1k4ex7i,NaN,left,2.0,active,yes,NaN,NaN,NaN,NaN,NaN
duahzgqspyuy2gu31u3s8ky96,Mikkel,Møller Lassen,Mikkel,Lassen,Male,M. Lassen,Denmark,5adf60vwiw2f2mibyq1k4ex7i,Defender,player,2001-06-19,Denmark,5adf60vwiw2f2mibyq1k4ex7i,181.0,right,4.0,active,yes,74.0,NaN,NaN,NaN,NaN
dy7tdtffhczukm4vrkgp1ctn8,Magnus,Worsøe Nielsen,Magnus,Nielsen,Male,M. Nielsen,Denmark,5adf60vwiw2f2mibyq1k4ex7i,Goalkeeper,player,2004-08-04,Denmark,5adf60vwiw2f2mibyq1k4ex7i,194.0,right,16.0,active,yes,80.0,NaN,NaN,NaN,NaN
egwhlgopjtjkop7ozy7ltk1cl,Frederik,Lindbøg Børsting,Frederik,Børsting,Male,F. Børsting,Denmark,5adf60vwiw2f2mibyq1k4ex7i,Midfielder,player,1995-02-13,Denmark,5adf60vwiw2f2mibyq1k4ex7i,178.0,both,6.0,active,yes,74.0,Aalborg,NaN,NaN,NaN
ju24rgwcctj5yizl54o91gfe,Shanyder Antonio,Borgelin,Shanyder,Borgelin,Male,S. Borgelin,Haiti,5mp58o38d0mr5qt8g4o6l7efg,Attacker,player,2001-10-19,USA,7hr2f89v44y65dyu9k92vprwn,193.0,NaN,NaN,active,yes,84.0,Margate,USA,7hr2f89v44y65dyu9k92vprwn,NaN
