playerName,playerId,contestantId,team_name,label,match_id,date,321
A. Ahmad,4csz412vb3lquessbnf999ct0,7gkglopz9cjsysn2u6sbhuvc5,Vendsyssel,Vendsyssel vs Hobro,67q1kfc3gdz3yohfds1qwp6ok,2024-08-21,0.0
A. Ahmad,4csz412vb3lquessbnf999ct0,7gkglopz9cjsysn2u6sbhuvc5,Vendsyssel,Vendsyssel vs Kolding,62191g2fovdguidqjhb6v6bdg,2024-08-10,0.599577784538269
A. Ahmad,4csz412vb3lquessbnf999ct0,7gkglopz9cjsysn2u6sbhuvc5,Vendsyssel,Vendsyssel vs Roskilde,5v3djdmu6nvwdt4167su2gkk4,2024-07-19,0.0
A. Alicino,7l7f98nn8gohmdacsdb2labkk,aqtkb4mgrz8c6iqfufj6qjbv9,Hillerød,B 93 vs Hillerød,683lmz8500sqkbfvskdoruck4,2024-08-23,0.0175732113420963
A. Alicino,7l7f98nn8gohmdacsdb2labkk,aqtkb4mgrz8c6iqfufj6qjbv9,Hillerød,Hillerød vs Hobro,5wg9cdczccjfgs2hctntatt04,2024-07-21,0.0085384910926222
A. Alicino,7l7f98nn8gohmdacsdb2labkk,aqtkb4mgrz8c6iqfufj6qjbv9,Hillerød,Hillerød vs Roskilde,606n2aj6373t4z6q80ngim590,2024-08-02,0.0529328323900699
A. Alicino,7l7f98nn8gohmdacsdb2labkk,aqtkb4mgrz8c6iqfufj6qjbv9,Hillerød,OB vs Hillerød,62gfjlfuls7nb7fb9qc04l2xg,2024-08-10,0.0249037481844425
A. Beck,dyzzo6n83rg4fpvmqqa69moes,b8oqgvx1ijeyn6y1cn6929ix4,Kolding,B 93 vs Kolding,5u3egzqc8xhnmwpmvwdc2gvmc,2024-07-19,0.0707207843661308
A. Beck,dyzzo6n83rg4fpvmqqa69moes,b8oqgvx1ijeyn6y1cn6929ix4,Kolding,Hillerød vs Kolding,6ac9wol3td1jcuu8hwzpgu7mc,2024-08-30,0.0358321145176887
A. Beck,dyzzo6n83rg4fpvmqqa69moes,b8oqgvx1ijeyn6y1cn6929ix4,Kolding,Kolding vs Esbjerg,66x20c00o5l5fgwia0g0ox9g4,2024-08-21,0.0
A. Beck,dyzzo6n83rg4fpvmqqa69moes,b8oqgvx1ijeyn6y1cn6929ix4,Kolding,Kolding vs Hvidovre,5xyyhocfe3g0cljxlc1ksh9g4,2024-07-26,0.1251306533813476
A. Bøndergaard,9jqox80arzpytv1b136jobhpm,6wwwud48qahpwrfxs20334qk5,Fredericia,Fredericia vs Esbjerg,636w1d231ya7tiky1o3uf8c2c,2024-08-11,0.0
A. Bøndergaard,9jqox80arzpytv1b136jobhpm,6wwwud48qahpwrfxs20334qk5,Fredericia,Fredericia vs Hvidovre,69ytnflzsrucnva2zz5hpqtqs,2024-08-25,0.0
A. Bøndergaard,9jqox80arzpytv1b136jobhpm,6wwwud48qahpwrfxs20334qk5,Fredericia,Fredericia vs Roskilde,64o9dmwumoh7ybeg7hb62m3o4,2024-08-16,0.0
A. Bøndergaard,9jqox80arzpytv1b136jobhpm,6wwwud48qahpwrfxs20334qk5,Fredericia,Fredericia vs Vendsyssel,5ypehb9knyvb5m38jkw0q7m6s,2024-07-27,0.0
A. Bøndergaard,9jqox80arzpytv1b136jobhpm,6wwwud48qahpwrfxs20334qk5,Fredericia,HB Køge vs Fredericia,6bugbbqhm9vjhnu2cgz0zdg5w,2024-09-01,0.0
A. Bøndergaard,9jqox80arzpytv1b136jobhpm,6wwwud48qahpwrfxs20334qk5,Fredericia,Horsens vs Fredericia,5vzud50zb2yp8fwqvfjkjfk0k,2024-07-21,0.3136636316776275
A. Bøndergaard,9jqox80arzpytv1b136jobhpm,6wwwud48qahpwrfxs20334qk5,Fredericia,OB vs Fredericia,67aox2lb1r4he0a98fyputiqc,2024-08-21,0.0
A. Dahl,65g5cfsdr10378yvmkpm19444,6wwwud48qahpwrfxs20334qk5,Fredericia,Fredericia vs Vendsyssel,5ypehb9knyvb5m38jkw0q7m6s,2024-07-27,0.047910425812006
A. Dahl,65g5cfsdr10378yvmkpm19444,6wwwud48qahpwrfxs20334qk5,Fredericia,OB vs Fredericia,67aox2lb1r4he0a98fyputiqc,2024-08-21,0.0816122591495513
A. Gøthler,d2ukggo2v5jsw4pctznmaijo4,8cfkisxf1fkxdqtt6tx1tup48,HB Køge,Esbjerg vs HB Køge,68gwwbsu3gg7uqu5gicr4qa6s,2024-08-24,0.0317225642502307
A. Gøthler,d2ukggo2v5jsw4pctznmaijo4,8cfkisxf1fkxdqtt6tx1tup48,HB Køge,HB Køge vs B 93,666foj7nk4793eyjm86x2nvo4,2024-08-20,0.0855631902813911
A. Herdonsson,9dh7cnu4uzbraeck0t5iqlj4k,a9vw7ikerpr4cuweeeka5aneg,Horsens,Esbjerg vs Horsens,60xgl2a4toyqemqz4ec7l1638,2024-08-04,0.0566362328827381
A. Herdonsson,9dh7cnu4uzbraeck0t5iqlj4k,a9vw7ikerpr4cuweeeka5aneg,Horsens,HB Køge vs Horsens,62to8z5uwcrf85s9tt8cosfmc,2024-08-11,0.0
A. Herdonsson,9dh7cnu4uzbraeck0t5iqlj4k,a9vw7ikerpr4cuweeeka5aneg,Horsens,Horsens vs Vendsyssel,68uf0bqpt0w3f2ocdskcac07o,2024-08-24,0.0378122739493846
A. Herdonsson,9dh7cnu4uzbraeck0t5iqlj4k,a9vw7ikerpr4cuweeeka5aneg,Horsens,Hvidovre vs Horsens,6bgxohpg2111nj34b43g8d2j8,2024-08-30,0.0326353199779987
A. Iljazovski,bfvdr7ckiersz26ya2kq9f1g4,8gxd9ry2580pu1b1dd5ny9ymy,Hvidovre,Hobro vs Hvidovre,651qsgvxz0hgo5cewrehcj9ck,2024-08-17,0.0
A. Iljazovski,bfvdr7ckiersz26ya2kq9f1g4,8gxd9ry2580pu1b1dd5ny9ymy,Hvidovre,Hvidovre vs B 93,61aoq5n283d8adu6usn04glqs,2024-08-09,0.0723352283239364
A. Iljazovski,bfvdr7ckiersz26ya2kq9f1g4,8gxd9ry2580pu1b1dd5ny9ymy,Hvidovre,Hvidovre vs HB Køge,5un12m65p2ujmjb0seb0fxxck,2024-07-19,0.0263334158807992
A. Iljazovski,bfvdr7ckiersz26ya2kq9f1g4,8gxd9ry2580pu1b1dd5ny9ymy,Hvidovre,OB vs Hvidovre,60k5xy9nwnuqded5lwcx4vf2s,2024-08-03,0.0579266101121902
A. Justinussen,uiyol728wan4mxco2foplknp,aqtkb4mgrz8c6iqfufj6qjbv9,Hillerød,B 93 vs Hillerød,683lmz8500sqkbfvskdoruck4,2024-08-23,0.0
A. Justinussen,uiyol728wan4mxco2foplknp,aqtkb4mgrz8c6iqfufj6qjbv9,Hillerød,Hillerød vs HB Køge,64asahp9xtmrj6tt53ghkam1g,2024-08-16,0.0
A. Justinussen,uiyol728wan4mxco2foplknp,aqtkb4mgrz8c6iqfufj6qjbv9,Hillerød,Hillerød vs Hobro,5wg9cdczccjfgs2hctntatt04,2024-07-21,0.0
A. Justinussen,uiyol728wan4mxco2foplknp,aqtkb4mgrz8c6iqfufj6qjbv9,Hillerød,Hillerød vs Kolding,6ac9wol3td1jcuu8hwzpgu7mc,2024-08-30,0.0
A. Justinussen,uiyol728wan4mxco2foplknp,aqtkb4mgrz8c6iqfufj6qjbv9,Hillerød,Hillerød vs Roskilde,606n2aj6373t4z6q80ngim590,2024-08-02,0.0
A. Justinussen,uiyol728wan4mxco2foplknp,aqtkb4mgrz8c6iqfufj6qjbv9,Hillerød,Horsens vs Hillerød,5xlnmoz70lip7vpwtrpbfuvis,2024-07-26,0.0
A. Justinussen,uiyol728wan4mxco2foplknp,aqtkb4mgrz8c6iqfufj6qjbv9,Hillerød,Hvidovre vs Hillerød,66jmta6v8gvabt8tfjq4zi0ic,2024-08-20,0.0
A. Justinussen,uiyol728wan4mxco2foplknp,aqtkb4mgrz8c6iqfufj6qjbv9,Hillerød,OB vs Hillerød,62gfjlfuls7nb7fb9qc04l2xg,2024-08-10,0.0
A. Lausen,ate1ymumg2iwzn8uyyf3ts222,f1h34qp5zbfl489q8vnkhiq9s,Esbjerg,Esbjerg vs HB Køge,68gwwbsu3gg7uqu5gicr4qa6s,2024-08-24,0.0
A. Lausen,ate1ymumg2iwzn8uyyf3ts222,f1h34qp5zbfl489q8vnkhiq9s,Esbjerg,Esbjerg vs Horsens,60xgl2a4toyqemqz4ec7l1638,2024-08-04,0.150967001914978
A. Lausen,ate1ymumg2iwzn8uyyf3ts222,f1h34qp5zbfl489q8vnkhiq9s,Esbjerg,Esbjerg vs OB,5vjn0dtuqrd9fmnqncz9uxn9w,2024-07-20,0.0480385906994342
A. Lausen,ate1ymumg2iwzn8uyyf3ts222,f1h34qp5zbfl489q8vnkhiq9s,Esbjerg,Esbjerg vs Vendsyssel,65fh57lbyqgnibt11zhhw1btg,2024-08-17,0.0
A. Lausen,ate1ymumg2iwzn8uyyf3ts222,f1h34qp5zbfl489q8vnkhiq9s,Esbjerg,Fredericia vs Esbjerg,636w1d231ya7tiky1o3uf8c2c,2024-08-11,0.0
A. Lausen,ate1ymumg2iwzn8uyyf3ts222,f1h34qp5zbfl489q8vnkhiq9s,Esbjerg,Hobro vs Esbjerg,5x6tgnddq164y7hxajehmzpjo,2024-07-26,0.0273918695747852
A. Lausen,ate1ymumg2iwzn8uyyf3ts222,f1h34qp5zbfl489q8vnkhiq9s,Esbjerg,Kolding vs Esbjerg,66x20c00o5l5fgwia0g0ox9g4,2024-08-21,0.0
A. Lausen,ate1ymumg2iwzn8uyyf3ts222,f1h34qp5zbfl489q8vnkhiq9s,Esbjerg,Roskilde vs Esbjerg,6b3jwbgjt8nnugx6thlhzbo5w,2024-08-30,0.0
A. Leifsson,dqssvdpt2iwg8qn9wto3miind,b8oqgvx1ijeyn6y1cn6929ix4,Kolding,B 93 vs Kolding,5u3egzqc8xhnmwpmvwdc2gvmc,2024-07-19,0.0
A. Leifsson,dqssvdpt2iwg8qn9wto3miind,b8oqgvx1ijeyn6y1cn6929ix4,Kolding,Kolding vs Esbjerg,66x20c00o5l5fgwia0g0ox9g4,2024-08-21,0.044722706079483
A. Leifsson,dqssvdpt2iwg8qn9wto3miind,b8oqgvx1ijeyn6y1cn6929ix4,Kolding,Kolding vs Fredericia,5zt7hwff1uzedxfginjs4d6hg,2024-08-02,0.0300896894186735
A. Leifsson,dqssvdpt2iwg8qn9wto3miind,b8oqgvx1ijeyn6y1cn6929ix4,Kolding,Kolding vs Hvidovre,5xyyhocfe3g0cljxlc1ksh9g4,2024-07-26,0.1475639641284942
A. Ludwig,61vr9xr91fr4g6ayzga5vn9w5,a9vw7ikerpr4cuweeeka5aneg,Horsens,Horsens vs Vendsyssel,68uf0bqpt0w3f2ocdskcac07o,2024-08-24,0.0
A. Maarup,cf6zq49y8v1ekw07e7yi3uac,bd4qakf7j0wwie8wke9km7uj8,Roskilde,Fredericia vs Roskilde,64o9dmwumoh7ybeg7hb62m3o4,2024-08-16,0.0
A. Maarup,cf6zq49y8v1ekw07e7yi3uac,bd4qakf7j0wwie8wke9km7uj8,Roskilde,Hillerød vs Roskilde,606n2aj6373t4z6q80ngim590,2024-08-02,0.0
A. Maarup,cf6zq49y8v1ekw07e7yi3uac,bd4qakf7j0wwie8wke9km7uj8,Roskilde,Kolding vs Roskilde,697sdgo5t9e7lo8ano2xyxvys,2024-08-24,0.0154576078057289
A. Maarup,cf6zq49y8v1ekw07e7yi3uac,bd4qakf7j0wwie8wke9km7uj8,Roskilde,Roskilde vs B 93,5yc6itlm0c8fncu5dj17bkg7o,2024-07-27,0.0
A. Maarup,cf6zq49y8v1ekw07e7yi3uac,bd4qakf7j0wwie8wke9km7uj8,Roskilde,Roskilde vs Esbjerg,6b3jwbgjt8nnugx6thlhzbo5w,2024-08-30,0.1022618189454078
A. Maarup,cf6zq49y8v1ekw07e7yi3uac,bd4qakf7j0wwie8wke9km7uj8,Roskilde,Roskilde vs Horsens,65t3a478yk7dsm6iulmfhp2j8,2024-08-20,0.0654307380318641
A. Maarup,cf6zq49y8v1ekw07e7yi3uac,bd4qakf7j0wwie8wke9km7uj8,Roskilde,Vendsyssel vs Roskilde,5v3djdmu6nvwdt4167su2gkk4,2024-07-19,0.0358402132987976
A. Manneh,97xbmht3t4t1p9iu6598oq7l5,dbl7ir1qugqz8nvp1vzn8im50,OB,HB Køge vs OB,5wthrebrhplwhwm4qwy9xpgr8,2024-07-26,0.0
A. Manneh,97xbmht3t4t1p9iu6598oq7l5,dbl7ir1qugqz8nvp1vzn8im50,OB,Hobro vs OB,69lfkq7flxweg73dhb3f5qsyc,2024-08-25,0.0
A. Manneh,97xbmht3t4t1p9iu6598oq7l5,dbl7ir1qugqz8nvp1vzn8im50,OB,OB vs Fredericia,67aox2lb1r4he0a98fyputiqc,2024-08-21,0.0210812482982873
A. Manneh,97xbmht3t4t1p9iu6598oq7l5,dbl7ir1qugqz8nvp1vzn8im50,OB,OB vs Hvidovre,60k5xy9nwnuqded5lwcx4vf2s,2024-08-03,0.0
A. Muçolli,289rctmvd5ppy9zqn98jbe4et,6wwwud48qahpwrfxs20334qk5,Fredericia,Fredericia vs Esbjerg,636w1d231ya7tiky1o3uf8c2c,2024-08-11,0.0621512271463871
A. Muçolli,289rctmvd5ppy9zqn98jbe4et,6wwwud48qahpwrfxs20334qk5,Fredericia,Fredericia vs Hvidovre,69ytnflzsrucnva2zz5hpqtqs,2024-08-25,0.0
A. Muçolli,289rctmvd5ppy9zqn98jbe4et,6wwwud48qahpwrfxs20334qk5,Fredericia,Fredericia vs Roskilde,64o9dmwumoh7ybeg7hb62m3o4,2024-08-16,0.0
A. Muçolli,289rctmvd5ppy9zqn98jbe4et,6wwwud48qahpwrfxs20334qk5,Fredericia,Fredericia vs Vendsyssel,5ypehb9knyvb5m38jkw0q7m6s,2024-07-27,0.0498626641929149
A. Muçolli,289rctmvd5ppy9zqn98jbe4et,6wwwud48qahpwrfxs20334qk5,Fredericia,HB Køge vs Fredericia,6bugbbqhm9vjhnu2cgz0zdg5w,2024-09-01,0.0
A. Muçolli,289rctmvd5ppy9zqn98jbe4et,6wwwud48qahpwrfxs20334qk5,Fredericia,Horsens vs Fredericia,5vzud50zb2yp8fwqvfjkjfk0k,2024-07-21,0.0
A. Muçolli,289rctmvd5ppy9zqn98jbe4et,6wwwud48qahpwrfxs20334qk5,Fredericia,Kolding vs Fredericia,5zt7hwff1uzedxfginjs4d6hg,2024-08-02,0.0381396077573299
A. Njai,f1ba9g771s0zeel0titcj3omi,b8oqgvx1ijeyn6y1cn6929ix4,Kolding,Horsens vs Kolding,63k0w54ygz5bip8a709rpfpxw,2024-08-16,0.0429350323975086
A. Njai,f1ba9g771s0zeel0titcj3omi,b8oqgvx1ijeyn6y1cn6929ix4,Kolding,Kolding vs Esbjerg,66x20c00o5l5fgwia0g0ox9g4,2024-08-21,0.0
A. Njai,f1ba9g771s0zeel0titcj3omi,b8oqgvx1ijeyn6y1cn6929ix4,Kolding,Kolding vs Fredericia,5zt7hwff1uzedxfginjs4d6hg,2024-08-02,0.0
A. Njai,f1ba9g771s0zeel0titcj3omi,b8oqgvx1ijeyn6y1cn6929ix4,Kolding,Kolding vs Hvidovre,5xyyhocfe3g0cljxlc1ksh9g4,2024-07-26,0.0
A. Njai,f1ba9g771s0zeel0titcj3omi,b8oqgvx1ijeyn6y1cn6929ix4,Kolding,Kolding vs Roskilde,697sdgo5t9e7lo8ano2xyxvys,2024-08-24,0.0
A. Njai,f1ba9g771s0zeel0titcj3omi,b8oqgvx1ijeyn6y1cn6929ix4,Kolding,Vendsyssel vs Kolding,62191g2fovdguidqjhb6v6bdg,2024-08-10,0.0
A. Nørager,8ewvm6ux4yvpwgrzjkc1chqwa,b8oqgvx1ijeyn6y1cn6929ix4,Kolding,B 93 vs Kolding,5u3egzqc8xhnmwpmvwdc2gvmc,2024-07-19,0.018473420292139
A. Nørager,8ewvm6ux4yvpwgrzjkc1chqwa,b8oqgvx1ijeyn6y1cn6929ix4,Kolding,Hillerød vs Kolding,6ac9wol3td1jcuu8hwzpgu7mc,2024-08-30,0.0517032295465469
A. Nørager,8ewvm6ux4yvpwgrzjkc1chqwa,b8oqgvx1ijeyn6y1cn6929ix4,Kolding,Kolding vs Esbjerg,66x20c00o5l5fgwia0g0ox9g4,2024-08-21,0.0
A. Nørager,8ewvm6ux4yvpwgrzjkc1chqwa,b8oqgvx1ijeyn6y1cn6929ix4,Kolding,Kolding vs Roskilde,697sdgo5t9e7lo8ano2xyxvys,2024-08-24,0.02029974386096
A. Nørager,8ewvm6ux4yvpwgrzjkc1chqwa,b8oqgvx1ijeyn6y1cn6929ix4,Kolding,Vendsyssel vs Kolding,62191g2fovdguidqjhb6v6bdg,2024-08-10,0.0128240510821342
A. Simon Okosun,a7eramyy1bd8msxmg84ctc8ut,7gkglopz9cjsysn2u6sbhuvc5,Vendsyssel,B 93 vs Vendsyssel,5z2la60f979qze3h1rwo3jbx0,2024-08-02,0.0183005779981613
A. Simon Okosun,a7eramyy1bd8msxmg84ctc8ut,7gkglopz9cjsysn2u6sbhuvc5,Vendsyssel,Fredericia vs Vendsyssel,5ypehb9knyvb5m38jkw0q7m6s,2024-07-27,0.0
A. Simon Okosun,a7eramyy1bd8msxmg84ctc8ut,7gkglopz9cjsysn2u6sbhuvc5,Vendsyssel,Vendsyssel vs Kolding,62191g2fovdguidqjhb6v6bdg,2024-08-10,0.0
A. Simon Okosun,a7eramyy1bd8msxmg84ctc8ut,7gkglopz9cjsysn2u6sbhuvc5,Vendsyssel,Vendsyssel vs Roskilde,5v3djdmu6nvwdt4167su2gkk4,2024-07-19,0.0
A. Smed,dncrhma6gwcn6pxiu7hfc6qz8,8gxd9ry2580pu1b1dd5ny9ymy,Hvidovre,Fredericia vs Hvidovre,69ytnflzsrucnva2zz5hpqtqs,2024-08-25,0.0437845066189765
A. Smed,dncrhma6gwcn6pxiu7hfc6qz8,8gxd9ry2580pu1b1dd5ny9ymy,Hvidovre,Hobro vs Hvidovre,651qsgvxz0hgo5cewrehcj9ck,2024-08-17,0.0
A. Smed,dncrhma6gwcn6pxiu7hfc6qz8,8gxd9ry2580pu1b1dd5ny9ymy,Hvidovre,Hvidovre vs B 93,61aoq5n283d8adu6usn04glqs,2024-08-09,0.0
A. Smed,dncrhma6gwcn6pxiu7hfc6qz8,8gxd9ry2580pu1b1dd5ny9ymy,Hvidovre,Hvidovre vs HB Køge,5un12m65p2ujmjb0seb0fxxck,2024-07-19,0.0
A. Smed,dncrhma6gwcn6pxiu7hfc6qz8,8gxd9ry2580pu1b1dd5ny9ymy,Hvidovre,Hvidovre vs Hillerød,66jmta6v8gvabt8tfjq4zi0ic,2024-08-20,0.0
A. Smed,dncrhma6gwcn6pxiu7hfc6qz8,8gxd9ry2580pu1b1dd5ny9ymy,Hvidovre,Hvidovre vs Horsens,6bgxohpg2111nj34b43g8d2j8,2024-08-30,0.0
A. Smed,dncrhma6gwcn6pxiu7hfc6qz8,8gxd9ry2580pu1b1dd5ny9ymy,Hvidovre,Kolding vs Hvidovre,5xyyhocfe3g0cljxlc1ksh9g4,2024-07-26,0.0170407239347696
A. Taranis,m031ocyfq011rual3olkegdm,bd4qakf7j0wwie8wke9km7uj8,Roskilde,Fredericia vs Roskilde,64o9dmwumoh7ybeg7hb62m3o4,2024-08-16,0.0
A. Taranis,m031ocyfq011rual3olkegdm,bd4qakf7j0wwie8wke9km7uj8,Roskilde,Kolding vs Roskilde,697sdgo5t9e7lo8ano2xyxvys,2024-08-24,0.0
A. Taranis,m031ocyfq011rual3olkegdm,bd4qakf7j0wwie8wke9km7uj8,Roskilde,Roskilde vs Esbjerg,6b3jwbgjt8nnugx6thlhzbo5w,2024-08-30,0.0
A. Taranis,m031ocyfq011rual3olkegdm,bd4qakf7j0wwie8wke9km7uj8,Roskilde,Roskilde vs Hobro,61nxt1f2c9lotmvunbocwyplg,2024-08-10,0.0190936978906393
A. Taranis,m031ocyfq011rual3olkegdm,bd4qakf7j0wwie8wke9km7uj8,Roskilde,Roskilde vs Horsens,65t3a478yk7dsm6iulmfhp2j8,2024-08-20,0.0266020968556404
Abdullah Iqbal,a0i74nqik3lbi02ngno0m0ys4,ajtb177oqwawkdwbqhldmq6mx,B 93,B 93 vs Vendsyssel,5z2la60f979qze3h1rwo3jbx0,2024-08-02,0.0490417927503585
B. Hvidt,4yyiv4t6irqpeayug5qgvmkmh,f1h34qp5zbfl489q8vnkhiq9s,Esbjerg,Esbjerg vs HB Køge,68gwwbsu3gg7uqu5gicr4qa6s,2024-08-24,0.368866890668869
B. Hvidt,4yyiv4t6irqpeayug5qgvmkmh,f1h34qp5zbfl489q8vnkhiq9s,Esbjerg,Esbjerg vs Horsens,60xgl2a4toyqemqz4ec7l1638,2024-08-04,0.0377924069762229
B. Hvidt,4yyiv4t6irqpeayug5qgvmkmh,f1h34qp5zbfl489q8vnkhiq9s,Esbjerg,Esbjerg vs OB,5vjn0dtuqrd9fmnqncz9uxn9w,2024-07-20,0.0352214910089969
B. Hvidt,4yyiv4t6irqpeayug5qgvmkmh,f1h34qp5zbfl489q8vnkhiq9s,Esbjerg,Esbjerg vs Vendsyssel,65fh57lbyqgnibt11zhhw1btg,2024-08-17,0.0545587502419948
B. Hvidt,4yyiv4t6irqpeayug5qgvmkmh,f1h34qp5zbfl489q8vnkhiq9s,Esbjerg,Fredericia vs Esbjerg,636w1d231ya7tiky1o3uf8c2c,2024-08-11,0.027729757130146
B. Kvist,cqgmx6eiriomccxfhykh31r10,b8oqgvx1ijeyn6y1cn6929ix4,Kolding,Kolding vs Esbjerg,66x20c00o5l5fgwia0g0ox9g4,2024-08-21,0.1094108968973159
B. Kücükylidiz,bpldj4qdzfdm1n739atcadbmc,aqtkb4mgrz8c6iqfufj6qjbv9,Hillerød,Hillerød vs Kolding,6ac9wol3td1jcuu8hwzpgu7mc,2024-08-30,0.0385421104729175
B. Paulsen,dqtarwrqvkopmzbt2ovp2dln9,dbl7ir1qugqz8nvp1vzn8im50,OB,Esbjerg vs OB,5vjn0dtuqrd9fmnqncz9uxn9w,2024-07-20,0.1443322449922561
B. Paulsen,dqtarwrqvkopmzbt2ovp2dln9,dbl7ir1qugqz8nvp1vzn8im50,OB,HB Køge vs OB,5wthrebrhplwhwm4qwy9xpgr8,2024-07-26,0.0
B. Paulsen,dqtarwrqvkopmzbt2ovp2dln9,dbl7ir1qugqz8nvp1vzn8im50,OB,Hobro vs OB,69lfkq7flxweg73dhb3f5qsyc,2024-08-25,0.0284246802330017
B. Paulsen,dqtarwrqvkopmzbt2ovp2dln9,dbl7ir1qugqz8nvp1vzn8im50,OB,OB vs Hvidovre,60k5xy9nwnuqded5lwcx4vf2s,2024-08-03,0.0
C. Allen,81gka3mi69fh8gyehyy8xo9as,aqtkb4mgrz8c6iqfufj6qjbv9,Hillerød,Hillerød vs Kolding,6ac9wol3td1jcuu8hwzpgu7mc,2024-08-30,0.0499701686203479
C. Allen,81gka3mi69fh8gyehyy8xo9as,aqtkb4mgrz8c6iqfufj6qjbv9,Hillerød,Hvidovre vs Hillerød,66jmta6v8gvabt8tfjq4zi0ic,2024-08-20,0.0130797689780592
C. Allen,81gka3mi69fh8gyehyy8xo9as,aqtkb4mgrz8c6iqfufj6qjbv9,Hillerød,OB vs Hillerød,62gfjlfuls7nb7fb9qc04l2xg,2024-08-10,0.1273877620697021
C. Enemark,2qedb8t85t1ieeed9613c9crt,b8oqgvx1ijeyn6y1cn6929ix4,Kolding,Kolding vs Roskilde,697sdgo5t9e7lo8ano2xyxvys,2024-08-24,0.2231380641460418
C. Hørby,k3qdvvg6cmatp55ivsa9714a,b2vft81kyjurzbmekvgrqwr64,Hobro,Hillerød vs Hobro,5wg9cdczccjfgs2hctntatt04,2024-07-21,0.0218506101518869
C. Jakobsen,9r07ooissj5mz15g87x5rmbx1,8gxd9ry2580pu1b1dd5ny9ymy,Hvidovre,Fredericia vs Hvidovre,69ytnflzsrucnva2zz5hpqtqs,2024-08-25,0.0
C. Jakobsen,9r07ooissj5mz15g87x5rmbx1,8gxd9ry2580pu1b1dd5ny9ymy,Hvidovre,Hvidovre vs B 93,61aoq5n283d8adu6usn04glqs,2024-08-09,0.0
C. Jakobsen,9r07ooissj5mz15g87x5rmbx1,8gxd9ry2580pu1b1dd5ny9ymy,Hvidovre,Hvidovre vs HB Køge,5un12m65p2ujmjb0seb0fxxck,2024-07-19,0.0
C. Jakobsen,9r07ooissj5mz15g87x5rmbx1,8gxd9ry2580pu1b1dd5ny9ymy,Hvidovre,Hvidovre vs Horsens,6bgxohpg2111nj34b43g8d2j8,2024-08-30,0.0
C. Jakobsen,9r07ooissj5mz15g87x5rmbx1,8gxd9ry2580pu1b1dd5ny9ymy,Hvidovre,OB vs Hvidovre,60k5xy9nwnuqded5lwcx4vf2s,2024-08-03,0.1217565685510635
C. Jensen,74m58jsznzu8l89b8h7rkh1bd,8cfkisxf1fkxdqtt6tx1tup48,HB Køge,Esbjerg vs HB Køge,68gwwbsu3gg7uqu5gicr4qa6s,2024-08-24,0.0
C. Jensen,74m58jsznzu8l89b8h7rkh1bd,8cfkisxf1fkxdqtt6tx1tup48,HB Køge,HB Køge vs OB,5wthrebrhplwhwm4qwy9xpgr8,2024-07-26,0.02193209156394
C. Jensen,74m58jsznzu8l89b8h7rkh1bd,8cfkisxf1fkxdqtt6tx1tup48,HB Køge,Hobro vs HB Køge,5zftcocb0ir7a5my41uqv6bdg,2024-08-02,0.0938900932669639
C. Jensen,74m58jsznzu8l89b8h7rkh1bd,8cfkisxf1fkxdqtt6tx1tup48,HB Køge,Hvidovre vs HB Køge,5un12m65p2ujmjb0seb0fxxck,2024-07-19,0.0161457583308219
C. Jørgensen,9fvf8z6p8ok0n5vu999ysfywa,b8oqgvx1ijeyn6y1cn6929ix4,Kolding,Kolding vs Esbjerg,66x20c00o5l5fgwia0g0ox9g4,2024-08-21,0.0252669360488653
C. Jørgensen,9fvf8z6p8ok0n5vu999ysfywa,b8oqgvx1ijeyn6y1cn6929ix4,Kolding,Kolding vs Fredericia,5zt7hwff1uzedxfginjs4d6hg,2024-08-02,0.0
C. Jørgensen,9fvf8z6p8ok0n5vu999ysfywa,b8oqgvx1ijeyn6y1cn6929ix4,Kolding,Kolding vs Hvidovre,5xyyhocfe3g0cljxlc1ksh9g4,2024-07-26,0.0230395402759313
C. Jørgensen,9fvf8z6p8ok0n5vu999ysfywa,b8oqgvx1ijeyn6y1cn6929ix4,Kolding,Vendsyssel vs Kolding,62191g2fovdguidqjhb6v6bdg,2024-08-10,0.0
C. Palm,b6l4m6bmqgil9bjjov4tnuivo,b8oqgvx1ijeyn6y1cn6929ix4,Kolding,B 93 vs Kolding,5u3egzqc8xhnmwpmvwdc2gvmc,2024-07-19,0.0
C. Palm,b6l4m6bmqgil9bjjov4tnuivo,b8oqgvx1ijeyn6y1cn6929ix4,Kolding,Kolding vs Fredericia,5zt7hwff1uzedxfginjs4d6hg,2024-08-02,0.0
C. Tapé,bdz03qovxerzrv12lgljae1p0,a9vw7ikerpr4cuweeeka5aneg,Horsens,Horsens vs Kolding,63k0w54ygz5bip8a709rpfpxw,2024-08-16,0.0390778593719005
C. Tapé,bdz03qovxerzrv12lgljae1p0,a9vw7ikerpr4cuweeeka5aneg,Horsens,Horsens vs Vendsyssel,68uf0bqpt0w3f2ocdskcac07o,2024-08-24,0.0
C. Vestergaard,3xz0h3d6r2qgmv9egms8yaz56,b8oqgvx1ijeyn6y1cn6929ix4,Kolding,Kolding vs Esbjerg,66x20c00o5l5fgwia0g0ox9g4,2024-08-21,0.0
C. Vestergaard,3xz0h3d6r2qgmv9egms8yaz56,b8oqgvx1ijeyn6y1cn6929ix4,Kolding,Vendsyssel vs Kolding,62191g2fovdguidqjhb6v6bdg,2024-08-10,0.0439112447202205
D. Bagou,1hlx5mvl8th7y82gocnuxacd0,aqtkb4mgrz8c6iqfufj6qjbv9,Hillerød,Hillerød vs Hobro,5wg9cdczccjfgs2hctntatt04,2024-07-21,0.129641056060791
D. Bagou,1hlx5mvl8th7y82gocnuxacd0,aqtkb4mgrz8c6iqfufj6qjbv9,Hillerød,Horsens vs Hillerød,5xlnmoz70lip7vpwtrpbfuvis,2024-07-26,0.056107185781002
D. Haarbo,2zt1yrfv8m2mhpo720n0uydck,6wwwud48qahpwrfxs20334qk5,Fredericia,HB Køge vs Fredericia,6bugbbqhm9vjhnu2cgz0zdg5w,2024-09-01,0.0852164849638938
D. Johansen,85a9bmnu6fqvhlff28qm0e0a1,aqtkb4mgrz8c6iqfufj6qjbv9,Hillerød,Hvidovre vs Hillerød,66jmta6v8gvabt8tfjq4zi0ic,2024-08-20,0.0290871672332286
D. Kristjánsson,4bojyjyvkdgm1lss6n37q2t5g,6wwwud48qahpwrfxs20334qk5,Fredericia,Fredericia vs Hvidovre,69ytnflzsrucnva2zz5hpqtqs,2024-08-25,0.0428889878094196
D. Kristjánsson,4bojyjyvkdgm1lss6n37q2t5g,6wwwud48qahpwrfxs20334qk5,Fredericia,Kolding vs Fredericia,5zt7hwff1uzedxfginjs4d6hg,2024-08-02,0.0
D. Stenderup,a30gduuv9d1s4pkthgu2jhyol,8gxd9ry2580pu1b1dd5ny9ymy,Hvidovre,Hvidovre vs B 93,61aoq5n283d8adu6usn04glqs,2024-08-09,0.8816420435905457
D. Thøgersen,bvc80w5ai425plu54nhgx5fxl,6wwwud48qahpwrfxs20334qk5,Fredericia,Fredericia vs Esbjerg,636w1d231ya7tiky1o3uf8c2c,2024-08-11,0.0
D. Thøgersen,bvc80w5ai425plu54nhgx5fxl,6wwwud48qahpwrfxs20334qk5,Fredericia,Fredericia vs Hvidovre,69ytnflzsrucnva2zz5hpqtqs,2024-08-25,0.2415939569473266
E. Andersen,46nx0rm8sod6bbo4a3d7g6jv8,f1h34qp5zbfl489q8vnkhiq9s,Esbjerg,Esbjerg vs HB Køge,68gwwbsu3gg7uqu5gicr4qa6s,2024-08-24,0.1317125409841537
E. Andersen,46nx0rm8sod6bbo4a3d7g6jv8,f1h34qp5zbfl489q8vnkhiq9s,Esbjerg,Esbjerg vs Horsens,60xgl2a4toyqemqz4ec7l1638,2024-08-04,0.0754575505852699
E. Andersen,46nx0rm8sod6bbo4a3d7g6jv8,f1h34qp5zbfl489q8vnkhiq9s,Esbjerg,Esbjerg vs Vendsyssel,65fh57lbyqgnibt11zhhw1btg,2024-08-17,0.062814861536026
E. Andersen,46nx0rm8sod6bbo4a3d7g6jv8,f1h34qp5zbfl489q8vnkhiq9s,Esbjerg,Fredericia vs Esbjerg,636w1d231ya7tiky1o3uf8c2c,2024-08-11,0.3166071474552154
E. Dall,91xtn2wlot8g8ue89zn4iiyqy,6wwwud48qahpwrfxs20334qk5,Fredericia,Fredericia vs Hvidovre,69ytnflzsrucnva2zz5hpqtqs,2024-08-25,0.0424239300191402
E. Dall,91xtn2wlot8g8ue89zn4iiyqy,6wwwud48qahpwrfxs20334qk5,Fredericia,Fredericia vs Vendsyssel,5ypehb9knyvb5m38jkw0q7m6s,2024-07-27,0.0
E. Hansborg-Sørensen,ewh6t7yo6clfewu89uznll9uc,dbl7ir1qugqz8nvp1vzn8im50,OB,HB Køge vs OB,5wthrebrhplwhwm4qwy9xpgr8,2024-07-26,0.0378783382475376
E. Hansborg-Sørensen,ewh6t7yo6clfewu89uznll9uc,dbl7ir1qugqz8nvp1vzn8im50,OB,OB vs Hvidovre,60k5xy9nwnuqded5lwcx4vf2s,2024-08-03,0.0
E. Holten,dkuinrikn3htd1kilcsce2bit,f1h34qp5zbfl489q8vnkhiq9s,Esbjerg,Esbjerg vs Horsens,60xgl2a4toyqemqz4ec7l1638,2024-08-04,0.0167087074369192
E. Holten,dkuinrikn3htd1kilcsce2bit,f1h34qp5zbfl489q8vnkhiq9s,Esbjerg,Esbjerg vs OB,5vjn0dtuqrd9fmnqncz9uxn9w,2024-07-20,0.4458383023738861
E. Holten,dkuinrikn3htd1kilcsce2bit,f1h34qp5zbfl489q8vnkhiq9s,Esbjerg,Hobro vs Esbjerg,5x6tgnddq164y7hxajehmzpjo,2024-07-26,0.0
E. Just,b9g3gwxlao9u6y4elz1sdukmh,a9vw7ikerpr4cuweeeka5aneg,Horsens,Esbjerg vs Horsens,60xgl2a4toyqemqz4ec7l1638,2024-08-04,0.0843425467610359
E. Just,b9g3gwxlao9u6y4elz1sdukmh,a9vw7ikerpr4cuweeeka5aneg,Horsens,HB Køge vs Horsens,62to8z5uwcrf85s9tt8cosfmc,2024-08-11,0.0
E. Nielsen,7pnxa8wzxx5qxevcckxdd62tx,bd4qakf7j0wwie8wke9km7uj8,Roskilde,Fredericia vs Roskilde,64o9dmwumoh7ybeg7hb62m3o4,2024-08-16,0.0
E. Nielsen,7pnxa8wzxx5qxevcckxdd62tx,bd4qakf7j0wwie8wke9km7uj8,Roskilde,Kolding vs Roskilde,697sdgo5t9e7lo8ano2xyxvys,2024-08-24,0.0447291433811187
E. Nielsen,7pnxa8wzxx5qxevcckxdd62tx,bd4qakf7j0wwie8wke9km7uj8,Roskilde,Roskilde vs B 93,5yc6itlm0c8fncu5dj17bkg7o,2024-07-27,0.0
E. Nielsen,7pnxa8wzxx5qxevcckxdd62tx,bd4qakf7j0wwie8wke9km7uj8,Roskilde,Roskilde vs Esbjerg,6b3jwbgjt8nnugx6thlhzbo5w,2024-08-30,0.2707985639572143
E. Nielsen,7pnxa8wzxx5qxevcckxdd62tx,bd4qakf7j0wwie8wke9km7uj8,Roskilde,Vendsyssel vs Roskilde,5v3djdmu6nvwdt4167su2gkk4,2024-07-19,0.0876447558403015
E. Nnamani,8i0o1b8rjsab9se3v6vteqmfo,ajtb177oqwawkdwbqhldmq6mx,B 93,B 93 vs Kolding,5u3egzqc8xhnmwpmvwdc2gvmc,2024-07-19,0.0
E. Nnamani,8i0o1b8rjsab9se3v6vteqmfo,ajtb177oqwawkdwbqhldmq6mx,B 93,B 93 vs Vendsyssel,5z2la60f979qze3h1rwo3jbx0,2024-08-02,0.0
E. Nnamani,8i0o1b8rjsab9se3v6vteqmfo,ajtb177oqwawkdwbqhldmq6mx,B 93,HB Køge vs B 93,666foj7nk4793eyjm86x2nvo4,2024-08-20,0.0
E. Nnamani,8i0o1b8rjsab9se3v6vteqmfo,ajtb177oqwawkdwbqhldmq6mx,B 93,Roskilde vs B 93,5yc6itlm0c8fncu5dj17bkg7o,2024-07-27,0.0
E. Søgaard,cflwegqpzch8y30pb3dhigqnd,b2vft81kyjurzbmekvgrqwr64,Hobro,Vendsyssel vs Hobro,67q1kfc3gdz3yohfds1qwp6ok,2024-08-21,0.0336266420781612
E. Sørensen,9xxdec5pv5plas9ve4ehs4nop,f1h34qp5zbfl489q8vnkhiq9s,Esbjerg,Esbjerg vs OB,5vjn0dtuqrd9fmnqncz9uxn9w,2024-07-20,0.0
E. Sørensen,9xxdec5pv5plas9ve4ehs4nop,f1h34qp5zbfl489q8vnkhiq9s,Esbjerg,Hobro vs Esbjerg,5x6tgnddq164y7hxajehmzpjo,2024-07-26,0.0
F. Børsting,egwhlgopjtjkop7ozy7ltk1cl,7gkglopz9cjsysn2u6sbhuvc5,Vendsyssel,Horsens vs Vendsyssel,68uf0bqpt0w3f2ocdskcac07o,2024-08-24,0.0
F. Børsting,egwhlgopjtjkop7ozy7ltk1cl,7gkglopz9cjsysn2u6sbhuvc5,Vendsyssel,OB vs Vendsyssel,6aq2cnsvqhsfyz7s6ekjczjmc,2024-08-30,0.0741413235664367
F. Børsting,egwhlgopjtjkop7ozy7ltk1cl,7gkglopz9cjsysn2u6sbhuvc5,Vendsyssel,Vendsyssel vs Hobro,67q1kfc3gdz3yohfds1qwp6ok,2024-08-21,0.0
F. Christensen,5w0giylttgiapseaw6qky0mxg,a9vw7ikerpr4cuweeeka5aneg,Horsens,HB Køge vs Horsens,62to8z5uwcrf85s9tt8cosfmc,2024-08-11,0.0572116412222385
F. Christensen,9b89pmcjk6re94bjp0ixeatjo,b2vft81kyjurzbmekvgrqwr64,Hobro,Hillerød vs Hobro,5wg9cdczccjfgs2hctntatt04,2024-07-21,0.0
F. Christensen,9b89pmcjk6re94bjp0ixeatjo,b2vft81kyjurzbmekvgrqwr64,Hobro,Hobro vs Esbjerg,5x6tgnddq164y7hxajehmzpjo,2024-07-26,0.0
F. Christensen,9b89pmcjk6re94bjp0ixeatjo,b2vft81kyjurzbmekvgrqwr64,Hobro,Hobro vs HB Køge,5zftcocb0ir7a5my41uqv6bdg,2024-08-02,0.0
F. Christensen,9b89pmcjk6re94bjp0ixeatjo,b2vft81kyjurzbmekvgrqwr64,Hobro,Hobro vs Hvidovre,651qsgvxz0hgo5cewrehcj9ck,2024-08-17,0.0
F. Christensen,9b89pmcjk6re94bjp0ixeatjo,b2vft81kyjurzbmekvgrqwr64,Hobro,Hobro vs OB,69lfkq7flxweg73dhb3f5qsyc,2024-08-25,0.0
F. Christensen,9b89pmcjk6re94bjp0ixeatjo,b2vft81kyjurzbmekvgrqwr64,Hobro,Roskilde vs Hobro,61nxt1f2c9lotmvunbocwyplg,2024-08-10,0.0
F. Christensen,9b89pmcjk6re94bjp0ixeatjo,b2vft81kyjurzbmekvgrqwr64,Hobro,Vendsyssel vs Hobro,67q1kfc3gdz3yohfds1qwp6ok,2024-08-21,0.1260943859815597
F. Dietz,ebd3uvtt54wkdsahc2127j02c,b2vft81kyjurzbmekvgrqwr64,Hobro,Hillerød vs Hobro,5wg9cdczccjfgs2hctntatt04,2024-07-21,0.0463781207799911
F. Dietz,ebd3uvtt54wkdsahc2127j02c,b2vft81kyjurzbmekvgrqwr64,Hobro,Hobro vs Esbjerg,5x6tgnddq164y7hxajehmzpjo,2024-07-26,0.0684254616498947
F. Dietz,ebd3uvtt54wkdsahc2127j02c,b2vft81kyjurzbmekvgrqwr64,Hobro,Hobro vs HB Køge,5zftcocb0ir7a5my41uqv6bdg,2024-08-02,0.2020753324031829
F. Dietz,ebd3uvtt54wkdsahc2127j02c,b2vft81kyjurzbmekvgrqwr64,Hobro,Hobro vs OB,69lfkq7flxweg73dhb3f5qsyc,2024-08-25,0.0790574550628662
F. Dietz,ebd3uvtt54wkdsahc2127j02c,b2vft81kyjurzbmekvgrqwr64,Hobro,Roskilde vs Hobro,61nxt1f2c9lotmvunbocwyplg,2024-08-10,0.0
F. Dietz,ebd3uvtt54wkdsahc2127j02c,b2vft81kyjurzbmekvgrqwr64,Hobro,Vendsyssel vs Hobro,67q1kfc3gdz3yohfds1qwp6ok,2024-08-21,0.1704768240451812
F. Engqvist,e0nkqbugb4xkpluu5e42zf2ms,bd4qakf7j0wwie8wke9km7uj8,Roskilde,Roskilde vs Esbjerg,6b3jwbgjt8nnugx6thlhzbo5w,2024-08-30,0.163927361369133
F. Høgh,9tt9eo9bsff7dp7aqjal1obo4,8gxd9ry2580pu1b1dd5ny9ymy,Hvidovre,Hobro vs Hvidovre,651qsgvxz0hgo5cewrehcj9ck,2024-08-17,0.0248820576816797
F. Høgh,9tt9eo9bsff7dp7aqjal1obo4,8gxd9ry2580pu1b1dd5ny9ymy,Hvidovre,Hvidovre vs B 93,61aoq5n283d8adu6usn04glqs,2024-08-09,0.0373927727341651
F. Høgh,9tt9eo9bsff7dp7aqjal1obo4,8gxd9ry2580pu1b1dd5ny9ymy,Hvidovre,Hvidovre vs Hillerød,66jmta6v8gvabt8tfjq4zi0ic,2024-08-20,0.0
F. Høgh,9tt9eo9bsff7dp7aqjal1obo4,8gxd9ry2580pu1b1dd5ny9ymy,Hvidovre,Hvidovre vs Horsens,6bgxohpg2111nj34b43g8d2j8,2024-08-30,0.0
F. Høgh,9tt9eo9bsff7dp7aqjal1obo4,8gxd9ry2580pu1b1dd5ny9ymy,Hvidovre,Kolding vs Hvidovre,5xyyhocfe3g0cljxlc1ksh9g4,2024-07-26,0.2740715742111206
F. Høgh,9tt9eo9bsff7dp7aqjal1obo4,8gxd9ry2580pu1b1dd5ny9ymy,Hvidovre,OB vs Hvidovre,60k5xy9nwnuqded5lwcx4vf2s,2024-08-03,0.0
F. Isaki,86mx27krl6c613x6e3t9g3cic,ajtb177oqwawkdwbqhldmq6mx,B 93,B 93 vs Kolding,5u3egzqc8xhnmwpmvwdc2gvmc,2024-07-19,0.1059131696820259
F. Isaki,86mx27krl6c613x6e3t9g3cic,ajtb177oqwawkdwbqhldmq6mx,B 93,B 93 vs OB,63xeqztss8336rl4y45w74zys,2024-08-16,0.2351591140031814
F. Isaki,86mx27krl6c613x6e3t9g3cic,ajtb177oqwawkdwbqhldmq6mx,B 93,B 93 vs Vendsyssel,5z2la60f979qze3h1rwo3jbx0,2024-08-02,0.0
F. Isaki,86mx27krl6c613x6e3t9g3cic,ajtb177oqwawkdwbqhldmq6mx,B 93,HB Køge vs B 93,666foj7nk4793eyjm86x2nvo4,2024-08-20,0.0250233877450227
F. Isaki,86mx27krl6c613x6e3t9g3cic,ajtb177oqwawkdwbqhldmq6mx,B 93,Hvidovre vs B 93,61aoq5n283d8adu6usn04glqs,2024-08-09,0.0
F. Isaki,86mx27krl6c613x6e3t9g3cic,ajtb177oqwawkdwbqhldmq6mx,B 93,Roskilde vs B 93,5yc6itlm0c8fncu5dj17bkg7o,2024-07-27,0.1241077557206153
F. Mortensen,1xcf8y3egy8j0g2c6xkcx6o6h,b2vft81kyjurzbmekvgrqwr64,Hobro,Hillerød vs Hobro,5wg9cdczccjfgs2hctntatt04,2024-07-21,0.0169749855995178
F. Møller,e3546n3qj447qgmizao50zx1w,b8oqgvx1ijeyn6y1cn6929ix4,Kolding,Kolding vs Esbjerg,66x20c00o5l5fgwia0g0ox9g4,2024-08-21,0.0
F. Møller,e3546n3qj447qgmizao50zx1w,b8oqgvx1ijeyn6y1cn6929ix4,Kolding,Kolding vs Roskilde,697sdgo5t9e7lo8ano2xyxvys,2024-08-24,0.0
G. Arndal-Lauritzen,5i6n6yne6fh410vk7p7kkokmi,aqtkb4mgrz8c6iqfufj6qjbv9,Hillerød,Hillerød vs Hobro,5wg9cdczccjfgs2hctntatt04,2024-07-21,0.0
G. Arndal-Lauritzen,5i6n6yne6fh410vk7p7kkokmi,aqtkb4mgrz8c6iqfufj6qjbv9,Hillerød,Hillerød vs Kolding,6ac9wol3td1jcuu8hwzpgu7mc,2024-08-30,0.0
G. Grubbe,2uw6m0yavlvkkiob73hoywb56,dbl7ir1qugqz8nvp1vzn8im50,OB,B 93 vs OB,63xeqztss8336rl4y45w74zys,2024-08-16,0.0656613036990165
G. Højbjerg,ab3nxxoj7bxlnhot9htoex1xw,ajtb177oqwawkdwbqhldmq6mx,B 93,B 93 vs OB,63xeqztss8336rl4y45w74zys,2024-08-16,0.1630016416311264
G. Larsen,3mgrufy83uhzs9liw8pwxi784,8cfkisxf1fkxdqtt6tx1tup48,HB Køge,Esbjerg vs HB Køge,68gwwbsu3gg7uqu5gicr4qa6s,2024-08-24,0.0
G. Larsen,3mgrufy83uhzs9liw8pwxi784,8cfkisxf1fkxdqtt6tx1tup48,HB Køge,HB Køge vs B 93,666foj7nk4793eyjm86x2nvo4,2024-08-20,0.261373907327652
G. Larsen,3mgrufy83uhzs9liw8pwxi784,8cfkisxf1fkxdqtt6tx1tup48,HB Køge,Hobro vs HB Køge,5zftcocb0ir7a5my41uqv6bdg,2024-08-02,0.0766163766384124
G. Marcussen,ayxi2m0g0pm6rl1ba5pto66z9,6wwwud48qahpwrfxs20334qk5,Fredericia,Fredericia vs Esbjerg,636w1d231ya7tiky1o3uf8c2c,2024-08-11,0.0874205827713012
G. Marcussen,ayxi2m0g0pm6rl1ba5pto66z9,6wwwud48qahpwrfxs20334qk5,Fredericia,Fredericia vs Hvidovre,69ytnflzsrucnva2zz5hpqtqs,2024-08-25,0.0
G. Marcussen,ayxi2m0g0pm6rl1ba5pto66z9,6wwwud48qahpwrfxs20334qk5,Fredericia,Fredericia vs Roskilde,64o9dmwumoh7ybeg7hb62m3o4,2024-08-16,0.1277641057968139
G. Marcussen,ayxi2m0g0pm6rl1ba5pto66z9,6wwwud48qahpwrfxs20334qk5,Fredericia,Fredericia vs Vendsyssel,5ypehb9knyvb5m38jkw0q7m6s,2024-07-27,0.0
G. Marcussen,ayxi2m0g0pm6rl1ba5pto66z9,6wwwud48qahpwrfxs20334qk5,Fredericia,HB Køge vs Fredericia,6bugbbqhm9vjhnu2cgz0zdg5w,2024-09-01,0.0
G. Marcussen,ayxi2m0g0pm6rl1ba5pto66z9,6wwwud48qahpwrfxs20334qk5,Fredericia,Horsens vs Fredericia,5vzud50zb2yp8fwqvfjkjfk0k,2024-07-21,0.1125750243663787
G. Mortensen,bvw5oc4c040ey5dt5wn0choiy,7gkglopz9cjsysn2u6sbhuvc5,Vendsyssel,OB vs Vendsyssel,6aq2cnsvqhsfyz7s6ekjczjmc,2024-08-30,0.0823270455002784
G. Çulhacı,1icurh5jrnw1e6jdgqxjnhdnu,8cfkisxf1fkxdqtt6tx1tup48,HB Køge,HB Køge vs Fredericia,6bugbbqhm9vjhnu2cgz0zdg5w,2024-09-01,0.1297056078910827
H. Askham,4brcvdxviy9f03iwcavxll80l,bd4qakf7j0wwie8wke9km7uj8,Roskilde,Roskilde vs Esbjerg,6b3jwbgjt8nnugx6thlhzbo5w,2024-08-30,0.0766948536038398
H. Askham,4brcvdxviy9f03iwcavxll80l,bd4qakf7j0wwie8wke9km7uj8,Roskilde,Roskilde vs Horsens,65t3a478yk7dsm6iulmfhp2j8,2024-08-20,0.0
H. Bonnesen,2pm5oqzyonn0dysa5nszgq3xm,8cfkisxf1fkxdqtt6tx1tup48,HB Køge,Esbjerg vs HB Køge,68gwwbsu3gg7uqu5gicr4qa6s,2024-08-24,0.0911530256271362
H. Bonnesen,2pm5oqzyonn0dysa5nszgq3xm,8cfkisxf1fkxdqtt6tx1tup48,HB Køge,Hillerød vs HB Køge,64asahp9xtmrj6tt53ghkam1g,2024-08-16,0.1668718457221985
I. Dorgu,bmvcofmie6om4muxij4kdkro4,8cfkisxf1fkxdqtt6tx1tup48,HB Køge,Hvidovre vs HB Køge,5un12m65p2ujmjb0seb0fxxck,2024-07-19,0.0645871832966804
I. Tånnander,6bajck5osvj7trnwt2a5mc3dg,b8oqgvx1ijeyn6y1cn6929ix4,Kolding,B 93 vs Kolding,5u3egzqc8xhnmwpmvwdc2gvmc,2024-07-19,0.0
I. Tånnander,6bajck5osvj7trnwt2a5mc3dg,b8oqgvx1ijeyn6y1cn6929ix4,Kolding,Kolding vs Hvidovre,5xyyhocfe3g0cljxlc1ksh9g4,2024-07-26,0.0734463408589363
J. Adjei-Broni,1cumsropo1r0msfzxxteml1w,8gxd9ry2580pu1b1dd5ny9ymy,Hvidovre,Hvidovre vs B 93,61aoq5n283d8adu6usn04glqs,2024-08-09,0.1192095056176185
J. Adjei-Broni,1cumsropo1r0msfzxxteml1w,8gxd9ry2580pu1b1dd5ny9ymy,Hvidovre,Hvidovre vs HB Køge,5un12m65p2ujmjb0seb0fxxck,2024-07-19,0.028109261766076
J. Ankersen,4mxciw9jsj9l437fd7bv78p91,a9vw7ikerpr4cuweeeka5aneg,Horsens,Esbjerg vs Horsens,60xgl2a4toyqemqz4ec7l1638,2024-08-04,0.0
J. Ankersen,4mxciw9jsj9l437fd7bv78p91,a9vw7ikerpr4cuweeeka5aneg,Horsens,HB Køge vs Horsens,62to8z5uwcrf85s9tt8cosfmc,2024-08-11,0.0
J. Ankersen,4mxciw9jsj9l437fd7bv78p91,a9vw7ikerpr4cuweeeka5aneg,Horsens,Horsens vs Fredericia,5vzud50zb2yp8fwqvfjkjfk0k,2024-07-21,0.0426373817026615
J. Ankersen,4mxciw9jsj9l437fd7bv78p91,a9vw7ikerpr4cuweeeka5aneg,Horsens,Horsens vs Hillerød,5xlnmoz70lip7vpwtrpbfuvis,2024-07-26,0.0
J. Ankersen,4mxciw9jsj9l437fd7bv78p91,a9vw7ikerpr4cuweeeka5aneg,Horsens,Roskilde vs Horsens,65t3a478yk7dsm6iulmfhp2j8,2024-08-20,0.0
J. Arias,3mcj3wypzq3lno1ehc0vif1sl,8cfkisxf1fkxdqtt6tx1tup48,HB Køge,Esbjerg vs HB Køge,68gwwbsu3gg7uqu5gicr4qa6s,2024-08-24,0.0
J. Arias,3mcj3wypzq3lno1ehc0vif1sl,8cfkisxf1fkxdqtt6tx1tup48,HB Køge,HB Køge vs B 93,666foj7nk4793eyjm86x2nvo4,2024-08-20,0.0
J. Arias,3mcj3wypzq3lno1ehc0vif1sl,8cfkisxf1fkxdqtt6tx1tup48,HB Køge,HB Køge vs Fredericia,6bugbbqhm9vjhnu2cgz0zdg5w,2024-09-01,0.0
J. Arias,3mcj3wypzq3lno1ehc0vif1sl,8cfkisxf1fkxdqtt6tx1tup48,HB Køge,Hobro vs HB Køge,5zftcocb0ir7a5my41uqv6bdg,2024-08-02,0.0931254774332046
J. Bonde,e9o7q10wnhex4e8eo47mobbvt,dbl7ir1qugqz8nvp1vzn8im50,OB,B 93 vs OB,63xeqztss8336rl4y45w74zys,2024-08-16,0.0
J. Bonde,e9o7q10wnhex4e8eo47mobbvt,dbl7ir1qugqz8nvp1vzn8im50,OB,Esbjerg vs OB,5vjn0dtuqrd9fmnqncz9uxn9w,2024-07-20,0.0
J. Bonde,e9o7q10wnhex4e8eo47mobbvt,dbl7ir1qugqz8nvp1vzn8im50,OB,HB Køge vs OB,5wthrebrhplwhwm4qwy9xpgr8,2024-07-26,0.0
J. Bonde,e9o7q10wnhex4e8eo47mobbvt,dbl7ir1qugqz8nvp1vzn8im50,OB,Hobro vs OB,69lfkq7flxweg73dhb3f5qsyc,2024-08-25,0.0549151897430419
J. Bonde,e9o7q10wnhex4e8eo47mobbvt,dbl7ir1qugqz8nvp1vzn8im50,OB,OB vs Fredericia,67aox2lb1r4he0a98fyputiqc,2024-08-21,0.0
J. Bonde,e9o7q10wnhex4e8eo47mobbvt,dbl7ir1qugqz8nvp1vzn8im50,OB,OB vs Hillerød,62gfjlfuls7nb7fb9qc04l2xg,2024-08-10,0.0
J. Bonde,e9o7q10wnhex4e8eo47mobbvt,dbl7ir1qugqz8nvp1vzn8im50,OB,OB vs Hvidovre,60k5xy9nwnuqded5lwcx4vf2s,2024-08-03,0.0
J. Cornelius,8gdfn7j6xac9p4jh94hk40jdg,b2vft81kyjurzbmekvgrqwr64,Hobro,Hillerød vs Hobro,5wg9cdczccjfgs2hctntatt04,2024-07-21,0.0
J. Cornelius,8gdfn7j6xac9p4jh94hk40jdg,b2vft81kyjurzbmekvgrqwr64,Hobro,Hobro vs Esbjerg,5x6tgnddq164y7hxajehmzpjo,2024-07-26,0.0
J. Cornelius,8gdfn7j6xac9p4jh94hk40jdg,b2vft81kyjurzbmekvgrqwr64,Hobro,Hobro vs HB Køge,5zftcocb0ir7a5my41uqv6bdg,2024-08-02,0.0
J. Cornelius,8gdfn7j6xac9p4jh94hk40jdg,b2vft81kyjurzbmekvgrqwr64,Hobro,Hobro vs OB,69lfkq7flxweg73dhb3f5qsyc,2024-08-25,0.0
J. Cornelius,8gdfn7j6xac9p4jh94hk40jdg,b2vft81kyjurzbmekvgrqwr64,Hobro,Roskilde vs Hobro,61nxt1f2c9lotmvunbocwyplg,2024-08-10,0.0862053856253624
J. Cornelius,8gdfn7j6xac9p4jh94hk40jdg,b2vft81kyjurzbmekvgrqwr64,Hobro,Vendsyssel vs Hobro,67q1kfc3gdz3yohfds1qwp6ok,2024-08-21,0.0
J. Egeris,2uellcocrvapu7o70g5zdcmad,ajtb177oqwawkdwbqhldmq6mx,B 93,Roskilde vs B 93,5yc6itlm0c8fncu5dj17bkg7o,2024-07-27,0.1472411304712295
J. Gemmer,4oxf446ya7jwulq6hxlp8r36d,8gxd9ry2580pu1b1dd5ny9ymy,Hvidovre,Hvidovre vs B 93,61aoq5n283d8adu6usn04glqs,2024-08-09,0.051043976098299
J. Gomez,ev2s21ogvpjtata4fndi868ve,dbl7ir1qugqz8nvp1vzn8im50,OB,Esbjerg vs OB,5vjn0dtuqrd9fmnqncz9uxn9w,2024-07-20,0.0545234195888042
J. Gomez,ev2s21ogvpjtata4fndi868ve,dbl7ir1qugqz8nvp1vzn8im50,OB,OB vs Hillerød,62gfjlfuls7nb7fb9qc04l2xg,2024-08-10,0.0
J. Gomez,ev2s21ogvpjtata4fndi868ve,dbl7ir1qugqz8nvp1vzn8im50,OB,OB vs Vendsyssel,6aq2cnsvqhsfyz7s6ekjczjmc,2024-08-30,0.3992847800254822
J. Jessen,6wfu6s6xo5zjeke21fgbouql0,6wwwud48qahpwrfxs20334qk5,Fredericia,Fredericia vs Esbjerg,636w1d231ya7tiky1o3uf8c2c,2024-08-11,0.0
J. Jessen,6wfu6s6xo5zjeke21fgbouql0,6wwwud48qahpwrfxs20334qk5,Fredericia,Fredericia vs Hvidovre,69ytnflzsrucnva2zz5hpqtqs,2024-08-25,0.0
J. Jessen,6wfu6s6xo5zjeke21fgbouql0,6wwwud48qahpwrfxs20334qk5,Fredericia,Fredericia vs Vendsyssel,5ypehb9knyvb5m38jkw0q7m6s,2024-07-27,0.0
J. Jessen,6wfu6s6xo5zjeke21fgbouql0,6wwwud48qahpwrfxs20334qk5,Fredericia,HB Køge vs Fredericia,6bugbbqhm9vjhnu2cgz0zdg5w,2024-09-01,0.0
J. Jessen,6wfu6s6xo5zjeke21fgbouql0,6wwwud48qahpwrfxs20334qk5,Fredericia,Kolding vs Fredericia,5zt7hwff1uzedxfginjs4d6hg,2024-08-02,0.1228727176785469
J. Juelsgård,ei3xmwfz8dah5e4lcbu4w98t1,6wwwud48qahpwrfxs20334qk5,Fredericia,Fredericia vs Hvidovre,69ytnflzsrucnva2zz5hpqtqs,2024-08-25,0.0
J. Juelsgård,ei3xmwfz8dah5e4lcbu4w98t1,6wwwud48qahpwrfxs20334qk5,Fredericia,HB Køge vs Fredericia,6bugbbqhm9vjhnu2cgz0zdg5w,2024-09-01,0.0956146568059921
J. Juelsgård,ei3xmwfz8dah5e4lcbu4w98t1,6wwwud48qahpwrfxs20334qk5,Fredericia,Horsens vs Fredericia,5vzud50zb2yp8fwqvfjkjfk0k,2024-07-21,0.0379538759589195
J. Kudsk,b1kyjkhaaiw32cb4bubbpm7tg,6wwwud48qahpwrfxs20334qk5,Fredericia,Horsens vs Fredericia,5vzud50zb2yp8fwqvfjkjfk0k,2024-07-21,0.0
J. Lindekilde,23sc7wc7my7wes6cuaxw1v0no,6wwwud48qahpwrfxs20334qk5,Fredericia,Fredericia vs Esbjerg,636w1d231ya7tiky1o3uf8c2c,2024-08-11,0.0
J. Lindekilde,23sc7wc7my7wes6cuaxw1v0no,6wwwud48qahpwrfxs20334qk5,Fredericia,Fredericia vs Hvidovre,69ytnflzsrucnva2zz5hpqtqs,2024-08-25,0.2397371977567672
J. Lindekilde,23sc7wc7my7wes6cuaxw1v0no,6wwwud48qahpwrfxs20334qk5,Fredericia,Fredericia vs Roskilde,64o9dmwumoh7ybeg7hb62m3o4,2024-08-16,0.0
J. Lindekilde,23sc7wc7my7wes6cuaxw1v0no,6wwwud48qahpwrfxs20334qk5,Fredericia,Fredericia vs Vendsyssel,5ypehb9knyvb5m38jkw0q7m6s,2024-07-27,0.1444917023181915
J. Lindekilde,23sc7wc7my7wes6cuaxw1v0no,6wwwud48qahpwrfxs20334qk5,Fredericia,HB Køge vs Fredericia,6bugbbqhm9vjhnu2cgz0zdg5w,2024-09-01,0.0
J. Lindekilde,23sc7wc7my7wes6cuaxw1v0no,6wwwud48qahpwrfxs20334qk5,Fredericia,Horsens vs Fredericia,5vzud50zb2yp8fwqvfjkjfk0k,2024-07-21,0.0
J. Lindekilde,23sc7wc7my7wes6cuaxw1v0no,6wwwud48qahpwrfxs20334qk5,Fredericia,OB vs Fredericia,67aox2lb1r4he0a98fyputiqc,2024-08-21,0.0884320214390754
J. Madsen,eso2tbbpnxu9qvx6zy07m5jx0,a9vw7ikerpr4cuweeeka5aneg,Horsens,HB Køge vs Horsens,62to8z5uwcrf85s9tt8cosfmc,2024-08-11,0.0
J. Madsen,eso2tbbpnxu9qvx6zy07m5jx0,a9vw7ikerpr4cuweeeka5aneg,Horsens,Horsens vs Hillerød,5xlnmoz70lip7vpwtrpbfuvis,2024-07-26,0.0
J. Madsen,eso2tbbpnxu9qvx6zy07m5jx0,a9vw7ikerpr4cuweeeka5aneg,Horsens,Hvidovre vs Horsens,6bgxohpg2111nj34b43g8d2j8,2024-08-30,0.0295623578131198
J. Madsen,eso2tbbpnxu9qvx6zy07m5jx0,a9vw7ikerpr4cuweeeka5aneg,Horsens,Roskilde vs Horsens,65t3a478yk7dsm6iulmfhp2j8,2024-08-20,0.0501550175249576
J. Mathys,zpl7lyln792rt0b2oedamvbo,ajtb177oqwawkdwbqhldmq6mx,B 93,B 93 vs Kolding,5u3egzqc8xhnmwpmvwdc2gvmc,2024-07-19,0.0
J. Mathys,zpl7lyln792rt0b2oedamvbo,ajtb177oqwawkdwbqhldmq6mx,B 93,B 93 vs Vendsyssel,5z2la60f979qze3h1rwo3jbx0,2024-08-02,0.1151420176029205
J. Mathys,zpl7lyln792rt0b2oedamvbo,ajtb177oqwawkdwbqhldmq6mx,B 93,Roskilde vs B 93,5yc6itlm0c8fncu5dj17bkg7o,2024-07-27,0.0635440945625305
J. Meyer,839pm7rmjp6q1bt52f7ek9vys,f1h34qp5zbfl489q8vnkhiq9s,Esbjerg,Esbjerg vs Horsens,60xgl2a4toyqemqz4ec7l1638,2024-08-04,0.0347833968698978
J. Meyer,839pm7rmjp6q1bt52f7ek9vys,f1h34qp5zbfl489q8vnkhiq9s,Esbjerg,Esbjerg vs Vendsyssel,65fh57lbyqgnibt11zhhw1btg,2024-08-17,0.0
J. Meyer,839pm7rmjp6q1bt52f7ek9vys,f1h34qp5zbfl489q8vnkhiq9s,Esbjerg,Roskilde vs Esbjerg,6b3jwbgjt8nnugx6thlhzbo5w,2024-08-30,0.0470255576074123
J. Mortensen,eas91my7qw7etoha5plxfk9yi,f1h34qp5zbfl489q8vnkhiq9s,Esbjerg,Esbjerg vs HB Køge,68gwwbsu3gg7uqu5gicr4qa6s,2024-08-24,0.0571259893476963
J. Mortensen,eas91my7qw7etoha5plxfk9yi,f1h34qp5zbfl489q8vnkhiq9s,Esbjerg,Esbjerg vs Vendsyssel,65fh57lbyqgnibt11zhhw1btg,2024-08-17,0.0667983070015907
J. Mortensen,eas91my7qw7etoha5plxfk9yi,f1h34qp5zbfl489q8vnkhiq9s,Esbjerg,Roskilde vs Esbjerg,6b3jwbgjt8nnugx6thlhzbo5w,2024-08-30,0.0117413131520152
J. Musbaudeen,4uuqid6t4nspn0wspyltz3bx0,b8oqgvx1ijeyn6y1cn6929ix4,Kolding,Kolding vs Esbjerg,66x20c00o5l5fgwia0g0ox9g4,2024-08-21,0.0237592887133359
J. Rothmann,e2aqcawslcbpp88nia8eko2y1,8cfkisxf1fkxdqtt6tx1tup48,HB Køge,HB Køge vs Fredericia,6bugbbqhm9vjhnu2cgz0zdg5w,2024-09-01,0.0
J. Rothmann,e2aqcawslcbpp88nia8eko2y1,8cfkisxf1fkxdqtt6tx1tup48,HB Køge,HB Køge vs Horsens,62to8z5uwcrf85s9tt8cosfmc,2024-08-11,0.0
J. Rothmann,e2aqcawslcbpp88nia8eko2y1,8cfkisxf1fkxdqtt6tx1tup48,HB Køge,Hobro vs HB Køge,5zftcocb0ir7a5my41uqv6bdg,2024-08-02,0.0
J. Singh,2cup1vjw8n43kbzzxfflnmplg,8gxd9ry2580pu1b1dd5ny9ymy,Hvidovre,Hobro vs Hvidovre,651qsgvxz0hgo5cewrehcj9ck,2024-08-17,0.0317
J. Singh,2cup1vjw8n43kbzzxfflnmplg,8gxd9ry2580pu1b1dd5ny9ymy,Hvidovre,Hvidovre vs Hillerød,66jmta6v8gvabt8tfjq4zi0ic,2024-08-20,0.0
J. Singh,2cup1vjw8n43kbzzxfflnmplg,8gxd9ry2580pu1b1dd5ny9ymy,Hvidovre,Hvidovre vs Horsens,6bgxohpg2111nj34b43g8d2j8,2024-08-30,0.0738660246133804
J. Sneftrup,6xhxqcmi0g6h61y2pl9v89xjo,b2vft81kyjurzbmekvgrqwr64,Hobro,Hobro vs Esbjerg,5x6tgnddq164y7hxajehmzpjo,2024-07-26,0.0
J. Sneftrup,6xhxqcmi0g6h61y2pl9v89xjo,b2vft81kyjurzbmekvgrqwr64,Hobro,Roskilde vs Hobro,61nxt1f2c9lotmvunbocwyplg,2024-08-10,0.0414052493870258
J. Vetter,3ywgt5v070xudujs9f7cuqm7d,b8oqgvx1ijeyn6y1cn6929ix4,Kolding,B 93 vs Kolding,5u3egzqc8xhnmwpmvwdc2gvmc,2024-07-19,0.0
J. Witt,5z7y55t2o577r8ki3i5855as,aqtkb4mgrz8c6iqfufj6qjbv9,Hillerød,Hillerød vs HB Køge,64asahp9xtmrj6tt53ghkam1g,2024-08-16,0.0243338979780673
J. Witt,5z7y55t2o577r8ki3i5855as,aqtkb4mgrz8c6iqfufj6qjbv9,Hillerød,Hillerød vs Hobro,5wg9cdczccjfgs2hctntatt04,2024-07-21,0.1072752326726913
J. Witt,5z7y55t2o577r8ki3i5855as,aqtkb4mgrz8c6iqfufj6qjbv9,Hillerød,OB vs Hillerød,62gfjlfuls7nb7fb9qc04l2xg,2024-08-10,0.0200533624738454
K. Karikari,cqsc3mj8klukkgutdrpegybdg,a9vw7ikerpr4cuweeeka5aneg,Horsens,HB Køge vs Horsens,62to8z5uwcrf85s9tt8cosfmc,2024-08-11,0.0
K. Karikari,cqsc3mj8klukkgutdrpegybdg,a9vw7ikerpr4cuweeeka5aneg,Horsens,Horsens vs Vendsyssel,68uf0bqpt0w3f2ocdskcac07o,2024-08-24,0.0
K. Karikari,cqsc3mj8klukkgutdrpegybdg,a9vw7ikerpr4cuweeeka5aneg,Horsens,Hvidovre vs Horsens,6bgxohpg2111nj34b43g8d2j8,2024-08-30,0.0
K. Karikari,cqsc3mj8klukkgutdrpegybdg,a9vw7ikerpr4cuweeeka5aneg,Horsens,Roskilde vs Horsens,65t3a478yk7dsm6iulmfhp2j8,2024-08-20,0.2011618316173553
K. Kusk,11cna826ls27ahux2w0ckapqt,7gkglopz9cjsysn2u6sbhuvc5,Vendsyssel,B 93 vs Vendsyssel,5z2la60f979qze3h1rwo3jbx0,2024-08-02,0.0
K. Kusk,11cna826ls27ahux2w0ckapqt,7gkglopz9cjsysn2u6sbhuvc5,Vendsyssel,Esbjerg vs Vendsyssel,65fh57lbyqgnibt11zhhw1btg,2024-08-17,0.0450894571840763
K. Kusk,11cna826ls27ahux2w0ckapqt,7gkglopz9cjsysn2u6sbhuvc5,Vendsyssel,Fredericia vs Vendsyssel,5ypehb9knyvb5m38jkw0q7m6s,2024-07-27,0.0
K. Kusk,11cna826ls27ahux2w0ckapqt,7gkglopz9cjsysn2u6sbhuvc5,Vendsyssel,Horsens vs Vendsyssel,68uf0bqpt0w3f2ocdskcac07o,2024-08-24,0.0863373726606369
K. Kusk,11cna826ls27ahux2w0ckapqt,7gkglopz9cjsysn2u6sbhuvc5,Vendsyssel,Vendsyssel vs Kolding,62191g2fovdguidqjhb6v6bdg,2024-08-10,0.0
K. Kusk,11cna826ls27ahux2w0ckapqt,7gkglopz9cjsysn2u6sbhuvc5,Vendsyssel,Vendsyssel vs Roskilde,5v3djdmu6nvwdt4167su2gkk4,2024-07-19,0.0440157875418663
K. Nyegaard,4rhxehi019n7z1z1m7a39w1sk,bd4qakf7j0wwie8wke9km7uj8,Roskilde,Hillerød vs Roskilde,606n2aj6373t4z6q80ngim590,2024-08-02,0.0373531877994537
K. Nyegaard,4rhxehi019n7z1z1m7a39w1sk,bd4qakf7j0wwie8wke9km7uj8,Roskilde,Roskilde vs B 93,5yc6itlm0c8fncu5dj17bkg7o,2024-07-27,0.0
K. Nyegaard,4rhxehi019n7z1z1m7a39w1sk,bd4qakf7j0wwie8wke9km7uj8,Roskilde,Roskilde vs Horsens,65t3a478yk7dsm6iulmfhp2j8,2024-08-20,0.0
L. Bøje-Larsen,elsygne5tjybbxrqgehtovnro,aqtkb4mgrz8c6iqfufj6qjbv9,Hillerød,B 93 vs Hillerød,683lmz8500sqkbfvskdoruck4,2024-08-23,0.1229475811123848
L. Bøje-Larsen,elsygne5tjybbxrqgehtovnro,aqtkb4mgrz8c6iqfufj6qjbv9,Hillerød,Hillerød vs HB Køge,64asahp9xtmrj6tt53ghkam1g,2024-08-16,0.1020437404513359
L. Deedson,5wmik73cqursg7sv3w14ue5pm,dbl7ir1qugqz8nvp1vzn8im50,OB,B 93 vs OB,63xeqztss8336rl4y45w74zys,2024-08-16,0.0
L. Deedson,5wmik73cqursg7sv3w14ue5pm,dbl7ir1qugqz8nvp1vzn8im50,OB,Esbjerg vs OB,5vjn0dtuqrd9fmnqncz9uxn9w,2024-07-20,0.0
L. Deedson,5wmik73cqursg7sv3w14ue5pm,dbl7ir1qugqz8nvp1vzn8im50,OB,HB Køge vs OB,5wthrebrhplwhwm4qwy9xpgr8,2024-07-26,0.0
L. Deedson,5wmik73cqursg7sv3w14ue5pm,dbl7ir1qugqz8nvp1vzn8im50,OB,Hobro vs OB,69lfkq7flxweg73dhb3f5qsyc,2024-08-25,0.0
L. Deedson,5wmik73cqursg7sv3w14ue5pm,dbl7ir1qugqz8nvp1vzn8im50,OB,OB vs Fredericia,67aox2lb1r4he0a98fyputiqc,2024-08-21,0.0
L. Deedson,5wmik73cqursg7sv3w14ue5pm,dbl7ir1qugqz8nvp1vzn8im50,OB,OB vs Vendsyssel,6aq2cnsvqhsfyz7s6ekjczjmc,2024-08-30,0.0
L. From,6hmsrr08cllpl4iumu92zskbt,f1h34qp5zbfl489q8vnkhiq9s,Esbjerg,Esbjerg vs HB Køge,68gwwbsu3gg7uqu5gicr4qa6s,2024-08-24,0.3661189675331116
L. From,6hmsrr08cllpl4iumu92zskbt,f1h34qp5zbfl489q8vnkhiq9s,Esbjerg,Esbjerg vs Horsens,60xgl2a4toyqemqz4ec7l1638,2024-08-04,0.0408769994974136
L. From,6hmsrr08cllpl4iumu92zskbt,f1h34qp5zbfl489q8vnkhiq9s,Esbjerg,Esbjerg vs Vendsyssel,65fh57lbyqgnibt11zhhw1btg,2024-08-17,0.0759671106934547
L. From,6hmsrr08cllpl4iumu92zskbt,f1h34qp5zbfl489q8vnkhiq9s,Esbjerg,Fredericia vs Esbjerg,636w1d231ya7tiky1o3uf8c2c,2024-08-11,0.032757069915533
L. From,6hmsrr08cllpl4iumu92zskbt,f1h34qp5zbfl489q8vnkhiq9s,Esbjerg,Hobro vs Esbjerg,5x6tgnddq164y7hxajehmzpjo,2024-07-26,0.0
L. From,6hmsrr08cllpl4iumu92zskbt,f1h34qp5zbfl489q8vnkhiq9s,Esbjerg,Kolding vs Esbjerg,66x20c00o5l5fgwia0g0ox9g4,2024-08-21,0.3632192015647888
L. From,6hmsrr08cllpl4iumu92zskbt,f1h34qp5zbfl489q8vnkhiq9s,Esbjerg,Roskilde vs Esbjerg,6b3jwbgjt8nnugx6thlhzbo5w,2024-08-30,0.0802524164319038
L. Jensen,139g7ilwvcpl519v3scnweg2d,7gkglopz9cjsysn2u6sbhuvc5,Vendsyssel,B 93 vs Vendsyssel,5z2la60f979qze3h1rwo3jbx0,2024-08-02,0.0
L. Jensen,139g7ilwvcpl519v3scnweg2d,7gkglopz9cjsysn2u6sbhuvc5,Vendsyssel,Fredericia vs Vendsyssel,5ypehb9knyvb5m38jkw0q7m6s,2024-07-27,0.0
L. Jensen,139g7ilwvcpl519v3scnweg2d,7gkglopz9cjsysn2u6sbhuvc5,Vendsyssel,OB vs Vendsyssel,6aq2cnsvqhsfyz7s6ekjczjmc,2024-08-30,0.0
L. Jensen,139g7ilwvcpl519v3scnweg2d,7gkglopz9cjsysn2u6sbhuvc5,Vendsyssel,Vendsyssel vs Hobro,67q1kfc3gdz3yohfds1qwp6ok,2024-08-21,0.09834885597229
L. Jensen,139g7ilwvcpl519v3scnweg2d,7gkglopz9cjsysn2u6sbhuvc5,Vendsyssel,Vendsyssel vs Roskilde,5v3djdmu6nvwdt4167su2gkk4,2024-07-19,0.0
L. Kjerrumgaard,axyrfq1u8nwcj2ss5498u8qhg,dbl7ir1qugqz8nvp1vzn8im50,OB,B 93 vs OB,63xeqztss8336rl4y45w74zys,2024-08-16,0.0
L. Kjerrumgaard,axyrfq1u8nwcj2ss5498u8qhg,dbl7ir1qugqz8nvp1vzn8im50,OB,Esbjerg vs OB,5vjn0dtuqrd9fmnqncz9uxn9w,2024-07-20,0.0
L. Kjerrumgaard,axyrfq1u8nwcj2ss5498u8qhg,dbl7ir1qugqz8nvp1vzn8im50,OB,HB Køge vs OB,5wthrebrhplwhwm4qwy9xpgr8,2024-07-26,0.0
L. Kjerrumgaard,axyrfq1u8nwcj2ss5498u8qhg,dbl7ir1qugqz8nvp1vzn8im50,OB,Hobro vs OB,69lfkq7flxweg73dhb3f5qsyc,2024-08-25,0.0
L. Kjerrumgaard,axyrfq1u8nwcj2ss5498u8qhg,dbl7ir1qugqz8nvp1vzn8im50,OB,OB vs Fredericia,67aox2lb1r4he0a98fyputiqc,2024-08-21,0.0
L. Kjerrumgaard,axyrfq1u8nwcj2ss5498u8qhg,dbl7ir1qugqz8nvp1vzn8im50,OB,OB vs Hillerød,62gfjlfuls7nb7fb9qc04l2xg,2024-08-10,0.0
L. Kjerrumgaard,axyrfq1u8nwcj2ss5498u8qhg,dbl7ir1qugqz8nvp1vzn8im50,OB,OB vs Hvidovre,60k5xy9nwnuqded5lwcx4vf2s,2024-08-03,0.0
L. Kjerrumgaard,axyrfq1u8nwcj2ss5498u8qhg,dbl7ir1qugqz8nvp1vzn8im50,OB,OB vs Vendsyssel,6aq2cnsvqhsfyz7s6ekjczjmc,2024-08-30,0.0
L. Klitten,ea2x4o6ufsqoz2zz7tqcnvo16,b2vft81kyjurzbmekvgrqwr64,Hobro,Vendsyssel vs Hobro,67q1kfc3gdz3yohfds1qwp6ok,2024-08-21,0.0
L. Montano,1se7wkenvs4elrapvdw9mdnje,f1h34qp5zbfl489q8vnkhiq9s,Esbjerg,Esbjerg vs Horsens,60xgl2a4toyqemqz4ec7l1638,2024-08-04,0.0
L. Montano,1se7wkenvs4elrapvdw9mdnje,f1h34qp5zbfl489q8vnkhiq9s,Esbjerg,Esbjerg vs Vendsyssel,65fh57lbyqgnibt11zhhw1btg,2024-08-17,0.0211949981749057
L. Montano,1se7wkenvs4elrapvdw9mdnje,f1h34qp5zbfl489q8vnkhiq9s,Esbjerg,Fredericia vs Esbjerg,636w1d231ya7tiky1o3uf8c2c,2024-08-11,0.0
L. Montano,1se7wkenvs4elrapvdw9mdnje,f1h34qp5zbfl489q8vnkhiq9s,Esbjerg,Hobro vs Esbjerg,5x6tgnddq164y7hxajehmzpjo,2024-07-26,0.0366335287690162
L. Montano,1se7wkenvs4elrapvdw9mdnje,f1h34qp5zbfl489q8vnkhiq9s,Esbjerg,Roskilde vs Esbjerg,6b3jwbgjt8nnugx6thlhzbo5w,2024-08-30,0.0844859480857849
L. Owusu,e42jh6bbwn4aybdnysonrvutx,dbl7ir1qugqz8nvp1vzn8im50,OB,B 93 vs OB,63xeqztss8336rl4y45w74zys,2024-08-16,0.0
L. Owusu,e42jh6bbwn4aybdnysonrvutx,dbl7ir1qugqz8nvp1vzn8im50,OB,Esbjerg vs OB,5vjn0dtuqrd9fmnqncz9uxn9w,2024-07-20,0.0
L. Owusu,e42jh6bbwn4aybdnysonrvutx,dbl7ir1qugqz8nvp1vzn8im50,OB,HB Køge vs OB,5wthrebrhplwhwm4qwy9xpgr8,2024-07-26,0.0
L. Owusu,e42jh6bbwn4aybdnysonrvutx,dbl7ir1qugqz8nvp1vzn8im50,OB,Hobro vs OB,69lfkq7flxweg73dhb3f5qsyc,2024-08-25,0.0153537159785628
L. Owusu,e42jh6bbwn4aybdnysonrvutx,dbl7ir1qugqz8nvp1vzn8im50,OB,OB vs Fredericia,67aox2lb1r4he0a98fyputiqc,2024-08-21,0.0970935523509979
L. Owusu,e42jh6bbwn4aybdnysonrvutx,dbl7ir1qugqz8nvp1vzn8im50,OB,OB vs Hillerød,62gfjlfuls7nb7fb9qc04l2xg,2024-08-10,0.0
L. Owusu,e42jh6bbwn4aybdnysonrvutx,dbl7ir1qugqz8nvp1vzn8im50,OB,OB vs Hvidovre,60k5xy9nwnuqded5lwcx4vf2s,2024-08-03,0.0407642684876918
L. Owusu,e42jh6bbwn4aybdnysonrvutx,dbl7ir1qugqz8nvp1vzn8im50,OB,OB vs Vendsyssel,6aq2cnsvqhsfyz7s6ekjczjmc,2024-08-30,0.0
L. Qamili,3ejggtt1du1cui3wc1f8oqx62,8gxd9ry2580pu1b1dd5ny9ymy,Hvidovre,Hvidovre vs HB Køge,5un12m65p2ujmjb0seb0fxxck,2024-07-19,0.0
L. Qamili,3ejggtt1du1cui3wc1f8oqx62,8gxd9ry2580pu1b1dd5ny9ymy,Hvidovre,Kolding vs Hvidovre,5xyyhocfe3g0cljxlc1ksh9g4,2024-07-26,0.0
L. Qamili,3ejggtt1du1cui3wc1f8oqx62,8gxd9ry2580pu1b1dd5ny9ymy,Hvidovre,OB vs Hvidovre,60k5xy9nwnuqded5lwcx4vf2s,2024-08-03,0.0
L. Schulz,64vlnkuqfh7rnymg8qku8amwa,7gkglopz9cjsysn2u6sbhuvc5,Vendsyssel,B 93 vs Vendsyssel,5z2la60f979qze3h1rwo3jbx0,2024-08-02,0.0
L. Steffensen,9l89n30nejpn2u22ygvchwnze,7gkglopz9cjsysn2u6sbhuvc5,Vendsyssel,Esbjerg vs Vendsyssel,65fh57lbyqgnibt11zhhw1btg,2024-08-17,0.1133351996541023
L. Steffensen,9l89n30nejpn2u22ygvchwnze,7gkglopz9cjsysn2u6sbhuvc5,Vendsyssel,Fredericia vs Vendsyssel,5ypehb9knyvb5m38jkw0q7m6s,2024-07-27,0.0
L. Steffensen,9l89n30nejpn2u22ygvchwnze,7gkglopz9cjsysn2u6sbhuvc5,Vendsyssel,OB vs Vendsyssel,6aq2cnsvqhsfyz7s6ekjczjmc,2024-08-30,0.1239357814192771
L. Steffensen,9l89n30nejpn2u22ygvchwnze,7gkglopz9cjsysn2u6sbhuvc5,Vendsyssel,Vendsyssel vs Hobro,67q1kfc3gdz3yohfds1qwp6ok,2024-08-21,0.1404803693294525
L. Steffensen,9l89n30nejpn2u22ygvchwnze,7gkglopz9cjsysn2u6sbhuvc5,Vendsyssel,Vendsyssel vs Kolding,62191g2fovdguidqjhb6v6bdg,2024-08-10,0.0216726902872324
L. Steffensen,9l89n30nejpn2u22ygvchwnze,7gkglopz9cjsysn2u6sbhuvc5,Vendsyssel,Vendsyssel vs Roskilde,5v3djdmu6nvwdt4167su2gkk4,2024-07-19,0.4292925298213959
M. Andreasen,21i8eq6dgpzydeyrame6xp05w,8gxd9ry2580pu1b1dd5ny9ymy,Hvidovre,Fredericia vs Hvidovre,69ytnflzsrucnva2zz5hpqtqs,2024-08-25,0.3671593368053436
M. Andreasen,21i8eq6dgpzydeyrame6xp05w,8gxd9ry2580pu1b1dd5ny9ymy,Hvidovre,Hvidovre vs HB Køge,5un12m65p2ujmjb0seb0fxxck,2024-07-19,0.2245177924633026
M. Andreasen,21i8eq6dgpzydeyrame6xp05w,8gxd9ry2580pu1b1dd5ny9ymy,Hvidovre,Hvidovre vs Horsens,6bgxohpg2111nj34b43g8d2j8,2024-08-30,0.086271047592163
M. Bay,bop31qof3lon7u6rvmb68ktzp,aqtkb4mgrz8c6iqfufj6qjbv9,Hillerød,B 93 vs Hillerød,683lmz8500sqkbfvskdoruck4,2024-08-23,0.031381756067276
M. Bay,bop31qof3lon7u6rvmb68ktzp,aqtkb4mgrz8c6iqfufj6qjbv9,Hillerød,Hillerød vs HB Køge,64asahp9xtmrj6tt53ghkam1g,2024-08-16,0.0
M. Bay,bop31qof3lon7u6rvmb68ktzp,aqtkb4mgrz8c6iqfufj6qjbv9,Hillerød,Hillerød vs Hobro,5wg9cdczccjfgs2hctntatt04,2024-07-21,0.0353018008172512
M. Bay,bop31qof3lon7u6rvmb68ktzp,aqtkb4mgrz8c6iqfufj6qjbv9,Hillerød,Hillerød vs Roskilde,606n2aj6373t4z6q80ngim590,2024-08-02,0.0
M. Bay,bop31qof3lon7u6rvmb68ktzp,aqtkb4mgrz8c6iqfufj6qjbv9,Hillerød,OB vs Hillerød,62gfjlfuls7nb7fb9qc04l2xg,2024-08-10,0.0207238234579563
M. Bruhn,8gqvlydur0v4cpmz1ozqkejh0,aqtkb4mgrz8c6iqfufj6qjbv9,Hillerød,B 93 vs Hillerød,683lmz8500sqkbfvskdoruck4,2024-08-23,0.0146170016378164
M. Bruhn,8gqvlydur0v4cpmz1ozqkejh0,aqtkb4mgrz8c6iqfufj6qjbv9,Hillerød,Hillerød vs Hobro,5wg9cdczccjfgs2hctntatt04,2024-07-21,0.0
M. Bruhn,8gqvlydur0v4cpmz1ozqkejh0,aqtkb4mgrz8c6iqfufj6qjbv9,Hillerød,Hillerød vs Kolding,6ac9wol3td1jcuu8hwzpgu7mc,2024-08-30,0.0476752035319805
M. Bruhn,8gqvlydur0v4cpmz1ozqkejh0,aqtkb4mgrz8c6iqfufj6qjbv9,Hillerød,Hillerød vs Roskilde,606n2aj6373t4z6q80ngim590,2024-08-02,0.0452350787818431
M. Bruhn,8gqvlydur0v4cpmz1ozqkejh0,aqtkb4mgrz8c6iqfufj6qjbv9,Hillerød,Horsens vs Hillerød,5xlnmoz70lip7vpwtrpbfuvis,2024-07-26,0.0803303718566894
M. Bruhn,8gqvlydur0v4cpmz1ozqkejh0,aqtkb4mgrz8c6iqfufj6qjbv9,Hillerød,OB vs Hillerød,62gfjlfuls7nb7fb9qc04l2xg,2024-08-10,0.0
M. Bøttker,8xfqengyrwgxhhi86ok88vf2s,ajtb177oqwawkdwbqhldmq6mx,B 93,B 93 vs Vendsyssel,5z2la60f979qze3h1rwo3jbx0,2024-08-02,0.0
M. Bøttker,8xfqengyrwgxhhi86ok88vf2s,ajtb177oqwawkdwbqhldmq6mx,B 93,Hvidovre vs B 93,61aoq5n283d8adu6usn04glqs,2024-08-09,0.0122290467843413
M. Chacón,11ngumxajbizagbzpm5kompxx,8cfkisxf1fkxdqtt6tx1tup48,HB Køge,HB Køge vs B 93,666foj7nk4793eyjm86x2nvo4,2024-08-20,0.0128863956779241
M. Chacón,11ngumxajbizagbzpm5kompxx,8cfkisxf1fkxdqtt6tx1tup48,HB Køge,HB Køge vs Horsens,62to8z5uwcrf85s9tt8cosfmc,2024-08-11,0.0138649782165884
M. Chacón,11ngumxajbizagbzpm5kompxx,8cfkisxf1fkxdqtt6tx1tup48,HB Køge,Hillerød vs HB Køge,64asahp9xtmrj6tt53ghkam1g,2024-08-16,0.0034462413750588
M. Compaoré,az9x5coo3hl4qkt16x24pp5re,b2vft81kyjurzbmekvgrqwr64,Hobro,Hobro vs Hvidovre,651qsgvxz0hgo5cewrehcj9ck,2024-08-17,0.0188764203339815
M. Compaoré,az9x5coo3hl4qkt16x24pp5re,b2vft81kyjurzbmekvgrqwr64,Hobro,Vendsyssel vs Hobro,67q1kfc3gdz3yohfds1qwp6ok,2024-08-21,0.0
M. Due Grandt,2tcdx5rp7vujnlid4oqqxdogk,aqtkb4mgrz8c6iqfufj6qjbv9,Hillerød,Hillerød vs HB Køge,64asahp9xtmrj6tt53ghkam1g,2024-08-16,0.0326747074723243
M. Due Grandt,2tcdx5rp7vujnlid4oqqxdogk,aqtkb4mgrz8c6iqfufj6qjbv9,Hillerød,Horsens vs Hillerød,5xlnmoz70lip7vpwtrpbfuvis,2024-07-26,0.0084721464663743
M. Egho,4m9sp9mxlsjk6fv7v218yqfv9,a9vw7ikerpr4cuweeeka5aneg,Horsens,Esbjerg vs Horsens,60xgl2a4toyqemqz4ec7l1638,2024-08-04,0.021120736375451
M. Egho,4m9sp9mxlsjk6fv7v218yqfv9,a9vw7ikerpr4cuweeeka5aneg,Horsens,HB Køge vs Horsens,62to8z5uwcrf85s9tt8cosfmc,2024-08-11,0.0
M. Egho,4m9sp9mxlsjk6fv7v218yqfv9,a9vw7ikerpr4cuweeeka5aneg,Horsens,Horsens vs Fredericia,5vzud50zb2yp8fwqvfjkjfk0k,2024-07-21,0.0
M. Egho,4m9sp9mxlsjk6fv7v218yqfv9,a9vw7ikerpr4cuweeeka5aneg,Horsens,Horsens vs Hillerød,5xlnmoz70lip7vpwtrpbfuvis,2024-07-26,0.0
M. Egho,4m9sp9mxlsjk6fv7v218yqfv9,a9vw7ikerpr4cuweeeka5aneg,Horsens,Horsens vs Vendsyssel,68uf0bqpt0w3f2ocdskcac07o,2024-08-24,0.0
M. Egho,4m9sp9mxlsjk6fv7v218yqfv9,a9vw7ikerpr4cuweeeka5aneg,Horsens,Roskilde vs Horsens,65t3a478yk7dsm6iulmfhp2j8,2024-08-20,0.0
M. Ejdum,2z8u8kyv91shp0la8alkn6kus,dbl7ir1qugqz8nvp1vzn8im50,OB,HB Køge vs OB,5wthrebrhplwhwm4qwy9xpgr8,2024-07-26,0.0205362364649772
M. Ejdum,2z8u8kyv91shp0la8alkn6kus,dbl7ir1qugqz8nvp1vzn8im50,OB,Hobro vs OB,69lfkq7flxweg73dhb3f5qsyc,2024-08-25,0.017785171046853
M. Ejdum,2z8u8kyv91shp0la8alkn6kus,dbl7ir1qugqz8nvp1vzn8im50,OB,OB vs Fredericia,67aox2lb1r4he0a98fyputiqc,2024-08-21,0.0
M. Ejdum,2z8u8kyv91shp0la8alkn6kus,dbl7ir1qugqz8nvp1vzn8im50,OB,OB vs Hillerød,62gfjlfuls7nb7fb9qc04l2xg,2024-08-10,0.0273233074694871
M. Ejdum,2z8u8kyv91shp0la8alkn6kus,dbl7ir1qugqz8nvp1vzn8im50,OB,OB vs Hvidovre,60k5xy9nwnuqded5lwcx4vf2s,2024-08-03,0.1437867432832718
M. Ejdum,2z8u8kyv91shp0la8alkn6kus,dbl7ir1qugqz8nvp1vzn8im50,OB,OB vs Vendsyssel,6aq2cnsvqhsfyz7s6ekjczjmc,2024-08-30,0.0645034164190292
M. Etim,1fjkjzsei9slx2t4zhsqdkve1,aqtkb4mgrz8c6iqfufj6qjbv9,Hillerød,Hillerød vs HB Køge,64asahp9xtmrj6tt53ghkam1g,2024-08-16,0.0
M. Etim,1fjkjzsei9slx2t4zhsqdkve1,aqtkb4mgrz8c6iqfufj6qjbv9,Hillerød,Hillerød vs Hobro,5wg9cdczccjfgs2hctntatt04,2024-07-21,0.0
M. Etim,1fjkjzsei9slx2t4zhsqdkve1,aqtkb4mgrz8c6iqfufj6qjbv9,Hillerød,Hillerød vs Kolding,6ac9wol3td1jcuu8hwzpgu7mc,2024-08-30,0.0140681443735957
M. Etim,1fjkjzsei9slx2t4zhsqdkve1,aqtkb4mgrz8c6iqfufj6qjbv9,Hillerød,Horsens vs Hillerød,5xlnmoz70lip7vpwtrpbfuvis,2024-07-26,0.2071448266506195
M. Etim,1fjkjzsei9slx2t4zhsqdkve1,aqtkb4mgrz8c6iqfufj6qjbv9,Hillerød,Hvidovre vs Hillerød,66jmta6v8gvabt8tfjq4zi0ic,2024-08-20,0.0
M. Etim,1fjkjzsei9slx2t4zhsqdkve1,aqtkb4mgrz8c6iqfufj6qjbv9,Hillerød,OB vs Hillerød,62gfjlfuls7nb7fb9qc04l2xg,2024-08-10,0.0
M. Fenger,80s55a7uw8kypoikefwhtdm5m,dbl7ir1qugqz8nvp1vzn8im50,OB,B 93 vs OB,63xeqztss8336rl4y45w74zys,2024-08-16,0.0
M. Fenger,80s55a7uw8kypoikefwhtdm5m,dbl7ir1qugqz8nvp1vzn8im50,OB,HB Køge vs OB,5wthrebrhplwhwm4qwy9xpgr8,2024-07-26,0.0
M. Fenger,80s55a7uw8kypoikefwhtdm5m,dbl7ir1qugqz8nvp1vzn8im50,OB,Hobro vs OB,69lfkq7flxweg73dhb3f5qsyc,2024-08-25,0.0
M. Fenger,80s55a7uw8kypoikefwhtdm5m,dbl7ir1qugqz8nvp1vzn8im50,OB,OB vs Fredericia,67aox2lb1r4he0a98fyputiqc,2024-08-21,0.0
M. Fenger,80s55a7uw8kypoikefwhtdm5m,dbl7ir1qugqz8nvp1vzn8im50,OB,OB vs Hillerød,62gfjlfuls7nb7fb9qc04l2xg,2024-08-10,0.0
M. Fenger,80s55a7uw8kypoikefwhtdm5m,dbl7ir1qugqz8nvp1vzn8im50,OB,OB vs Hvidovre,60k5xy9nwnuqded5lwcx4vf2s,2024-08-03,0.0
M. Fredslund,45dqseup0cmujyl4nprr29y0a,8gxd9ry2580pu1b1dd5ny9ymy,Hvidovre,Hvidovre vs HB Køge,5un12m65p2ujmjb0seb0fxxck,2024-07-19,0.0
M. Greve,ef7l91pb4w6yk7lijxjxlievp,7gkglopz9cjsysn2u6sbhuvc5,Vendsyssel,B 93 vs Vendsyssel,5z2la60f979qze3h1rwo3jbx0,2024-08-02,0.0502913892269134
M. Greve,ef7l91pb4w6yk7lijxjxlievp,7gkglopz9cjsysn2u6sbhuvc5,Vendsyssel,Fredericia vs Vendsyssel,5ypehb9knyvb5m38jkw0q7m6s,2024-07-27,0.0486431196331977
M. Greve,ef7l91pb4w6yk7lijxjxlievp,7gkglopz9cjsysn2u6sbhuvc5,Vendsyssel,OB vs Vendsyssel,6aq2cnsvqhsfyz7s6ekjczjmc,2024-08-30,0.081415370106697
M. Gudmann,am3509ake84cde1xhb9264i22,8cfkisxf1fkxdqtt6tx1tup48,HB Køge,HB Køge vs B 93,666foj7nk4793eyjm86x2nvo4,2024-08-20,0.0
M. Gudmann,am3509ake84cde1xhb9264i22,8cfkisxf1fkxdqtt6tx1tup48,HB Køge,HB Køge vs Fredericia,6bugbbqhm9vjhnu2cgz0zdg5w,2024-09-01,0.0
M. Gudmann,am3509ake84cde1xhb9264i22,8cfkisxf1fkxdqtt6tx1tup48,HB Køge,Hobro vs HB Køge,5zftcocb0ir7a5my41uqv6bdg,2024-08-02,0.0381419993937015
M. Haarup,6t6k24gn6zwxz1g6c3n4ph0q,7gkglopz9cjsysn2u6sbhuvc5,Vendsyssel,Fredericia vs Vendsyssel,5ypehb9knyvb5m38jkw0q7m6s,2024-07-27,0.0213506519794464
M. Haarup,6t6k24gn6zwxz1g6c3n4ph0q,7gkglopz9cjsysn2u6sbhuvc5,Vendsyssel,Vendsyssel vs Hobro,67q1kfc3gdz3yohfds1qwp6ok,2024-08-21,0.0
M. Hannesbo,7ar33yy0wd5ah5o8om1l12pgq,7gkglopz9cjsysn2u6sbhuvc5,Vendsyssel,B 93 vs Vendsyssel,5z2la60f979qze3h1rwo3jbx0,2024-08-02,0.0137372352182865
M. Hannesbo,7ar33yy0wd5ah5o8om1l12pgq,7gkglopz9cjsysn2u6sbhuvc5,Vendsyssel,Horsens vs Vendsyssel,68uf0bqpt0w3f2ocdskcac07o,2024-08-24,0.0638066381216049
M. Hannesbo,7ar33yy0wd5ah5o8om1l12pgq,7gkglopz9cjsysn2u6sbhuvc5,Vendsyssel,Vendsyssel vs Hobro,67q1kfc3gdz3yohfds1qwp6ok,2024-08-21,0.0602552518248558
M. Hannesbo,7ar33yy0wd5ah5o8om1l12pgq,7gkglopz9cjsysn2u6sbhuvc5,Vendsyssel,Vendsyssel vs Roskilde,5v3djdmu6nvwdt4167su2gkk4,2024-07-19,0.1410718560218811
M. Hyseni,a48bpdpt0siemxqtr3rubwbu,a9vw7ikerpr4cuweeeka5aneg,Horsens,Horsens vs Kolding,63k0w54ygz5bip8a709rpfpxw,2024-08-16,0.0
M. Hyseni,a48bpdpt0siemxqtr3rubwbu,a9vw7ikerpr4cuweeeka5aneg,Horsens,Horsens vs Vendsyssel,68uf0bqpt0w3f2ocdskcac07o,2024-08-24,0.0848134085536003
M. Hyseni,a48bpdpt0siemxqtr3rubwbu,a9vw7ikerpr4cuweeeka5aneg,Horsens,Roskilde vs Horsens,65t3a478yk7dsm6iulmfhp2j8,2024-08-20,0.2709328830242157
M. Jakobsen,5nved2kta2hk8103hkyhq33hm,8cfkisxf1fkxdqtt6tx1tup48,HB Køge,HB Køge vs Fredericia,6bugbbqhm9vjhnu2cgz0zdg5w,2024-09-01,0.0385940484702587
M. Jakobsen,5nved2kta2hk8103hkyhq33hm,8cfkisxf1fkxdqtt6tx1tup48,HB Køge,HB Køge vs OB,5wthrebrhplwhwm4qwy9xpgr8,2024-07-26,0.0252731963992118
M. Jakobsen,5nved2kta2hk8103hkyhq33hm,8cfkisxf1fkxdqtt6tx1tup48,HB Køge,Hobro vs HB Køge,5zftcocb0ir7a5my41uqv6bdg,2024-08-02,0.0111699011176824
M. Jensen,1b32j0lqi7ggcabdra4tygxzo,dbl7ir1qugqz8nvp1vzn8im50,OB,B 93 vs OB,63xeqztss8336rl4y45w74zys,2024-08-16,0.0708120465278625
M. Jensen,1b32j0lqi7ggcabdra4tygxzo,dbl7ir1qugqz8nvp1vzn8im50,OB,OB vs Hillerød,62gfjlfuls7nb7fb9qc04l2xg,2024-08-10,0.0371418669819831
M. Jensen,1b32j0lqi7ggcabdra4tygxzo,dbl7ir1qugqz8nvp1vzn8im50,OB,OB vs Hvidovre,60k5xy9nwnuqded5lwcx4vf2s,2024-08-03,0.0476299002766609
M. Jensen,619s1phj5bkgkug3aszc1y9cl,8cfkisxf1fkxdqtt6tx1tup48,HB Køge,HB Køge vs B 93,666foj7nk4793eyjm86x2nvo4,2024-08-20,0.0
M. Jensen,619s1phj5bkgkug3aszc1y9cl,8cfkisxf1fkxdqtt6tx1tup48,HB Køge,HB Køge vs Fredericia,6bugbbqhm9vjhnu2cgz0zdg5w,2024-09-01,0.0333834923803806
M. Jensen,619s1phj5bkgkug3aszc1y9cl,8cfkisxf1fkxdqtt6tx1tup48,HB Køge,HB Køge vs Horsens,62to8z5uwcrf85s9tt8cosfmc,2024-08-11,0.0361708179116249
M. Jensen,619s1phj5bkgkug3aszc1y9cl,8cfkisxf1fkxdqtt6tx1tup48,HB Køge,HB Køge vs OB,5wthrebrhplwhwm4qwy9xpgr8,2024-07-26,0.0202918965369462
M. Jensen,619s1phj5bkgkug3aszc1y9cl,8cfkisxf1fkxdqtt6tx1tup48,HB Køge,Hillerød vs HB Køge,64asahp9xtmrj6tt53ghkam1g,2024-08-16,0.0
M. Jensen,619s1phj5bkgkug3aszc1y9cl,8cfkisxf1fkxdqtt6tx1tup48,HB Køge,Hobro vs HB Køge,5zftcocb0ir7a5my41uqv6bdg,2024-08-02,0.0
M. Jensen,619s1phj5bkgkug3aszc1y9cl,8cfkisxf1fkxdqtt6tx1tup48,HB Køge,Hvidovre vs HB Køge,5un12m65p2ujmjb0seb0fxxck,2024-07-19,0.0
M. Juhl,duvhbifjh37mvlm46akiy431m,bd4qakf7j0wwie8wke9km7uj8,Roskilde,Fredericia vs Roskilde,64o9dmwumoh7ybeg7hb62m3o4,2024-08-16,0.0964175164699554
M. Juhl,duvhbifjh37mvlm46akiy431m,bd4qakf7j0wwie8wke9km7uj8,Roskilde,Vendsyssel vs Roskilde,5v3djdmu6nvwdt4167su2gkk4,2024-07-19,0.0313661471009254
M. Kaalund,6uwvbagahvoavs630k8uksxjp,8gxd9ry2580pu1b1dd5ny9ymy,Hvidovre,Hvidovre vs HB Køge,5un12m65p2ujmjb0seb0fxxck,2024-07-19,0.0312859527766704
M. Kaalund,6uwvbagahvoavs630k8uksxjp,8gxd9ry2580pu1b1dd5ny9ymy,Hvidovre,Hvidovre vs Hillerød,66jmta6v8gvabt8tfjq4zi0ic,2024-08-20,0.031509019434452
M. Kaastrup,9nafz0c0x2qvmo5ldm0djmcq1,7gkglopz9cjsysn2u6sbhuvc5,Vendsyssel,B 93 vs Vendsyssel,5z2la60f979qze3h1rwo3jbx0,2024-08-02,0.0
M. Kaastrup,9nafz0c0x2qvmo5ldm0djmcq1,7gkglopz9cjsysn2u6sbhuvc5,Vendsyssel,Fredericia vs Vendsyssel,5ypehb9knyvb5m38jkw0q7m6s,2024-07-27,0.0408037602901458
M. Kaastrup,9nafz0c0x2qvmo5ldm0djmcq1,7gkglopz9cjsysn2u6sbhuvc5,Vendsyssel,Vendsyssel vs Hobro,67q1kfc3gdz3yohfds1qwp6ok,2024-08-21,0.0
M. Kallesøe,a6ymx4wkrn260rtpb360nsiqd,a9vw7ikerpr4cuweeeka5aneg,Horsens,HB Køge vs Horsens,62to8z5uwcrf85s9tt8cosfmc,2024-08-11,0.0
M. Kallesøe,a6ymx4wkrn260rtpb360nsiqd,a9vw7ikerpr4cuweeeka5aneg,Horsens,Horsens vs Fredericia,5vzud50zb2yp8fwqvfjkjfk0k,2024-07-21,0.0406620167195797
M. Kallesøe,a6ymx4wkrn260rtpb360nsiqd,a9vw7ikerpr4cuweeeka5aneg,Horsens,Horsens vs Kolding,63k0w54ygz5bip8a709rpfpxw,2024-08-16,0.0180739518254995
M. Kallesøe,a6ymx4wkrn260rtpb360nsiqd,a9vw7ikerpr4cuweeeka5aneg,Horsens,Roskilde vs Horsens,65t3a478yk7dsm6iulmfhp2j8,2024-08-20,0.0266219824552536
M. Khan,69h930ebovyl7rut5dz4r2iok,8cfkisxf1fkxdqtt6tx1tup48,HB Køge,Esbjerg vs HB Køge,68gwwbsu3gg7uqu5gicr4qa6s,2024-08-24,0.0497999303042888
M. Khan,69h930ebovyl7rut5dz4r2iok,8cfkisxf1fkxdqtt6tx1tup48,HB Køge,HB Køge vs B 93,666foj7nk4793eyjm86x2nvo4,2024-08-20,0.0
M. Khan,69h930ebovyl7rut5dz4r2iok,8cfkisxf1fkxdqtt6tx1tup48,HB Køge,HB Køge vs Horsens,62to8z5uwcrf85s9tt8cosfmc,2024-08-11,0.0710516646504402
M. Khan,69h930ebovyl7rut5dz4r2iok,8cfkisxf1fkxdqtt6tx1tup48,HB Køge,Hillerød vs HB Køge,64asahp9xtmrj6tt53ghkam1g,2024-08-16,0.01926214620471
M. Kiilerich,630daj1ef34rczbhng0eoncvd,8gxd9ry2580pu1b1dd5ny9ymy,Hvidovre,Hvidovre vs B 93,61aoq5n283d8adu6usn04glqs,2024-08-09,0.0086937611922621
M. Kiilerich,630daj1ef34rczbhng0eoncvd,8gxd9ry2580pu1b1dd5ny9ymy,Hvidovre,Kolding vs Hvidovre,5xyyhocfe3g0cljxlc1ksh9g4,2024-07-26,0.0313461981713771
M. Kristensen,4lac0f1ev5usxpka7gaev3hii,bd4qakf7j0wwie8wke9km7uj8,Roskilde,Roskilde vs B 93,5yc6itlm0c8fncu5dj17bkg7o,2024-07-27,0.0572555586695671
M. Kristensen,bp232fgjrfyok2471ec7u1tcl,b2vft81kyjurzbmekvgrqwr64,Hobro,Hillerød vs Hobro,5wg9cdczccjfgs2hctntatt04,2024-07-21,0.050216544419527
M. Kristensen,bp232fgjrfyok2471ec7u1tcl,b2vft81kyjurzbmekvgrqwr64,Hobro,Hobro vs Esbjerg,5x6tgnddq164y7hxajehmzpjo,2024-07-26,0.0
M. Kristensen,bp232fgjrfyok2471ec7u1tcl,b2vft81kyjurzbmekvgrqwr64,Hobro,Hobro vs HB Køge,5zftcocb0ir7a5my41uqv6bdg,2024-08-02,0.0
M. Kristensen,bp232fgjrfyok2471ec7u1tcl,b2vft81kyjurzbmekvgrqwr64,Hobro,Hobro vs OB,69lfkq7flxweg73dhb3f5qsyc,2024-08-25,0.0
M. Kristensen,bp232fgjrfyok2471ec7u1tcl,b2vft81kyjurzbmekvgrqwr64,Hobro,Roskilde vs Hobro,61nxt1f2c9lotmvunbocwyplg,2024-08-10,0.0119298798963427
M. Kristensen,bp232fgjrfyok2471ec7u1tcl,b2vft81kyjurzbmekvgrqwr64,Hobro,Vendsyssel vs Hobro,67q1kfc3gdz3yohfds1qwp6ok,2024-08-21,0.0499711446464061
M. Ladefoged,bdxcd38y99nrbv72uh2v4fhg4,f1h34qp5zbfl489q8vnkhiq9s,Esbjerg,Roskilde vs Esbjerg,6b3jwbgjt8nnugx6thlhzbo5w,2024-08-30,0.0
M. Larsen,dsfbfzwy3c06mu50ee89qrbsa,a9vw7ikerpr4cuweeeka5aneg,Horsens,Horsens vs Fredericia,5vzud50zb2yp8fwqvfjkjfk0k,2024-07-21,0.0
M. Larsen,dsfbfzwy3c06mu50ee89qrbsa,a9vw7ikerpr4cuweeeka5aneg,Horsens,Horsens vs Hillerød,5xlnmoz70lip7vpwtrpbfuvis,2024-07-26,0.0
M. Lassen,duahzgqspyuy2gu31u3s8ky96,7gkglopz9cjsysn2u6sbhuvc5,Vendsyssel,B 93 vs Vendsyssel,5z2la60f979qze3h1rwo3jbx0,2024-08-02,0.0622010305523872
M. Lassen,duahzgqspyuy2gu31u3s8ky96,7gkglopz9cjsysn2u6sbhuvc5,Vendsyssel,Esbjerg vs Vendsyssel,65fh57lbyqgnibt11zhhw1btg,2024-08-17,0.02992370352149
M. Lassen,duahzgqspyuy2gu31u3s8ky96,7gkglopz9cjsysn2u6sbhuvc5,Vendsyssel,Fredericia vs Vendsyssel,5ypehb9knyvb5m38jkw0q7m6s,2024-07-27,0.0589557290077209
M. Lassen,duahzgqspyuy2gu31u3s8ky96,7gkglopz9cjsysn2u6sbhuvc5,Vendsyssel,OB vs Vendsyssel,6aq2cnsvqhsfyz7s6ekjczjmc,2024-08-30,0.0357802994549274
M. Lassen,duahzgqspyuy2gu31u3s8ky96,7gkglopz9cjsysn2u6sbhuvc5,Vendsyssel,Vendsyssel vs Hobro,67q1kfc3gdz3yohfds1qwp6ok,2024-08-21,0.0523090697824955
M. Lassen,duahzgqspyuy2gu31u3s8ky96,7gkglopz9cjsysn2u6sbhuvc5,Vendsyssel,Vendsyssel vs Roskilde,5v3djdmu6nvwdt4167su2gkk4,2024-07-19,0.0138980327174067
M. Maden,15yli690oxmbr4dl1ksti2p9m,f1h34qp5zbfl489q8vnkhiq9s,Esbjerg,Roskilde vs Esbjerg,6b3jwbgjt8nnugx6thlhzbo5w,2024-08-30,0.0
M. Mouritz,ezbixgm2km8iapnsl57bn4wkp,ajtb177oqwawkdwbqhldmq6mx,B 93,B 93 vs Hillerød,683lmz8500sqkbfvskdoruck4,2024-08-23,0.0463462360203266
M. Mouritz,ezbixgm2km8iapnsl57bn4wkp,ajtb177oqwawkdwbqhldmq6mx,B 93,B 93 vs Kolding,5u3egzqc8xhnmwpmvwdc2gvmc,2024-07-19,0.0126305371522903
M. Mouritz,ezbixgm2km8iapnsl57bn4wkp,ajtb177oqwawkdwbqhldmq6mx,B 93,B 93 vs OB,63xeqztss8336rl4y45w74zys,2024-08-16,0.0
M. Mouritz,ezbixgm2km8iapnsl57bn4wkp,ajtb177oqwawkdwbqhldmq6mx,B 93,B 93 vs Vendsyssel,5z2la60f979qze3h1rwo3jbx0,2024-08-02,0.0
M. Mouritz,ezbixgm2km8iapnsl57bn4wkp,ajtb177oqwawkdwbqhldmq6mx,B 93,Hvidovre vs B 93,61aoq5n283d8adu6usn04glqs,2024-08-09,0.0
M. Mouritz,ezbixgm2km8iapnsl57bn4wkp,ajtb177oqwawkdwbqhldmq6mx,B 93,Roskilde vs B 93,5yc6itlm0c8fncu5dj17bkg7o,2024-07-27,0.0
M. Olsen,dshwz1df0rbe0fztksawvd0wl,8gxd9ry2580pu1b1dd5ny9ymy,Hvidovre,Hvidovre vs HB Køge,5un12m65p2ujmjb0seb0fxxck,2024-07-19,0.1016539633274078
M. Olsen,dshwz1df0rbe0fztksawvd0wl,8gxd9ry2580pu1b1dd5ny9ymy,Hvidovre,Kolding vs Hvidovre,5xyyhocfe3g0cljxlc1ksh9g4,2024-07-26,0.0306486394256353
M. Olsen,dshwz1df0rbe0fztksawvd0wl,8gxd9ry2580pu1b1dd5ny9ymy,Hvidovre,OB vs Hvidovre,60k5xy9nwnuqded5lwcx4vf2s,2024-08-03,0.0449637286365032
M. Papuga,dwpns7gcg4s1c35df5td9ow7o,8gxd9ry2580pu1b1dd5ny9ymy,Hvidovre,Fredericia vs Hvidovre,69ytnflzsrucnva2zz5hpqtqs,2024-08-25,0.0390556380152702
M. Sarr,9618hk1lq7i6see347k7plkyy,b8oqgvx1ijeyn6y1cn6929ix4,Kolding,Hillerød vs Kolding,6ac9wol3td1jcuu8hwzpgu7mc,2024-08-30,0.2915990650653839
M. Sarr,9618hk1lq7i6see347k7plkyy,b8oqgvx1ijeyn6y1cn6929ix4,Kolding,Horsens vs Kolding,63k0w54ygz5bip8a709rpfpxw,2024-08-16,0.0
M. Sarr,9618hk1lq7i6see347k7plkyy,b8oqgvx1ijeyn6y1cn6929ix4,Kolding,Kolding vs Esbjerg,66x20c00o5l5fgwia0g0ox9g4,2024-08-21,0.0657809823751449
M. Sarr,9618hk1lq7i6see347k7plkyy,b8oqgvx1ijeyn6y1cn6929ix4,Kolding,Vendsyssel vs Kolding,62191g2fovdguidqjhb6v6bdg,2024-08-10,0.0
M. Spelmann,615e0bjcd0tyge047sy43y5sl,8gxd9ry2580pu1b1dd5ny9ymy,Hvidovre,Fredericia vs Hvidovre,69ytnflzsrucnva2zz5hpqtqs,2024-08-25,0.2311779260635376
M. Spelmann,615e0bjcd0tyge047sy43y5sl,8gxd9ry2580pu1b1dd5ny9ymy,Hvidovre,Hvidovre vs B 93,61aoq5n283d8adu6usn04glqs,2024-08-09,0.0
M. Veltz,3avg1grraylzm6xjt5kt18is4,aqtkb4mgrz8c6iqfufj6qjbv9,Hillerød,B 93 vs Hillerød,683lmz8500sqkbfvskdoruck4,2024-08-23,0.0
M. Veltz,3avg1grraylzm6xjt5kt18is4,aqtkb4mgrz8c6iqfufj6qjbv9,Hillerød,Hillerød vs HB Køge,64asahp9xtmrj6tt53ghkam1g,2024-08-16,0.1298254132270813
M. Veltz,3avg1grraylzm6xjt5kt18is4,aqtkb4mgrz8c6iqfufj6qjbv9,Hillerød,Hillerød vs Kolding,6ac9wol3td1jcuu8hwzpgu7mc,2024-08-30,0.0
M. Veltz,3avg1grraylzm6xjt5kt18is4,aqtkb4mgrz8c6iqfufj6qjbv9,Hillerød,Hvidovre vs Hillerød,66jmta6v8gvabt8tfjq4zi0ic,2024-08-20,0.0084661850705742
M. Vestergård,f58yr2jmfp8kpgprfxbokt1t6,b8oqgvx1ijeyn6y1cn6929ix4,Kolding,Kolding vs Fredericia,5zt7hwff1uzedxfginjs4d6hg,2024-08-02,0.0325538925826549
M. Vestergård,f58yr2jmfp8kpgprfxbokt1t6,b8oqgvx1ijeyn6y1cn6929ix4,Kolding,Kolding vs Hvidovre,5xyyhocfe3g0cljxlc1ksh9g4,2024-07-26,0.0283552501350641
M. Vestergård,f58yr2jmfp8kpgprfxbokt1t6,b8oqgvx1ijeyn6y1cn6929ix4,Kolding,Kolding vs Roskilde,697sdgo5t9e7lo8ano2xyxvys,2024-08-24,0.0
M. Winkel,6bkuzenpse2kzirt9q7qeisd0,bd4qakf7j0wwie8wke9km7uj8,Roskilde,Fredericia vs Roskilde,64o9dmwumoh7ybeg7hb62m3o4,2024-08-16,0.0346477665007114
M. Winkel,6bkuzenpse2kzirt9q7qeisd0,bd4qakf7j0wwie8wke9km7uj8,Roskilde,Roskilde vs Hobro,61nxt1f2c9lotmvunbocwyplg,2024-08-10,0.0266600660979747
M. Wohlgemuth,e8vt8711wb40afht2v13omket,ajtb177oqwawkdwbqhldmq6mx,B 93,B 93 vs Vendsyssel,5z2la60f979qze3h1rwo3jbx0,2024-08-02,0.0258606448769569
M. Wohlgemuth,e8vt8711wb40afht2v13omket,ajtb177oqwawkdwbqhldmq6mx,B 93,HB Køge vs B 93,666foj7nk4793eyjm86x2nvo4,2024-08-20,0.0923919975757598
N. Clausen,6dzg820946z4848whaa6ny2nd,8gxd9ry2580pu1b1dd5ny9ymy,Hvidovre,Fredericia vs Hvidovre,69ytnflzsrucnva2zz5hpqtqs,2024-08-25,0.0211231857538223
N. Clausen,6dzg820946z4848whaa6ny2nd,8gxd9ry2580pu1b1dd5ny9ymy,Hvidovre,Hvidovre vs B 93,61aoq5n283d8adu6usn04glqs,2024-08-09,0.0
N. Clausen,6dzg820946z4848whaa6ny2nd,8gxd9ry2580pu1b1dd5ny9ymy,Hvidovre,Hvidovre vs Horsens,6bgxohpg2111nj34b43g8d2j8,2024-08-30,0.022620590403676
N. Halse,bwozpgcm48s08t1glxfgjajmd,bd4qakf7j0wwie8wke9km7uj8,Roskilde,Roskilde vs Esbjerg,6b3jwbgjt8nnugx6thlhzbo5w,2024-08-30,0.0262186005711555
N. Halse,bwozpgcm48s08t1glxfgjajmd,bd4qakf7j0wwie8wke9km7uj8,Roskilde,Roskilde vs Horsens,65t3a478yk7dsm6iulmfhp2j8,2024-08-20,0.0561152100563049
N. Mickelson,1mml4inucvyomv1dcog3c1pt5,dbl7ir1qugqz8nvp1vzn8im50,OB,HB Køge vs OB,5wthrebrhplwhwm4qwy9xpgr8,2024-07-26,0.0125110242515802
N. Mickelson,1mml4inucvyomv1dcog3c1pt5,dbl7ir1qugqz8nvp1vzn8im50,OB,OB vs Fredericia,67aox2lb1r4he0a98fyputiqc,2024-08-21,0.0
N. Mouritsen,eyvv6b94feknnp1uew6n0ytat,ajtb177oqwawkdwbqhldmq6mx,B 93,B 93 vs Kolding,5u3egzqc8xhnmwpmvwdc2gvmc,2024-07-19,0.0901432782411575
N. Mouritsen,eyvv6b94feknnp1uew6n0ytat,ajtb177oqwawkdwbqhldmq6mx,B 93,B 93 vs OB,63xeqztss8336rl4y45w74zys,2024-08-16,0.0
N. Mouritsen,eyvv6b94feknnp1uew6n0ytat,ajtb177oqwawkdwbqhldmq6mx,B 93,B 93 vs Vendsyssel,5z2la60f979qze3h1rwo3jbx0,2024-08-02,0.0131286643445491
N. Mouritsen,eyvv6b94feknnp1uew6n0ytat,ajtb177oqwawkdwbqhldmq6mx,B 93,Hvidovre vs B 93,61aoq5n283d8adu6usn04glqs,2024-08-09,0.0
N. Strunck,auv81snxkpk2ybxzi8giy5azt,f1h34qp5zbfl489q8vnkhiq9s,Esbjerg,Esbjerg vs HB Køge,68gwwbsu3gg7uqu5gicr4qa6s,2024-08-24,0.0
N. Strunck,auv81snxkpk2ybxzi8giy5azt,f1h34qp5zbfl489q8vnkhiq9s,Esbjerg,Esbjerg vs Horsens,60xgl2a4toyqemqz4ec7l1638,2024-08-04,0.0114949326962232
N. Strunck,auv81snxkpk2ybxzi8giy5azt,f1h34qp5zbfl489q8vnkhiq9s,Esbjerg,Esbjerg vs OB,5vjn0dtuqrd9fmnqncz9uxn9w,2024-07-20,0.041073054075241
N. Strunck,auv81snxkpk2ybxzi8giy5azt,f1h34qp5zbfl489q8vnkhiq9s,Esbjerg,Esbjerg vs Vendsyssel,65fh57lbyqgnibt11zhhw1btg,2024-08-17,0.0
N. Strunck,auv81snxkpk2ybxzi8giy5azt,f1h34qp5zbfl489q8vnkhiq9s,Esbjerg,Fredericia vs Esbjerg,636w1d231ya7tiky1o3uf8c2c,2024-08-11,0.0
N. Strunck,auv81snxkpk2ybxzi8giy5azt,f1h34qp5zbfl489q8vnkhiq9s,Esbjerg,Hobro vs Esbjerg,5x6tgnddq164y7hxajehmzpjo,2024-07-26,0.0
N. Strunck,auv81snxkpk2ybxzi8giy5azt,f1h34qp5zbfl489q8vnkhiq9s,Esbjerg,Kolding vs Esbjerg,66x20c00o5l5fgwia0g0ox9g4,2024-08-21,0.0131624452769756
N. Strunck,auv81snxkpk2ybxzi8giy5azt,f1h34qp5zbfl489q8vnkhiq9s,Esbjerg,Roskilde vs Esbjerg,6b3jwbgjt8nnugx6thlhzbo5w,2024-08-30,0.0275345984846353
N. Thomsen,4a0jmv6qmwn01iuqp1mhnyzth,ajtb177oqwawkdwbqhldmq6mx,B 93,B 93 vs Hillerød,683lmz8500sqkbfvskdoruck4,2024-08-23,0.0
N. Thomsen,4a0jmv6qmwn01iuqp1mhnyzth,ajtb177oqwawkdwbqhldmq6mx,B 93,B 93 vs OB,63xeqztss8336rl4y45w74zys,2024-08-16,0.0637822747230529
N. Thomsen,4a0jmv6qmwn01iuqp1mhnyzth,ajtb177oqwawkdwbqhldmq6mx,B 93,HB Køge vs B 93,666foj7nk4793eyjm86x2nvo4,2024-08-20,0.0
N. Zachariassen,ass2un9by50uzrp6i9njn7nkk,bd4qakf7j0wwie8wke9km7uj8,Roskilde,Vendsyssel vs Roskilde,5v3djdmu6nvwdt4167su2gkk4,2024-07-19,0.0418493971228599
O. Addo,kqj7nh6pqmqbt0abyyu0fcpg,ajtb177oqwawkdwbqhldmq6mx,B 93,B 93 vs Hillerød,683lmz8500sqkbfvskdoruck4,2024-08-23,0.0642783939838409
O. Addo,kqj7nh6pqmqbt0abyyu0fcpg,ajtb177oqwawkdwbqhldmq6mx,B 93,B 93 vs Kolding,5u3egzqc8xhnmwpmvwdc2gvmc,2024-07-19,0.0118673760443925
O. Addo,kqj7nh6pqmqbt0abyyu0fcpg,ajtb177oqwawkdwbqhldmq6mx,B 93,B 93 vs OB,63xeqztss8336rl4y45w74zys,2024-08-16,0.1448568403720855
O. Addo,kqj7nh6pqmqbt0abyyu0fcpg,ajtb177oqwawkdwbqhldmq6mx,B 93,B 93 vs Vendsyssel,5z2la60f979qze3h1rwo3jbx0,2024-08-02,0.1284220963716507
O. Addo,kqj7nh6pqmqbt0abyyu0fcpg,ajtb177oqwawkdwbqhldmq6mx,B 93,Hvidovre vs B 93,61aoq5n283d8adu6usn04glqs,2024-08-09,0.0
O. Addo,kqj7nh6pqmqbt0abyyu0fcpg,ajtb177oqwawkdwbqhldmq6mx,B 93,Roskilde vs B 93,5yc6itlm0c8fncu5dj17bkg7o,2024-07-27,0.2461488246917724
O. Buch,y4dl1rer075c9wz6zhx7skbt,6wwwud48qahpwrfxs20334qk5,Fredericia,Fredericia vs Esbjerg,636w1d231ya7tiky1o3uf8c2c,2024-08-11,0.0237019043415784
O. Buch,y4dl1rer075c9wz6zhx7skbt,6wwwud48qahpwrfxs20334qk5,Fredericia,Fredericia vs Hvidovre,69ytnflzsrucnva2zz5hpqtqs,2024-08-25,0.0
O. Buch,y4dl1rer075c9wz6zhx7skbt,6wwwud48qahpwrfxs20334qk5,Fredericia,Fredericia vs Roskilde,64o9dmwumoh7ybeg7hb62m3o4,2024-08-16,0.0587986670434474
O. Buch,y4dl1rer075c9wz6zhx7skbt,6wwwud48qahpwrfxs20334qk5,Fredericia,Fredericia vs Vendsyssel,5ypehb9knyvb5m38jkw0q7m6s,2024-07-27,0.0
O. Buch,y4dl1rer075c9wz6zhx7skbt,6wwwud48qahpwrfxs20334qk5,Fredericia,HB Køge vs Fredericia,6bugbbqhm9vjhnu2cgz0zdg5w,2024-09-01,0.0
O. Buch,y4dl1rer075c9wz6zhx7skbt,6wwwud48qahpwrfxs20334qk5,Fredericia,Horsens vs Fredericia,5vzud50zb2yp8fwqvfjkjfk0k,2024-07-21,0.0401934124529361
O. Buch,y4dl1rer075c9wz6zhx7skbt,6wwwud48qahpwrfxs20334qk5,Fredericia,OB vs Fredericia,67aox2lb1r4he0a98fyputiqc,2024-08-21,0.0
O. Dorph,ayhdul772mr22qoly04psb3f8,b2vft81kyjurzbmekvgrqwr64,Hobro,Hillerød vs Hobro,5wg9cdczccjfgs2hctntatt04,2024-07-21,0.0311111751943826
O. Jebali,18vvlxsaoloypja4fdddj687o,7gkglopz9cjsysn2u6sbhuvc5,Vendsyssel,Fredericia vs Vendsyssel,5ypehb9knyvb5m38jkw0q7m6s,2024-07-27,0.2079424113035202
O. Jebali,18vvlxsaoloypja4fdddj687o,7gkglopz9cjsysn2u6sbhuvc5,Vendsyssel,Vendsyssel vs Roskilde,5v3djdmu6nvwdt4167su2gkk4,2024-07-19,0.0109644727781414
O. Juul,aejgqvdw1jftxaa538kaa15w4,bd4qakf7j0wwie8wke9km7uj8,Roskilde,Fredericia vs Roskilde,64o9dmwumoh7ybeg7hb62m3o4,2024-08-16,0.0
O. Juul,aejgqvdw1jftxaa538kaa15w4,bd4qakf7j0wwie8wke9km7uj8,Roskilde,Roskilde vs B 93,5yc6itlm0c8fncu5dj17bkg7o,2024-07-27,0.0424234941601753
O. Juul,aejgqvdw1jftxaa538kaa15w4,bd4qakf7j0wwie8wke9km7uj8,Roskilde,Roskilde vs Hobro,61nxt1f2c9lotmvunbocwyplg,2024-08-10,0.0395389683544635
O. Juul,aejgqvdw1jftxaa538kaa15w4,bd4qakf7j0wwie8wke9km7uj8,Roskilde,Vendsyssel vs Roskilde,5v3djdmu6nvwdt4167su2gkk4,2024-07-19,0.0553334914147853
O. Kjærgaard,cl4xl80n4gew1ox03r3ooshrd,a9vw7ikerpr4cuweeeka5aneg,Horsens,HB Køge vs Horsens,62to8z5uwcrf85s9tt8cosfmc,2024-08-11,0.0
O. Kjærgaard,cl4xl80n4gew1ox03r3ooshrd,a9vw7ikerpr4cuweeeka5aneg,Horsens,Horsens vs Vendsyssel,68uf0bqpt0w3f2ocdskcac07o,2024-08-24,0.0
O. Kjærgaard,cl4xl80n4gew1ox03r3ooshrd,a9vw7ikerpr4cuweeeka5aneg,Horsens,Hvidovre vs Horsens,6bgxohpg2111nj34b43g8d2j8,2024-08-30,0.0
O. Kjærgaard,cl4xl80n4gew1ox03r3ooshrd,a9vw7ikerpr4cuweeeka5aneg,Horsens,Roskilde vs Horsens,65t3a478yk7dsm6iulmfhp2j8,2024-08-20,0.0
O. Klitten,e19g5bz7s9wqcvj8mttztxi0a,b2vft81kyjurzbmekvgrqwr64,Hobro,Hobro vs HB Køge,5zftcocb0ir7a5my41uqv6bdg,2024-08-02,0.0
O. Klitten,e19g5bz7s9wqcvj8mttztxi0a,b2vft81kyjurzbmekvgrqwr64,Hobro,Roskilde vs Hobro,61nxt1f2c9lotmvunbocwyplg,2024-08-10,0.0
O. Klitten,e19g5bz7s9wqcvj8mttztxi0a,b2vft81kyjurzbmekvgrqwr64,Hobro,Vendsyssel vs Hobro,67q1kfc3gdz3yohfds1qwp6ok,2024-08-21,0.0617602430284023
O. Kolskogen,4lxxyqy78jkglhv2w6crzcnsa,a9vw7ikerpr4cuweeeka5aneg,Horsens,Horsens vs Fredericia,5vzud50zb2yp8fwqvfjkjfk0k,2024-07-21,0.0991910472512245
O. Overgaard,1f510mbuc4i1mmshqlgim5u6s,b2vft81kyjurzbmekvgrqwr64,Hobro,Hillerød vs Hobro,5wg9cdczccjfgs2hctntatt04,2024-07-21,0.0
O. Overgaard,1f510mbuc4i1mmshqlgim5u6s,b2vft81kyjurzbmekvgrqwr64,Hobro,Vendsyssel vs Hobro,67q1kfc3gdz3yohfds1qwp6ok,2024-08-21,0.0621680617332458
O. Skolnik,81c40rn7lrb39qu0sam8kv6dw,bd4qakf7j0wwie8wke9km7uj8,Roskilde,Roskilde vs Horsens,65t3a478yk7dsm6iulmfhp2j8,2024-08-20,0.0476016514003276
O. Søe,9213debwtuph6cjborx73sx78,ajtb177oqwawkdwbqhldmq6mx,B 93,B 93 vs OB,63xeqztss8336rl4y45w74zys,2024-08-16,0.0
O. Øhlenschlæger,7j35sfip0xb51mpa91wzikrh0,7gkglopz9cjsysn2u6sbhuvc5,Vendsyssel,Esbjerg vs Vendsyssel,65fh57lbyqgnibt11zhhw1btg,2024-08-17,0.0
O. Øhlenschlæger,7j35sfip0xb51mpa91wzikrh0,7gkglopz9cjsysn2u6sbhuvc5,Vendsyssel,Fredericia vs Vendsyssel,5ypehb9knyvb5m38jkw0q7m6s,2024-07-27,0.0698732584714889
O. Øhlenschlæger,7j35sfip0xb51mpa91wzikrh0,7gkglopz9cjsysn2u6sbhuvc5,Vendsyssel,OB vs Vendsyssel,6aq2cnsvqhsfyz7s6ekjczjmc,2024-08-30,0.0
O. Øhlenschlæger,7j35sfip0xb51mpa91wzikrh0,7gkglopz9cjsysn2u6sbhuvc5,Vendsyssel,Vendsyssel vs Hobro,67q1kfc3gdz3yohfds1qwp6ok,2024-08-21,0.0
O. Øhlenschlæger,7j35sfip0xb51mpa91wzikrh0,7gkglopz9cjsysn2u6sbhuvc5,Vendsyssel,Vendsyssel vs Kolding,62191g2fovdguidqjhb6v6bdg,2024-08-10,0.0537041127681732
P. Bjur,6m4anciafmzc24s44xszymbc9,f1h34qp5zbfl489q8vnkhiq9s,Esbjerg,Esbjerg vs HB Køge,68gwwbsu3gg7uqu5gicr4qa6s,2024-08-24,0.0
P. Bjur,6m4anciafmzc24s44xszymbc9,f1h34qp5zbfl489q8vnkhiq9s,Esbjerg,Esbjerg vs Vendsyssel,65fh57lbyqgnibt11zhhw1btg,2024-08-17,0.096447929739952
P. Bjur,6m4anciafmzc24s44xszymbc9,f1h34qp5zbfl489q8vnkhiq9s,Esbjerg,Kolding vs Esbjerg,66x20c00o5l5fgwia0g0ox9g4,2024-08-21,0.0
P. Bjur,6m4anciafmzc24s44xszymbc9,f1h34qp5zbfl489q8vnkhiq9s,Esbjerg,Roskilde vs Esbjerg,6b3jwbgjt8nnugx6thlhzbo5w,2024-08-30,0.0
P. Egelund,6lb4k3g75nzgi8bp1y1mzxkru,6wwwud48qahpwrfxs20334qk5,Fredericia,Fredericia vs Esbjerg,636w1d231ya7tiky1o3uf8c2c,2024-08-11,0.0668032169342041
P. Egelund,6lb4k3g75nzgi8bp1y1mzxkru,6wwwud48qahpwrfxs20334qk5,Fredericia,Fredericia vs Roskilde,64o9dmwumoh7ybeg7hb62m3o4,2024-08-16,0.0469883345067501
P. Egelund,6lb4k3g75nzgi8bp1y1mzxkru,6wwwud48qahpwrfxs20334qk5,Fredericia,Fredericia vs Vendsyssel,5ypehb9knyvb5m38jkw0q7m6s,2024-07-27,0.0437845066189765
P. Egelund,6lb4k3g75nzgi8bp1y1mzxkru,6wwwud48qahpwrfxs20334qk5,Fredericia,Horsens vs Fredericia,5vzud50zb2yp8fwqvfjkjfk0k,2024-07-21,0.0725097581744194
P. Egelund,6lb4k3g75nzgi8bp1y1mzxkru,6wwwud48qahpwrfxs20334qk5,Fredericia,Kolding vs Fredericia,5zt7hwff1uzedxfginjs4d6hg,2024-08-02,0.0133451735600829
P. Ngongo,1nn1wc14k9zd3wtu73loj7kes,b8oqgvx1ijeyn6y1cn6929ix4,Kolding,B 93 vs Kolding,5u3egzqc8xhnmwpmvwdc2gvmc,2024-07-19,0.1402785927057266
P. Ngongo,1nn1wc14k9zd3wtu73loj7kes,b8oqgvx1ijeyn6y1cn6929ix4,Kolding,Hillerød vs Kolding,6ac9wol3td1jcuu8hwzpgu7mc,2024-08-30,0.0
P. Ngongo,1nn1wc14k9zd3wtu73loj7kes,b8oqgvx1ijeyn6y1cn6929ix4,Kolding,Horsens vs Kolding,63k0w54ygz5bip8a709rpfpxw,2024-08-16,0.0
P. Ngongo,1nn1wc14k9zd3wtu73loj7kes,b8oqgvx1ijeyn6y1cn6929ix4,Kolding,Kolding vs Fredericia,5zt7hwff1uzedxfginjs4d6hg,2024-08-02,0.0
P. Ngongo,1nn1wc14k9zd3wtu73loj7kes,b8oqgvx1ijeyn6y1cn6929ix4,Kolding,Kolding vs Roskilde,697sdgo5t9e7lo8ano2xyxvys,2024-08-24,0.0
P. Ngongo,1nn1wc14k9zd3wtu73loj7kes,b8oqgvx1ijeyn6y1cn6929ix4,Kolding,Vendsyssel vs Kolding,62191g2fovdguidqjhb6v6bdg,2024-08-10,0.0
R. Arabaci,7h02v4ymnko5fh01iylbh34es,bd4qakf7j0wwie8wke9km7uj8,Roskilde,Fredericia vs Roskilde,64o9dmwumoh7ybeg7hb62m3o4,2024-08-16,0.0
R. Arabaci,7h02v4ymnko5fh01iylbh34es,bd4qakf7j0wwie8wke9km7uj8,Roskilde,Hillerød vs Roskilde,606n2aj6373t4z6q80ngim590,2024-08-02,0.0362457744777202
R. Arabaci,7h02v4ymnko5fh01iylbh34es,bd4qakf7j0wwie8wke9km7uj8,Roskilde,Roskilde vs B 93,5yc6itlm0c8fncu5dj17bkg7o,2024-07-27,0.0
R. Arabaci,7h02v4ymnko5fh01iylbh34es,bd4qakf7j0wwie8wke9km7uj8,Roskilde,Roskilde vs Hobro,61nxt1f2c9lotmvunbocwyplg,2024-08-10,0.0
R. Arabaci,7h02v4ymnko5fh01iylbh34es,bd4qakf7j0wwie8wke9km7uj8,Roskilde,Roskilde vs Horsens,65t3a478yk7dsm6iulmfhp2j8,2024-08-20,0.0
R. Arabaci,7h02v4ymnko5fh01iylbh34es,bd4qakf7j0wwie8wke9km7uj8,Roskilde,Vendsyssel vs Roskilde,5v3djdmu6nvwdt4167su2gkk4,2024-07-19,0.1324367225170135
S. Baskaya,1el3mu4rgcx8tebrawgfvynf8,bd4qakf7j0wwie8wke9km7uj8,Roskilde,Hillerød vs Roskilde,606n2aj6373t4z6q80ngim590,2024-08-02,0.1276340186595916
S. Baskaya,1el3mu4rgcx8tebrawgfvynf8,bd4qakf7j0wwie8wke9km7uj8,Roskilde,Roskilde vs B 93,5yc6itlm0c8fncu5dj17bkg7o,2024-07-27,0.0275345984846353
S. Baskaya,1el3mu4rgcx8tebrawgfvynf8,bd4qakf7j0wwie8wke9km7uj8,Roskilde,Roskilde vs Hobro,61nxt1f2c9lotmvunbocwyplg,2024-08-10,0.1049595475196838
S. Baskaya,1el3mu4rgcx8tebrawgfvynf8,bd4qakf7j0wwie8wke9km7uj8,Roskilde,Roskilde vs Horsens,65t3a478yk7dsm6iulmfhp2j8,2024-08-20,0.0812476128339767
S. Baskaya,1el3mu4rgcx8tebrawgfvynf8,bd4qakf7j0wwie8wke9km7uj8,Roskilde,Vendsyssel vs Roskilde,5v3djdmu6nvwdt4167su2gkk4,2024-07-19,0.0393277630209922
S. Borgelin,ju24rgwcctj5yizl54o91gfe,7gkglopz9cjsysn2u6sbhuvc5,Vendsyssel,Horsens vs Vendsyssel,68uf0bqpt0w3f2ocdskcac07o,2024-08-24,0.0576873235404491
S. Borgelin,ju24rgwcctj5yizl54o91gfe,7gkglopz9cjsysn2u6sbhuvc5,Vendsyssel,Vendsyssel vs Hobro,67q1kfc3gdz3yohfds1qwp6ok,2024-08-21,0.0
S. Clemmensen,as7qhgi67gngq0nb3zmwg8jro,ajtb177oqwawkdwbqhldmq6mx,B 93,B 93 vs Hillerød,683lmz8500sqkbfvskdoruck4,2024-08-23,0.0218452550470829
S. Clemmensen,as7qhgi67gngq0nb3zmwg8jro,ajtb177oqwawkdwbqhldmq6mx,B 93,B 93 vs Kolding,5u3egzqc8xhnmwpmvwdc2gvmc,2024-07-19,0.0
S. Clemmensen,as7qhgi67gngq0nb3zmwg8jro,ajtb177oqwawkdwbqhldmq6mx,B 93,B 93 vs OB,63xeqztss8336rl4y45w74zys,2024-08-16,0.8829114437103271
S. Clemmensen,as7qhgi67gngq0nb3zmwg8jro,ajtb177oqwawkdwbqhldmq6mx,B 93,B 93 vs Vendsyssel,5z2la60f979qze3h1rwo3jbx0,2024-08-02,0.0
S. Clemmensen,as7qhgi67gngq0nb3zmwg8jro,ajtb177oqwawkdwbqhldmq6mx,B 93,HB Køge vs B 93,666foj7nk4793eyjm86x2nvo4,2024-08-20,0.0
S. Clemmensen,as7qhgi67gngq0nb3zmwg8jro,ajtb177oqwawkdwbqhldmq6mx,B 93,Hvidovre vs B 93,61aoq5n283d8adu6usn04glqs,2024-08-09,0.0712882801890373
S. Clemmensen,as7qhgi67gngq0nb3zmwg8jro,ajtb177oqwawkdwbqhldmq6mx,B 93,Roskilde vs B 93,5yc6itlm0c8fncu5dj17bkg7o,2024-07-27,0.0
S. Hausner,5lu7bn7uec3zjqpoi1x81gbu1,a9vw7ikerpr4cuweeeka5aneg,Horsens,Horsens vs Fredericia,5vzud50zb2yp8fwqvfjkjfk0k,2024-07-21,0.101138137280941
S. Hausner,5lu7bn7uec3zjqpoi1x81gbu1,a9vw7ikerpr4cuweeeka5aneg,Horsens,Horsens vs Kolding,63k0w54ygz5bip8a709rpfpxw,2024-08-16,0.0657871216535568
S. Hausner,5lu7bn7uec3zjqpoi1x81gbu1,a9vw7ikerpr4cuweeeka5aneg,Horsens,Roskilde vs Horsens,65t3a478yk7dsm6iulmfhp2j8,2024-08-20,0.0357496961951255
S. Jalaei,e0u730to91qqtvvx16uhajz10,8cfkisxf1fkxdqtt6tx1tup48,HB Køge,HB Køge vs B 93,666foj7nk4793eyjm86x2nvo4,2024-08-20,0.0953865870833396
S. Jalaei,e0u730to91qqtvvx16uhajz10,8cfkisxf1fkxdqtt6tx1tup48,HB Køge,HB Køge vs Fredericia,6bugbbqhm9vjhnu2cgz0zdg5w,2024-09-01,0.1456716507673263
S. Jalaei,e0u730to91qqtvvx16uhajz10,8cfkisxf1fkxdqtt6tx1tup48,HB Køge,Hillerød vs HB Køge,64asahp9xtmrj6tt53ghkam1g,2024-08-16,0.0402327105402946
S. Jalaei,e0u730to91qqtvvx16uhajz10,8cfkisxf1fkxdqtt6tx1tup48,HB Køge,Hvidovre vs HB Køge,5un12m65p2ujmjb0seb0fxxck,2024-07-19,0.0716925710439682
S. Jalal,ekx0wotp433tuaw4g93nybjmc,b8oqgvx1ijeyn6y1cn6929ix4,Kolding,B 93 vs Kolding,5u3egzqc8xhnmwpmvwdc2gvmc,2024-07-19,0.0457275919616222
S. Jalal,ekx0wotp433tuaw4g93nybjmc,b8oqgvx1ijeyn6y1cn6929ix4,Kolding,Hillerød vs Kolding,6ac9wol3td1jcuu8hwzpgu7mc,2024-08-30,0.0488397218286991
S. Jalal,ekx0wotp433tuaw4g93nybjmc,b8oqgvx1ijeyn6y1cn6929ix4,Kolding,Horsens vs Kolding,63k0w54ygz5bip8a709rpfpxw,2024-08-16,0.0253190640360116
S. Jalal,ekx0wotp433tuaw4g93nybjmc,b8oqgvx1ijeyn6y1cn6929ix4,Kolding,Kolding vs Esbjerg,66x20c00o5l5fgwia0g0ox9g4,2024-08-21,0.0499980077147483
S. Jalal,ekx0wotp433tuaw4g93nybjmc,b8oqgvx1ijeyn6y1cn6929ix4,Kolding,Kolding vs Fredericia,5zt7hwff1uzedxfginjs4d6hg,2024-08-02,0.0782907679677009
S. Jalal,ekx0wotp433tuaw4g93nybjmc,b8oqgvx1ijeyn6y1cn6929ix4,Kolding,Kolding vs Roskilde,697sdgo5t9e7lo8ano2xyxvys,2024-08-24,0.0
S. Jalal,ekx0wotp433tuaw4g93nybjmc,b8oqgvx1ijeyn6y1cn6929ix4,Kolding,Vendsyssel vs Kolding,62191g2fovdguidqjhb6v6bdg,2024-08-10,0.0
S. Makienok,5e5fuj7mbkpvf0bug32ixxc5x,8gxd9ry2580pu1b1dd5ny9ymy,Hvidovre,Hvidovre vs B 93,61aoq5n283d8adu6usn04glqs,2024-08-09,0.0
S. Makienok,5e5fuj7mbkpvf0bug32ixxc5x,8gxd9ry2580pu1b1dd5ny9ymy,Hvidovre,Hvidovre vs HB Køge,5un12m65p2ujmjb0seb0fxxck,2024-07-19,0.0
S. Makienok,5e5fuj7mbkpvf0bug32ixxc5x,8gxd9ry2580pu1b1dd5ny9ymy,Hvidovre,Hvidovre vs Hillerød,66jmta6v8gvabt8tfjq4zi0ic,2024-08-20,0.0
S. Makienok,5e5fuj7mbkpvf0bug32ixxc5x,8gxd9ry2580pu1b1dd5ny9ymy,Hvidovre,OB vs Hvidovre,60k5xy9nwnuqded5lwcx4vf2s,2024-08-03,0.0
S. Ngabo,81w1fqi66z0ibawynhraybaxg,a9vw7ikerpr4cuweeeka5aneg,Horsens,Horsens vs Vendsyssel,68uf0bqpt0w3f2ocdskcac07o,2024-08-24,0.0
S. Ngabo,81w1fqi66z0ibawynhraybaxg,a9vw7ikerpr4cuweeeka5aneg,Horsens,Hvidovre vs Horsens,6bgxohpg2111nj34b43g8d2j8,2024-08-30,0.0
S. Opoku,3rok7i8nrt4yzx2melj4qiuqc,aqtkb4mgrz8c6iqfufj6qjbv9,Hillerød,B 93 vs Hillerød,683lmz8500sqkbfvskdoruck4,2024-08-23,0.0
S. Opoku,3rok7i8nrt4yzx2melj4qiuqc,aqtkb4mgrz8c6iqfufj6qjbv9,Hillerød,Hillerød vs HB Køge,64asahp9xtmrj6tt53ghkam1g,2024-08-16,0.6061261892318726
S. Opoku,3rok7i8nrt4yzx2melj4qiuqc,aqtkb4mgrz8c6iqfufj6qjbv9,Hillerød,Hillerød vs Kolding,6ac9wol3td1jcuu8hwzpgu7mc,2024-08-30,0.1243559271097183
S. Opoku,3rok7i8nrt4yzx2melj4qiuqc,aqtkb4mgrz8c6iqfufj6qjbv9,Hillerød,Hvidovre vs Hillerød,66jmta6v8gvabt8tfjq4zi0ic,2024-08-20,0.0284771639853715
S. Opoku,3rok7i8nrt4yzx2melj4qiuqc,aqtkb4mgrz8c6iqfufj6qjbv9,Hillerød,OB vs Hillerød,62gfjlfuls7nb7fb9qc04l2xg,2024-08-10,0.0731796771287918
S. Pingel,3epwf56ozg73hueacwmckk0r9,a9vw7ikerpr4cuweeeka5aneg,Horsens,Esbjerg vs Horsens,60xgl2a4toyqemqz4ec7l1638,2024-08-04,0.0
S. Pingel,3epwf56ozg73hueacwmckk0r9,a9vw7ikerpr4cuweeeka5aneg,Horsens,HB Køge vs Horsens,62to8z5uwcrf85s9tt8cosfmc,2024-08-11,0.0
S. Pingel,3epwf56ozg73hueacwmckk0r9,a9vw7ikerpr4cuweeeka5aneg,Horsens,Horsens vs Hillerød,5xlnmoz70lip7vpwtrpbfuvis,2024-07-26,0.0
S. Pingel,3epwf56ozg73hueacwmckk0r9,a9vw7ikerpr4cuweeeka5aneg,Horsens,Horsens vs Kolding,63k0w54ygz5bip8a709rpfpxw,2024-08-16,0.0
S. Pingel,3epwf56ozg73hueacwmckk0r9,a9vw7ikerpr4cuweeeka5aneg,Horsens,Horsens vs Vendsyssel,68uf0bqpt0w3f2ocdskcac07o,2024-08-24,0.0
S. Pingel,3epwf56ozg73hueacwmckk0r9,a9vw7ikerpr4cuweeeka5aneg,Horsens,Hvidovre vs Horsens,6bgxohpg2111nj34b43g8d2j8,2024-08-30,0.0
S. Reese,4bkqvwlmbwul0s8lbbq6mifp,a9vw7ikerpr4cuweeeka5aneg,Horsens,Horsens vs Fredericia,5vzud50zb2yp8fwqvfjkjfk0k,2024-07-21,0.0
S. Yatéké,9ircna8pbskreztmy1wiqwx9m,b8oqgvx1ijeyn6y1cn6929ix4,Kolding,Horsens vs Kolding,63k0w54ygz5bip8a709rpfpxw,2024-08-16,0.0
S. Yatéké,9ircna8pbskreztmy1wiqwx9m,b8oqgvx1ijeyn6y1cn6929ix4,Kolding,Kolding vs Esbjerg,66x20c00o5l5fgwia0g0ox9g4,2024-08-21,0.0
S. Yatéké,9ircna8pbskreztmy1wiqwx9m,b8oqgvx1ijeyn6y1cn6929ix4,Kolding,Kolding vs Fredericia,5zt7hwff1uzedxfginjs4d6hg,2024-08-02,0.1155000925064086
S. Yatéké,9ircna8pbskreztmy1wiqwx9m,b8oqgvx1ijeyn6y1cn6929ix4,Kolding,Kolding vs Roskilde,697sdgo5t9e7lo8ano2xyxvys,2024-08-24,0.1697069704532623
S. Yatéké,9ircna8pbskreztmy1wiqwx9m,b8oqgvx1ijeyn6y1cn6929ix4,Kolding,Vendsyssel vs Kolding,62191g2fovdguidqjhb6v6bdg,2024-08-10,0.1518297344446182
T. Arndal,1n4eldqa7h9jvcx1693zqu06i,aqtkb4mgrz8c6iqfufj6qjbv9,Hillerød,B 93 vs Hillerød,683lmz8500sqkbfvskdoruck4,2024-08-23,0.3072319030761719
T. Arndal,1n4eldqa7h9jvcx1693zqu06i,aqtkb4mgrz8c6iqfufj6qjbv9,Hillerød,Hillerød vs HB Køge,64asahp9xtmrj6tt53ghkam1g,2024-08-16,0.0
T. Arndal,1n4eldqa7h9jvcx1693zqu06i,aqtkb4mgrz8c6iqfufj6qjbv9,Hillerød,Hillerød vs Roskilde,606n2aj6373t4z6q80ngim590,2024-08-02,0.305805891752243
T. Arndal,1n4eldqa7h9jvcx1693zqu06i,aqtkb4mgrz8c6iqfufj6qjbv9,Hillerød,Horsens vs Hillerød,5xlnmoz70lip7vpwtrpbfuvis,2024-07-26,0.0
T. Arndal,1n4eldqa7h9jvcx1693zqu06i,aqtkb4mgrz8c6iqfufj6qjbv9,Hillerød,Hvidovre vs Hillerød,66jmta6v8gvabt8tfjq4zi0ic,2024-08-20,0.0320826806128025
T. Blidegn,dja68kdmhtsm9x5zqzgtpqas4,ajtb177oqwawkdwbqhldmq6mx,B 93,B 93 vs Kolding,5u3egzqc8xhnmwpmvwdc2gvmc,2024-07-19,0.0212156344205141
T. Blidegn,dja68kdmhtsm9x5zqzgtpqas4,ajtb177oqwawkdwbqhldmq6mx,B 93,B 93 vs OB,63xeqztss8336rl4y45w74zys,2024-08-16,0.09370668977499
T. Blidegn,dja68kdmhtsm9x5zqzgtpqas4,ajtb177oqwawkdwbqhldmq6mx,B 93,B 93 vs Vendsyssel,5z2la60f979qze3h1rwo3jbx0,2024-08-02,0.1387369036674499
T. Blidegn,dja68kdmhtsm9x5zqzgtpqas4,ajtb177oqwawkdwbqhldmq6mx,B 93,Roskilde vs B 93,5yc6itlm0c8fncu5dj17bkg7o,2024-07-27,0.0862896740436554
T. Freriks,4jve632xnmqujh4ioaxpaovai,f1h34qp5zbfl489q8vnkhiq9s,Esbjerg,Esbjerg vs HB Køge,68gwwbsu3gg7uqu5gicr4qa6s,2024-08-24,0.0
T. Freriks,4jve632xnmqujh4ioaxpaovai,f1h34qp5zbfl489q8vnkhiq9s,Esbjerg,Esbjerg vs OB,5vjn0dtuqrd9fmnqncz9uxn9w,2024-07-20,0.0202599093317985
T. Freriks,4jve632xnmqujh4ioaxpaovai,f1h34qp5zbfl489q8vnkhiq9s,Esbjerg,Esbjerg vs Vendsyssel,65fh57lbyqgnibt11zhhw1btg,2024-08-17,0.0
T. Freriks,4jve632xnmqujh4ioaxpaovai,f1h34qp5zbfl489q8vnkhiq9s,Esbjerg,Fredericia vs Esbjerg,636w1d231ya7tiky1o3uf8c2c,2024-08-11,0.0
T. Freriks,4jve632xnmqujh4ioaxpaovai,f1h34qp5zbfl489q8vnkhiq9s,Esbjerg,Kolding vs Esbjerg,66x20c00o5l5fgwia0g0ox9g4,2024-08-21,0.0295770931988954
T. Hansen,e0rgqk3gxzs005m9ok9hvp1ck,b2vft81kyjurzbmekvgrqwr64,Hobro,Hobro vs HB Køge,5zftcocb0ir7a5my41uqv6bdg,2024-08-02,0.0126645974814891
T. Slotsager,wrckom9vy4352nos44600ydw,dbl7ir1qugqz8nvp1vzn8im50,OB,B 93 vs OB,63xeqztss8336rl4y45w74zys,2024-08-16,0.0
T. Stagaard,c7buy99bjqmkmno8w5t0189d6,f1h34qp5zbfl489q8vnkhiq9s,Esbjerg,Esbjerg vs HB Køge,68gwwbsu3gg7uqu5gicr4qa6s,2024-08-24,0.0
T. Stagaard,c7buy99bjqmkmno8w5t0189d6,f1h34qp5zbfl489q8vnkhiq9s,Esbjerg,Esbjerg vs OB,5vjn0dtuqrd9fmnqncz9uxn9w,2024-07-20,0.0734748244285583
T. Stagaard,c7buy99bjqmkmno8w5t0189d6,f1h34qp5zbfl489q8vnkhiq9s,Esbjerg,Hobro vs Esbjerg,5x6tgnddq164y7hxajehmzpjo,2024-07-26,0.048886053264141
T. Stagaard,c7buy99bjqmkmno8w5t0189d6,f1h34qp5zbfl489q8vnkhiq9s,Esbjerg,Roskilde vs Esbjerg,6b3jwbgjt8nnugx6thlhzbo5w,2024-08-30,0.0193569995462894
V. Montell,99tm7b6ux9s4qocz0y4pcahas,bd4qakf7j0wwie8wke9km7uj8,Roskilde,Fredericia vs Roskilde,64o9dmwumoh7ybeg7hb62m3o4,2024-08-16,0.1766470223665237
V. Montell,99tm7b6ux9s4qocz0y4pcahas,bd4qakf7j0wwie8wke9km7uj8,Roskilde,Roskilde vs B 93,5yc6itlm0c8fncu5dj17bkg7o,2024-07-27,0.16860331594944
V. Montell,99tm7b6ux9s4qocz0y4pcahas,bd4qakf7j0wwie8wke9km7uj8,Roskilde,Roskilde vs Horsens,65t3a478yk7dsm6iulmfhp2j8,2024-08-20,0.0311711486428976
V. Montell,99tm7b6ux9s4qocz0y4pcahas,bd4qakf7j0wwie8wke9km7uj8,Roskilde,Vendsyssel vs Roskilde,5v3djdmu6nvwdt4167su2gkk4,2024-07-19,0.0161457583308219
V. Mpindi,78iynnu6cnznv6fxpo4br4mlm,7gkglopz9cjsysn2u6sbhuvc5,Vendsyssel,Esbjerg vs Vendsyssel,65fh57lbyqgnibt11zhhw1btg,2024-08-17,0.0
V. Mpindi,78iynnu6cnznv6fxpo4br4mlm,7gkglopz9cjsysn2u6sbhuvc5,Vendsyssel,Fredericia vs Vendsyssel,5ypehb9knyvb5m38jkw0q7m6s,2024-07-27,0.0
V. Mpindi,78iynnu6cnznv6fxpo4br4mlm,7gkglopz9cjsysn2u6sbhuvc5,Vendsyssel,OB vs Vendsyssel,6aq2cnsvqhsfyz7s6ekjczjmc,2024-08-30,0.0414221696555614
V. Rasmussen,dwuxps3jv2852642q000wep6,b2vft81kyjurzbmekvgrqwr64,Hobro,Hobro vs HB Køge,5zftcocb0ir7a5my41uqv6bdg,2024-08-02,0.0388688333332538
V. Rasmussen,dwuxps3jv2852642q000wep6,b2vft81kyjurzbmekvgrqwr64,Hobro,Hobro vs Hvidovre,651qsgvxz0hgo5cewrehcj9ck,2024-08-17,0.0244282130151987
V. Rasmussen,dwuxps3jv2852642q000wep6,b2vft81kyjurzbmekvgrqwr64,Hobro,Hobro vs OB,69lfkq7flxweg73dhb3f5qsyc,2024-08-25,0.0799184739589691
V. Rasmussen,dwuxps3jv2852642q000wep6,b2vft81kyjurzbmekvgrqwr64,Hobro,Roskilde vs Hobro,61nxt1f2c9lotmvunbocwyplg,2024-08-10,0.0570321008563041
V. Rasmussen,dwuxps3jv2852642q000wep6,b2vft81kyjurzbmekvgrqwr64,Hobro,Vendsyssel vs Hobro,67q1kfc3gdz3yohfds1qwp6ok,2024-08-21,0.0
V. Westh,8h3cyhuw5049gcxrsld3rw1ec,b8oqgvx1ijeyn6y1cn6929ix4,Kolding,B 93 vs Kolding,5u3egzqc8xhnmwpmvwdc2gvmc,2024-07-19,0.0
V. Westh,8h3cyhuw5049gcxrsld3rw1ec,b8oqgvx1ijeyn6y1cn6929ix4,Kolding,Hillerød vs Kolding,6ac9wol3td1jcuu8hwzpgu7mc,2024-08-30,0.0
V. Westh,8h3cyhuw5049gcxrsld3rw1ec,b8oqgvx1ijeyn6y1cn6929ix4,Kolding,Horsens vs Kolding,63k0w54ygz5bip8a709rpfpxw,2024-08-16,0.1632260531187057
V. Westh,8h3cyhuw5049gcxrsld3rw1ec,b8oqgvx1ijeyn6y1cn6929ix4,Kolding,Kolding vs Esbjerg,66x20c00o5l5fgwia0g0ox9g4,2024-08-21,0.0
V. Westh,8h3cyhuw5049gcxrsld3rw1ec,b8oqgvx1ijeyn6y1cn6929ix4,Kolding,Kolding vs Fredericia,5zt7hwff1uzedxfginjs4d6hg,2024-08-02,0.0
V. Westh,8h3cyhuw5049gcxrsld3rw1ec,b8oqgvx1ijeyn6y1cn6929ix4,Kolding,Vendsyssel vs Kolding,62191g2fovdguidqjhb6v6bdg,2024-08-10,0.0916980877518653
W. Madsen,7ztdirfvd9d0x2yw1v051xzbo,6wwwud48qahpwrfxs20334qk5,Fredericia,Fredericia vs Esbjerg,636w1d231ya7tiky1o3uf8c2c,2024-08-11,0.0
W. Madsen,7ztdirfvd9d0x2yw1v051xzbo,6wwwud48qahpwrfxs20334qk5,Fredericia,Fredericia vs Hvidovre,69ytnflzsrucnva2zz5hpqtqs,2024-08-25,0.0297930520027875
W. Martin,15jhbyn4wsbd865fd9djcwaok,dbl7ir1qugqz8nvp1vzn8im50,OB,Esbjerg vs OB,5vjn0dtuqrd9fmnqncz9uxn9w,2024-07-20,0.0
W. Martin,15jhbyn4wsbd865fd9djcwaok,dbl7ir1qugqz8nvp1vzn8im50,OB,OB vs Fredericia,67aox2lb1r4he0a98fyputiqc,2024-08-21,0.1214387044310569
W. Martin,15jhbyn4wsbd865fd9djcwaok,dbl7ir1qugqz8nvp1vzn8im50,OB,OB vs Hvidovre,60k5xy9nwnuqded5lwcx4vf2s,2024-08-03,0.0236864984035491
Y. Bourhane,7wo1hk736v1xhovvu2t2trw89,f1h34qp5zbfl489q8vnkhiq9s,Esbjerg,Esbjerg vs HB Køge,68gwwbsu3gg7uqu5gicr4qa6s,2024-08-24,0.0
Y. Bourhane,7wo1hk736v1xhovvu2t2trw89,f1h34qp5zbfl489q8vnkhiq9s,Esbjerg,Esbjerg vs Vendsyssel,65fh57lbyqgnibt11zhhw1btg,2024-08-17,0.0
Y. Bourhane,7wo1hk736v1xhovvu2t2trw89,f1h34qp5zbfl489q8vnkhiq9s,Esbjerg,Fredericia vs Esbjerg,636w1d231ya7tiky1o3uf8c2c,2024-08-11,0.0166369639337062
Y. Bourhane,7wo1hk736v1xhovvu2t2trw89,f1h34qp5zbfl489q8vnkhiq9s,Esbjerg,Kolding vs Esbjerg,66x20c00o5l5fgwia0g0ox9g4,2024-08-21,0.0239615850150585
Y. Dhaflaoui,98zlz2sscsf6vb7d52ici074k,8cfkisxf1fkxdqtt6tx1tup48,HB Køge,HB Køge vs B 93,666foj7nk4793eyjm86x2nvo4,2024-08-20,0.0451607629656791
Y. Dhaflaoui,98zlz2sscsf6vb7d52ici074k,8cfkisxf1fkxdqtt6tx1tup48,HB Køge,HB Køge vs Fredericia,6bugbbqhm9vjhnu2cgz0zdg5w,2024-09-01,0.0251578409224748
Y. Dhaflaoui,98zlz2sscsf6vb7d52ici074k,8cfkisxf1fkxdqtt6tx1tup48,HB Køge,HB Køge vs Horsens,62to8z5uwcrf85s9tt8cosfmc,2024-08-11,0.0470924451947212
Y. Dhaflaoui,98zlz2sscsf6vb7d52ici074k,8cfkisxf1fkxdqtt6tx1tup48,HB Køge,Hobro vs HB Køge,5zftcocb0ir7a5my41uqv6bdg,2024-08-02,0.0206473879516124
Z. Hyltoft,b0yv1pcxifawqx6r1cfqq3otm,b2vft81kyjurzbmekvgrqwr64,Hobro,Hobro vs HB Køge,5zftcocb0ir7a5my41uqv6bdg,2024-08-02,0.0
Z. Hyltoft,b0yv1pcxifawqx6r1cfqq3otm,b2vft81kyjurzbmekvgrqwr64,Hobro,Hobro vs Hvidovre,651qsgvxz0hgo5cewrehcj9ck,2024-08-17,0.0
Z. Hyltoft,b0yv1pcxifawqx6r1cfqq3otm,b2vft81kyjurzbmekvgrqwr64,Hobro,Vendsyssel vs Hobro,67q1kfc3gdz3yohfds1qwp6ok,2024-08-21,0.0
