team_name,contestantId,match_id,periodId,id,eventId,typeId,timeMin,timeSec,outcome,x,y,playerName,sequenceId,possessionId,keyPass,assist,label,date,140.0,141.0,318.0,321.0,322.0,210.0,212.0,213.0,223.0,224.0,225.0,22.0,23.0,5.0,6.0,9.0,19.0,24.0,25.0,26.0,28.0,107.0,44.0,292.0,293.0,sequence_duration,sequence_xG,receiverId,receiverName,match_state,clock_sec,set_piece_index,set_piece_type,set_piece_team,event_time
Midtjylland,59as3grjvj19voay31j3yfgni,4rx947n297aaw2c2aiz8sir6c,1,2721815061,211,15,17,39,1,81.6,47.9,K. Askildsen,61.0,43.0,NaN,NaN,Hillerød vs Midtjylland,2024-09-17,NaN,NaN,NaN,0.09343135356903076,0.0,NaN,NaN,NaN,NaN,NaN,,true,NaN,NaN,NaN,none,,NaN,NaN,NaN,,NaN,NaN,NaN,NaN,3.0,0.09343135356903076,,,draw,1059,7,throw_in,,1059
Midtjylland,59as3grjvj19voay31j3yfgni,4rx947n297aaw2c2aiz8sir6c,1,2721815677,229,15,20,48,1,85.9,62.0,K. Askildsen,69.0,45.0,NaN,NaN,Hillerød vs Midtjylland,2024-09-17,NaN,NaN,NaN,0.02789304219186306,0.0,NaN,NaN,NaN,NaN,NaN,,NaN,NaN,NaN,NaN,none,,NaN,true,NaN,,NaN,NaN,NaN,NaN,4.0,0.02789304219186306,,,Midtjylland,1248,6,corner,,1248
Hillerød,aqtkb4mgrz8c6iqfufj6qjbv9,4rx947n297aaw2c2aiz8sir6c,1,2721820881,393,13,45,5,1,91.4,61.2,M. Etim,156.0,102.0,NaN,NaN,Hillerød vs Midtjylland,2024-09-17,NaN,NaN,NaN,0.10039529949426651,0.0,NaN,NaN,NaN,NaN,NaN,,NaN,NaN,NaN,NaN,none,,true,NaN,NaN,,NaN,NaN,NaN,NaN,5.0,0.10039529949426651,,,Midtjylland,2705,8,freekick,,2705
Midtjylland,59as3grjvj19voay31j3yfgni,4rx947n297aaw2c2aiz8sir6c,2,2721828727,656,15,64,33,1,73.3,61.2,V. Byskov,218.0,144.0,NaN,NaN,Hillerød vs Midtjylland,2024-09-17,NaN,NaN,NaN,0.050396427512168884,0.43008852005004883,NaN,NaN,NaN,NaN,NaN,,NaN,NaN,NaN,NaN,none,,NaN,NaN,true,,NaN,NaN,NaN,NaN,0.0,0.050396427512168884,,,Midtjylland,3873,1,freekick_shot,59as3grjvj19voay31j3yfgni,3873
Brøndby,9qsmopgutr7ut5g6workk8w4i,4qhhn0l0m3fxep9faxbxmi2ac,2,2725820255,751,13,63,20,1,95.0,54.6,M. Kvistgaarden,166.0,119.0,NaN,NaN,Vendsyssel vs Brøndby,2024-09-25,NaN,NaN,NaN,0.1423582285642624,0.0,NaN,NaN,NaN,NaN,NaN,,NaN,NaN,NaN,NaN,none,,,true,,,NaN,NaN,NaN,NaN,4.0,0.1423582285642624,,,Brøndby,3800,3,corner,,3800
HB Køge,8cfkisxf1fkxdqtt6tx1tup48,4qu8pd246dq9uv8f6smdkeql0,1,2726093823,24,13,2,30,1,93.2,51.5,H. Bonnesen,9.0,6.0,1.0,NaN,HB Køge vs København,2024-09-26,NaN,NaN,NaN,0.1315261721611023,0.0,NaN,NaN,NaN,NaN,NaN,,NaN,NaN,NaN,NaN,none,,,true,NaN,,NaN,NaN,NaN,NaN,5.0,0.1315261721611023,,,draw,150,4,corner,,150
HB Køge,8cfkisxf1fkxdqtt6tx1tup48,4qu8pd246dq9uv8f6smdkeql0,1,2726093841,25,13,2,30,1,98.0,57.9,J. Arias,10.0,6.0,NaN,NaN,HB Køge vs København,2024-09-26,NaN,NaN,NaN,0.14706213772296906,0.0,NaN,NaN,NaN,NaN,NaN,,NaN,NaN,NaN,NaN,none,,,true,NaN,,NaN,NaN,NaN,NaN,0.0,0.14706213772296906,,,draw,150,5,corner,,150
København,b3r6d8ydtmtjckam6pku9y400,4qu8pd246dq9uv8f6smdkeql0,1,2726094791,73,15,4,27,1,95.9,33.3,Robert Silva,16.0,7.0,NaN,NaN,HB Køge vs København,2024-09-26,NaN,NaN,NaN,0.059700947254896164,0.11118552088737488,NaN,NaN,NaN,NaN,NaN,,NaN,NaN,NaN,NaN,none,,,NaN,NaN,,NaN,NaN,NaN,NaN,5.0,0.059700947254896164,,,draw,267,5,throw_in,,267
København,b3r6d8ydtmtjckam6pku9y400,4qu8pd246dq9uv8f6smdkeql0,1,2726094907,77,13,4,54,1,92.6,42.2,K. Diks,17.0,7.0,NaN,NaN,HB Køge vs København,2024-09-26,NaN,NaN,NaN,0.04313503950834274,0.0,NaN,NaN,NaN,NaN,NaN,,NaN,NaN,NaN,NaN,none,,,true,NaN,,NaN,NaN,NaN,NaN,4.0,0.04313503950834274,,,draw,294,4,corner,,294
København,b3r6d8ydtmtjckam6pku9y400,4qu8pd246dq9uv8f6smdkeql0,1,2726108571,445,15,35,20,1,91.5,54.6,G. Onugkha,112.0,79.0,NaN,NaN,HB Køge vs København,2024-09-26,NaN,NaN,NaN,0.07953567802906036,0.0,NaN,NaN,NaN,NaN,NaN,,NaN,NaN,NaN,NaN,none,,,true,NaN,,NaN,NaN,NaN,NaN,4.0,0.07953567802906036,,,draw,2120,3,corner,,2120
København,b3r6d8ydtmtjckam6pku9y400,4qu8pd246dq9uv8f6smdkeql0,1,2726108705,448,13,35,42,1,95.2,50.7,V. Claesson,113.0,79.0,NaN,NaN,HB Køge vs København,2024-09-26,NaN,NaN,NaN,0.25366994738578796,0.0,NaN,NaN,NaN,NaN,NaN,,NaN,NaN,NaN,NaN,none,,,true,NaN,,NaN,NaN,NaN,NaN,2.0,0.25366994738578796,,,draw,2142,3,corner,,2142
København,b3r6d8ydtmtjckam6pku9y400,4qu8pd246dq9uv8f6smdkeql0,1,2726114121,579,13,46,27,1,90.5,57.0,M. López,149.0,107.0,NaN,NaN,HB Køge vs København,2024-09-26,NaN,NaN,NaN,0.03726166859269142,0.0,NaN,NaN,NaN,NaN,NaN,,true,NaN,NaN,NaN,none,,,NaN,NaN,,NaN,NaN,NaN,NaN,7.0,0.03726166859269142,,,draw,2787,3,throw_in,,2787
København,b3r6d8ydtmtjckam6pku9y400,4qu8pd246dq9uv8f6smdkeql0,2,2726125157,714,13,54,14,1,68.9,62.9,K. Diks,187.0,135.0,NaN,NaN,HB Køge vs København,2024-09-26,NaN,NaN,NaN,0.015353629365563393,0.0,NaN,NaN,NaN,NaN,NaN,,true,NaN,NaN,NaN,none,,,NaN,NaN,,NaN,NaN,NaN,NaN,5.0,0.015353629365563393,,,draw,3254,4,freekick,,3254
København,b3r6d8ydtmtjckam6pku9y400,4qu8pd246dq9uv8f6smdkeql0,2,2726129415,782,13,60,46,1,85.7,52.5,M. López,204.0,147.0,NaN,NaN,HB Køge vs København,2024-09-26,NaN,NaN,NaN,0.07747477293014526,0.0,NaN,NaN,NaN,NaN,NaN,,NaN,NaN,NaN,NaN,none,,,true,NaN,,NaN,NaN,NaN,NaN,0.0,0.07747477293014526,,,draw,3646,3,corner,,3646
København,b3r6d8ydtmtjckam6pku9y400,4qu8pd246dq9uv8f6smdkeql0,2,2726132187,832,13,65,48,1,94.5,59.1,K. Diks,224.0,161.0,NaN,NaN,HB Køge vs København,2024-09-26,NaN,NaN,NaN,0.06419073790311813,0.0,NaN,NaN,NaN,NaN,NaN,,NaN,NaN,NaN,NaN,none,,,true,NaN,,NaN,NaN,NaN,NaN,4.0,0.06419073790311813,,,draw,3948,3,corner,,3948
HB Køge,8cfkisxf1fkxdqtt6tx1tup48,4qu8pd246dq9uv8f6smdkeql0,2,2726141405,544,13,84,17,1,75.8,65.1,M. Mustać Gudmann,270.0,192.0,NaN,NaN,HB Køge vs København,2024-09-26,NaN,NaN,NaN,0.06696086376905441,0.0,NaN,NaN,NaN,NaN,NaN,,NaN,NaN,NaN,NaN,none,,,NaN,true,,NaN,NaN,NaN,NaN,0.0,0.06696086376905441,,,København,5057,1,freekick_shot,8cfkisxf1fkxdqtt6tx1tup48,5057
København,b3r6d8ydtmtjckam6pku9y400,4qu8pd246dq9uv8f6smdkeql0,2,2726143215,1039,13,88,49,1,94.8,57.9,K. Diks,284.0,203.0,NaN,NaN,HB Køge vs København,2024-09-26,NaN,NaN,NaN,0.08847878128290176,0.0,NaN,NaN,NaN,NaN,NaN,,NaN,NaN,NaN,NaN,none,,,true,NaN,,NaN,NaN,NaN,NaN,3.0,0.08847878128290176,,,København,5329,3,corner,,5329
København,b3r6d8ydtmtjckam6pku9y400,4qu8pd246dq9uv8f6smdkeql0,2,2726144763,1077,16,92,29,1,92.3,47.0,P. Hatzidiakos,290.0,205.0,NaN,NaN,HB Køge vs København,2024-09-26,NaN,NaN,NaN,0.12061693519353867,0.21449798345565796,NaN,NaN,NaN,NaN,NaN,,NaN,NaN,NaN,NaN,none,,,true,NaN,,NaN,NaN,NaN,NaN,3.0,0.12061693519353867,,,København,5549,2,corner,,5549
Brabrand,2ix6guzfmcisiaevcss97rjek,8mcegrhypgybeqon4lb6lw07o,1,2737880125,81,15,8,35,1,84.9,37.2,T. Friis,32.0,21.0,NaN,NaN,Brabrand vs Nordsjælland,2024-10-23,NaN,NaN,NaN,0.03149525821208954,0.0,NaN,NaN,NaN,NaN,NaN,NaN,NaN,NaN,NaN,NaN,nan,NaN,NaN,NaN,NaN,,NaN,NaN,NaN,NaN,0.0,0.03149525821208954,,,Nordsjælland,515,5,throw_in,,515
Nordsjælland,77tfx9me4aaqhzv78bmgsy9bg,8mcegrhypgybeqon4lb6lw07o,1,2737884467,270,13,24,52,1,77.6,29.5,B. Nygren,94.0,62.0,NaN,NaN,Brabrand vs Nordsjælland,2024-10-23,NaN,NaN,NaN,0.051370248198509216,0.0,NaN,NaN,NaN,NaN,NaN,NaN,NaN,NaN,NaN,NaN,nan,NaN,NaN,NaN,true,,NaN,NaN,NaN,NaN,0.0,0.051370248198509216,,,Nordsjælland,1492,1,freekick_shot,77tfx9me4aaqhzv78bmgsy9bg,1492
Brabrand,2ix6guzfmcisiaevcss97rjek,8mcegrhypgybeqon4lb6lw07o,1,2737885775,261,13,29,15,1,71.8,46.8,T. Friis,109.0,69.0,NaN,NaN,Brabrand vs Nordsjælland,2024-10-23,NaN,NaN,NaN,0.02581813558936119,0.0,NaN,NaN,NaN,NaN,NaN,NaN,true,NaN,NaN,NaN,nan,NaN,NaN,NaN,NaN,,NaN,NaN,NaN,NaN,0.0,0.02581813558936119,,,Nordsjælland,1755,5,throw_in,,1755
Brabrand,2ix6guzfmcisiaevcss97rjek,8mcegrhypgybeqon4lb6lw07o,1,2737891047,368,15,45,50,1,80.3,53.1,J. Berwald,158.0,101.0,NaN,NaN,Brabrand vs Nordsjælland,2024-10-23,NaN,NaN,NaN,0.026466356590390205,0.0,NaN,NaN,NaN,NaN,NaN,NaN,NaN,NaN,NaN,NaN,nan,NaN,true,NaN,NaN,,NaN,NaN,NaN,NaN,1.0,0.026466356590390205,,,Nordsjælland,2750,5,freekick,,2750
Nordsjælland,77tfx9me4aaqhzv78bmgsy9bg,8mcegrhypgybeqon4lb6lw07o,2,2737898359,643,13,55,47,1,92.3,57.6,L. Néné,206.0,140.0,NaN,NaN,Brabrand vs Nordsjælland,2024-10-23,NaN,NaN,NaN,0.05168260261416435,0.0,NaN,NaN,NaN,NaN,NaN,NaN,NaN,NaN,NaN,NaN,nan,NaN,NaN,true,NaN,,NaN,NaN,NaN,NaN,2.0,0.05168260261416435,,,Nordsjælland,3347,2,corner,,3347
Brabrand,2ix6guzfmcisiaevcss97rjek,8mcegrhypgybeqon4lb6lw07o,2,2737900461,495,15,63,1,1,87.6,63.0,J. Berwald,228.0,155.0,NaN,NaN,Brabrand vs Nordsjælland,2024-10-23,NaN,NaN,NaN,0.09545635432004929,0.0,NaN,NaN,NaN,NaN,NaN,NaN,NaN,NaN,NaN,NaN,nan,NaN,NaN,true,NaN,,NaN,NaN,NaN,NaN,0.0,0.09545635432004929,,,Nordsjælland,3781,3,corner,,3781
Brabrand,2ix6guzfmcisiaevcss97rjek,8mcegrhypgybeqon4lb6lw07o,2,2748835243,983,13,63,3,1,95.5,60.5,J. Berwald,229.0,155.0,NaN,NaN,Brabrand vs Nordsjælland,2024-10-23,NaN,NaN,NaN,0.1163063570857048,0.0,NaN,NaN,NaN,NaN,NaN,NaN,NaN,NaN,NaN,NaN,nan,NaN,NaN,true,NaN,,NaN,NaN,NaN,NaN,0.0,0.1163063570857048,,,Nordsjælland,3783,6,corner,,3783
Nordsjælland,77tfx9me4aaqhzv78bmgsy9bg,8mcegrhypgybeqon4lb6lw07o,2,2737902115,808,15,69,43,1,96.4,39.9,L. Høgsberg,247.0,164.0,NaN,NaN,Brabrand vs Nordsjælland,2024-10-23,NaN,NaN,NaN,0.06756890565156937,0.36856523156166077,NaN,NaN,NaN,NaN,NaN,NaN,NaN,NaN,NaN,NaN,nan,NaN,NaN,true,NaN,,NaN,NaN,NaN,NaN,3.0,0.06756890565156937,,,draw,4183,3,corner,,4183
Nordsjælland,77tfx9me4aaqhzv78bmgsy9bg,8mcegrhypgybeqon4lb6lw07o,2,2737904055,879,15,74,43,1,72.5,42.5,P. Ankersen,262.0,174.0,NaN,NaN,Brabrand vs Nordsjælland,2024-10-23,NaN,NaN,NaN,0.009065192192792892,0.0,NaN,NaN,NaN,NaN,NaN,NaN,NaN,NaN,NaN,NaN,nan,NaN,NaN,true,NaN,,NaN,NaN,NaN,NaN,0.0,0.009065192192792892,,,draw,4483,6,corner,,4483
Nordsjælland,77tfx9me4aaqhzv78bmgsy9bg,8mcegrhypgybeqon4lb6lw07o,2,2737907933,995,15,86,19,1,92.1,50.3,L. Hey,295.0,190.0,NaN,NaN,Brabrand vs Nordsjælland,2024-10-23,NaN,NaN,NaN,0.08916207402944565,0.0,NaN,NaN,NaN,NaN,NaN,NaN,NaN,NaN,NaN,NaN,nan,NaN,NaN,true,NaN,,NaN,NaN,NaN,NaN,4.0,0.08916207402944565,,,draw,5179,5,corner,,5179
Nordsjælland,77tfx9me4aaqhzv78bmgsy9bg,8mcegrhypgybeqon4lb6lw07o,2,2737907945,996,13,86,21,1,77.2,45.9,S. Egeli,296.0,190.0,NaN,NaN,Brabrand vs Nordsjælland,2024-10-23,NaN,NaN,NaN,0.029382020235061646,0.0,NaN,NaN,NaN,NaN,NaN,NaN,NaN,NaN,NaN,NaN,nan,NaN,NaN,true,NaN,,NaN,NaN,NaN,NaN,0.0,0.029382020235061646,,,draw,5181,7,corner,,5181
Brabrand,2ix6guzfmcisiaevcss97rjek,8mcegrhypgybeqon4lb6lw07o,3,2737914087,747,15,96,19,1,84.9,44.6,R. Juul,355.0,221.0,NaN,NaN,Brabrand vs Nordsjælland,2024-10-23,NaN,NaN,NaN,0.012449412606656551,0.04745931550860405,NaN,NaN,NaN,NaN,NaN,NaN,NaN,NaN,NaN,NaN,nan,NaN,NaN,true,NaN,,NaN,NaN,NaN,NaN,3.0,0.012449412606656551,,,draw,5779,2,corner,,5779
Nordsjælland,77tfx9me4aaqhzv78bmgsy9bg,8mcegrhypgybeqon4lb6lw07o,3,2737917313,1229,13,102,37,1,93.7,52.8,M. Ingvartsen,375.0,234.0,NaN,NaN,Brabrand vs Nordsjælland,2024-10-23,NaN,NaN,NaN,0.25629177689552307,0.0,NaN,NaN,NaN,NaN,NaN,NaN,NaN,NaN,NaN,NaN,nan,NaN,NaN,true,NaN,,NaN,NaN,NaN,NaN,3.0,0.25629177689552307,,,draw,6157,3,corner,,6157
Nordsjælland,77tfx9me4aaqhzv78bmgsy9bg,8mcegrhypgybeqon4lb6lw07o,4,2737920937,1295,13,106,48,1,93.1,59.4,E. Marxen,393.0,247.0,NaN,NaN,Brabrand vs Nordsjælland,2024-10-23,NaN,NaN,NaN,0.030651727691292763,0.0,NaN,NaN,NaN,NaN,NaN,NaN,NaN,NaN,NaN,NaN,nan,NaN,NaN,true,NaN,,NaN,NaN,NaN,NaN,3.0,0.030651727691292763,,,draw,6408,4,corner,,6408
Brabrand,2ix6guzfmcisiaevcss97rjek,8mcegrhypgybeqon4lb6lw07o,4,2737923715,879,15,113,30,1,76.8,48.5,M. Laursen,427.0,268.0,NaN,NaN,Brabrand vs Nordsjælland,2024-10-23,NaN,NaN,NaN,0.024549735710024834,0.01045812014490366,NaN,NaN,NaN,NaN,NaN,NaN,true,NaN,NaN,NaN,nan,NaN,NaN,NaN,NaN,,NaN,NaN,NaN,NaN,0.0,0.024549735710024834,,,draw,6810,4,freekick,,6810
Nordsjælland,77tfx9me4aaqhzv78bmgsy9bg,8mcegrhypgybeqon4lb6lw07o,4,2737925185,1424,15,117,37,1,92.4,58.9,M. Ingvartsen,442.0,277.0,NaN,NaN,Brabrand vs Nordsjælland,2024-10-23,NaN,NaN,NaN,0.03203214704990387,0.0,NaN,NaN,NaN,NaN,NaN,NaN,NaN,NaN,NaN,NaN,nan,NaN,NaN,true,NaN,,NaN,NaN,NaN,NaN,3.0,0.03203214704990387,,,draw,7057,3,corner,,7057
Frem,75oq2ob2lm3xo4qd3bi5hvvm0,8ogwfxxryqofdobyy9kc45puc,1,2741093269,159,15,19,16,1,88.8,58.4,F. Kristensen,67.0,42.0,NaN,,Frem vs Kolding,2024-10-29,NaN,NaN,NaN,0.02386406809091568,0.06749223172664642,NaN,NaN,NaN,NaN,NaN,,true,NaN,NaN,NaN,none,NaN,NaN,NaN,,,NaN,NaN,NaN,NaN,1.0,0.02386406809091568,,,draw,1156,2,freekick,,1156
Kolding,b8oqgvx1ijeyn6y1cn6929ix4,8ogwfxxryqofdobyy9kc45puc,1,2741094229,268,15,21,26,1,93.0,50.9,I. Tånnander,75.0,49.0,NaN,,Frem vs Kolding,2024-10-29,NaN,NaN,NaN,0.1265682727098465,0.09698062390089035,NaN,NaN,NaN,NaN,NaN,,NaN,NaN,NaN,NaN,none,NaN,NaN,true,,,NaN,NaN,NaN,NaN,6.0,0.1265682727098465,,,draw,1286,3,corner,,1286
Frem,75oq2ob2lm3xo4qd3bi5hvvm0,8ogwfxxryqofdobyy9kc45puc,1,2741094511,176,15,21,56,1,71.3,47.5,D. Warmbach,77.0,50.0,NaN,,Frem vs Kolding,2024-10-29,NaN,NaN,NaN,0.01324449758976698,0.0,NaN,NaN,NaN,NaN,NaN,,true,NaN,NaN,NaN,none,NaN,NaN,NaN,,,NaN,NaN,NaN,NaN,6.0,0.01324449758976698,,,draw,1316,2,throw_in,,1316
Kolding,b8oqgvx1ijeyn6y1cn6929ix4,8ogwfxxryqofdobyy9kc45puc,2,2741116695,516,15,46,0,1,77.2,50.7,S. Jalal,154.0,99.0,NaN,,Frem vs Kolding,2024-10-29,NaN,NaN,NaN,0.04179931432008743,0.0,NaN,NaN,NaN,NaN,NaN,,true,NaN,NaN,NaN,none,NaN,NaN,NaN,,,NaN,NaN,NaN,NaN,9.0,0.04179931432008743,,,draw,2760,6,throw_in,,2760
Frem,75oq2ob2lm3xo4qd3bi5hvvm0,8ogwfxxryqofdobyy9kc45puc,2,2741122899,455,15,53,31,1,87.3,44.0,G. Hansen,181.0,116.0,NaN,,Frem vs Kolding,2024-10-29,NaN,NaN,NaN,0.016294237226247787,0.19337020814418793,NaN,NaN,NaN,NaN,NaN,,NaN,NaN,NaN,NaN,none,NaN,true,NaN,,,NaN,NaN,NaN,NaN,2.0,0.016294237226247787,,,Kolding,3211,4,freekick,,3211
Kolding,b8oqgvx1ijeyn6y1cn6929ix4,8ogwfxxryqofdobyy9kc45puc,2,2741149053,964,13,88,44,1,88.3,66.7,B. Kvist,313.0,207.0,NaN,,Frem vs Kolding,2024-10-29,NaN,NaN,NaN,0.042282409965991974,0.0,NaN,NaN,NaN,NaN,NaN,,NaN,NaN,NaN,NaN,none,NaN,NaN,NaN,,,NaN,NaN,NaN,NaN,5.0,0.042282409965991974,,,Kolding,5324,3,throw_in,,5324
AaB,36g6ifzjliec1jqnbtf7yesme,8momjh3ilo6xry8b83qrq2gic,1,2741560451,85,14,8,26,1,89.8,39.2,K. Davidsen,29.0,20.0,NaN,NaN,Esbjerg vs AaB,2024-10-30,NaN,NaN,NaN,0.02621491067111492,0.0,NaN,NaN,NaN,NaN,NaN,NaN,NaN,NaN,NaN,NaN,none,,NaN,true,NaN,,NaN,NaN,NaN,NaN,0.0,0.02621491067111492,,,draw,506,8,corner,,506
AaB,36g6ifzjliec1jqnbtf7yesme,8momjh3ilo6xry8b83qrq2gic,1,2741564435,176,15,19,27,1,80.6,78.3,K. Jørgensen,60.0,40.0,NaN,NaN,Esbjerg vs AaB,2024-10-30,NaN,NaN,NaN,0.04400881007313728,0.2725723683834076,NaN,NaN,NaN,NaN,NaN,NaN,NaN,NaN,NaN,NaN,none,,NaN,NaN,true,,NaN,NaN,NaN,NaN,0.0,0.04400881007313728,,,draw,1167,1,freekick_shot,36g6ifzjliec1jqnbtf7yesme,1167
AaB,36g6ifzjliec1jqnbtf7yesme,8momjh3ilo6xry8b83qrq2gic,1,2741564649,180,15,20,3,1,91.9,33.9,J. Iredale,61.0,40.0,NaN,NaN,Esbjerg vs AaB,2024-10-30,NaN,NaN,NaN,0.007806199137121439,0.08258730173110962,NaN,NaN,NaN,NaN,NaN,NaN,NaN,NaN,NaN,NaN,none,,NaN,true,NaN,,NaN,NaN,NaN,NaN,6.0,0.007806199137121439,,,draw,1203,4,corner,,1203
Esbjerg,f1h34qp5zbfl489q8vnkhiq9s,8momjh3ilo6xry8b83qrq2gic,1,2741568685,251,15,29,36,1,96.4,69.1,T. Stagaard,99.0,63.0,NaN,NaN,Esbjerg vs AaB,2024-10-30,NaN,NaN,NaN,0.013025380671024323,0.06816985458135605,NaN,NaN,NaN,NaN,NaN,NaN,NaN,NaN,NaN,NaN,none,,NaN,true,NaN,,NaN,NaN,NaN,NaN,2.0,0.013025380671024323,,,AaB,1776,2,corner,,1776
Esbjerg,f1h34qp5zbfl489q8vnkhiq9s,8momjh3ilo6xry8b83qrq2gic,1,2741568905,255,13,30,12,1,95.3,48.2,T. Freriks,100.0,63.0,NaN,NaN,Esbjerg vs AaB,2024-10-30,NaN,NaN,NaN,0.25224265456199646,0.0,NaN,NaN,NaN,NaN,NaN,NaN,NaN,NaN,NaN,NaN,none,,NaN,true,NaN,,NaN,NaN,NaN,NaN,4.0,0.25224265456199646,,,AaB,1812,3,corner,,1812
Esbjerg,f1h34qp5zbfl489q8vnkhiq9s,8momjh3ilo6xry8b83qrq2gic,1,2741575383,443,15,46,27,1,90.4,57.5,T. Freriks,146.0,93.0,NaN,NaN,Esbjerg vs AaB,2024-10-30,NaN,NaN,NaN,0.03424869850277901,0.0,NaN,NaN,NaN,NaN,NaN,NaN,NaN,NaN,NaN,NaN,none,,true,NaN,NaN,,NaN,NaN,NaN,NaN,2.0,0.03424869850277901,,,AaB,2787,5,throw_in,,2787
Esbjerg,f1h34qp5zbfl489q8vnkhiq9s,8momjh3ilo6xry8b83qrq2gic,1,2741575399,444,15,46,30,1,83.9,49.1,N. Strunck,147.0,93.0,NaN,NaN,Esbjerg vs AaB,2024-10-30,NaN,NaN,NaN,0.030047837644815445,0.0,NaN,NaN,NaN,NaN,NaN,NaN,NaN,NaN,NaN,NaN,none,,true,NaN,NaN,,NaN,NaN,NaN,NaN,0.0,0.030047837644815445,,,AaB,2790,7,throw_in,,2790
Esbjerg,f1h34qp5zbfl489q8vnkhiq9s,8momjh3ilo6xry8b83qrq2gic,2,2741582663,500,13,48,22,1,93.3,60.5,J. Meyer,162.0,101.0,NaN,NaN,Esbjerg vs AaB,2024-10-30,NaN,NaN,NaN,0.053332965821027756,0.0,NaN,NaN,NaN,NaN,NaN,NaN,NaN,NaN,NaN,NaN,none,,NaN,NaN,NaN,,NaN,NaN,NaN,NaN,5.0,0.053332965821027756,,,AaB,2902,5,throw_in,,2902
Esbjerg,f1h34qp5zbfl489q8vnkhiq9s,8momjh3ilo6xry8b83qrq2gic,2,2741591025,677,13,65,28,1,78.5,37.0,N. Strunck,223.0,139.0,NaN,NaN,Esbjerg vs AaB,2024-10-30,NaN,NaN,NaN,0.020146721974015236,0.0,NaN,NaN,NaN,NaN,NaN,NaN,NaN,NaN,NaN,NaN,none,,NaN,true,NaN,,NaN,NaN,NaN,NaN,0.0,0.020146721974015236,,,AaB,3928,6,corner,,3928
Esbjerg,f1h34qp5zbfl489q8vnkhiq9s,8momjh3ilo6xry8b83qrq2gic,2,2741592787,711,15,69,44,1,95.4,40.1,A. Troelsen,241.0,149.0,NaN,NaN,Esbjerg vs AaB,2024-10-30,NaN,NaN,NaN,0.10860422998666763,0.1315479576587677,NaN,NaN,NaN,NaN,NaN,NaN,NaN,NaN,NaN,NaN,none,,NaN,true,NaN,,NaN,NaN,NaN,NaN,2.0,0.10860422998666763,,,AaB,4184,9,corner,,4184
AaB,36g6ifzjliec1jqnbtf7yesme,8momjh3ilo6xry8b83qrq2gic,2,2741594037,642,16,72,1,1,97.0,54.7,M. Jørgensen,251.0,154.0,NaN,NaN,Esbjerg vs AaB,2024-10-30,NaN,NaN,NaN,0.20454826951026917,0.8220061659812927,NaN,NaN,NaN,NaN,NaN,NaN,NaN,NaN,NaN,NaN,none,,NaN,true,NaN,,NaN,NaN,NaN,NaN,0.0,0.20454826951026917,,,AaB,4321,4,corner,,4321
Esbjerg,f1h34qp5zbfl489q8vnkhiq9s,8momjh3ilo6xry8b83qrq2gic,2,2741596287,769,15,75,9,1,90.6,55.7,L. From,263.0,163.0,NaN,NaN,Esbjerg vs AaB,2024-10-30,NaN,NaN,NaN,0.23952315747737885,0.0,NaN,NaN,NaN,NaN,NaN,NaN,NaN,NaN,NaN,NaN,none,,NaN,NaN,NaN,,NaN,NaN,NaN,NaN,0.0,0.23952315747737885,,,AaB,4509,5,throw_in,,4509
AaB,36g6ifzjliec1jqnbtf7yesme,8momjh3ilo6xry8b83qrq2gic,2,2741601977,724,13,83,25,1,77.4,32.1,A. Bruus,286.0,172.0,NaN,NaN,Esbjerg vs AaB,2024-10-30,NaN,NaN,NaN,0.033841781318187714,0.0,NaN,NaN,NaN,NaN,NaN,NaN,true,NaN,NaN,NaN,none,,NaN,NaN,NaN,,NaN,NaN,NaN,NaN,3.0,0.033841781318187714,,,AaB,5005,3,throw_in,,5005
København,b3r6d8ydtmtjckam6pku9y400,8n12o4332nhqez44559j1e9sk,1,2741660219,210,13,20,6,1,81.1,64.2,M. Mattsson,65.0,43.0,NaN,,SønderjyskE vs København,2024-10-30,NaN,NaN,NaN,0.07721152901649475,0.0,NaN,NaN,NaN,NaN,NaN,NaN,NaN,,NaN,NaN,none,,NaN,NaN,true,NaN,NaN,NaN,NaN,NaN,0.0,0.07721152901649475,,,SønderjyskE,1206,1,freekick_shot,b3r6d8ydtmtjckam6pku9y400,1206
SønderjyskE,aljua8crr0vkwit0j3m59jw9j,8n12o4332nhqez44559j1e9sk,1,2741666157,335,15,33,25,1,87.5,40.1,M. Agger,113.0,68.0,NaN,,SønderjyskE vs København,2024-10-30,NaN,NaN,NaN,0.0569087490439415,0.03645895794034004,NaN,NaN,NaN,NaN,NaN,NaN,true,,NaN,NaN,none,,NaN,NaN,NaN,NaN,NaN,NaN,NaN,NaN,1.0,0.0569087490439415,,,SønderjyskE,2005,3,freekick,,2005
SønderjyskE,aljua8crr0vkwit0j3m59jw9j,8n12o4332nhqez44559j1e9sk,1,2741670895,382,15,41,8,1,77.1,58.4,M. Agger,132.0,78.0,NaN,,SønderjyskE vs København,2024-10-30,NaN,NaN,NaN,0.0723966732621193,0.0,NaN,NaN,NaN,NaN,NaN,NaN,NaN,,NaN,NaN,none,,NaN,NaN,true,NaN,NaN,NaN,NaN,NaN,0.0,0.0723966732621193,,,SønderjyskE,2468,1,freekick_shot,aljua8crr0vkwit0j3m59jw9j,2468
SønderjyskE,aljua8crr0vkwit0j3m59jw9j,8n12o4332nhqez44559j1e9sk,1,2741670917,383,15,41,12,1,81.0,44.5,M. Soulas,133.0,78.0,NaN,,SønderjyskE vs København,2024-10-30,NaN,NaN,NaN,0.035504575818777084,0.0,NaN,NaN,NaN,NaN,NaN,NaN,NaN,,NaN,NaN,none,,true,NaN,NaN,NaN,NaN,NaN,NaN,NaN,0.0,0.035504575818777084,,,SønderjyskE,2472,5,freekick_shot,,2472
SønderjyskE,aljua8crr0vkwit0j3m59jw9j,8n12o4332nhqez44559j1e9sk,1,2741675373,432,13,46,14,1,92.0,55.1,L. Qamili,155.0,92.0,NaN,,SønderjyskE vs København,2024-10-30,NaN,NaN,NaN,0.09860462695360184,0.0,NaN,NaN,NaN,NaN,NaN,NaN,NaN,,NaN,NaN,none,,true,NaN,NaN,NaN,NaN,NaN,NaN,NaN,4.0,0.09860462695360184,,,SønderjyskE,2774,3,freekick,,2774
København,b3r6d8ydtmtjckam6pku9y400,8n12o4332nhqez44559j1e9sk,2,2741703467,540,13,52,11,1,92.6,56.2,T. Delaney,183.0,111.0,NaN,,SønderjyskE vs København,2024-10-30,NaN,NaN,NaN,0.0580168254673481,0.0,NaN,NaN,NaN,NaN,NaN,NaN,NaN,,NaN,NaN,none,,NaN,true,NaN,NaN,NaN,NaN,NaN,NaN,4.0,0.0580168254673481,,,SønderjyskE,3131,4,corner,,3131
København,b3r6d8ydtmtjckam6pku9y400,8n12o4332nhqez44559j1e9sk,2,2741703873,541,15,52,15,1,97.7,48.9,P. Hatzidiakos,184.0,111.0,NaN,,SønderjyskE vs København,2024-10-30,NaN,NaN,NaN,0.5777844190597534,0.35779914259910583,NaN,NaN,NaN,NaN,NaN,NaN,NaN,,NaN,NaN,none,,NaN,true,NaN,NaN,NaN,NaN,NaN,NaN,0.0,0.5777844190597534,,,SønderjyskE,3135,8,corner,,3135
København,b3r6d8ydtmtjckam6pku9y400,8n12o4332nhqez44559j1e9sk,2,2741708633,576,15,56,0,1,91.7,46.1,P. Hatzidiakos,196.0,119.0,NaN,,SønderjyskE vs København,2024-10-30,NaN,NaN,NaN,0.05550201237201691,0.19497177004814148,NaN,NaN,NaN,NaN,NaN,NaN,NaN,,NaN,NaN,none,,NaN,true,NaN,NaN,NaN,NaN,NaN,NaN,3.0,0.05550201237201691,,,SønderjyskE,3360,5,corner,,3360
København,b3r6d8ydtmtjckam6pku9y400,8n12o4332nhqez44559j1e9sk,2,2741735745,771,15,79,9,1,81.3,46.4,M. Mattsson,262.0,162.0,NaN,,SønderjyskE vs København,2024-10-30,NaN,NaN,NaN,0.023845620453357697,0.0,NaN,NaN,NaN,NaN,NaN,NaN,NaN,,NaN,NaN,none,,NaN,true,NaN,NaN,NaN,NaN,NaN,NaN,0.0,0.023845620453357697,,,draw,4749,4,corner,,4749
København,b3r6d8ydtmtjckam6pku9y400,8n12o4332nhqez44559j1e9sk,2,2741746837,894,15,90,47,1,87.4,67.0,Robert Silva,297.0,186.0,NaN,,SønderjyskE vs København,2024-10-30,NaN,NaN,NaN,0.040556877851486206,0.0,NaN,NaN,NaN,NaN,NaN,NaN,true,,NaN,NaN,none,,NaN,NaN,NaN,NaN,NaN,NaN,NaN,NaN,8.0,0.040556877851486206,,,draw,5447,3,freekick,,5447
København,b3r6d8ydtmtjckam6pku9y400,8n12o4332nhqez44559j1e9sk,2,2741746909,895,16,90,49,1,84.6,47.6,V. Claesson,299.0,188.0,NaN,,SønderjyskE vs København,2024-10-30,NaN,NaN,NaN,0.12478947639465332,0.19320006668567657,NaN,NaN,NaN,NaN,NaN,NaN,true,,NaN,NaN,none,,NaN,NaN,NaN,NaN,NaN,NaN,NaN,NaN,0.0,0.12478947639465332,,,draw,5449,6,freekick,,5449
København,b3r6d8ydtmtjckam6pku9y400,8n12o4332nhqez44559j1e9sk,1,2741660219,210,13,20,6,1,81.1,64.2,M. Mattsson,65.0,43.0,NaN,,Sønderjyske vs København,2024-10-30,NaN,NaN,NaN,0.07721152901649475,0.0,NaN,NaN,NaN,NaN,NaN,NaN,NaN,,NaN,NaN,none,,NaN,NaN,true,NaN,NaN,NaN,NaN,NaN,0.0,0.07721152901649475,,,Sønderjyske,1206,1,freekick_shot,b3r6d8ydtmtjckam6pku9y400,1206
Sønderjyske,aljua8crr0vkwit0j3m59jw9j,8n12o4332nhqez44559j1e9sk,1,2741666157,335,15,33,25,1,87.5,40.1,M. Agger,113.0,68.0,NaN,,Sønderjyske vs København,2024-10-30,NaN,NaN,NaN,0.0569087490439415,0.03645895794034004,NaN,NaN,NaN,NaN,NaN,NaN,true,,NaN,NaN,none,,NaN,NaN,NaN,NaN,NaN,NaN,NaN,NaN,1.0,0.0569087490439415,,,Sønderjyske,2005,3,freekick,,2005
Sønderjyske,aljua8crr0vkwit0j3m59jw9j,8n12o4332nhqez44559j1e9sk,1,2741670895,382,15,41,8,1,77.1,58.4,M. Agger,132.0,78.0,NaN,,Sønderjyske vs København,2024-10-30,NaN,NaN,NaN,0.0723966732621193,0.0,NaN,NaN,NaN,NaN,NaN,NaN,NaN,,NaN,NaN,none,,NaN,NaN,true,NaN,NaN,NaN,NaN,NaN,0.0,0.0723966732621193,,,Sønderjyske,2468,1,freekick_shot,aljua8crr0vkwit0j3m59jw9j,2468
Sønderjyske,aljua8crr0vkwit0j3m59jw9j,8n12o4332nhqez44559j1e9sk,1,2741670917,383,15,41,12,1,81.0,44.5,M. Soulas,133.0,78.0,NaN,,Sønderjyske vs København,2024-10-30,NaN,NaN,NaN,0.035504575818777084,0.0,NaN,NaN,NaN,NaN,NaN,NaN,NaN,,NaN,NaN,none,,true,NaN,NaN,NaN,NaN,NaN,NaN,NaN,0.0,0.035504575818777084,,,Sønderjyske,2472,5,freekick_shot,,2472
Sønderjyske,aljua8crr0vkwit0j3m59jw9j,8n12o4332nhqez44559j1e9sk,1,2741675373,432,13,46,14,1,92.0,55.1,L. Qamili,155.0,92.0,NaN,,Sønderjyske vs København,2024-10-30,NaN,NaN,NaN,0.09860462695360184,0.0,NaN,NaN,NaN,NaN,NaN,NaN,NaN,,NaN,NaN,none,,true,NaN,NaN,NaN,NaN,NaN,NaN,NaN,4.0,0.09860462695360184,,,Sønderjyske,2774,3,freekick,,2774
København,b3r6d8ydtmtjckam6pku9y400,8n12o4332nhqez44559j1e9sk,2,2741703467,540,13,52,11,1,92.6,56.2,T. Delaney,183.0,111.0,NaN,,Sønderjyske vs København,2024-10-30,NaN,NaN,NaN,0.0580168254673481,0.0,NaN,NaN,NaN,NaN,NaN,NaN,NaN,,NaN,NaN,none,,NaN,true,NaN,NaN,NaN,NaN,NaN,NaN,4.0,0.0580168254673481,,,Sønderjyske,3131,4,corner,,3131
København,b3r6d8ydtmtjckam6pku9y400,8n12o4332nhqez44559j1e9sk,2,2741703873,541,15,52,15,1,97.7,48.9,P. Hatzidiakos,184.0,111.0,NaN,,Sønderjyske vs København,2024-10-30,NaN,NaN,NaN,0.5777844190597534,0.35779914259910583,NaN,NaN,NaN,NaN,NaN,NaN,NaN,,NaN,NaN,none,,NaN,true,NaN,NaN,NaN,NaN,NaN,NaN,0.0,0.5777844190597534,,,Sønderjyske,3135,8,corner,,3135
København,b3r6d8ydtmtjckam6pku9y400,8n12o4332nhqez44559j1e9sk,2,2741708633,576,15,56,0,1,91.7,46.1,P. Hatzidiakos,196.0,119.0,NaN,,Sønderjyske vs København,2024-10-30,NaN,NaN,NaN,0.05550201237201691,0.19497177004814148,NaN,NaN,NaN,NaN,NaN,NaN,NaN,,NaN,NaN,none,,NaN,true,NaN,NaN,NaN,NaN,NaN,NaN,3.0,0.05550201237201691,,,Sønderjyske,3360,5,corner,,3360
København,b3r6d8ydtmtjckam6pku9y400,8n12o4332nhqez44559j1e9sk,2,2741735745,771,15,79,9,1,81.3,46.4,M. Mattsson,262.0,162.0,NaN,,Sønderjyske vs København,2024-10-30,NaN,NaN,NaN,0.023845620453357697,0.0,NaN,NaN,NaN,NaN,NaN,NaN,NaN,,NaN,NaN,none,,NaN,true,NaN,NaN,NaN,NaN,NaN,NaN,0.0,0.023845620453357697,,,draw,4749,4,corner,,4749
København,b3r6d8ydtmtjckam6pku9y400,8n12o4332nhqez44559j1e9sk,2,2741746837,894,15,90,47,1,87.4,67.0,Robert Silva,297.0,186.0,NaN,,Sønderjyske vs København,2024-10-30,NaN,NaN,NaN,0.040556877851486206,0.0,NaN,NaN,NaN,NaN,NaN,NaN,true,,NaN,NaN,none,,NaN,NaN,NaN,NaN,NaN,NaN,NaN,NaN,8.0,0.040556877851486206,,,draw,5447,3,freekick,,5447
København,b3r6d8ydtmtjckam6pku9y400,8n12o4332nhqez44559j1e9sk,2,2741746909,895,16,90,49,1,84.6,47.6,V. Claesson,299.0,188.0,NaN,,Sønderjyske vs København,2024-10-30,NaN,NaN,NaN,0.12478947639465332,0.19320006668567657,NaN,NaN,NaN,NaN,NaN,NaN,true,,NaN,NaN,none,,NaN,NaN,NaN,NaN,NaN,NaN,NaN,NaN,0.0,0.12478947639465332,,,draw,5449,6,freekick,,5449
Midtjylland,59as3grjvj19voay31j3yfgni,8lkqbku19q9toictudx2ocrh0,1,2741965321,192,13,22,3,1,85.2,54.0,O. Sørensen,71.0,49.0,NaN,NaN,Brøndby vs Midtjylland,2024-10-31,NaN,NaN,NaN,0.15647444128990173,0.0,NaN,NaN,NaN,NaN,NaN,NaN,NaN,NaN,NaN,NaN,none,,NaN,NaN,NaN,,NaN,NaN,NaN,NaN,0.0,0.15647444128990173,,,Brøndby,1323,3,throw_in,,1323
Brøndby,9qsmopgutr7ut5g6workk8w4i,8lkqbku19q9toictudx2ocrh0,1,2741968139,344,15,27,20,1,84.4,61.1,F. Bundgaard,88.0,56.0,NaN,NaN,Brøndby vs Midtjylland,2024-10-31,NaN,NaN,NaN,0.0404600128531456,0.24663521349430084,NaN,NaN,NaN,NaN,NaN,NaN,true,NaN,NaN,NaN,none,,NaN,NaN,NaN,,NaN,NaN,NaN,NaN,8.0,0.0404600128531456,,,Brøndby,1640,7,throw_in,,1640
Brøndby,9qsmopgutr7ut5g6workk8w4i,8lkqbku19q9toictudx2ocrh0,1,2741977637,532,13,45,24,1,86.2,74.6,C. Bischoff,139.0,90.0,NaN,NaN,Brøndby vs Midtjylland,2024-10-31,NaN,NaN,NaN,0.04030740261077881,0.0,NaN,NaN,NaN,NaN,NaN,NaN,true,NaN,NaN,NaN,none,,NaN,NaN,NaN,,NaN,NaN,NaN,NaN,20.0,0.04030740261077881,,,Brøndby,2724,11,throw_in,,2724
Midtjylland,59as3grjvj19voay31j3yfgni,8lkqbku19q9toictudx2ocrh0,2,2741986017,427,13,47,58,1,87.0,47.2,O. Sørensen,155.0,100.0,NaN,NaN,Brøndby vs Midtjylland,2024-10-31,NaN,NaN,NaN,0.04184240102767944,0.0,NaN,NaN,NaN,NaN,NaN,NaN,NaN,NaN,NaN,NaN,none,,NaN,NaN,NaN,,NaN,NaN,NaN,NaN,5.0,0.04184240102767944,,,Brøndby,2878,4,throw_in,,2878
Midtjylland,59as3grjvj19voay31j3yfgni,8lkqbku19q9toictudx2ocrh0,2,2741993571,518,15,60,38,1,81.2,28.9,D. Osorio,184.0,122.0,NaN,NaN,Brøndby vs Midtjylland,2024-10-31,NaN,NaN,NaN,0.05772747844457626,0.0,NaN,NaN,NaN,NaN,NaN,NaN,NaN,NaN,NaN,NaN,none,,NaN,NaN,true,,NaN,NaN,NaN,NaN,0.0,0.05772747844457626,,,Brøndby,3638,1,freekick_shot,59as3grjvj19voay31j3yfgni,3638
Midtjylland,59as3grjvj19voay31j3yfgni,8lkqbku19q9toictudx2ocrh0,2,2741996745,583,15,66,25,1,91.0,36.1,J. Kuchta,198.0,130.0,NaN,NaN,Brøndby vs Midtjylland,2024-10-31,NaN,NaN,NaN,0.01499625388532877,0.0,NaN,NaN,NaN,NaN,NaN,NaN,NaN,NaN,NaN,NaN,none,,NaN,true,NaN,,NaN,NaN,NaN,NaN,4.0,0.01499625388532877,,,Brøndby,3985,2,corner,,3985
Midtjylland,59as3grjvj19voay31j3yfgni,8lkqbku19q9toictudx2ocrh0,2,2741997069,586,13,66,58,1,89.8,43.7,D. Castillo,200.0,132.0,NaN,NaN,Brøndby vs Midtjylland,2024-10-31,NaN,NaN,NaN,0.031956739723682404,0.0,NaN,NaN,NaN,NaN,NaN,NaN,NaN,NaN,NaN,NaN,none,,NaN,true,NaN,,NaN,NaN,NaN,NaN,2.0,0.031956739723682404,,,Brøndby,4018,2,corner,,4018
Midtjylland,59as3grjvj19voay31j3yfgni,8lkqbku19q9toictudx2ocrh0,2,2741998189,601,13,68,49,1,86.6,36.6,D. Castillo,209.0,138.0,NaN,NaN,Brøndby vs Midtjylland,2024-10-31,NaN,NaN,NaN,0.03999747335910797,0.0,NaN,NaN,NaN,NaN,NaN,NaN,NaN,NaN,NaN,NaN,none,,NaN,true,NaN,,NaN,NaN,NaN,NaN,0.0,0.03999747335910797,,,Brøndby,4129,9,corner,,4129
Midtjylland,59as3grjvj19voay31j3yfgni,8lkqbku19q9toictudx2ocrh0,2,2742004133,702,13,78,35,1,90.6,42.3,Juninho,230.0,152.0,NaN,NaN,Brøndby vs Midtjylland,2024-10-31,NaN,NaN,NaN,0.03305111452937126,0.0,NaN,NaN,NaN,NaN,NaN,NaN,NaN,NaN,NaN,NaN,none,,NaN,NaN,NaN,,NaN,NaN,NaN,NaN,3.0,0.03305111452937126,,,Brøndby,4715,4,throw_in,,4715
Brøndby,9qsmopgutr7ut5g6workk8w4i,8lkqbku19q9toictudx2ocrh0,2,2742005795,763,13,81,28,1,85.2,36.6,S. Spierings,238.0,155.0,NaN,NaN,Brøndby vs Midtjylland,2024-10-31,NaN,NaN,NaN,0.0441032238304615,0.0,NaN,NaN,NaN,NaN,NaN,NaN,NaN,NaN,NaN,NaN,none,,NaN,true,NaN,,NaN,NaN,NaN,NaN,1.0,0.0441032238304615,,,Brøndby,4888,5,corner,,4888
Brøndby,9qsmopgutr7ut5g6workk8w4i,8lkqbku19q9toictudx2ocrh0,2,2742009395,806,13,87,59,1,92.4,36.9,S. Sebulonsen,259.0,167.0,NaN,NaN,Brøndby vs Midtjylland,2024-10-31,NaN,NaN,NaN,0.03464251011610031,0.0,NaN,NaN,NaN,NaN,NaN,NaN,NaN,NaN,NaN,NaN,none,,true,NaN,NaN,,NaN,NaN,NaN,NaN,3.0,0.03464251011610031,,,Brøndby,5279,3,freekick,,5279
Næsby,bqkda4u37q7uh2yomc1a6aol1,8nd8j4pwymhlxeh8tdasrwa38,1,2745945339,1100,15,12,15,1,96.6,49.0,M. Ladefoged,54.0,39.0,NaN,NaN,Næsby vs Viborg,2024-10-31,NaN,NaN,NaN,0.2694835364818573,0.6964836120605469,NaN,NaN,NaN,NaN,NaN,NaN,NaN,NaN,NaN,NaN,none,NaN,,true,,,NaN,NaN,NaN,NaN,1.0,0.2694835364818573,,,draw,735,5,corner,,735
Næsby,bqkda4u37q7uh2yomc1a6aol1,8nd8j4pwymhlxeh8tdasrwa38,1,2741912059,161,13,12,24,1,67.7,41.2,L. Dauerhøj,56.0,39.0,NaN,NaN,Næsby vs Viborg,2024-10-31,NaN,NaN,NaN,0.0028590259607881308,0.0,NaN,NaN,NaN,NaN,NaN,NaN,NaN,NaN,NaN,NaN,none,NaN,,true,,,NaN,NaN,NaN,NaN,0.0,0.0028590259607881308,,,draw,744,13,corner,,744
Viborg,cftj6g399tknheudaxsdpfdgb,8nd8j4pwymhlxeh8tdasrwa38,1,2741919913,397,16,41,57,1,97.8,53.4,L. Kirkegaard,153.0,96.0,NaN,NaN,Næsby vs Viborg,2024-10-31,NaN,NaN,NaN,0.6927331686019897,0.972775399684906,NaN,NaN,NaN,NaN,NaN,NaN,NaN,NaN,NaN,NaN,none,NaN,,true,,,NaN,NaN,NaN,NaN,3.0,0.6927331686019897,,,Viborg,2517,3,corner,,2517
Viborg,cftj6g399tknheudaxsdpfdgb,8nd8j4pwymhlxeh8tdasrwa38,2,2741930253,679,15,65,30,1,86.7,55.0,S. Radić,233.0,150.0,NaN,NaN,Næsby vs Viborg,2024-10-31,NaN,NaN,NaN,0.0240304097533226,0.04302756115794182,NaN,NaN,NaN,NaN,NaN,NaN,NaN,NaN,NaN,NaN,none,NaN,,true,,,NaN,NaN,NaN,NaN,4.0,0.0240304097533226,,,Viborg,3930,2,corner,,3930
AGF,5rz9enoyknpg8ji78za5b82p0,8m07l4vre732ys7d8pkzocavo,1,2745208513,202,15,16,25,1,88.9,57.5,T. Bech,56.0,30.0,NaN,NaN,Skive vs AGF,2024-11-07,NaN,NaN,NaN,0.0688391849398613,0.29160845279693604,NaN,NaN,NaN,NaN,NaN,,NaN,,NaN,NaN,nan,,true,NaN,,,NaN,NaN,NaN,NaN,4.0,0.0688391849398613,,,draw,985,3,freekick,,985
AGF,5rz9enoyknpg8ji78za5b82p0,8m07l4vre732ys7d8pkzocavo,1,2745211361,257,13,20,56,1,87.9,61.5,Y. Badji,75.0,40.0,NaN,NaN,Skive vs AGF,2024-11-07,NaN,NaN,NaN,0.05570460855960846,0.0,NaN,NaN,NaN,NaN,NaN,,NaN,,NaN,NaN,nan,,NaN,NaN,,,NaN,NaN,NaN,NaN,0.0,0.05570460855960846,,,draw,1256,5,throw_in,,1256
Skive,9cuy8yghppp5og6wr6fnn5105,8m07l4vre732ys7d8pkzocavo,1,2745230801,262,13,42,39,1,91.6,64.2,M. Christiansen,134.0,77.0,NaN,NaN,Skive vs AGF,2024-11-07,NaN,NaN,NaN,0.008334190584719181,0.0,NaN,NaN,NaN,NaN,NaN,,NaN,,NaN,NaN,nan,,NaN,true,,,NaN,NaN,NaN,NaN,4.0,0.008334190584719181,,,Skive,2559,2,corner,,2559
AGF,5rz9enoyknpg8ji78za5b82p0,8m07l4vre732ys7d8pkzocavo,2,2745249421,574,15,49,50,1,71.4,35.3,M. Power,156.0,88.0,NaN,NaN,Skive vs AGF,2024-11-07,NaN,NaN,NaN,0.013936418108642101,0.0,NaN,NaN,NaN,NaN,NaN,,true,,NaN,NaN,nan,,NaN,NaN,,,NaN,NaN,NaN,NaN,9.0,0.013936418108642101,,,Skive,2990,5,freekick,,2990
AGF,5rz9enoyknpg8ji78za5b82p0,8m07l4vre732ys7d8pkzocavo,2,2745249777,579,16,51,13,1,91.2,51.5,Y. Badji,157.0,88.0,NaN,NaN,Skive vs AGF,2024-11-07,NaN,NaN,NaN,0.0541146956384182,0.5298444628715515,NaN,NaN,NaN,NaN,NaN,,NaN,,NaN,NaN,nan,,NaN,true,,,NaN,NaN,NaN,NaN,3.0,0.0541146956384182,,,Skive,3073,2,corner,,3073
Skive,9cuy8yghppp5og6wr6fnn5105,8m07l4vre732ys7d8pkzocavo,2,2745251833,387,15,59,48,1,84.6,55.9,M. Vesterholm,183.0,101.0,NaN,NaN,Skive vs AGF,2024-11-07,NaN,NaN,NaN,0.009551668539643288,0.0,NaN,NaN,NaN,NaN,NaN,,NaN,,NaN,NaN,nan,,NaN,true,,,NaN,NaN,NaN,NaN,0.0,0.009551668539643288,,,draw,3588,5,corner,,3588
Skive,9cuy8yghppp5og6wr6fnn5105,8m07l4vre732ys7d8pkzocavo,2,2745260367,503,13,75,28,1,93.2,36.2,M. Staghøj Huldahl,238.0,139.0,NaN,NaN,Skive vs AGF,2024-11-07,NaN,NaN,NaN,0.0115515710785985,0.0,NaN,NaN,NaN,NaN,NaN,,NaN,,NaN,NaN,nan,,NaN,true,,,NaN,NaN,NaN,NaN,7.0,0.0115515710785985,,,draw,4528,4,corner,,4528
AGF,5rz9enoyknpg8ji78za5b82p0,8m07l4vre732ys7d8pkzocavo,3,2745287997,1070,16,103,36,1,86.2,64.8,G. Links,336.0,202.0,NaN,NaN,Skive vs AGF,2024-11-07,NaN,NaN,NaN,0.025225557386875153,0.6958752870559692,NaN,NaN,NaN,NaN,NaN,,NaN,,NaN,NaN,nan,,NaN,true,,,NaN,NaN,NaN,NaN,0.0,0.025225557386875153,,,draw,6216,4,corner,,6216
Kolding,b8oqgvx1ijeyn6y1cn6929ix4,bfxxnmp2h6cr0xc2bb0odu5uc,1,2756074513,109,13,16,46,1,86.1,48.7,C. Enemark,48.0,29.0,NaN,NaN,Kolding vs København,2024-12-07,NaN,NaN,NaN,0.11269913613796234,0.0,NaN,NaN,NaN,NaN,NaN,NaN,NaN,NaN,NaN,NaN,nan,,NaN,NaN,NaN,,NaN,NaN,NaN,NaN,0.0,0.11269913613796234,,,København,1006,3,throw_in,,1006
Kolding,b8oqgvx1ijeyn6y1cn6929ix4,bfxxnmp2h6cr0xc2bb0odu5uc,1,2756086761,226,15,32,40,1,86.8,60.2,A. Leifsson,94.0,61.0,NaN,NaN,Kolding vs København,2024-12-07,NaN,NaN,NaN,0.006914212834089994,0.0,NaN,NaN,NaN,NaN,NaN,NaN,NaN,NaN,NaN,NaN,nan,,NaN,true,NaN,,NaN,NaN,NaN,NaN,2.0,0.006914212834089994,,,København,1960,2,corner,,1960
Kolding,b8oqgvx1ijeyn6y1cn6929ix4,bfxxnmp2h6cr0xc2bb0odu5uc,2,2756124751,433,15,54,18,1,88.4,52.6,I. Tånnander,177.0,118.0,NaN,NaN,Kolding vs København,2024-12-07,NaN,NaN,NaN,0.018394844606518745,0.0,NaN,NaN,NaN,NaN,NaN,NaN,NaN,NaN,NaN,NaN,nan,,NaN,true,NaN,,NaN,NaN,NaN,NaN,3.0,0.018394844606518745,,,København,3258,2,corner,,3258
København,b3r6d8ydtmtjckam6pku9y400,bfxxnmp2h6cr0xc2bb0odu5uc,2,2756138271,705,15,68,5,1,73.7,43.6,P. Hatzidiakos,214.0,139.0,NaN,NaN,Kolding vs København,2024-12-07,NaN,NaN,NaN,0.020860400050878525,0.0,NaN,NaN,NaN,NaN,NaN,NaN,true,NaN,NaN,NaN,nan,,NaN,NaN,NaN,,NaN,NaN,NaN,NaN,4.0,0.020860400050878525,,,København,4085,8,throw_in,,4085
Kolding,b8oqgvx1ijeyn6y1cn6929ix4,bfxxnmp2h6cr0xc2bb0odu5uc,2,2756162271,681,15,88,21,1,80.9,50.3,A. Nørager,263.0,172.0,NaN,NaN,Kolding vs København,2024-12-07,NaN,NaN,NaN,0.14506462216377258,0.0,NaN,NaN,NaN,NaN,NaN,NaN,NaN,NaN,NaN,NaN,nan,,NaN,NaN,true,,NaN,NaN,NaN,NaN,0.0,0.14506462216377258,,,København,5301,1,freekick_shot,b8oqgvx1ijeyn6y1cn6929ix4,5301
Kolding,b8oqgvx1ijeyn6y1cn6929ix4,bfxxnmp2h6cr0xc2bb0odu5uc,2,2756164187,691,15,90,4,1,73.1,27.6,V. Westh,267.0,172.0,NaN,NaN,Kolding vs København,2024-12-07,NaN,NaN,NaN,0.01726337894797325,0.03317215293645859,NaN,NaN,NaN,NaN,NaN,NaN,NaN,NaN,NaN,NaN,nan,,NaN,NaN,NaN,,NaN,NaN,NaN,NaN,6.0,0.01726337894797325,,,København,5404,5,throw_in,,5404
Brøndby,9qsmopgutr7ut5g6workk8w4i,bh6pftv59o664gkgstafvxf6c,1,2758100321,938,13,3,55,1,84.3,51.9,J. Vanlerberghe,14.0,6.0,NaN,NaN,AGF vs Brøndby,2024-12-08,NaN,NaN,NaN,0.02675914578139782,0.0,NaN,NaN,NaN,NaN,NaN,NaN,NaN,NaN,NaN,NaN,none,,NaN,true,,,NaN,NaN,NaN,NaN,0.0,0.02675914578139782,,,draw,235,9,corner,,235
Brøndby,9qsmopgutr7ut5g6workk8w4i,bh6pftv59o664gkgstafvxf6c,1,2758147613,999,13,3,56,1,91.0,55.0,N. Vallys,15.0,6.0,NaN,NaN,AGF vs Brøndby,2024-12-08,NaN,NaN,NaN,0.0771,NaN,NaN,NaN,NaN,NaN,NaN,NaN,NaN,NaN,NaN,NaN,none,,NaN,true,,,NaN,NaN,NaN,NaN,0.0,0.0771,,,draw,236,11,corner,,236
AGF,5rz9enoyknpg8ji78za5b82p0,bh6pftv59o664gkgstafvxf6c,1,2757210091,312,13,36,2,1,81.5,65.4,G. Links,102.0,59.0,NaN,NaN,AGF vs Brøndby,2024-12-08,NaN,NaN,NaN,0.03797398880124092,0.0,NaN,NaN,NaN,NaN,NaN,NaN,NaN,NaN,NaN,NaN,none,,true,NaN,,,NaN,NaN,NaN,NaN,0.0,0.03797398880124092,,,draw,2162,5,freekick,,2162
AGF,5rz9enoyknpg8ji78za5b82p0,bh6pftv59o664gkgstafvxf6c,2,2757239727,521,15,61,30,1,86.5,45.6,Y. Badji,184.0,108.0,NaN,NaN,AGF vs Brøndby,2024-12-08,NaN,NaN,NaN,0.13774363696575165,0.0,NaN,NaN,NaN,NaN,NaN,NaN,NaN,NaN,NaN,NaN,none,,NaN,NaN,,,NaN,NaN,NaN,NaN,0.0,0.13774363696575165,,,draw,3690,5,throw_in,,3690
AGF,5rz9enoyknpg8ji78za5b82p0,bh6pftv59o664gkgstafvxf6c,2,2757244159,587,15,68,51,1,92.9,68.9,F. Beijmo,200.0,118.0,NaN,NaN,AGF vs Brøndby,2024-12-08,NaN,NaN,NaN,0.03691855072975159,0.0,NaN,NaN,NaN,NaN,NaN,NaN,NaN,NaN,NaN,NaN,none,,NaN,true,,,NaN,NaN,NaN,NaN,4.0,0.03691855072975159,,,draw,4131,2,corner,,4131
Brabrand,2ix6guzfmcisiaevcss97rjek,berfgdlh5tyb75ai98ym21tlg,1,2756831097,32,15,4,58,1,89.1,67.2,T. Friis,26.0,20.0,NaN,,Brabrand vs Viborg,2024-12-08,NaN,NaN,NaN,0.12622077763080597,0.16328759491443634,NaN,NaN,NaN,NaN,NaN,,true,NaN,NaN,NaN,none,,NaN,NaN,,,NaN,NaN,NaN,NaN,0.0,0.12622077763080597,,,draw,298,3,freekick,,298
Viborg,cftj6g399tknheudaxsdpfdgb,berfgdlh5tyb75ai98ym21tlg,1,2756833315,67,13,8,33,1,87.1,40.9,M. Westergaard,44.0,35.0,1.0,,Brabrand vs Viborg,2024-12-08,NaN,NaN,NaN,0.027912314981222153,0.0,NaN,NaN,NaN,NaN,NaN,,NaN,NaN,NaN,NaN,none,,true,NaN,,,NaN,NaN,NaN,NaN,2.0,0.027912314981222153,,,draw,513,2,freekick,,513
Viborg,cftj6g399tknheudaxsdpfdgb,berfgdlh5tyb75ai98ym21tlg,1,2756834867,77,15,8,35,1,95.5,41.7,J. Vester,45.0,35.0,NaN,,Brabrand vs Viborg,2024-12-08,NaN,NaN,NaN,0.10328684747219086,0.0,NaN,NaN,NaN,NaN,NaN,,NaN,NaN,NaN,NaN,none,,true,NaN,,,NaN,NaN,NaN,NaN,1.0,0.10328684747219086,,,draw,515,6,freekick,,515
Brabrand,2ix6guzfmcisiaevcss97rjek,berfgdlh5tyb75ai98ym21tlg,1,2756834945,81,13,11,41,1,78.4,58.5,J. Berwald,54.0,38.0,NaN,,Brabrand vs Viborg,2024-12-08,NaN,NaN,NaN,0.03443864360451698,0.0,NaN,NaN,NaN,NaN,NaN,,NaN,NaN,NaN,NaN,none,,NaN,NaN,,,NaN,NaN,NaN,NaN,0.0,0.03443864360451698,,,draw,701,5,throw_in,,701
Viborg,cftj6g399tknheudaxsdpfdgb,berfgdlh5tyb75ai98ym21tlg,1,2756837363,117,15,15,35,1,91.1,40.1,I. Näsberg,75.0,53.0,NaN,,Brabrand vs Viborg,2024-12-08,NaN,NaN,NaN,0.023503262549638748,0.05156300589442253,NaN,NaN,NaN,NaN,NaN,,NaN,NaN,NaN,NaN,none,,NaN,true,,,NaN,NaN,NaN,NaN,1.0,0.023503262549638748,,,draw,935,2,corner,,935
Viborg,cftj6g399tknheudaxsdpfdgb,berfgdlh5tyb75ai98ym21tlg,1,2756843465,189,13,25,59,1,95.2,53.4,A. Ementa,114.0,73.0,NaN,,Brabrand vs Viborg,2024-12-08,NaN,NaN,NaN,0.17588762938976288,0.0,NaN,NaN,NaN,NaN,NaN,,NaN,NaN,NaN,NaN,none,,NaN,true,,,NaN,NaN,NaN,NaN,3.0,0.17588762938976288,,,draw,1559,5,corner,,1559
Brabrand,2ix6guzfmcisiaevcss97rjek,berfgdlh5tyb75ai98ym21tlg,1,2756846945,231,15,31,43,1,97.2,66.4,D. Lundholm,138.0,84.0,NaN,,Brabrand vs Viborg,2024-12-08,NaN,NaN,NaN,0.03391062840819359,0.1108095720410347,NaN,NaN,NaN,NaN,NaN,,NaN,NaN,NaN,NaN,none,,NaN,NaN,,,NaN,NaN,NaN,NaN,4.0,0.03391062840819359,,,Brabrand,1903,6,throw_in,,1903
Viborg,cftj6g399tknheudaxsdpfdgb,berfgdlh5tyb75ai98ym21tlg,1,2756855439,299,13,42,20,1,85.3,35.2,M. Søndergaard,182.0,107.0,NaN,,Brabrand vs Viborg,2024-12-08,NaN,NaN,NaN,0.03471147641539574,0.0,NaN,NaN,NaN,NaN,NaN,,NaN,NaN,NaN,NaN,none,,NaN,true,,,NaN,NaN,NaN,NaN,0.0,0.03471147641539574,,,draw,2540,5,corner,,2540
Viborg,cftj6g399tknheudaxsdpfdgb,berfgdlh5tyb75ai98ym21tlg,2,2756886373,435,15,61,24,1,81.0,52.1,J. Mbom,257.0,156.0,NaN,,Brabrand vs Viborg,2024-12-08,NaN,NaN,NaN,0.07541326433420181,0.32227471470832825,NaN,NaN,NaN,NaN,NaN,,NaN,NaN,NaN,NaN,none,,NaN,NaN,,,NaN,NaN,NaN,NaN,0.0,0.07541326433420181,,,draw,3684,4,throw_in,,3684
Viborg,cftj6g399tknheudaxsdpfdgb,berfgdlh5tyb75ai98ym21tlg,2,2756887011,440,15,62,8,1,78.6,37.9,C. Nouck,260.0,156.0,NaN,,Brabrand vs Viborg,2024-12-08,NaN,NaN,NaN,0.016607260331511497,0.009718695655465126,NaN,NaN,NaN,NaN,NaN,,NaN,NaN,NaN,NaN,none,,NaN,true,,,NaN,NaN,NaN,NaN,1.0,0.016607260331511497,,,draw,3728,7,corner,,3728
Viborg,cftj6g399tknheudaxsdpfdgb,berfgdlh5tyb75ai98ym21tlg,2,2756898421,504,15,73,50,1,94.6,57.4,M. Westergaard,292.0,172.0,NaN,,Brabrand vs Viborg,2024-12-08,NaN,NaN,NaN,0.09999845176935196,0.0,NaN,NaN,NaN,NaN,NaN,,NaN,NaN,NaN,NaN,none,,true,NaN,,,NaN,NaN,NaN,NaN,0.0,0.09999845176935196,,,draw,4430,4,freekick,,4430
Viborg,cftj6g399tknheudaxsdpfdgb,berfgdlh5tyb75ai98ym21tlg,2,2756950123,640,15,80,10,1,84.2,47.3,L. Kirkegaard,314.0,184.0,NaN,,Brabrand vs Viborg,2024-12-08,NaN,NaN,NaN,0.0476,NaN,NaN,NaN,NaN,NaN,NaN,,NaN,NaN,NaN,NaN,none,,true,NaN,,,NaN,NaN,NaN,NaN,0.0,0.0476,,,draw,4810,3,freekick,,4810
Viborg,cftj6g399tknheudaxsdpfdgb,berfgdlh5tyb75ai98ym21tlg,2,2756952997,641,15,80,14,1,88.5,43.0,A. Ementa,315.0,184.0,NaN,,Brabrand vs Viborg,2024-12-08,NaN,NaN,NaN,0.060251615941524506,0.0,NaN,NaN,NaN,NaN,NaN,,NaN,NaN,NaN,NaN,none,,true,NaN,,,NaN,NaN,NaN,NaN,1.0,0.060251615941524506,,,draw,4814,7,freekick,,4814
Silkeborg,ahnt9ejgwj58ul8auzdvi3czf,be9gynvws2yw1ycq2lgr63g2c,1,2756987411,135,15,10,25,1,80.3,52.6,M. Larsen,36.0,21.0,NaN,NaN,Silkeborg vs AaB,2024-12-08,NaN,NaN,NaN,0.024824125692248344,0.0,NaN,NaN,NaN,NaN,NaN,NaN,NaN,NaN,NaN,NaN,none,,NaN,true,,,NaN,NaN,NaN,NaN,0.0,0.024824125692248344,,,draw,625,4,corner,,625
Silkeborg,ahnt9ejgwj58ul8auzdvi3czf,be9gynvws2yw1ycq2lgr63g2c,1,2757029963,405,15,42,28,1,81.5,53.2,P. Mattsson,120.0,79.0,NaN,NaN,Silkeborg vs AaB,2024-12-08,NaN,NaN,NaN,0.055544786155223846,0.0,NaN,NaN,NaN,NaN,NaN,NaN,NaN,NaN,NaN,NaN,none,,true,NaN,,,NaN,NaN,NaN,NaN,3.0,0.055544786155223846,,,draw,2548,9,freekick,,2548
Silkeborg,ahnt9ejgwj58ul8auzdvi3czf,be9gynvws2yw1ycq2lgr63g2c,1,2757030399,410,13,42,43,1,97.4,53.0,P. Rödin,122.0,79.0,NaN,NaN,Silkeborg vs AaB,2024-12-08,NaN,NaN,NaN,0.6370761394500732,0.0,NaN,NaN,NaN,NaN,NaN,NaN,NaN,NaN,NaN,NaN,none,,NaN,true,,,NaN,NaN,NaN,NaN,3.0,0.6370761394500732,,,draw,2563,3,corner,,2563
AaB,36g6ifzjliec1jqnbtf7yesme,be9gynvws2yw1ycq2lgr63g2c,2,2757106663,702,16,91,28,1,90.6,40.3,L. Kramer,248.0,158.0,NaN,NaN,Silkeborg vs AaB,2024-12-08,NaN,NaN,NaN,0.08531270176172256,0.6094092726707458,NaN,NaN,NaN,NaN,NaN,NaN,NaN,NaN,NaN,NaN,none,,NaN,NaN,,,NaN,NaN,NaN,NaN,0.0,0.08531270176172256,,,Silkeborg,5488,7,throw_in,,5488
Viborg,cftj6g399tknheudaxsdpfdgb,bgrrc4aysmdh5bbr22mueuq6s,1,2758465041,1001,15,22,19,1,91.8,49.9,N. Bürgy,73.0,48.0,NaN,NaN,Viborg vs Brabrand,2024-12-13,NaN,NaN,NaN,0.09260985255241394,0.0,NaN,NaN,NaN,NaN,NaN,NaN,NaN,NaN,NaN,NaN,none,,,true,,,NaN,NaN,NaN,NaN,3.0,0.09260985255241394,,,draw,1339,6,corner,,1339
Viborg,cftj6g399tknheudaxsdpfdgb,bgrrc4aysmdh5bbr22mueuq6s,1,2758396301,353,16,29,42,1,93.3,50.6,N. Bürgy,93.0,56.0,NaN,NaN,Viborg vs Brabrand,2024-12-13,NaN,NaN,NaN,0.1329953521490097,0.6979097127914429,NaN,NaN,NaN,NaN,NaN,NaN,NaN,NaN,NaN,NaN,none,,,true,,,NaN,NaN,NaN,NaN,1.0,0.1329953521490097,,,Viborg,1782,3,corner,,1782
Brabrand,2ix6guzfmcisiaevcss97rjek,bgrrc4aysmdh5bbr22mueuq6s,1,2758397017,209,15,31,34,1,90.7,70.6,R. Juul,98.0,57.0,NaN,NaN,Viborg vs Brabrand,2024-12-13,NaN,NaN,NaN,0.035167496651411057,0.0,NaN,NaN,NaN,NaN,NaN,NaN,NaN,NaN,NaN,NaN,none,,,NaN,,,NaN,NaN,NaN,NaN,1.0,0.035167496651411057,,,Viborg,1894,7,throw_in,,1894
Viborg,cftj6g399tknheudaxsdpfdgb,bgrrc4aysmdh5bbr22mueuq6s,2,2758434943,786,16,67,27,1,93.3,56.9,S. Berger,215.0,135.0,NaN,NaN,Viborg vs Brabrand,2024-12-13,NaN,NaN,NaN,0.13835136592388153,0.21355308592319489,NaN,NaN,NaN,NaN,NaN,NaN,NaN,NaN,NaN,NaN,none,,,true,,,NaN,NaN,NaN,NaN,0.0,0.13835136592388153,,,Viborg,4047,5,corner,,4047
Brabrand,2ix6guzfmcisiaevcss97rjek,bgrrc4aysmdh5bbr22mueuq6s,2,2758453069,610,15,87,38,1,87.4,37.1,H. Borup,275.0,170.0,NaN,NaN,Viborg vs Brabrand,2024-12-13,NaN,NaN,NaN,0.060152702033519745,0.0,NaN,NaN,NaN,NaN,NaN,NaN,NaN,NaN,NaN,NaN,none,,,true,,,NaN,NaN,NaN,NaN,0.0,0.060152702033519745,,,Viborg,5258,4,corner,,5258
AGF,5rz9enoyknpg8ji78za5b82p0,bf6gv9dhzmq6dnb7356ja9e6s,1,2759744825,150,15,17,59,1,83.0,59.7,G. Links,51.0,31.0,NaN,NaN,Brøndby vs AGF,2024-12-15,NaN,NaN,NaN,0.05765320733189583,0.0,NaN,NaN,NaN,NaN,NaN,NaN,NaN,NaN,NaN,NaN,nan,,NaN,NaN,,,NaN,NaN,NaN,NaN,0.0,0.05765320733189583,,,Brøndby,1079,9,throw_in,,1079
Brøndby,9qsmopgutr7ut5g6workk8w4i,bf6gv9dhzmq6dnb7356ja9e6s,1,2759748601,225,13,23,33,1,91.8,47.0,J. Rasmussen,64.0,36.0,NaN,NaN,Brøndby vs AGF,2024-12-15,NaN,NaN,NaN,0.08338495343923569,0.0,NaN,NaN,NaN,NaN,NaN,NaN,NaN,NaN,NaN,NaN,nan,,true,NaN,,,NaN,NaN,NaN,NaN,1.0,0.08338495343923569,,,Brøndby,1413,3,freekick,,1413
AGF,5rz9enoyknpg8ji78za5b82p0,bf6gv9dhzmq6dnb7356ja9e6s,2,2759802165,608,13,65,18,1,95.1,44.2,T. Mølgaard,184.0,108.0,NaN,NaN,Brøndby vs AGF,2024-12-15,NaN,NaN,NaN,0.12595222890377045,0.0,NaN,NaN,NaN,NaN,NaN,NaN,NaN,NaN,NaN,NaN,nan,,NaN,true,,,NaN,NaN,NaN,NaN,6.0,0.12595222890377045,,,Brøndby,3918,8,corner,,3918
Brøndby,9qsmopgutr7ut5g6workk8w4i,bf6gv9dhzmq6dnb7356ja9e6s,2,2759810377,710,16,76,35,1,89.0,56.4,N. Nartey,213.0,125.0,NaN,NaN,Brøndby vs AGF,2024-12-15,NaN,NaN,NaN,0.5005565881729126,0.681145966053009,NaN,NaN,NaN,NaN,NaN,NaN,true,NaN,NaN,NaN,nan,,NaN,NaN,,,NaN,NaN,NaN,NaN,8.0,0.5005565881729126,,,Brøndby,4595,6,throw_in,,4595
AGF,5rz9enoyknpg8ji78za5b82p0,bf6gv9dhzmq6dnb7356ja9e6s,2,2759813467,748,13,81,12,1,90.1,50.5,Y. Badji,228.0,134.0,NaN,NaN,Brøndby vs AGF,2024-12-15,NaN,NaN,NaN,0.1488184779882431,0.0,NaN,NaN,NaN,NaN,NaN,NaN,NaN,NaN,NaN,NaN,nan,,true,NaN,,,NaN,NaN,NaN,NaN,5.0,0.1488184779882431,,,Brøndby,4872,4,freekick,,4872
København,b3r6d8ydtmtjckam6pku9y400,bhy2pud51hyhhj18hmquq8jdg,1,2759584779,274,13,23,28,1,91.5,45.7,M. Garan'anga,75.0,59.0,NaN,NaN,København vs Kolding,2024-12-15,NaN,NaN,NaN,0.11122553050518036,0.0,NaN,NaN,NaN,NaN,NaN,NaN,NaN,NaN,NaN,NaN,none,,NaN,true,NaN,,NaN,NaN,NaN,NaN,1.0,0.11122553050518036,,,draw,1408,2,corner,,1408
København,b3r6d8ydtmtjckam6pku9y400,bhy2pud51hyhhj18hmquq8jdg,1,2759594019,359,15,32,55,1,91.7,60.5,M. Garan'anga,95.0,69.0,NaN,NaN,København vs Kolding,2024-12-15,NaN,NaN,NaN,0.01888393610715866,0.09515201300382614,NaN,NaN,NaN,NaN,NaN,NaN,NaN,NaN,NaN,NaN,none,,NaN,true,NaN,,NaN,NaN,NaN,NaN,4.0,0.01888393610715866,,,draw,1975,5,corner,,1975
København,b3r6d8ydtmtjckam6pku9y400,bhy2pud51hyhhj18hmquq8jdg,1,2759600139,393,15,37,25,1,79.3,84.8,M. Elyounoussi,105.0,75.0,NaN,NaN,København vs Kolding,2024-12-15,NaN,NaN,NaN,0.036181915551424026,0.0858093649148941,NaN,NaN,NaN,NaN,NaN,NaN,NaN,NaN,NaN,NaN,none,,NaN,NaN,true,,NaN,NaN,NaN,NaN,0.0,0.036181915551424026,,,draw,2245,1,freekick_shot,b3r6d8ydtmtjckam6pku9y400,2245
København,b3r6d8ydtmtjckam6pku9y400,bhy2pud51hyhhj18hmquq8jdg,2,2759644705,637,15,58,43,1,89.0,66.7,Robert Silva,168.0,115.0,NaN,NaN,København vs Kolding,2024-12-15,NaN,NaN,NaN,0.05647101253271103,0.0,NaN,NaN,NaN,NaN,NaN,NaN,NaN,NaN,NaN,NaN,none,,NaN,NaN,NaN,,NaN,NaN,NaN,NaN,8.0,0.05647101253271103,,,København,3523,6,throw_in,,3523
København,b3r6d8ydtmtjckam6pku9y400,bhy2pud51hyhhj18hmquq8jdg,2,2759646177,643,13,59,53,1,88.6,29.3,W. Clem,172.0,117.0,NaN,NaN,København vs Kolding,2024-12-15,NaN,NaN,NaN,0.02282782644033432,0.0,NaN,NaN,NaN,NaN,NaN,NaN,NaN,NaN,NaN,NaN,none,,true,NaN,NaN,,NaN,NaN,NaN,NaN,0.0,0.02282782644033432,,,København,3593,3,freekick,,3593
København,b3r6d8ydtmtjckam6pku9y400,bhy2pud51hyhhj18hmquq8jdg,2,2759673375,910,13,88,25,1,92.4,44.3,Gabriel Pereira,257.0,169.0,NaN,NaN,København vs Kolding,2024-12-15,NaN,NaN,NaN,0.05620981380343437,0.0,NaN,NaN,NaN,NaN,NaN,NaN,NaN,NaN,NaN,NaN,none,,NaN,true,NaN,,NaN,NaN,NaN,NaN,3.0,0.05620981380343437,,,København,5305,4,corner,,5305
Silkeborg,ahnt9ejgwj58ul8auzdvi3czf,bgcn6hsj5b8q7orlur0c5lc7o,1,2760044191,64,14,8,50,1,95.4,53.2,Pedro Ganchas,31.0,20.0,NaN,NaN,AaB vs Silkeborg,2024-12-16,NaN,NaN,NaN,0.20892935991287231,0.0,NaN,NaN,NaN,NaN,NaN,,NaN,NaN,NaN,NaN,nan,,true,NaN,NaN,,NaN,NaN,NaN,NaN,3.0,0.20892935991287231,,,AaB,530,4,freekick,,530
Silkeborg,ahnt9ejgwj58ul8auzdvi3czf,bgcn6hsj5b8q7orlur0c5lc7o,1,2760048693,210,13,24,4,1,74.8,44.2,P. Rödin,85.0,48.0,NaN,NaN,AaB vs Silkeborg,2024-12-16,NaN,NaN,NaN,0.02110559307038784,0.0,NaN,NaN,NaN,NaN,NaN,,NaN,NaN,NaN,NaN,nan,,NaN,true,NaN,,NaN,NaN,NaN,NaN,0.0,0.02110559307038784,,,AaB,1444,5,corner,,1444
AaB,36g6ifzjliec1jqnbtf7yesme,bgcn6hsj5b8q7orlur0c5lc7o,1,2760050549,306,13,30,24,1,86.5,37.2,O. Ross,103.0,59.0,NaN,NaN,AaB vs Silkeborg,2024-12-16,NaN,NaN,NaN,0.026450101286172867,0.0,NaN,NaN,NaN,NaN,NaN,,NaN,NaN,NaN,NaN,nan,,NaN,true,NaN,,NaN,NaN,NaN,NaN,0.0,0.026450101286172867,,,AaB,1824,5,corner,,1824
AaB,36g6ifzjliec1jqnbtf7yesme,bgcn6hsj5b8q7orlur0c5lc7o,2,2760062261,502,13,52,22,1,89.5,51.9,K. Jørgensen,171.0,98.0,NaN,NaN,AaB vs Silkeborg,2024-12-16,NaN,NaN,NaN,0.14284300804138184,0.0,NaN,NaN,NaN,NaN,NaN,,NaN,NaN,NaN,NaN,nan,,NaN,true,NaN,,NaN,NaN,NaN,NaN,2.0,0.14284300804138184,,,draw,3142,2,corner,,3142
AaB,36g6ifzjliec1jqnbtf7yesme,bgcn6hsj5b8q7orlur0c5lc7o,2,2760065293,585,13,62,3,1,73.8,59.7,K. Jørgensen,202.0,118.0,NaN,NaN,AaB vs Silkeborg,2024-12-16,NaN,NaN,NaN,0.05061881244182587,0.0,NaN,NaN,NaN,NaN,NaN,,NaN,NaN,NaN,NaN,nan,,NaN,NaN,true,,NaN,NaN,NaN,NaN,0.0,0.05061881244182587,,,Silkeborg,3723,1,freekick_shot,36g6ifzjliec1jqnbtf7yesme,3723
AaB,36g6ifzjliec1jqnbtf7yesme,bgcn6hsj5b8q7orlur0c5lc7o,2,2760066017,611,13,64,24,1,84.8,47.1,O. Ross,213.0,124.0,NaN,NaN,AaB vs Silkeborg,2024-12-16,NaN,NaN,NaN,0.033683907240629196,0.0,NaN,NaN,NaN,NaN,NaN,,NaN,NaN,NaN,NaN,nan,,NaN,true,NaN,,NaN,NaN,NaN,NaN,0.0,0.033683907240629196,,,Silkeborg,3864,3,corner,,3864
AaB,36g6ifzjliec1jqnbtf7yesme,bgcn6hsj5b8q7orlur0c5lc7o,2,2760069327,746,14,76,43,1,77.2,36.6,M. Jiménez,246.0,140.0,NaN,NaN,AaB vs Silkeborg,2024-12-16,NaN,NaN,NaN,0.0625816136598587,0.0,NaN,NaN,NaN,NaN,NaN,,NaN,NaN,NaN,NaN,nan,,NaN,NaN,true,,NaN,NaN,NaN,NaN,0.0,0.0625816136598587,,,Silkeborg,4603,1,freekick_shot,36g6ifzjliec1jqnbtf7yesme,4603
AaB,36g6ifzjliec1jqnbtf7yesme,bgcn6hsj5b8q7orlur0c5lc7o,2,2760070931,799,13,82,1,1,91.0,43.0,S. Otoa,257.0,146.0,NaN,NaN,AaB vs Silkeborg,2024-12-16,NaN,NaN,NaN,0.06459689140319824,0.0,NaN,NaN,NaN,NaN,NaN,,NaN,NaN,NaN,NaN,nan,,true,NaN,NaN,,NaN,NaN,NaN,NaN,3.0,0.06459689140319824,,,Silkeborg,4921,4,freekick,,4921
AaB,36g6ifzjliec1jqnbtf7yesme,bgcn6hsj5b8q7orlur0c5lc7o,2,2760074079,890,15,92,0,1,81.3,48.7,M. Bomholt,294.0,172.0,NaN,NaN,AaB vs Silkeborg,2024-12-16,NaN,NaN,NaN,0.053946830332279205,0.0,NaN,NaN,NaN,NaN,NaN,,NaN,NaN,NaN,NaN,nan,,NaN,true,NaN,,NaN,NaN,NaN,NaN,0.0,0.053946830332279205,,,Silkeborg,5520,4,corner,,5520
AaB,36g6ifzjliec1jqnbtf7yesme,bgcn6hsj5b8q7orlur0c5lc7o,2,2760074237,896,13,92,22,1,91.8,34.6,S. Otoa,296.0,172.0,NaN,NaN,AaB vs Silkeborg,2024-12-16,NaN,NaN,NaN,0.04961278289556503,0.0,NaN,NaN,NaN,NaN,NaN,,NaN,NaN,NaN,NaN,nan,,NaN,NaN,NaN,,NaN,NaN,NaN,NaN,2.0,0.04961278289556503,,,Silkeborg,5542,9,throw_in,,5542
AaB,36g6ifzjliec1jqnbtf7yesme,bgcn6hsj5b8q7orlur0c5lc7o,2,2760074681,900,13,93,28,1,88.6,58.3,O. Ross,299.0,172.0,NaN,NaN,AaB vs Silkeborg,2024-12-16,NaN,NaN,NaN,0.03458397090435028,0.0,NaN,NaN,NaN,NaN,NaN,,NaN,NaN,NaN,NaN,nan,,NaN,true,NaN,,NaN,NaN,NaN,NaN,0.0,0.03458397090435028,,,Silkeborg,5608,6,corner,,5608
Brøndby,9qsmopgutr7ut5g6workk8w4i,9i4nz1byqzs9qpccshyj0zfo4,1,2808327095,218,13,21,8,1,90.8,56.9,R. Lauritsen,56.0,47.0,NaN,NaN,Brøndby vs Silkeborg,2025-04-30,NaN,NaN,NaN,0.030742254108190536,0.0,NaN,NaN,NaN,NaN,NaN,,NaN,NaN,NaN,NaN,none,,NaN,true,NaN,NaN,NaN,NaN,NaN,NaN,4.0,0.030742254108190536,,,Silkeborg,1268,4,corner,,1268
Brøndby,9qsmopgutr7ut5g6workk8w4i,9i4nz1byqzs9qpccshyj0zfo4,1,2808331793,436,13,41,19,1,91.2,40.7,R. Lauritsen,110.0,86.0,NaN,NaN,Brøndby vs Silkeborg,2025-04-30,NaN,NaN,NaN,0.030138501897454262,0.0,NaN,NaN,NaN,NaN,NaN,,NaN,NaN,NaN,NaN,none,,true,NaN,NaN,NaN,NaN,NaN,NaN,NaN,10.0,0.030138501897454262,,,Silkeborg,2479,7,freekick,,2479
Brøndby,9qsmopgutr7ut5g6workk8w4i,9i4nz1byqzs9qpccshyj0zfo4,2,2808340971,672,15,60,56,1,79.2,54.3,D. Wass,179.0,133.0,NaN,NaN,Brøndby vs Silkeborg,2025-04-30,NaN,NaN,NaN,0.13508881628513336,0.1591385304927826,NaN,NaN,NaN,NaN,NaN,,NaN,NaN,NaN,NaN,none,,NaN,NaN,true,NaN,NaN,NaN,NaN,NaN,0.0,0.13508881628513336,,,Silkeborg,3656,1,freekick_shot,9qsmopgutr7ut5g6workk8w4i,3656
Brøndby,9qsmopgutr7ut5g6workk8w4i,9i4nz1byqzs9qpccshyj0zfo4,2,2808343323,774,15,72,5,1,89.5,46.9,J. Rasmussen,210.0,155.0,NaN,NaN,Brøndby vs Silkeborg,2025-04-30,NaN,NaN,NaN,0.035108331590890884,0.09920219331979752,NaN,NaN,NaN,NaN,NaN,,NaN,NaN,NaN,NaN,none,,NaN,true,NaN,NaN,NaN,NaN,NaN,NaN,3.0,0.035108331590890884,,,Silkeborg,4325,4,corner,,4325
København,b3r6d8ydtmtjckam6pku9y400,9hotsio5jqg2k3jdtaqbqfswk,1,2808574201,295,13,31,56,1,86.5,51.3,M. Garan'anga,83.0,51.0,NaN,NaN,Viborg vs København,2025-05-01,NaN,NaN,NaN,0.12699484825134277,0.0,NaN,NaN,NaN,NaN,NaN,NaN,NaN,,NaN,NaN,none,,,true,NaN,,NaN,NaN,NaN,NaN,0.0,0.12699484825134277,,,draw,1916,6,corner,,1916
Viborg,cftj6g399tknheudaxsdpfdgb,9hotsio5jqg2k3jdtaqbqfswk,1,2808575893,410,13,39,24,1,79.1,34.0,I. Jensen,103.0,62.0,NaN,NaN,Viborg vs København,2025-05-01,NaN,NaN,NaN,0.06514246761798859,0.0,NaN,NaN,NaN,NaN,NaN,NaN,NaN,,NaN,NaN,none,,,NaN,true,,NaN,NaN,NaN,NaN,0.0,0.06514246761798859,,,draw,2364,1,freekick_shot,cftj6g399tknheudaxsdpfdgb,2364
Viborg,cftj6g399tknheudaxsdpfdgb,9hotsio5jqg2k3jdtaqbqfswk,1,2808577083,476,13,45,35,1,85.9,80.7,Serginho,120.0,74.0,NaN,NaN,Viborg vs København,2025-05-01,NaN,NaN,NaN,0.044217389076948166,0.0,NaN,NaN,NaN,NaN,NaN,NaN,NaN,,NaN,NaN,none,,,NaN,true,,NaN,NaN,NaN,NaN,0.0,0.044217389076948166,,,draw,2735,1,freekick_shot,cftj6g399tknheudaxsdpfdgb,2735
Viborg,cftj6g399tknheudaxsdpfdgb,9hotsio5jqg2k3jdtaqbqfswk,2,2808590297,710,13,73,40,1,93.4,54.2,A. Ementa,196.0,122.0,NaN,NaN,Viborg vs København,2025-05-01,NaN,NaN,NaN,0.08473231643438339,0.0,NaN,NaN,NaN,NaN,NaN,NaN,NaN,,NaN,NaN,none,,,true,NaN,,NaN,NaN,NaN,NaN,1.0,0.08473231643438339,,,København,4420,2,corner,,4420
Viborg,cftj6g399tknheudaxsdpfdgb,9hotsio5jqg2k3jdtaqbqfswk,2,2808596237,786,13,83,9,1,85.6,51.7,Y. Njoh,219.0,134.0,NaN,NaN,Viborg vs København,2025-05-01,NaN,NaN,NaN,0.08637339621782303,0.0,NaN,NaN,NaN,NaN,NaN,NaN,NaN,,NaN,NaN,none,,,true,NaN,,NaN,NaN,NaN,NaN,0.0,0.08637339621782303,,,København,4989,4,corner,,4989
Silkeborg,ahnt9ejgwj58ul8auzdvi3czf,9iu1sk24cimfsn1gyfzaq8jdg,2,2811652895,635,15,52,32,1,90.2,30.7,T. Adamsen,131.0,81.0,NaN,NaN,Silkeborg vs Brøndby,2025-05-07,NaN,NaN,NaN,0.03573421761393547,0.0,NaN,NaN,NaN,NaN,NaN,NaN,NaN,NaN,NaN,NaN,none,,,true,NaN,,NaN,NaN,NaN,NaN,5.0,0.03573421761393547,,,draw,3152,6,corner,,3152
Brøndby,9qsmopgutr7ut5g6workk8w4i,9iu1sk24cimfsn1gyfzaq8jdg,2,2811653497,534,15,55,6,1,88.9,53.6,F. Alves,140.0,84.0,NaN,NaN,Silkeborg vs Brøndby,2025-05-07,NaN,NaN,NaN,0.022049808874726295,0.01724419929087162,NaN,NaN,NaN,NaN,NaN,NaN,NaN,NaN,NaN,NaN,none,,,true,NaN,,NaN,NaN,NaN,NaN,0.0,0.022049808874726295,,,draw,3306,4,corner,,3306
Brøndby,9qsmopgutr7ut5g6workk8w4i,9iu1sk24cimfsn1gyfzaq8jdg,2,2811656265,659,15,69,19,1,81.6,37.9,D. Wass,173.0,102.0,NaN,NaN,Silkeborg vs Brøndby,2025-05-07,NaN,NaN,NaN,0.09638169407844543,0.092118039727211,NaN,NaN,NaN,NaN,NaN,NaN,NaN,NaN,NaN,NaN,none,,,NaN,true,,NaN,NaN,NaN,NaN,0.0,0.09638169407844543,,,Silkeborg,4159,1,freekick_shot,9qsmopgutr7ut5g6workk8w4i,4159
Brøndby,9qsmopgutr7ut5g6workk8w4i,9iu1sk24cimfsn1gyfzaq8jdg,2,2811659143,834,15,82,13,1,84.4,59.7,C. Bischoff,218.0,130.0,NaN,NaN,Silkeborg vs Brøndby,2025-05-07,NaN,NaN,NaN,0.08101635426282883,0.2677536606788635,NaN,NaN,NaN,NaN,NaN,NaN,true,NaN,NaN,NaN,none,,,NaN,NaN,,NaN,NaN,NaN,NaN,0.0,0.08101635426282883,,,Silkeborg,4933,6,throw_in,,4933
København,b3r6d8ydtmtjckam6pku9y400,9iher1ovqyefux4dzvu3vqb6c,1,2811869341,128,13,11,0,1,78.4,32.5,M. López,36.0,28.0,NaN,NaN,København vs Viborg,2025-05-08,NaN,NaN,NaN,0.02097471058368683,0.0,NaN,NaN,NaN,NaN,NaN,,NaN,,NaN,NaN,none,,NaN,true,NaN,,NaN,NaN,NaN,NaN,1.0,0.02097471058368683,,,draw,660,8,corner,,660
Viborg,cftj6g399tknheudaxsdpfdgb,9iher1ovqyefux4dzvu3vqb6c,2,2811887549,688,13,65,20,1,73.2,50.2,I. Jensen,194.0,134.0,NaN,NaN,København vs Viborg,2025-05-08,NaN,NaN,NaN,0.04829861968755722,0.0,NaN,NaN,NaN,NaN,NaN,,NaN,,NaN,NaN,none,,NaN,NaN,true,,NaN,NaN,NaN,NaN,0.0,0.04829861968755722,,,København,3920,1,freekick_shot,cftj6g399tknheudaxsdpfdgb,3920
Viborg,cftj6g399tknheudaxsdpfdgb,9iher1ovqyefux4dzvu3vqb6c,2,2811889953,783,15,75,36,1,96.3,50.4,S. Radić,217.0,150.0,NaN,NaN,København vs Viborg,2025-05-08,NaN,NaN,NaN,0.56831955909729,0.7074196934700012,NaN,NaN,NaN,NaN,NaN,,NaN,,NaN,NaN,none,,true,NaN,NaN,,NaN,NaN,NaN,NaN,3.0,0.56831955909729,,,København,4536,4,freekick,,4536
København,b3r6d8ydtmtjckam6pku9y400,9iher1ovqyefux4dzvu3vqb6c,2,2811893287,844,13,90,19,1,75.1,43.4,G. Gocholeishvili,275.0,183.0,NaN,NaN,København vs Viborg,2025-05-08,NaN,NaN,NaN,0.026660066097974777,0.0,NaN,NaN,NaN,NaN,NaN,,NaN,,NaN,NaN,none,,NaN,NaN,NaN,,NaN,NaN,NaN,NaN,0.0,0.026660066097974777,,,København,5419,4,throw_in,,5419
Silkeborg,ahnt9ejgwj58ul8auzdvi3czf,xipj6qrbi8wyvls2e3o12xas,1,2819945805,131,15,11,6,1,86.8,44.8,Pedro Ganchas,29.0,11.0,NaN,NaN,København vs Silkeborg,2025-05-29,NaN,NaN,NaN,0.02974044531583786,0.0,NaN,NaN,NaN,NaN,NaN,,NaN,NaN,NaN,NaN,none,,true,NaN,NaN,,NaN,NaN,NaN,NaN,0.0,0.02974044531583786,,,København,666,5,freekick,,666
Silkeborg,ahnt9ejgwj58ul8auzdvi3czf,xipj6qrbi8wyvls2e3o12xas,1,2819949029,244,15,31,42,1,77.0,67.8,M. Freundlich,89.0,47.0,NaN,NaN,København vs Silkeborg,2025-05-29,NaN,NaN,NaN,0.02985105849802494,0.0,NaN,NaN,NaN,NaN,NaN,,NaN,NaN,NaN,NaN,none,,NaN,true,NaN,,NaN,NaN,NaN,NaN,5.0,0.02985105849802494,,,København,1902,5,corner,,1902
København,b3r6d8ydtmtjckam6pku9y400,xipj6qrbi8wyvls2e3o12xas,1,2819950193,380,16,37,8,1,80.6,53.4,M. Elyounoussi,101.0,54.0,NaN,NaN,København vs Silkeborg,2025-05-29,NaN,NaN,NaN,0.1362248659133911,0.6863043904304504,NaN,NaN,NaN,NaN,NaN,,NaN,NaN,NaN,NaN,none,,NaN,NaN,true,,NaN,NaN,NaN,NaN,0.0,0.1362248659133911,,,København,2228,1,freekick_shot,b3r6d8ydtmtjckam6pku9y400,2228
København,b3r6d8ydtmtjckam6pku9y400,xipj6qrbi8wyvls2e3o12xas,2,2819964571,835,13,76,24,1,87.0,51.1,V. Froholdt,207.0,110.0,NaN,NaN,København vs Silkeborg,2025-05-29,NaN,NaN,NaN,0.10872948169708252,0.0,NaN,NaN,NaN,NaN,NaN,,NaN,NaN,NaN,NaN,none,,NaN,true,NaN,,NaN,NaN,NaN,NaN,0.0,0.10872948169708252,,,København,4584,3,corner,,4584
Silkeborg,ahnt9ejgwj58ul8auzdvi3czf,xipj6qrbi8wyvls2e3o12xas,2,2819968943,729,13,88,15,1,75.6,38.5,J. Nielsen,246.0,129.0,NaN,NaN,København vs Silkeborg,2025-05-29,NaN,NaN,NaN,0.009233980439603329,0.0,NaN,NaN,NaN,NaN,NaN,,NaN,NaN,NaN,NaN,none,,NaN,true,NaN,,NaN,NaN,NaN,NaN,0.0,0.009233980439603329,,,København,5295,3,corner,,5295
Silkeborg,ahnt9ejgwj58ul8auzdvi3czf,xipj6qrbi8wyvls2e3o12xas,2,2819970403,792,15,93,37,1,89.9,45.9,A. Simmelhack,266.0,141.0,NaN,NaN,København vs Silkeborg,2025-05-29,NaN,NaN,NaN,0.02737221121788025,0.0,NaN,NaN,NaN,NaN,NaN,,NaN,NaN,NaN,NaN,none,,NaN,true,NaN,,NaN,NaN,NaN,NaN,3.0,0.02737221121788025,,,København,5617,2,corner,,5617
Skive,9cuy8yghppp5og6wr6fnn5105,8m07l4vre732ys7d8pkzocavo,2,2745268551,577,16,86,57,1,88.5,50.0,M. Staghøj Huldahl,272.0,161.0,NaN,NaN,Skive vs AGF,2024-11-07,NaN,NaN,NaN,0.7884,0.6024873852729797,NaN,NaN,NaN,NaN,NaN,,NaN,,NaN,NaN,true,,NaN,NaN,,,NaN,NaN,NaN,NaN,0.0,0.7884,,,draw,5217,1,penalty,Skive,5217
