id,firstName,lastName,shortFirstName,shortLastName,gender,matchName,nationality,nationalityId,position,type,dateOfBirth,countryOfBirth,countryOfBirthId,height,shirtNumber,status,active,secondNationality,secondNationalityId,placeOfBirth,weight,foot,knownName
14lm8eil6ns7r5grg62kr4fhm,Yann Emmanuel,Affi,Yann,Affi,Male,Y. Affi,Côte d'Ivoire,tin6kf561ywonqan0mettr98,Defender,player,1995-11-11,Côte d'Ivoire,tin6kf561ywonqan0mettr98,185.0,5.0,active,no,NaN,NaN,NaN,NaN,NaN,NaN
18mp8pudfnqhi7n6vix038rmx,Magnus,Breitenmoser,Magnus,Breitenmoser,Male,M. Breitenmoser,Switzerland,3bh70jgvc5mn58x0byjkuda17,Midfielder,player,1998-08-06,Switzerland,3bh70jgvc5mn58x0byjkuda17,183.0,44.0,active,no,Kenya,7bj2q2zb0n47lb9g55dnvfr2s,Wil,68.0,right,NaN
1s5o68av3fr18by5wv21hx3pw,Eemil,Merikanto,Eemil,Merikanto,Male,E. Merikanto,Finland,2u07e54v5dprsugdvddpq5ync,Midfielder,player,2005-08-03,Finland,2u07e54v5dprsugdvddpq5ync,176.0,38.0,active,yes,NaN,NaN,NaN,NaN,right,NaN
2e1d6ujeubsrssw7163cxysb9,Rony,Huhtala,Rony,Huhtala,Male,R. Huhtala,Finland,2u07e54v5dprsugdvddpq5ync,Attacker,player,1998-06-08,Finland,2u07e54v5dprsugdvddpq5ync,NaN,24.0,active,no,NaN,NaN,NaN,NaN,NaN,NaN
2gs163iibbpx1tsayfd626w6i,Nuutti,Kaikkonen,Nuutti,Kaikkonen,Male,N. Kaikkonen,Finland,2u07e54v5dprsugdvddpq5ync,Goalkeeper,player,2003-04-10,Finland,2u07e54v5dprsugdvddpq5ync,NaN,27.0,active,yes,NaN,NaN,NaN,NaN,NaN,NaN
3ct874dkjkvjo3pf399gm9dgq,Ashley Mark,Coffey,Ashley,Coffey,Male,A. Coffey,England,1fk5l4hkqk12i7zske6mcqju6,Attacker,player,1993-12-01,England,1fk5l4hkqk12i7zske6mcqju6,191.0,9.0,active,yes,NaN,NaN,NaN,NaN,NaN,NaN
3f8e83iojsiw1lfve95cr3aei,Hamed Karamoko,Dramé,Hamed,Dramé,Male,H. Dramé,France,7gww28djs405rfga69smki84o,Defender,player,2001-06-13,France,7gww28djs405rfga69smki84o,193.0,4.0,active,no,Mali,d0v29nncgikdswlxpdq553zz,NaN,NaN,NaN,NaN
3wzdbzmo0lifo3xsz7zxicvvu,Eemeli,Raittinen,Eemeli,Raittinen,Male,E. Raittinen,Finland,2u07e54v5dprsugdvddpq5ync,Attacker,player,2000-02-03,Finland,2u07e54v5dprsugdvddpq5ync,NaN,47.0,active,no,NaN,NaN,NaN,NaN,NaN,NaN
4147llewjlwzb4os4mhdz3qzu,Lasse,Ikonen,Lasse,Ikonen,Male,L. Ikonen,Finland,2u07e54v5dprsugdvddpq5ync,Midfielder,player,2003-01-19,USA,7hr2f89v44y65dyu9k92vprwn,NaN,26.0,active,no,USA,7hr2f89v44y65dyu9k92vprwn,NaN,NaN,NaN,NaN
48gi7n02q9rxj7u3ki0cp17o4,Otso Urho,Eemil Liimatta,Otso,Liimatta,Male,O. Liimatta,Finland,2u07e54v5dprsugdvddpq5ync,Midfielder,player,2004-07-10,Finland,2u07e54v5dprsugdvddpq5ync,169.0,20.0,active,no,NaN,NaN,NaN,63.0,right,NaN
4aoegh7yokqb5ix45ruvqjalm,Jere,Kallinen,Jere,Kallinen,Male,J. Kallinen,Finland,2u07e54v5dprsugdvddpq5ync,Midfielder,player,2002-01-10,Finland,2u07e54v5dprsugdvddpq5ync,NaN,8.0,active,yes,NaN,NaN,NaN,NaN,NaN,NaN
4mhtjihst9rhmz08jam74ry8k,Santtu,Seppänen,Santtu,Seppänen,Male,S. Seppänen,Finland,2u07e54v5dprsugdvddpq5ync,Attacker,player,2003-06-02,Finland,2u07e54v5dprsugdvddpq5ync,183.0,41.0,active,no,NaN,NaN,NaN,80.0,NaN,NaN
4votdnyh0srvboatz6a20d5p0,Julius,Paananen,Julius,Paananen,Male,J. Paananen,Finland,2u07e54v5dprsugdvddpq5ync,Midfielder,player,2006-11-26,Finland,2u07e54v5dprsugdvddpq5ync,185.0,71.0,active,yes,NaN,NaN,NaN,75.0,NaN,Julius Paananen
5zhkuwxgl4jj4lwqevpngsqqy,Onni,Suutari,Onni,Suutari,Male,O. Suutari,Finland,2u07e54v5dprsugdvddpq5ync,Attacker,player,2003-04-29,Finland,2u07e54v5dprsugdvddpq5ync,NaN,19.0,active,no,NaN,NaN,NaN,NaN,NaN,NaN
61ib1kknf11ab4v4f1magyu39,Daniel John,Barrow,Danny,Barrow,Male,D. Barrow,Wales,26ilvvgth36hmq6lgq8cy5cb5,Attacker,player,1995-11-16,England,1fk5l4hkqk12i7zske6mcqju6,170.0,18.0,active,no,England,1fk5l4hkqk12i7zske6mcqju6,Braunton,66.0,NaN,NaN
64t5fuxve6fbffwqeny1fyvbo,Eelis,Taskila,Eelis,Taskila,Male,E. Taskila,Finland,2u07e54v5dprsugdvddpq5ync,Defender,player,2004-10-02,Finland,2u07e54v5dprsugdvddpq5ync,NaN,25.0,active,yes,NaN,NaN,NaN,NaN,NaN,NaN
6iaatd2dm4kz1fosqzkkwyrqh,Claudio Lucas,Morais Ferreira dos Santos,Claudio Lucas,Morais Ferreira dos Santos,Male,Luquinhas,Brazil,2vufyvpoxd9lfl9f6vpp7tz6y,Attacker,player,1997-04-22,Brazil,2vufyvpoxd9lfl9f6vpp7tz6y,175.0,10.0,active,no,NaN,NaN,NaN,62.0,NaN,Luquinhas
72tb0ziqelxa34r6brog1ndp0,Ricardo Filipe,Lima Duarte,Ricardo Filipe,Lima Duarte,Male,Ricardo Duarte,Portugal,1nbm5i9a0403zzvltn17lxinc,NaN,coach,1980-02-12,Portugal,1nbm5i9a0403zzvltn17lxinc,NaN,NaN,active,no,NaN,NaN,NaN,NaN,NaN,Ricardo Duarte
7glr1eur910fj5b5fg743job9,Rasmus Joonatan,Karjalainen,Rasmus,Karjalainen,Male,R. Karjalainen,Finland,2u07e54v5dprsugdvddpq5ync,Attacker,player,1996-04-04,Finland,2u07e54v5dprsugdvddpq5ync,185.0,7.0,active,no,NaN,NaN,Oulu,79.0,right,NaN
818ngmk0u0iqzv4j93yj97aad,Riku,Selander,Riku,Selander,Male,R. Selander,Finland,2u07e54v5dprsugdvddpq5ync,Midfielder,player,1994-11-22,Finland,2u07e54v5dprsugdvddpq5ync,NaN,6.0,active,no,NaN,NaN,NaN,NaN,NaN,NaN
965y7z513tlxlsc19helfdffu,Tony,Miettinen,Tony,Miettinen,Male,T. Miettinen,Finland,2u07e54v5dprsugdvddpq5ync,Defender,player,2002-09-23,Finland,2u07e54v5dprsugdvddpq5ync,NaN,4.0,active,no,Kenya,7bj2q2zb0n47lb9g55dnvfr2s,NaN,NaN,NaN,NaN
97hjnf61dy1t9lb9l9rpt0tg4,Daniel,Heikkinen,Daniel,Heikkinen,Male,D. Heikkinen,Finland,2u07e54v5dprsugdvddpq5ync,Midfielder,player,2002-12-16,Finland,2u07e54v5dprsugdvddpq5ync,NaN,22.0,active,no,Wales,26ilvvgth36hmq6lgq8cy5cb5,NaN,NaN,NaN,NaN
9iqrojw1zas7uwcubiwbzmns9,Yassin,Daoussi,Yassin,Daoussi,Male,Y. Daoussi,Finland,2u07e54v5dprsugdvddpq5ync,Defender,player,2000-06-02,Finland,2u07e54v5dprsugdvddpq5ync,173.0,23.0,active,yes,Morocco,2xdcc39z1k79pnjbtn9x31wdh,NaN,74.0,NaN,NaN
9o8va0z1xn7s8zrj2dvxf2pk9,Maximus Mikael,Tainio,Maximus,Tainio,Male,M. Tainio,Finland,2u07e54v5dprsugdvddpq5ync,Midfielder,player,2001-05-24,France,7gww28djs405rfga69smki84o,NaN,29.0,active,no,NaN,NaN,Auxerre,NaN,NaN,NaN
9pl6dyzxuwd7w05a25o3m4l5g,Juuso,Polvi,Juuso,Polvi,Male,J. Polvi,Finland,2u07e54v5dprsugdvddpq5ync,Midfielder,player,2005-04-26,Finland,2u07e54v5dprsugdvddpq5ync,172.0,NaN,active,no,NaN,NaN,NaN,66.0,right,NaN
9rle4eqj5q7d4y7hgu570vgfd,Niklas,Jokelainen,Niklas,Jokelainen,Male,N. Jokelainen,Finland,2u07e54v5dprsugdvddpq5ync,Midfielder,player,2000-03-30,Finland,2u07e54v5dprsugdvddpq5ync,181.0,14.0,active,yes,NaN,NaN,NaN,73.0,NaN,NaN
9ylwdjiz74zqeqdymu5q1qehh,Rauno,Ojanen,Rauno,Ojanen,Male,R. Ojanen,Finland,2u07e54v5dprsugdvddpq5ync,NaN,coach,1965-03-19,Finland,2u07e54v5dprsugdvddpq5ync,NaN,NaN,active,no,NaN,NaN,NaN,NaN,NaN,NaN
acep4dvt34dsgzyqm795xzzrp,Juhani,Pennanen,Juhani,Pennanen,Male,J. Pennanen,Finland,2u07e54v5dprsugdvddpq5ync,Goalkeeper,player,1993-02-19,Finland,2u07e54v5dprsugdvddpq5ync,180.0,1.0,active,no,NaN,NaN,NaN,75.0,NaN,NaN
bdd32jmme979mcc0sim42uq96,Yanga,Baliso,Yanga,Baliso,Male,Y. Baliso,South Africa,1kiwby3xmt97m3ejw76qs4i6k,Midfielder,player,1997-03-27,South Africa,1kiwby3xmt97m3ejw76qs4i6k,NaN,16.0,active,no,NaN,NaN,NaN,NaN,NaN,NaN
bkvxt1eyave1tfr317ves7gbu,Joona,Lohela,Joona,Lohela,Male,J. Lohela,Finland,2u07e54v5dprsugdvddpq5ync,Defender,player,2004-05-11,Finland,2u07e54v5dprsugdvddpq5ync,NaN,NaN,active,no,NaN,NaN,NaN,NaN,NaN,NaN
bzbj4tjuoureivnpdph97qtey,Alexander,Forsström,Alexander,Forsström,Male,A. Forsström,Finland,2u07e54v5dprsugdvddpq5ync,Defender,player,2000-09-23,Finland,2u07e54v5dprsugdvddpq5ync,NaN,63.0,active,yes,NaN,NaN,NaN,NaN,NaN,NaN
c3fc1hxuhutchilwclikdzoyc,Eetu,Saarela,Eetu,Saarela,Male,E. Saarela,Finland,2u07e54v5dprsugdvddpq5ync,Defender,player,2006-04-24,Finland,2u07e54v5dprsugdvddpq5ync,185.0,NaN,active,yes,NaN,NaN,NaN,70.0,NaN,NaN
c9a0owmk742hzaoxqlmxrruju,Noah,Pallas,Noah,Pallas,Male,N. Pallas,Finland,2u07e54v5dprsugdvddpq5ync,Defender,player,2001-02-09,Finland,2u07e54v5dprsugdvddpq5ync,NaN,30.0,active,no,NaN,NaN,NaN,NaN,NaN,NaN
cc8ibg2zd4dy9fhyb3hd810id,Cristian Camilo,Valencia Cífuentes,Cristian,Valencia,Male,C. Valencia,Colombia,6kby8rq1p01fg5ds38ckkrcs5,Defender,player,1991-12-04,Colombia,6kby8rq1p01fg5ds38ckkrcs5,186.0,15.0,active,no,NaN,NaN,Villavicencio,85.0,right,NaN
cwwa256pgrifpcrbxjq27ui38,Elias,Collin,Elias,Collin,Male,E. Collin,Finland,2u07e54v5dprsugdvddpq5ync,Defender,player,2003-09-12,Finland,2u07e54v5dprsugdvddpq5ync,NaN,2.0,active,no,NaN,NaN,NaN,NaN,NaN,NaN
d7fbq3piag375ujo9q9njqq6s,Danila,Bulgakov,Danila,Bulgakov,Male,D. Bulgakov,Finland,2u07e54v5dprsugdvddpq5ync,Attacker,player,2005-01-20,Russia,7kfg68kh6n16fs4ap3xjiudr,179.0,43.0,active,no,Russia,7kfg68kh6n16fs4ap3xjiudr,NaN,65.0,NaN,NaN
emm3t5nn22co95xzp49nie9lg,Rene,Kähkönen,Rene,Kähkönen,Male,R. Kähkönen,Finland,2u07e54v5dprsugdvddpq5ync,Attacker,player,2006-01-13,Finland,2u07e54v5dprsugdvddpq5ync,182.0,67.0,active,yes,NaN,NaN,NaN,67.0,right,NaN
ep864y82xcvlf6m5itywzq8ve,Calum Brian Joseph,Ward,Calum,Ward,Male,C. Ward,England,1fk5l4hkqk12i7zske6mcqju6,Goalkeeper,player,2000-10-17,England,1fk5l4hkqk12i7zske6mcqju6,NaN,35.0,active,yes,Republic of Ireland,63nepb66un7juhglo2g6rezcl,Essex,NaN,NaN,NaN
l5c2lv6o8sxir62unjclujca,Nestori,Kekonen,Nestori,Kekonen,Male,N. Kekonen,Finland,2u07e54v5dprsugdvddpq5ync,Midfielder,player,2003-02-02,Finland,2u07e54v5dprsugdvddpq5ync,NaN,NaN,active,no,NaN,NaN,NaN,NaN,NaN,NaN
18r82tlqmziv1einyrx0hptxx,Atte,Sihvonen,Atte,Sihvonen,Male,A. Sihvonen,Finland,2u07e54v5dprsugdvddpq5ync,Midfielder,player,1996-02-18,Finland,2u07e54v5dprsugdvddpq5ync,NaN,6.0,active,no,NaN,NaN,NaN,NaN,NaN,NaN
1p8qp744v6uor8li9wfcwi0dm,Aatu Aabraham,Hakala,Aatu,Hakala,Male,A. Hakala,Finland,2u07e54v5dprsugdvddpq5ync,Goalkeeper,player,2000-07-28,Finland,2u07e54v5dprsugdvddpq5ync,182.0,12.0,active,no,NaN,NaN,NaN,NaN,NaN,NaN
1wj9u8ukqwj38nxzljd0df7u2,Haik,Moussakhanian,Haik,Moussakhanian,Male,H. Moussakhanian,France,7gww28djs405rfga69smki84o,Midfielder,player,1998-03-20,Belarus,2vn7xzv9g752y1h5ufjzr27i8,189.0,2.0,active,no,NaN,NaN,Minsk,75.0,right,NaN
2n0cx1xkaek2u2g9fx7txnpat,Logan Tipene,Rogerson,Logan,Rogerson,Male,L. Rogerson,New Zealand,wcq2y28a27syx5do1k2i2nj8,Attacker,player,1998-05-28,New Zealand,wcq2y28a27syx5do1k2i2nj8,182.0,11.0,active,no,NaN,NaN,Hamilton,70.0,right,NaN
2nu8v4cu15ma1awi48h2og3bp,Eero-Matti,Auvinen,Eero-Matti,Auvinen,Male,E. Auvinen,Finland,2u07e54v5dprsugdvddpq5ync,Defender,player,1996-03-05,Finland,2u07e54v5dprsugdvddpq5ync,NaN,4.0,active,no,NaN,NaN,NaN,NaN,NaN,NaN
2tc3862mtexnb52r6s468x7v8,Tuukka Matti Eemeli,Törmä,Tuukka,Törmä,Male,T. Törmä,Finland,2u07e54v5dprsugdvddpq5ync,Midfielder,player,2005-11-20,Finland,2u07e54v5dprsugdvddpq5ync,NaN,NaN,active,no,NaN,NaN,NaN,NaN,NaN,NaN
2txqe570i21c5b88pnu99vx1w,Fallou,Ndiaye,Fallou,Ndiaye,Male,F. Ndiaye,Senegal,6hhqyhr5cwq2pfprlazyposyk,Defender,player,2001-11-10,Senegal,6hhqyhr5cwq2pfprlazyposyk,192.0,5.0,active,no,NaN,NaN,Leona Thiaroye,NaN,right,NaN
3900qcbovjanpy0hgputj5o89,Ossi-Pekka Juhani,Virta,Ossi,Virta,Male,O. Virta,Finland,2u07e54v5dprsugdvddpq5ync,NaN,assistant coach,1988-07-09,Finland,2u07e54v5dprsugdvddpq5ync,NaN,NaN,active,no,NaN,NaN,NaN,NaN,NaN,NaN
3lelborva9v0voewss7cne0ru,Tiemoko,Fofana,Tiemoko,Fofana,Male,T. Fofana,Côte d'Ivoire,tin6kf561ywonqan0mettr98,Attacker,player,1999-10-22,Côte d'Ivoire,tin6kf561ywonqan0mettr98,180.0,13.0,active,no,NaN,NaN,Abidjan,NaN,right,NaN
3m0agj7hyb8d5u1qx77s6xjbo,Felix Alvar Olavi,Lehtinen,Felix,Lehtinen,Male,F. Lehtinen,Finland,2u07e54v5dprsugdvddpq5ync,Goalkeeper,player,2003-07-19,Finland,2u07e54v5dprsugdvddpq5ync,NaN,32.0,active,no,NaN,NaN,NaN,NaN,NaN,NaN
3w17p9bq9tagjph173q9jaicq,Janne-Pekka,Samuli Laine,Janne-Pekka,Laine,Male,J. Laine,Finland,2u07e54v5dprsugdvddpq5ync,Midfielder,player,2001-01-25,Finland,2u07e54v5dprsugdvddpq5ync,184.0,17.0,active,no,NaN,NaN,Tampere,NaN,right,NaN
4t594st0kpzsc4icb9g1feoes,Konsta Olavi,Mervelä,Konsta,Mervelä,Male,K. Mervelä,Finland,2u07e54v5dprsugdvddpq5ync,Defender,player,2004-03-24,Finland,2u07e54v5dprsugdvddpq5ync,NaN,NaN,active,no,NaN,NaN,NaN,NaN,NaN,NaN
5ghh71ix7lnta7fz3mp0w0zpx,Anton Simo Sakari,Lepola,Anton,Lepola,Male,A. Lepola,Finland,2u07e54v5dprsugdvddpq5ync,Goalkeeper,player,1996-07-24,Finland,2u07e54v5dprsugdvddpq5ync,NaN,1.0,active,yes,NaN,NaN,NaN,NaN,NaN,NaN
5qmjj65z1m3yadfj6xnplt6uh,Tino,Purme,Tino,Purme,Male,T. Purme,Finland,2u07e54v5dprsugdvddpq5ync,Midfielder,player,1998-03-14,Finland,2u07e54v5dprsugdvddpq5ync,NaN,15.0,active,no,NaN,NaN,NaN,NaN,NaN,NaN
5rkrxw1bo6gc76fek39yvcs89,Jesús Alberto,Alvarado Morín,Alberto,Alvarado Morin,Male,J. Alvarado,Mexico,5trdr3jf42i20zj1hnkvcytr6,Attacker,player,1988-10-04,Mexico,5trdr3jf42i20zj1hnkvcytr6,189.0,13.0,active,no,NaN,NaN,Municipio De Múzquiz,82.0,right,NaN
7b1m6i07rpuyptsf0og392smi,Vigori Jean-Jaurès,Gbe,Vigori,Gbe,Male,V. Gbe,Côte d'Ivoire,tin6kf561ywonqan0mettr98,Defender,player,2002-02-10,Côte d'Ivoire,tin6kf561ywonqan0mettr98,170.0,2.0,active,no,NaN,NaN,Man,NaN,right,NaN
7opidzh1102tdak5yppjzrs44,Thomas Toivo,Saarinen,Thomas,Saarinen,Male,T. Saarinen,Finland,2u07e54v5dprsugdvddpq5ync,Defender,player,2004-01-20,Finland,2u07e54v5dprsugdvddpq5ync,NaN,24.0,active,no,NaN,NaN,NaN,NaN,NaN,NaN
7pnmkd2s7cca2p00x7ny98st1,Niklas,Friberg,Niklas,Friberg,Male,N. Friberg,Finland,2u07e54v5dprsugdvddpq5ync,Defender,player,1996-03-14,Finland,2u07e54v5dprsugdvddpq5ync,182.0,3.0,active,yes,NaN,NaN,NaN,NaN,NaN,NaN
889febaq7j9tfesznosrzhkru,Kristian Aleksi,Yli-Hietanen,Kristian,Yli-Hietanen,Male,K. Yli-Hietanen,Finland,2u07e54v5dprsugdvddpq5ync,Attacker,player,1996-05-31,Canada,1iaoypzp6syf32cz9l15pzp7e,NaN,23.0,active,no,Canada,1iaoypzp6syf32cz9l15pzp7e,North Vancouver,NaN,NaN,NaN
8lsn15x84slm43dsfr5s9edhx,Haymenn,Bah-Traoré,Haymenn,Bah-Traoré,Male,H. Bah-Traoré,Togo,3jiuckrqd0zejkm452st5dyq7,Defender,player,1997-06-12,Germany,36min0qztu8eydwvpv8t1is0m,175.0,21.0,active,yes,Germany,36min0qztu8eydwvpv8t1is0m,Essen,77.0,right,NaN
9b55fbg95r1ot2bs1fpz41uui,Mohammed El Mehdi,Boukassi,Mehdi,Boukassi,Male,M. Boukassi,Algeria,1ayprcriqhb8iv10ch70clppu,Midfielder,player,1996-06-15,Algeria,1ayprcriqhb8iv10ch70clppu,183.0,19.0,active,no,NaN,NaN,Sidi Bel Abbès,NaN,NaN,NaN
9euzn9qp3ondehnyqojcvog0k,Ryan,Mahuta,Ryan,Mahuta,Male,R. Mahuta,Finland,2u07e54v5dprsugdvddpq5ync,Defender,player,2002-07-07,Finland,2u07e54v5dprsugdvddpq5ync,182.0,18.0,active,yes,Congo DR,6xq2smnxqvc5bh7vzza9ljiy9,NaN,NaN,left,NaN
aep88zwjh79qwbspe3k97yqc5,Juan Eduardo,Lescano,Juan,Lescano,Male,J. Lescano,Argentina,2vovxa97k7v7ofa85dah2xktb,Attacker,player,1992-10-29,Argentina,2vovxa97k7v7ofa85dah2xktb,187.0,9.0,active,no,NaN,NaN,Buenos Aires,79.0,right,NaN
aigmy78z3jfpwi8yp8bnvjmqd,Tuure,Siira,Tuure,Siira,Male,T. Siira,Finland,2u07e54v5dprsugdvddpq5ync,Midfielder,player,1994-10-25,Finland,2u07e54v5dprsugdvddpq5ync,NaN,8.0,active,yes,NaN,NaN,Oulu,NaN,NaN,NaN
c5xcmwzyq3g1tvtyj8i5ud65m,Anthony Dwight,Herbert,Anthony,Herbert,Male,A. Herbert,Trinidad and Tobago,635ed0499golbw7h62vt7g53j,Defender,player,1998-04-18,USA,7hr2f89v44y65dyu9k92vprwn,195.0,25.0,active,no,USA,7hr2f89v44y65dyu9k92vprwn,New York,84.0,left,NaN
c9xncrbr9ov04ghaupwvl21p0,Eemeli,Mäkelä,Eemeli,Mäkelä,Male,E. Mäkelä,Finland,2u07e54v5dprsugdvddpq5ync,Midfielder,player,1999-06-22,Finland,2u07e54v5dprsugdvddpq5ync,NaN,NaN,active,yes,NaN,NaN,NaN,NaN,NaN,NaN
ciursygt8i2deeszjdebb28yx,Elias,Mastokangas,Elias,Mastokangas,Male,E. Mastokangas,Finland,2u07e54v5dprsugdvddpq5ync,Midfielder,player,2001-02-01,Finland,2u07e54v5dprsugdvddpq5ync,NaN,28.0,active,yes,NaN,NaN,NaN,NaN,NaN,NaN
cyuhgxz2kypbjciyxf09hlv6c,Alexander,Wessberg,Alexander,Wessberg,Male,A. Wessberg,Finland,2u07e54v5dprsugdvddpq5ync,Unknown,player,NaN,Finland,2u07e54v5dprsugdvddpq5ync,NaN,NaN,active,no,NaN,NaN,NaN,NaN,NaN,NaN
damazw23a3uhaohsrzhxop2hh,Ngando Henri,Malundama,Henri,Malundama,Male,H. Malundama,Finland,2u07e54v5dprsugdvddpq5ync,Defender,player,1995-06-08,Finland,2u07e54v5dprsugdvddpq5ync,177.0,20.0,active,no,Cameroon,4eb9feio6u267dd1jcwaf38mt,NaN,NaN,left,NaN
dbrfot0rx4d2an42rmfjpybys,Oiva Olavi,Laaksonen,Oiva,Laaksonen,Male,O. Laaksonen,Finland,2u07e54v5dprsugdvddpq5ync,Attacker,player,2003-09-19,Finland,2u07e54v5dprsugdvddpq5ync,NaN,16.0,active,no,NaN,NaN,NaN,NaN,NaN,NaN
dugvrmny1duc2tc7s08jje57t,Oliver Edward,Brymer Whyte,Oliver,Whyte,Male,O. Whyte,New Zealand,wcq2y28a27syx5do1k2i2nj8,Attacker,player,2000-01-20,New Zealand,wcq2y28a27syx5do1k2i2nj8,179.0,7.0,active,yes,NaN,NaN,Wellington,NaN,NaN,NaN
ec7y1s97xpoab87z786zt0r56,Maissa,El Hadji Fall,Maissa,Fall,Male,M. Fall,Senegal,6hhqyhr5cwq2pfprlazyposyk,Midfielder,player,1995-03-06,Senegal,6hhqyhr5cwq2pfprlazyposyk,193.0,23.0,active,yes,Italy,25f2cmb2r8mk5rj92tzer6kvv,Dakar,NaN,right,NaN
egqwyh73vu9oh2k7qvpetoel1,Teemu Mikael,Tainio,Teemu,Tainio,Male,T. Tainio,Finland,2u07e54v5dprsugdvddpq5ync,NaN,coach,1979-11-27,Finland,2u07e54v5dprsugdvddpq5ync,180.0,NaN,active,no,NaN,NaN,Tornio,71.0,NaN,NaN
zr8567yklpn8dfokwzktsk8a,Stávros,Zarokóstas,Stávros,Zarokóstas,Male,S. Zarokóstas,Greece,6lpgd60z890no2v46zdecrcss,Attacker,player,1997-11-05,Greece,6lpgd60z890no2v46zdecrcss,170.0,10.0,active,no,NaN,NaN,Leonidion,72.0,NaN,NaN
1fleq677w5l7ohk01zqldrhii,Otso,Koskinen,Otso,Koskinen,Male,O. Koskinen,Finland,2u07e54v5dprsugdvddpq5ync,Midfielder,player,2003-01-01,Finland,2u07e54v5dprsugdvddpq5ync,NaN,88.0,active,no,NaN,NaN,NaN,NaN,NaN,NaN
1y6alngudc6uqmo2mazpsblnu,Mathias,Ahlblad,Mathias,Ahlblad,Male,M. Ahlblad,Finland,2u07e54v5dprsugdvddpq5ync,Goalkeeper,player,2003-02-18,Finland,2u07e54v5dprsugdvddpq5ync,184.0,25.0,active,no,NaN,NaN,NaN,NaN,NaN,NaN
36rogvj0yhivqtaj3bz0xijmd,Clésio,Palmirim David Baúque,Clésio,Palmirim David Baúque,Male,Clésio,Mozambique,4l6me0leyvb0ysnsoepyvmh4g,Midfielder,player,1994-10-11,Mozambique,4l6me0leyvb0ysnsoepyvmh4g,183.0,7.0,active,no,NaN,NaN,Maputo,71.0,right,Clésio
3ajcjogpfwl26hddeqetp75sk,Eero,Vuorjoki,Eero,Vuorjoki,Male,E. Vuorjoki,Finland,2u07e54v5dprsugdvddpq5ync,Goalkeeper,player,2006-07-09,Finland,2u07e54v5dprsugdvddpq5ync,NaN,71.0,active,no,NaN,NaN,NaN,NaN,NaN,NaN
3iqaijgk67uriwdwz2sd8795g,Antti,Tella,Antti,Tella,Male,A. Tella,Finland,2u07e54v5dprsugdvddpq5ync,Midfielder,player,2005-03-17,Finland,2u07e54v5dprsugdvddpq5ync,NaN,74.0,active,no,NaN,NaN,NaN,NaN,NaN,NaN
3nzeez816npco3bcpj821vxlh,Lucas,Paz Kaufmann,Lucas,Paz Kaufmann,Male,Lucas Kaufmann,Brazil,2vufyvpoxd9lfl9f6vpp7tz6y,Midfielder,player,1991-03-26,Brazil,2vufyvpoxd9lfl9f6vpp7tz6y,NaN,10.0,active,no,NaN,NaN,NaN,NaN,NaN,Lucas Kaufmann
3u3jkp8y68broq5djgdrb559l,Florian,Baak,Florian,Baak,Male,F. Baak,Germany,36min0qztu8eydwvpv8t1is0m,Defender,player,1999-03-18,Germany,36min0qztu8eydwvpv8t1is0m,191.0,4.0,active,no,NaN,NaN,Berlin,90.0,right,NaN
40x4zexbflc51jw695tnzqt3p,Johannes,Wurtz,Johannes,Wurtz,Male,J. Wurtz,Germany,36min0qztu8eydwvpv8t1is0m,Midfielder,player,1992-06-19,Germany,36min0qztu8eydwvpv8t1is0m,182.0,9.0,active,no,NaN,NaN,Neunkirchen,70.0,right,NaN
4csbs2tbqslkvhjd778gshi7e,Pauli,Katajamäki,Pauli,Katajamäki,Male,P. Katajamäki,Finland,2u07e54v5dprsugdvddpq5ync,Attacker,player,2002-01-04,Finland,2u07e54v5dprsugdvddpq5ync,NaN,22.0,active,no,NaN,NaN,NaN,NaN,NaN,NaN
4lv7kvbtfspy378pqcye9w1uy,Jonathan,Muzinga,Jonathan,Muzinga,Male,J. Muzinga,Finland,2u07e54v5dprsugdvddpq5ync,Attacker,player,2002-11-10,Finland,2u07e54v5dprsugdvddpq5ync,NaN,16.0,active,no,Congo DR,6xq2smnxqvc5bh7vzza9ljiy9,NaN,NaN,NaN,NaN
5ol17485ecah0trdmkw3byqne,Ville Aleksi Jukanpoika,Koski,Ville,Koski,Male,V. Koski,Finland,2u07e54v5dprsugdvddpq5ync,Defender,player,2002-01-27,Finland,2u07e54v5dprsugdvddpq5ync,NaN,21.0,active,no,NaN,NaN,NaN,NaN,NaN,NaN
5wff5rqgnj74jkj8ahetka8oa,Juan Diego,Alegría Arango,Juan,Alegría,Male,J. Alegría,Colombia,6kby8rq1p01fg5ds38ckkrcs5,Attacker,player,2002-06-06,Colombia,6kby8rq1p01fg5ds38ckkrcs5,NaN,9.0,active,no,NaN,NaN,Ibagué,NaN,NaN,NaN
5zvck04u1453betv8d94w3d1x,Aldayr,Hernández Basanta,Aldayr,Hernández,Male,A. Hernández,Colombia,6kby8rq1p01fg5ds38ckkrcs5,Defender,player,1995-08-04,Colombia,6kby8rq1p01fg5ds38ckkrcs5,182.0,23.0,active,no,NaN,NaN,Magangué,78.0,left,NaN
6aoswcs32ubpn2g50tqcopg5w,Vincent,Ulundu,Vincent,Ulundu,Male,V. Ulundu,Finland,2u07e54v5dprsugdvddpq5ync,Attacker,player,2005-03-25,Finland,2u07e54v5dprsugdvddpq5ync,NaN,48.0,active,no,Congo DR,6xq2smnxqvc5bh7vzza9ljiy9,NaN,NaN,NaN,NaN
6arhpjwp67m9x7581izkkm7rp,Sampo,Koskinen,NaN,NaN,Male,S. Koskinen,Finland,2u07e54v5dprsugdvddpq5ync,NaN,assistant coach,1979-03-01,Finland,2u07e54v5dprsugdvddpq5ync,180.0,NaN,active,yes,NaN,NaN,NaN,77.0,NaN,NaN
7n0n3rmh1smlbo8w5v35vmdt6,Antti,Könönen,Antti,Könönen,Male,A. Könönen,Finland,2u07e54v5dprsugdvddpq5ync,Attacker,player,2002-09-23,Finland,2u07e54v5dprsugdvddpq5ync,NaN,95.0,active,no,NaN,NaN,NaN,NaN,NaN,NaN
82tv12725p2ksqd4ycerj7nmy,Luis Mateo,Ortíz Lara,Mateo,Ortíz,Male,M. Ortíz,Ecuador,6pyj2bytt2osbjk69owzfehcg,Midfielder,player,2000-01-31,Ecuador,6pyj2bytt2osbjk69owzfehcg,182.0,32.0,active,no,NaN,NaN,Guayaquil,75.0,NaN,Mateo Ortíz
8ylup9vzygf3jf1szt456vbis,Jussi,Tanska,Jussi,Tanska,Male,J. Tanska,Finland,2u07e54v5dprsugdvddpq5ync,Goalkeeper,player,2006-05-02,Finland,2u07e54v5dprsugdvddpq5ync,NaN,NaN,active,no,NaN,NaN,NaN,NaN,NaN,NaN
9k32o3txwnfsqnh69yno3uaz8,Asla,Peltola,Asla,Peltola,Male,A. Peltola,Finland,2u07e54v5dprsugdvddpq5ync,Midfielder,player,2004-06-04,Finland,2u07e54v5dprsugdvddpq5ync,NaN,39.0,active,no,NaN,NaN,NaN,NaN,NaN,NaN
9tz8pzof2v3ktjwsyt3gl18gk,Lauri,Laine,Lauri,Laine,Male,L. Laine,Finland,2u07e54v5dprsugdvddpq5ync,Attacker,player,2005-05-30,Finland,2u07e54v5dprsugdvddpq5ync,NaN,17.0,active,no,NaN,NaN,NaN,NaN,NaN,NaN
a6smu9bhopmnig9xh5w9d98us,Elias Mikko Ilmari,Äijälä,Elias,Äijälä,Male,E. Äijälä,Finland,2u07e54v5dprsugdvddpq5ync,Defender,player,2003-03-24,Finland,2u07e54v5dprsugdvddpq5ync,NaN,47.0,active,no,NaN,NaN,NaN,NaN,NaN,NaN
ahk8gt80m70ezsknnpiz0136y,Nasiru,Zakaria Banahene,Nasiru,Banahene,Male,N. Banahene,Ghana,2q2sw72utw5gu9t5y4knckwba,Defender,player,2000-07-08,Ghana,2q2sw72utw5gu9t5y4knckwba,NaN,24.0,active,no,NaN,NaN,NaN,NaN,NaN,NaN
ahuk1yktc96rhfecxbjid4416,Niilo,Saarikivi,Niilo,Saarikivi,Male,N. Saarikivi,Finland,2u07e54v5dprsugdvddpq5ync,Midfielder,player,2003-06-06,Finland,2u07e54v5dprsugdvddpq5ync,NaN,14.0,active,no,NaN,NaN,NaN,NaN,NaN,NaN
azbk1b1zi43dvj6vv4lgndous,Arez,Goshnaw,Arez,Goshnaw,Male,A. Goshnaw,Finland,2u07e54v5dprsugdvddpq5ync,Midfielder,player,2005-02-10,Finland,2u07e54v5dprsugdvddpq5ync,NaN,NaN,active,yes,Iraq,1uzblzx1s42jn6zk6hivjzby8,NaN,NaN,NaN,NaN
azfgosyr0vtqos2ge90rct7th,Henri Olavi,Aalto,Henri,Aalto,Male,H. Aalto,Finland,2u07e54v5dprsugdvddpq5ync,Defender,player,1989-04-20,Finland,2u07e54v5dprsugdvddpq5ync,184.0,5.0,active,no,NaN,NaN,Espoo,80.0,right,NaN
b7x9fczqecsf267ewzcvccmhh,Roman,Eremenko,Roman,Eremenko,Male,R. Eremenko,Finland,2u07e54v5dprsugdvddpq5ync,Midfielder,player,1987-03-19,Russia,7kfg68kh6n16fs4ap3xjiudr,185.0,13.0,active,no,NaN,NaN,Moskva,81.0,right,NaN
blpuer75h5lh9a9fnsx1rsdzp,Vesa-Pekka,Vasara,Vesa,Vasara,Male,V. Vasara,Finland,2u07e54v5dprsugdvddpq5ync,NaN,coach,1976-08-16,Finland,2u07e54v5dprsugdvddpq5ync,NaN,NaN,active,no,NaN,NaN,NaN,NaN,NaN,NaN
bpjmwp030jnapyjfii8nyqdhx,Juhani Lauri Henrik,Ojala,Juhani,Ojala,Male,J. Ojala,Finland,2u07e54v5dprsugdvddpq5ync,Defender,player,1989-06-19,Finland,2u07e54v5dprsugdvddpq5ync,193.0,3.0,active,no,NaN,NaN,Vantaa,86.0,right,NaN
c11fpnugs2ihyqk07ohha54np,Jerry,Voutilainen,Jerry,Voutilainen,Male,J. Voutilainen,Finland,2u07e54v5dprsugdvddpq5ync,Midfielder,player,1995-03-29,Finland,2u07e54v5dprsugdvddpq5ync,177.0,6.0,active,no,NaN,NaN,Kuopio,NaN,NaN,NaN
chizuvpapureht26x0smphbdh,Kevin Johnny,Jansen,Kevin,Jansen,Male,K. Jansen,Netherlands,6hzi5pltnz67q4la8yli9qfv6,Midfielder,player,1992-04-08,Netherlands,6hzi5pltnz67q4la8yli9qfv6,183.0,8.0,active,no,NaN,NaN,NaN,77.0,both,NaN
cpxcd9wihjrac0ttpvfzv5kkq,Matias,Rale,Matias,Rale,Male,M. Rale,Finland,2u07e54v5dprsugdvddpq5ync,Defender,player,2001-03-04,Finland,2u07e54v5dprsugdvddpq5ync,NaN,20.0,active,no,NaN,NaN,NaN,NaN,NaN,NaN
d39zrjj1sao1lkkzief35sctl,Florian,Krebs,Florian,Krebs,Male,F. Krebs,Germany,36min0qztu8eydwvpv8t1is0m,Midfielder,player,1999-02-04,Germany,36min0qztu8eydwvpv8t1is0m,188.0,11.0,active,no,NaN,NaN,Berlin,71.0,right,NaN
dcv3bj7tkpb8of9xh3br2510q,Roope,Paunio,Roope,Paunio,Male,R. Paunio,Finland,2u07e54v5dprsugdvddpq5ync,Goalkeeper,player,2002-12-14,Finland,2u07e54v5dprsugdvddpq5ync,NaN,12.0,active,no,NaN,NaN,NaN,NaN,NaN,NaN
ddv0iumuivcie1yz71ifaokyc,Dario,Naamo,Dario,Naamo,Male,D. Naamo,Finland,2u07e54v5dprsugdvddpq5ync,Defender,player,2005-05-14,Finland,2u07e54v5dprsugdvddpq5ync,NaN,26.0,active,no,Iraq,1uzblzx1s42jn6zk6hivjzby8,NaN,NaN,NaN,NaN
dlpw0ifxzwotsw2ttopgispka,Edmund,Arko-Mensah,Edmund,Arko-Mensah,Male,E. Arko-Mensah,Ghana,2q2sw72utw5gu9t5y4knckwba,Midfielder,player,2001-09-09,Ghana,2q2sw72utw5gu9t5y4knckwba,NaN,15.0,active,no,NaN,NaN,NaN,NaN,NaN,NaN
e1mw652x1ipklir3wecnrnlzo,Aapo,Venermo,Aapo,Venermo,Male,A. Venermo,Finland,2u07e54v5dprsugdvddpq5ync,Midfielder,player,2003-01-01,Finland,2u07e54v5dprsugdvddpq5ync,NaN,27.0,active,no,NaN,NaN,NaN,NaN,NaN,NaN
ebg4lo1c5hfnp5sxbp4jj1mac,Baba,Haruna,Baba,Haruna,Male,B. Haruna,Ghana,2q2sw72utw5gu9t5y4knckwba,Attacker,player,2002-10-08,Ghana,2q2sw72utw5gu9t5y4knckwba,NaN,46.0,active,no,NaN,NaN,NaN,NaN,NaN,NaN
ejmp2tl388oegybtu8jbqsixh,Maksim,Rudakov,Maksim,Rudakov,Male,M. Rudakov,Russia,7kfg68kh6n16fs4ap3xjiudr,Goalkeeper,player,1996-01-22,Russia,7kfg68kh6n16fs4ap3xjiudr,190.0,1.0,active,no,NaN,NaN,Sankt-Peterburg,77.0,right,NaN
eqg0gxieel3o64zam8fx2abxl,Michael Steven,López,Michael,López,Male,M. López,Argentina,2vovxa97k7v7ofa85dah2xktb,Attacker,player,1997-08-19,Argentina,2vovxa97k7v7ofa85dah2xktb,181.0,19.0,active,no,NaN,NaN,Buenos Aires,76.0,right,NaN
nxt066bqaqw7grehjw514d7t,Saku,Heiskanen,Saku,Heiskanen,Male,S. Heiskanen,Finland,2u07e54v5dprsugdvddpq5ync,Midfielder,player,2001-09-29,Finland,2u07e54v5dprsugdvddpq5ync,NaN,19.0,active,no,NaN,NaN,NaN,NaN,NaN,NaN
2fj3f2zy80nbu8p3ryblmioes,Valentin,Purosalo,Valentin,Purosalo,Male,V. Purosalo,Finland,2u07e54v5dprsugdvddpq5ync,Defender,player,2005-09-10,Finland,2u07e54v5dprsugdvddpq5ync,NaN,34.0,active,yes,NaN,NaN,NaN,NaN,NaN,NaN
2fw3pz0v22kdbiognam8zsvoq,Luka,Kuittinen,Luka,Kuittinen,Male,L. Kuittinen,Finland,2u07e54v5dprsugdvddpq5ync,Defender,player,2003-03-29,Finland,2u07e54v5dprsugdvddpq5ync,NaN,22.0,active,yes,NaN,NaN,NaN,NaN,NaN,NaN
45sv487ld9xp3m2ncro64inrp,Walter William,Viitala,Walter,Viitala,Male,W. Viitala,Finland,2u07e54v5dprsugdvddpq5ync,Goalkeeper,player,1992-01-09,Finland,2u07e54v5dprsugdvddpq5ync,190.0,1.0,active,no,NaN,NaN,Helsinki,87.0,NaN,NaN
495xdhu4x5bvngu75pel55ko9,Tommi Matti,Jyry,Tommi,Jyry,Male,T. Jyry,Finland,2u07e54v5dprsugdvddpq5ync,Midfielder,player,1999-08-16,Finland,2u07e54v5dprsugdvddpq5ync,170.0,16.0,active,no,NaN,NaN,NaN,NaN,right,NaN
4m7qbjhm8zl0z7px053siv6j9,Jani Petteri,Forsell,Petteri,Forsell,Male,P. Forsell,Finland,2u07e54v5dprsugdvddpq5ync,Midfielder,player,1990-10-16,Finland,2u07e54v5dprsugdvddpq5ync,170.0,10.0,active,no,NaN,NaN,Kokkola,77.0,both,NaN
4xx2q6rxtqukvyshidia12hh,Rodrigo Sebastián,Arciero,Rodrigo,Arciero,Male,R. Arciero,Argentina,2vovxa97k7v7ofa85dah2xktb,Defender,player,1993-03-12,Argentina,2vovxa97k7v7ofa85dah2xktb,181.0,25.0,active,no,NaN,NaN,Ushuaia,77.0,right,NaN
524qf48twiwfk14oxmwsxj2tw,Christian Dimitri,Legbo Ouguehi,Dimitri,Legbo,Male,D. Legbo,Côte d'Ivoire,tin6kf561ywonqan0mettr98,Defender,player,2001-08-30,Côte d'Ivoire,tin6kf561ywonqan0mettr98,172.0,6.0,active,yes,NaN,NaN,NaN,63.0,NaN,NaN
53kd57a8pwjno3l6cou3nexn9,Juuso,Hämäläinen,Juuso,Hämäläinen,Male,J. Hämäläinen,Finland,2u07e54v5dprsugdvddpq5ync,Defender,player,1993-12-08,Finland,2u07e54v5dprsugdvddpq5ync,NaN,3.0,active,yes,NaN,NaN,NaN,NaN,NaN,NaN
5uaqcfkubn92hz2hq5ovyurit,Nikko Daniel,Boxall,Nikko,Boxall,Male,N. Boxall,New Zealand,wcq2y28a27syx5do1k2i2nj8,Defender,player,1992-02-24,New Zealand,wcq2y28a27syx5do1k2i2nj8,183.0,18.0,active,no,NaN,NaN,Auckland,85.0,NaN,NaN
6c8ja87puwt6bwheted97y0a1,Juho,Hyvärinen,Juho,Hyvärinen,Male,J. Hyvärinen,Finland,2u07e54v5dprsugdvddpq5ync,Defender,player,2000-03-27,Finland,2u07e54v5dprsugdvddpq5ync,178.0,20.0,active,no,NaN,NaN,NaN,NaN,right,NaN
7ec1jwpy38whhg2waxpq3af4k,Ramiro,Muñoz Calvo,Ramiro,Munoz Calvo,Male,Ramiro Muñoz,Spain,49ih1pwv3ahshdf8uzrimi54c,NaN,assistant coach,1994-02-10,Spain,49ih1pwv3ahshdf8uzrimi54c,NaN,NaN,active,yes,NaN,NaN,NaN,NaN,NaN,Ramiro Munoz
7oxxp38dxp40lby1kwg4xpn56,Eetu,Huuhtanen,Eetu,Huuhtanen,Male,E. Huuhtanen,Finland,2u07e54v5dprsugdvddpq5ync,Goalkeeper,player,2003-01-31,Finland,2u07e54v5dprsugdvddpq5ync,NaN,13.0,active,yes,NaN,NaN,NaN,NaN,NaN,NaN
7tsahevlcxjk9cwev67sx5tlg,Anton,Aaltonen,Anton,Aaltonen,Male,A. Aaltonen,Finland,2u07e54v5dprsugdvddpq5ync,Midfielder,player,2003-11-28,Finland,2u07e54v5dprsugdvddpq5ync,NaN,27.0,active,no,NaN,NaN,NaN,NaN,NaN,NaN
7zfr2f8yuwuu4vnk9k9z0zxwq,Roope,Kantola,Roope,Kantola,Male,R. Kantola,Finland,2u07e54v5dprsugdvddpq5ync,Midfielder,player,2002-04-01,Finland,2u07e54v5dprsugdvddpq5ync,NaN,28.0,active,no,NaN,NaN,NaN,NaN,NaN,NaN
89vz1opyqhhuzwzlsrkzrfz10,Otto,Lehtisalo,Otto,Lehtisalo,Male,O. Lehtisalo,Finland,2u07e54v5dprsugdvddpq5ync,Attacker,player,2004-07-30,Finland,2u07e54v5dprsugdvddpq5ync,NaN,26.0,active,no,NaN,NaN,NaN,NaN,NaN,NaN
8d6e9axgsli468lnomdbcgu6t,Darren,Smith,Darren,Smith,Male,D. Smith,South Africa,1kiwby3xmt97m3ejw76qs4i6k,Attacker,player,1996-03-26,South Africa,1kiwby3xmt97m3ejw76qs4i6k,NaN,9.0,active,yes,NaN,NaN,NaN,NaN,NaN,NaN
9184a77akqe3pinkdqdkbzuy2,Noah Kristian,Nurmi,Noah,Nurmi,Male,N. Nurmi,Finland,2u07e54v5dprsugdvddpq5ync,Midfielder,player,2001-02-06,Finland,2u07e54v5dprsugdvddpq5ync,181.0,5.0,active,no,NaN,NaN,NaN,76.0,NaN,NaN
9401ndwivx7fpdplnv57v965m,Matias,Tamminen,Matias,Tamminen,Male,M. Tamminen,Finland,2u07e54v5dprsugdvddpq5ync,Attacker,player,2001-11-21,Finland,2u07e54v5dprsugdvddpq5ync,NaN,21.0,active,yes,NaN,NaN,NaN,NaN,NaN,NaN
9dfl060r1skgp74piehh2uvhl,Timo,Stavitski,Timo,Stavitski,Male,T. Stavitski,Finland,2u07e54v5dprsugdvddpq5ync,Attacker,player,1999-07-17,Finland,2u07e54v5dprsugdvddpq5ync,180.0,24.0,active,no,Russia,7kfg68kh6n16fs4ap3xjiudr,Kirkkonummi,78.0,right,NaN
9lmjnni2tph4p7lp7k84409w4,Boubou,Diallo,Boubou,Diallo,Male,B. Diallo,Mali,d0v29nncgikdswlxpdq553zz,Attacker,player,2003-11-04,Mali,d0v29nncgikdswlxpdq553zz,NaN,NaN,active,no,NaN,NaN,NaN,NaN,NaN,NaN
arxu3yjspsjmmobkj92c79ze2,Jussi,Niska,Jussi,Niska,Male,J. Niska,Finland,2u07e54v5dprsugdvddpq5ync,Defender,player,2002-08-15,Finland,2u07e54v5dprsugdvddpq5ync,NaN,2.0,active,yes,NaN,NaN,NaN,NaN,NaN,NaN
bav07h3g8ygnek9u9jhedplh,Iiro,Järvinen,Iiro,Järvinen,Male,I. Järvinen,Finland,2u07e54v5dprsugdvddpq5ync,Midfielder,player,1996-11-03,Finland,2u07e54v5dprsugdvddpq5ync,NaN,19.0,active,yes,NaN,NaN,NaN,NaN,NaN,NaN
c1f7vp2u7fndbs1q67yhze1hw,Axel,Kouame,Axel,Kouame,Male,A. Kouame,Côte d'Ivoire,tin6kf561ywonqan0mettr98,Midfielder,player,2003-10-14,Côte d'Ivoire,tin6kf561ywonqan0mettr98,NaN,28.0,active,yes,NaN,NaN,NaN,NaN,NaN,NaN
c90jak72lerrxc3kpo73cupsk,Bismark,Ampofo,Bismark,Ampofo,Male,B. Ampofo,Ghana,2q2sw72utw5gu9t5y4knckwba,Midfielder,player,2002-08-04,Ghana,2q2sw72utw5gu9t5y4knckwba,NaN,17.0,active,yes,NaN,NaN,NaN,NaN,NaN,NaN
c9987xq26uc7bq68l76clyxud,Matias Petteri,Ojala,Matias,Ojala,Male,M. Ojala,Finland,2u07e54v5dprsugdvddpq5ync,Midfielder,player,1995-02-28,Finland,2u07e54v5dprsugdvddpq5ync,173.0,8.0,active,no,NaN,NaN,NaN,NaN,both,NaN
cfjiy6dw0pun86ec35drvjpw5,Jarkko Juhani,Wiss,Jarkko,Wiss,Male,J. Wiss,Finland,2u07e54v5dprsugdvddpq5ync,NaN,coach,1972-04-17,Finland,2u07e54v5dprsugdvddpq5ync,NaN,NaN,active,no,NaN,NaN,Tampere,NaN,NaN,NaN
cikb5rw9wtq5th334wj89dhey,Matias,Riikonen,Matias,Riikonen,Male,M. Riikonen,Finland,2u07e54v5dprsugdvddpq5ync,Goalkeeper,player,2002-02-24,Finland,2u07e54v5dprsugdvddpq5ync,187.0,12.0,active,no,NaN,NaN,NaN,72.0,NaN,NaN
ciursygt8i2deeszjdebb28yx,Elias,Mastokangas,Elias,Mastokangas,Male,E. Mastokangas,Finland,2u07e54v5dprsugdvddpq5ync,Midfielder,player,2001-02-01,Finland,2u07e54v5dprsugdvddpq5ync,NaN,14.0,active,no,NaN,NaN,NaN,NaN,NaN,NaN
cj0333px7cg1hoitk0fz9vofe,Daniel,Rökman,Daniel,Rökman,Male,D. Rökman,Finland,2u07e54v5dprsugdvddpq5ync,Attacker,player,2004-03-20,Finland,2u07e54v5dprsugdvddpq5ync,NaN,23.0,active,yes,NaN,NaN,NaN,NaN,NaN,NaN
ebhnuikcvtrbmw5e80r1fds2y,Olli,Jakonen,Olli,Jakonen,Male,Olli Jakonen,Finland,2u07e54v5dprsugdvddpq5ync,Attacker,player,2000-04-19,Finland,2u07e54v5dprsugdvddpq5ync,187.0,18.0,active,no,NaN,NaN,Salo,75.0,NaN,NaN
eexcxuea18xbokvkko1erdffu,Mikael,Almén,Mikael,Almén,Male,M. Almén,Finland,2u07e54v5dprsugdvddpq5ync,Defender,player,2000-03-08,Finland,2u07e54v5dprsugdvddpq5ync,NaN,4.0,active,yes,NaN,NaN,Naantali,NaN,NaN,NaN
f3w347hz7gwlj5dyfjh7ye6fo,David,Agbo,David,Agbo,Male,D. Agbo,Ghana,2q2sw72utw5gu9t5y4knckwba,Midfielder,player,2000-04-01,Ghana,2q2sw72utw5gu9t5y4knckwba,172.0,14.0,active,no,NaN,NaN,NaN,66.0,NaN,NaN
udbewp8no8ut63j1nla34ine,Arlind,Sejdiu,Arlind,Sejdiu,Male,A. Sejdiu,Kosovo,86u6edbqifdjsn49mbp2anw7p,Attacker,player,2001-08-11,Finland,2u07e54v5dprsugdvddpq5ync,NaN,11.0,active,no,Finland,2u07e54v5dprsugdvddpq5ync,Oulu,NaN,NaN,NaN
10ija2pluu0njxogf5iyntpn8,Viljami,Jokiranta,Viljami,Jokiranta,Male,V. Jokiranta,Finland,2u07e54v5dprsugdvddpq5ync,Midfielder,player,2006-07-23,Finland,2u07e54v5dprsugdvddpq5ync,NaN,18.0,active,yes,NaN,NaN,NaN,NaN,NaN,NaN
1h9rbk6uxx0q7poz5cfyxv7jd,Irfan,Sadik,Irfan,Sadik,Male,I. Sadik,Finland,2u07e54v5dprsugdvddpq5ync,Attacker,player,1999-01-12,Finland,2u07e54v5dprsugdvddpq5ync,NaN,21.0,active,no,North Macedonia,1lesyxylc5eza0a4z87t9azcc,NaN,NaN,NaN,NaN
27qp9c2q90smn9z8tugih73f8,Nikke,Oksanen,Nikke,Oksanen,Male,N. Oksanen,Finland,2u07e54v5dprsugdvddpq5ync,Midfielder,player,2005-06-09,Finland,2u07e54v5dprsugdvddpq5ync,NaN,NaN,active,yes,NaN,NaN,NaN,NaN,NaN,NaN
2c6ht1co6sbekan5jd0guvh1w,Samuel,Pasanen,Samuel,Pasanen,Male,S. Pasanen,Finland,2u07e54v5dprsugdvddpq5ync,Midfielder,player,2006-01-02,Germany,36min0qztu8eydwvpv8t1is0m,NaN,6.0,active,yes,Germany,36min0qztu8eydwvpv8t1is0m,Bremen,NaN,NaN,NaN
2tnl1pjxxg2n4564fz9hcdsoa,Marius,Könkkölä,Marius,Könkkölä,Male,M. Könkkölä,Finland,2u07e54v5dprsugdvddpq5ync,Midfielder,player,2003-10-31,Finland,2u07e54v5dprsugdvddpq5ync,NaN,20.0,active,yes,NaN,NaN,NaN,NaN,NaN,NaN
2v91d4m33luyd44s8wwvh8wr9,Mikko,Mannila,Mikko,Mannila,Male,M. Mannila,Finland,2u07e54v5dprsugdvddpq5ync,NaN,coach,1975-03-02,Finland,2u07e54v5dprsugdvddpq5ync,NaN,NaN,active,no,NaN,NaN,NaN,NaN,NaN,NaN
34fmio2gsrk23qk6a426q3m51,Toni,Lindberg,Toni,Lindberg,Male,T. Lindberg,Finland,2u07e54v5dprsugdvddpq5ync,NaN,coach,1985-09-23,Finland,2u07e54v5dprsugdvddpq5ync,189.0,NaN,active,no,NaN,NaN,Ruotsinpyhtää,78.0,right,NaN
4fg01i3o0o1dtfzeq5shyvlsk,Akseli,Puukko,Akseli,Puukko,Male,A. Puukko,Finland,2u07e54v5dprsugdvddpq5ync,Defender,player,2006-08-24,Finland,2u07e54v5dprsugdvddpq5ync,NaN,29.0,active,no,NaN,NaN,NaN,NaN,NaN,NaN
54wumkzvpy5tb64qshu6agcet,Bubacar Boi,Djaló,Bubacar Boi,Djaló,Male,Bubacar Djaló,Portugal,1nbm5i9a0403zzvltn17lxinc,Midfielder,player,1997-02-02,Guinea-Bissau,5ikz7810612v7a6l5u6gxa6vm,188.0,5.0,active,no,Guinea-Bissau,5ikz7810612v7a6l5u6gxa6vm,Bissau,82.0,right,Bubacar Djaló
568l8kl9ejau7hiaos3xwh0tm,Julius Mikael,Tauriainen,Julius,Tauriainen,Male,J. Tauriainen,Finland,2u07e54v5dprsugdvddpq5ync,Defender,player,2001-04-18,Finland,2u07e54v5dprsugdvddpq5ync,175.0,16.0,active,yes,NaN,NaN,NaN,74.0,right,NaN
57sxtdx72purq7ir3ug82jifo,Osku,Maukonen,Osku,Maukonen,Male,O. Maukonen,Finland,2u07e54v5dprsugdvddpq5ync,Goalkeeper,player,2007-02-15,Finland,2u07e54v5dprsugdvddpq5ync,NaN,31.0,active,yes,NaN,NaN,NaN,NaN,NaN,NaN
5s26kmqiidq222b5alzph7mga,Eemeli,Virta,Eemeli,Virta,Male,E. Virta,Finland,2u07e54v5dprsugdvddpq5ync,Midfielder,player,2000-09-28,Finland,2u07e54v5dprsugdvddpq5ync,184.0,10.0,active,yes,NaN,NaN,NaN,80.0,NaN,NaN
5t0jpfzbuulcqbuul0587f8q1,Tommi,Jäntti,Tommi,Jäntti,Male,T. Jäntti,Finland,2u07e54v5dprsugdvddpq5ync,Midfielder,player,2000-03-07,Finland,2u07e54v5dprsugdvddpq5ync,NaN,17.0,active,yes,NaN,NaN,NaN,NaN,NaN,NaN
71mejkl1wxlrokzl7hyfox016,Altin,Zeqiri,Altin,Zeqiri,Male,A. Zeqiri,Kosovo,86u6edbqifdjsn49mbp2anw7p,Midfielder,player,2000-07-18,Finland,2u07e54v5dprsugdvddpq5ync,NaN,7.0,active,no,Finland,2u07e54v5dprsugdvddpq5ync,NaN,NaN,NaN,NaN
7y7i8ddy5kaibktlenqc5eq5l,Leon,Kreković,Leon,Krekovic,Male,L. Kreković,Croatia,37hlakrwxyuzovaeoo4sezusp,Attacker,player,2000-05-07,Croatia,37hlakrwxyuzovaeoo4sezusp,182.0,24.0,active,no,NaN,NaN,Knin,76.0,NaN,NaN
8jgmczwi73hrjvnwtxitiiyok,Vilho,Huovila,Vilho,Huovila,Male,V. Huovila,Finland,2u07e54v5dprsugdvddpq5ync,Attacker,player,2006-07-10,Finland,2u07e54v5dprsugdvddpq5ync,NaN,28.0,active,no,NaN,NaN,NaN,NaN,NaN,NaN
8p4a41s3wdilkbr69bbxkqbit,Teemu,Penninkangas,Teemu,Penninkangas,Male,T. Penninkangas,Finland,2u07e54v5dprsugdvddpq5ync,Defender,player,1992-07-24,Finland,2u07e54v5dprsugdvddpq5ync,194.0,27.0,active,no,NaN,NaN,Alavus,86.0,NaN,NaN
8rv2az2xxprti24672dj0hfit,Lassi,Järvenpää,Lassi,Järvenpää,Male,L. Järvenpää,Finland,2u07e54v5dprsugdvddpq5ync,Defender,player,1996-10-28,Finland,2u07e54v5dprsugdvddpq5ync,NaN,4.0,active,no,NaN,NaN,Helsinki,NaN,NaN,NaN
988xp1nfq81g5056g9isjj5cl,Luka,Šimunović,Luka,Simunovic,Male,L. Šimunović,Croatia,37hlakrwxyuzovaeoo4sezusp,Defender,player,1997-05-24,Bosnia and Herzegovina,4fue8u54361o79fbiu9qwxjer,185.0,33.0,active,no,NaN,NaN,Livno,NaN,right,NaN
atba5g91xgtxxy82uksjsfobt,Jusif Joose,Ali,Jusif Joose,Ali,Male,Jusif Ali,Sudan,62wa0a1wwukxladeo5kqhrpen,Attacker,player,2000-05-04,Finland,2u07e54v5dprsugdvddpq5ync,NaN,11.0,active,no,Finland,2u07e54v5dprsugdvddpq5ync,NaN,NaN,NaN,Jusif Ali
bcfbx4z596y3x0enjoe0wul1w,Onni,Hänninen,Onni,Hänninen,Male,O. Hänninen,Finland,2u07e54v5dprsugdvddpq5ync,Attacker,player,2005-04-29,Finland,2u07e54v5dprsugdvddpq5ync,NaN,19.0,active,no,NaN,NaN,NaN,NaN,NaN,NaN
bz29jndzid0vfd8wlzpc4lln9,Anouar Ahmed,El Moukhantir,Anouar,El Moukhantir,Male,A. El Moukhantir,Germany,36min0qztu8eydwvpv8t1is0m,Midfielder,player,1997-08-30,Germany,36min0qztu8eydwvpv8t1is0m,172.0,34.0,active,no,Morocco,2xdcc39z1k79pnjbtn9x31wdh,Darmstadt,65.0,both,NaN
c5kp952z284akny7h8usj2zth,Pablo,Andrade Plaza da Silva,Pablo,Andrade Plaza da Silva,Male,Pablo Andrade,Brazil,2vufyvpoxd9lfl9f6vpp7tz6y,Defender,player,1994-02-15,Brazil,2vufyvpoxd9lfl9f6vpp7tz6y,179.0,26.0,active,yes,Spain,49ih1pwv3ahshdf8uzrimi54c,Rio de Janeiro,73.0,left,Pablo Andrade
cbjgvcho08pqnidovbquqz1lh,Matti,Klinga,Matti,Klinga,Male,M. Klinga,Finland,2u07e54v5dprsugdvddpq5ync,Midfielder,player,1994-12-10,Finland,2u07e54v5dprsugdvddpq5ync,173.0,8.0,active,no,NaN,NaN,Helsinki,NaN,NaN,NaN
ceyy9q9v3wuubs4tivlb3j8ix,Arian,Kabashi,Arian,Kabashi,Male,A. Kabashi,Kosovo,86u6edbqifdjsn49mbp2anw7p,Defender,player,1996-09-26,Switzerland,3bh70jgvc5mn58x0byjkuda17,NaN,2.0,active,no,Switzerland,3bh70jgvc5mn58x0byjkuda17,NaN,NaN,NaN,NaN
ci8mxlrl91cxm3glbzm5lttzo,Daniel,Koskipalo,Daniel,Koskipalo,Male,D. Koskipalo,Finland,2u07e54v5dprsugdvddpq5ync,Defender,player,2003-05-03,Finland,2u07e54v5dprsugdvddpq5ync,177.0,3.0,active,yes,NaN,NaN,NaN,71.0,NaN,NaN
cjbnpkqu2voa3uq8r8m4g6pec,Eemil,Laamanen,Eemil,Laamanen,Male,E. Laamanen,Finland,2u07e54v5dprsugdvddpq5ync,Defender,player,2005-08-28,Finland,2u07e54v5dprsugdvddpq5ync,NaN,14.0,active,no,NaN,NaN,NaN,NaN,NaN,NaN
dd2hl0jb1s5rxh4rwtz237dg,Anton,Munukka,Anton,Munukka,Male,A. Munukka,Finland,2u07e54v5dprsugdvddpq5ync,Goalkeeper,player,2004-09-07,Finland,2u07e54v5dprsugdvddpq5ync,NaN,30.0,active,yes,NaN,NaN,NaN,NaN,NaN,NaN
descft11h7vguts2hhezpkdg4,Veikka,Rättö,Veikka,Ratto,Male,V. Rättö,Finland,2u07e54v5dprsugdvddpq5ync,Goalkeeper,player,2007-05-17,Finland,2u07e54v5dprsugdvddpq5ync,NaN,NaN,active,no,NaN,NaN,NaN,NaN,NaN,NaN
dms080jxz0q591rx2s4oyji6t,Matheus,Alves Leandro,Matheus,Alves Leandro,Male,Matheus Alves,Brazil,2vufyvpoxd9lfl9f6vpp7tz6y,Attacker,player,1993-05-19,Brazil,2vufyvpoxd9lfl9f6vpp7tz6y,187.0,9.0,active,no,NaN,NaN,NaN,92.0,NaN,Matheus Alves
dwh29tjtz9mj5mafctp2mszu2,Marin,Ljubić,Marin,Ljubic,Male,M. Ljubić,Croatia,37hlakrwxyuzovaeoo4sezusp,Goalkeeper,player,1997-10-18,Croatia,37hlakrwxyuzovaeoo4sezusp,187.0,1.0,active,no,NaN,NaN,Split,79.0,right,NaN
ebx15selv4gzvjns1eawu1yvp,Lauri Loorents,Hertsi,Loorents,Hertsi,Male,L. Hertsi,Finland,2u07e54v5dprsugdvddpq5ync,Midfielder,player,1992-11-13,Finland,2u07e54v5dprsugdvddpq5ync,169.0,22.0,active,no,NaN,NaN,NaN,66.0,NaN,NaN
eqv51942yom10ijrlqque6nyt,Juho Janne Eemeli,Pirttijoki,Juho,Pirttijoki,Male,J. Pirttijoki,Finland,2u07e54v5dprsugdvddpq5ync,Defender,player,1996-07-30,Finland,2u07e54v5dprsugdvddpq5ync,195.0,15.0,active,no,NaN,NaN,Toijala,94.0,right,NaN
m5royi6oj5l5r4lygbywjsvd,Mikko,Kuningas,Mikko,Kuningas,Male,M. Kuningas,Finland,2u07e54v5dprsugdvddpq5ync,Midfielder,player,1997-07-30,Finland,2u07e54v5dprsugdvddpq5ync,183.0,25.0,active,no,NaN,NaN,NaN,82.0,NaN,NaN
10qxrh1rh7uyhtm3scj8glqs,Niilo,Kujasalo,Niilo,Kujasalo,Male,N. Kujasalo,Finland,2u07e54v5dprsugdvddpq5ync,Midfielder,player,2004-03-17,Finland,2u07e54v5dprsugdvddpq5ync,NaN,57.0,active,no,NaN,NaN,NaN,NaN,left,NaN
197bjrdxo8qscw0b22je0s9as,Aaro,Toivonen,Aaro,Toivonen,Male,A. Toivonen,Finland,2u07e54v5dprsugdvddpq5ync,Midfielder,player,2005-04-19,Finland,2u07e54v5dprsugdvddpq5ync,NaN,52.0,active,no,NaN,NaN,NaN,NaN,NaN,NaN
19xsgxk4g4gf1ickmbc92uzu,Miska,Ylitolva,Miska,Ylitolva,Male,M. Ylitolva,Finland,2u07e54v5dprsugdvddpq5ync,Defender,player,2004-05-23,Finland,2u07e54v5dprsugdvddpq5ync,NaN,28.0,active,no,NaN,NaN,NaN,NaN,NaN,NaN
1f6219ifdeqw36jzg7dzt3l04,Francis,Etu Gerrald,Francis,Etu,Male,F. Etu,Nigeria,63pvdwrsiq5b07mzi8igqei9p,Attacker,player,2004-04-10,Nigeria,63pvdwrsiq5b07mzi8igqei9p,NaN,NaN,active,no,NaN,NaN,NaN,NaN,NaN,NaN
20x8ylwcf047i87zjycwngel1,Valtteri,Moren,Valtteri,Moren,Male,V. Moren,Finland,2u07e54v5dprsugdvddpq5ync,Defender,player,1991-06-15,Finland,2u07e54v5dprsugdvddpq5ync,185.0,16.0,active,no,NaN,NaN,NaN,71.0,NaN,NaN
2e370aazhb7tm3jqgkwc99lh,Përparim,Hetemaj,Përparim,Hetemaj,Male,P. Hetemaj,Finland,2u07e54v5dprsugdvddpq5ync,Midfielder,player,1986-12-12,Kosovo,86u6edbqifdjsn49mbp2anw7p,179.0,56.0,active,no,Kosovo,86u6edbqifdjsn49mbp2anw7p,Skënderaj,76.0,right,NaN
2e3yktcpxvr1dxy2z1z1dolxw,Michael,Boamah,Michael,Boamah,Male,M. Boamah,Finland,2u07e54v5dprsugdvddpq5ync,Defender,player,2003-04-16,Ghana,2q2sw72utw5gu9t5y4knckwba,NaN,97.0,active,no,USA,7hr2f89v44y65dyu9k92vprwn,NaN,NaN,NaN,NaN
3900qcbovjanpy0hgputj5o89,Ossi-Pekka Juhani,Virta,Ossi,Virta,Male,O. Virta,Finland,2u07e54v5dprsugdvddpq5ync,NaN,assistant coach,1988-07-09,Finland,2u07e54v5dprsugdvddpq5ync,NaN,NaN,active,no,NaN,NaN,NaN,NaN,NaN,NaN
3pfmoo8wtwa7pyzkenc0xj5qt,Niki Emil Antonio,Mäenpää,Niki,Mäenpää,Male,N. Mäenpää,Finland,2u07e54v5dprsugdvddpq5ync,Goalkeeper,player,1985-01-23,Finland,2u07e54v5dprsugdvddpq5ync,191.0,85.0,active,yes,NaN,NaN,Espoo,86.0,right,NaN
4cooeu9zahategmvpj3zdr6xh,Santeri,Hostikka,Santeri,Hostikka,Male,S. Hostikka,Finland,2u07e54v5dprsugdvddpq5ync,Attacker,player,1997-09-30,Finland,2u07e54v5dprsugdvddpq5ync,183.0,7.0,active,yes,NaN,NaN,Järvenpää,NaN,NaN,NaN
4q9qes9db1l7plfu2re8q3v8,Ville,Vuorinen,Ville,Vuorinen,Male,V. Vuorinen,Finland,2u07e54v5dprsugdvddpq5ync,Defender,player,2005-02-21,Finland,2u07e54v5dprsugdvddpq5ync,185.0,NaN,active,no,NaN,NaN,NaN,NaN,NaN,NaN
4sncb83ujgfmrcbi87ue333s9,Anthony,Olusanya,Anthony,Olusanya,Male,A. Olusanya,Finland,2u07e54v5dprsugdvddpq5ync,Attacker,player,2000-02-01,Finland,2u07e54v5dprsugdvddpq5ync,NaN,29.0,active,no,Nigeria,63pvdwrsiq5b07mzi8igqei9p,NaN,NaN,NaN,NaN
520dbk81emwb7u262qivg8wyd,Kristopher,Santos Da Graça,Kristopher,Santos Da Graça,Male,Kristopher Da Graça,Cabo Verde,7235kgq23bu1v4qwk491u58h0,Defender,player,1998-01-16,Sweden,1z6l2c33w2kyz9rdefs1d68nb,188.0,5.0,active,no,Sweden,1z6l2c33w2kyz9rdefs1d68nb,Göteborg,85.0,right,Kristopher Da Graça
526wfcbkyo7f069c1bmg8oe8k,William,Grönblom,William,Grönblom,Male,W. Grönblom,Finland,2u07e54v5dprsugdvddpq5ync,Defender,player,2005-01-13,Finland,2u07e54v5dprsugdvddpq5ync,NaN,NaN,active,no,NaN,NaN,NaN,NaN,NaN,NaN
52fa2w4uqqoo6pdb93xej7310,Nils,Svensson,Nils,Svensson,Male,N. Svensson,Sweden,1z6l2c33w2kyz9rdefs1d68nb,Defender,player,2002-05-09,Sweden,1z6l2c33w2kyz9rdefs1d68nb,NaN,NaN,active,no,NaN,NaN,NaN,NaN,NaN,NaN
5jos8v6hr086q8at9iuyhwded,Miro,Tenho,Miro,Tenho,Male,M. Tenho,Finland,2u07e54v5dprsugdvddpq5ync,Defender,player,1995-04-02,Finland,2u07e54v5dprsugdvddpq5ync,190.0,15.0,active,no,NaN,NaN,Kaarina,NaN,right,NaN
5l991oj3vxvz34ntdzcw06pec,Otto,Hannula,Otto,Hannula,Male,O. Hannula,Finland,2u07e54v5dprsugdvddpq5ync,Midfielder,player,2005-09-29,Finland,2u07e54v5dprsugdvddpq5ync,NaN,NaN,active,no,NaN,NaN,NaN,NaN,NaN,NaN
609lg1o39xyg5tvgfuwxm90id,Antonio,Reguero Chapinal,Antonio,Reguero Chapinal,Male,Antonio Reguero,Spain,49ih1pwv3ahshdf8uzrimi54c,Goalkeeper,player,1982-07-04,Spain,49ih1pwv3ahshdf8uzrimi54c,184.0,89.0,active,no,NaN,NaN,Madrid,80.0,NaN,NaN
6658c625f1qoa5k2luvgnqbpx,Toni,Korkeakunnas,Toni,Korkeakunnas,Male,T. Korkeakunnas,Finland,2u07e54v5dprsugdvddpq5ync,NaN,coach,1968-05-15,Finland,2u07e54v5dprsugdvddpq5ync,174.0,NaN,active,no,NaN,NaN,Helsinki,NaN,NaN,NaN
6jpatqcq2c2qniya8o736pwfe,Bojan,Radulović Samouković,Bojan,Radulovic,Male,B. Radulović,Serbia,5w4ve503bjdsshwx9ho6jxzx0,Attacker,player,1999-12-29,Spain,49ih1pwv3ahshdf8uzrimi54c,191.0,9.0,active,no,NaN,NaN,Lleida,79.0,NaN,NaN
6yreepfqr0qh9o2mlglzkri6t,Roope Vilhelmi,Riski,Roope,Riski,Male,R. Riski,Finland,2u07e54v5dprsugdvddpq5ync,Attacker,player,1991-08-16,Finland,2u07e54v5dprsugdvddpq5ync,180.0,11.0,active,no,NaN,NaN,Askainen,70.0,right,NaN
7198rz1vtgazkeytaltke2noq,Georgios,Kanellopoulos,Georgios,Kanellopoulos,Male,G. Kanellopoulos,Greece,6lpgd60z890no2v46zdecrcss,Midfielder,player,2000-01-29,Greece,6lpgd60z890no2v46zdecrcss,173.0,24.0,active,yes,NaN,NaN,Tripoli,66.0,right,NaN
72oiz92rfd5sxtpxxnqb7kpre,Oliver,Pettersson,Oliver,Pettersson,Male,O. Pettersson,Finland,2u07e54v5dprsugdvddpq5ync,Defender,player,2003-05-13,Finland,2u07e54v5dprsugdvddpq5ync,NaN,46.0,active,no,NaN,NaN,NaN,NaN,NaN,NaN
72qulyqarfxjwzbrcqa7tkys4,Kaius,Hardén,Kaius,Hardén,Male,K. Hardén,Finland,2u07e54v5dprsugdvddpq5ync,Attacker,player,2004-06-10,Finland,2u07e54v5dprsugdvddpq5ync,NaN,NaN,active,no,NaN,NaN,NaN,NaN,NaN,NaN
74r7g6wijdghi1dnr994cclp1,Jesse,Öst,Jesse,Öst,Male,J. Öst,Finland,2u07e54v5dprsugdvddpq5ync,Goalkeeper,player,1990-10-23,Finland,2u07e54v5dprsugdvddpq5ync,191.0,1.0,active,yes,NaN,NaN,NaN,73.0,NaN,NaN
7cfvfo7j1hdln0ef4skv57my1,Kevin,Kouassivi-Benissan,Kevin,Kouassivi-Benissan,Male,K. Kouassivi-Benissan,Finland,2u07e54v5dprsugdvddpq5ync,Defender,player,1999-01-25,Finland,2u07e54v5dprsugdvddpq5ync,NaN,27.0,active,yes,Togo,3jiuckrqd0zejkm452st5dyq7,NaN,NaN,NaN,NaN
7jv2mo9fes84761ebn6437axg,David,Ezeh,David,Ezeh,Male,D. Ezeh,Finland,2u07e54v5dprsugdvddpq5ync,Attacker,player,2006-02-13,Finland,2u07e54v5dprsugdvddpq5ync,NaN,73.0,active,no,Nigeria,63pvdwrsiq5b07mzi8igqei9p,NaN,NaN,NaN,NaN
7ljghcaztuhry0jka0gx0x72s,Johan Alexander,Lietsa,Johan,Lietsa,Male,J. Lietsa,Finland,2u07e54v5dprsugdvddpq5ync,Defender,player,2005-02-15,Finland,2u07e54v5dprsugdvddpq5ync,NaN,NaN,active,no,NaN,NaN,NaN,NaN,NaN,NaN
7mn880d3dieg0qb49tlzx1mfp,Lucas,Lingman,Lucas,Lingman,Male,L. Lingman,Finland,2u07e54v5dprsugdvddpq5ync,Midfielder,player,1998-01-25,Finland,2u07e54v5dprsugdvddpq5ync,174.0,10.0,active,yes,NaN,NaN,Espoo,NaN,both,NaN
7orfbi07ytn14ir63ji93h79w,Stanislav,Baranov,Stanislav,Baranov,Male,S. Baranov,Finland,2u07e54v5dprsugdvddpq5ync,Attacker,player,2005-04-15,Finland,2u07e54v5dprsugdvddpq5ync,NaN,NaN,active,no,NaN,NaN,NaN,NaN,NaN,NaN
7pb4hvyrks628c3cbm1m7105w,Alex,Ramula,Alex,Ramula,Male,A. Ramula,Finland,2u07e54v5dprsugdvddpq5ync,Goalkeeper,player,2005-01-17,Finland,2u07e54v5dprsugdvddpq5ync,NaN,78.0,active,yes,NaN,NaN,NaN,NaN,NaN,NaN
828vzps62uuf2n8f6xfh3dy39,Toni,Koskela,Toni,Koskela,Male,T. Koskela,Finland,2u07e54v5dprsugdvddpq5ync,NaN,coach,1983-02-16,Finland,2u07e54v5dprsugdvddpq5ync,NaN,NaN,active,no,NaN,NaN,Helsinki,NaN,NaN,NaN
8qn89v5q0gjb5q5imnhu8ztyi,Topi,Keskinen,Topi,Keskinen,Male,T. Keskinen,Finland,2u07e54v5dprsugdvddpq5ync,Attacker,player,2003-03-07,Finland,2u07e54v5dprsugdvddpq5ync,NaN,18.0,active,no,NaN,NaN,NaN,NaN,NaN,NaN
8r3xgvgtysw3a026rrhebyxre,Maksim,Stjopin,Maksim,Stjopin,Male,M. Stjopin,Finland,2u07e54v5dprsugdvddpq5ync,Attacker,player,2003-04-08,Finland,2u07e54v5dprsugdvddpq5ync,178.0,34.0,active,no,Estonia,64smib5liu1qh78iaylufxj99,NaN,NaN,left,NaN
9h6havu7okmm0qk20kgkokmi,Matti,Peltola,Matti,Peltola,Male,M. Peltola,Finland,2u07e54v5dprsugdvddpq5ync,Defender,player,2002-07-03,Finland,2u07e54v5dprsugdvddpq5ync,185.0,14.0,active,no,NaN,NaN,Espoo,NaN,NaN,NaN
an77jbrily6wipsqhwliubhsl,Aleksi,Paananen,Aleksi,Paananen,Male,A. Paananen,Finland,2u07e54v5dprsugdvddpq5ync,Midfielder,player,1993-01-25,Finland,2u07e54v5dprsugdvddpq5ync,165.0,19.0,active,no,NaN,NaN,Siilinjärvi,55.0,NaN,Aleksi Paananen
anqhl7ehns6thx9ldto2jp5ud,Jukka,Raitala,Jukka,Raitala,Male,J. Raitala,Finland,2u07e54v5dprsugdvddpq5ync,Defender,player,1988-09-15,Finland,2u07e54v5dprsugdvddpq5ync,181.0,22.0,active,no,NaN,NaN,Kerava,76.0,left,NaN
axhhc5rewmeuu1favq86r03it,Aapo Ilmari,Halme,Aapo,Halme,Male,A. Halme,Finland,2u07e54v5dprsugdvddpq5ync,Defender,player,1998-05-22,Finland,2u07e54v5dprsugdvddpq5ync,193.0,6.0,active,yes,NaN,NaN,Helsinki,78.0,right,NaN
b8510xkwvx1o1bb7bszrgiane,Boureima Hassane,Bandé,Hassane,Bandé,Male,H. Bandé,Burkina Faso,2ggql4uo9h0p3c67wkm68ibol,Attacker,player,1998-10-30,Burkina Faso,2ggql4uo9h0p3c67wkm68ibol,178.0,17.0,active,yes,NaN,NaN,Ouagadougou,72.0,right,NaN
beq1o3wl29kdr4qtahdij1m21,Nicholas Antero,Hämäläinen,Niko,Hämäläinen,Male,N. Hämäläinen,Finland,2u07e54v5dprsugdvddpq5ync,Defender,player,1997-03-05,Finland,2u07e54v5dprsugdvddpq5ync,178.0,3.0,active,no,USA,7hr2f89v44y65dyu9k92vprwn,NaN,73.0,left,NaN
bj9su6aafe5hhp6gs8smew76y,Kai,Meriluoto,Kai,Meriluoto,Male,K. Meriluoto,Finland,2u07e54v5dprsugdvddpq5ync,Attacker,player,2003-01-02,Finland,2u07e54v5dprsugdvddpq5ync,183.0,42.0,active,no,Japan,lxyibh89lpdc0bfian1nx0xq,Pori,72.0,right,NaN
bkg34xhlps5d60dxnmpz1f55h,Pyry Henri,Hidipo Soiri,Pyry,Soiri,Male,P. Soiri,Finland,2u07e54v5dprsugdvddpq5ync,Defender,player,1994-09-22,Finland,2u07e54v5dprsugdvddpq5ync,183.0,23.0,active,no,Namibia,5gnafp0jaansh8iqoslamuwdc,Tammisaari,66.0,right,NaN
bl6vj48jfq2s09w7sezntwgt0,Liam,Möller,Liam,Möller,Male,L. Möller,Finland,2u07e54v5dprsugdvddpq5ync,Midfielder,player,2004-12-21,Finland,2u07e54v5dprsugdvddpq5ync,NaN,59.0,active,yes,NaN,NaN,NaN,NaN,NaN,NaN
c538ewmcaz4z73gcftzedbob9,Atomu,Tanaka,Atomu,Tanaka,Male,A. Tanaka,Japan,lxyibh89lpdc0bfian1nx0xq,Midfielder,player,1987-10-04,Japan,lxyibh89lpdc0bfian1nx0xq,167.0,37.0,active,yes,NaN,NaN,Niigata,68.0,right,NaN
c5oixwvc8sk4fxliorsk7a311,Joona Marko Aleksi,Toivio,Joona,Toivio,Male,J. Toivio,Finland,2u07e54v5dprsugdvddpq5ync,Defender,player,1988-03-10,Finland,2u07e54v5dprsugdvddpq5ync,186.0,4.0,active,yes,NaN,NaN,Sipoo,87.0,right,NaN
cn6gncw8nbyds83xx6cxbzrpw,Santeri,Silander,Santeri,Silander,Male,S. Silander,Finland,2u07e54v5dprsugdvddpq5ync,Defender,player,2004-04-20,Finland,2u07e54v5dprsugdvddpq5ync,NaN,NaN,active,no,NaN,NaN,NaN,NaN,NaN,NaN
csob6k80nbaoi0w18kgt3endh,Filip Roberto,Rogić,Filip,Rogic,Male,F. Rogić,Sweden,1z6l2c33w2kyz9rdefs1d68nb,Midfielder,player,1993-06-14,Sweden,1z6l2c33w2kyz9rdefs1d68nb,181.0,8.0,active,no,Croatia,37hlakrwxyuzovaeoo4sezusp,Eskilstuna,73.0,both,NaN
cy6qm33xev5r1z15mjv69rob9,Dejan,Iliev,Dejan,Iliev,Male,D. Iliev,North Macedonia,1lesyxylc5eza0a4z87t9azcc,Goalkeeper,player,1995-02-25,North Macedonia,1lesyxylc5eza0a4z87t9azcc,195.0,25.0,active,no,England,1fk5l4hkqk12i7zske6mcqju6,Strumica,87.0,right,NaN
mwnt0b9a1jftct5ti3honwmh,Tuomas,Ollila,Tuomas,Ollila,Male,T. Ollila,Finland,2u07e54v5dprsugdvddpq5ync,Defender,player,2000-04-25,Finland,2u07e54v5dprsugdvddpq5ync,175.0,2.0,active,no,NaN,NaN,Helsinki,68.0,left,NaN
1nysj6xb60fhhjhtle8pakbo4,Arvid Axel Alonzo,Lundberg,Arvid,Lundberg,Male,A. Lundberg,Finland,2u07e54v5dprsugdvddpq5ync,Attacker,player,2006-05-24,Finland,2u07e54v5dprsugdvddpq5ync,NaN,21.0,active,no,NaN,NaN,NaN,NaN,NaN,NaN
3ihlmubpjx8k2drbmahgf0gh6,Otto,Hautamo,Otto,Hautamo,Male,O. Hautamo,Finland,2u07e54v5dprsugdvddpq5ync,Goalkeeper,player,2002-03-07,Finland,2u07e54v5dprsugdvddpq5ync,NaN,30.0,active,no,NaN,NaN,NaN,NaN,NaN,NaN
3orh0redv58co5v3kmto42dhx,Abdulfattah Tawfiq Jaber,Asiri,Abdulfattah Tawfiq Jaber,Asiri,Male,Abdulfattah Asiri,Saudi Arabia,639nv0r2ixeusx4nzqyzb5iuq,Attacker,player,1994-02-26,Saudi Arabia,639nv0r2ixeusx4nzqyzb5iuq,166.0,45.0,active,no,NaN,NaN,Khamis Mushait,64.0,left,Abdulfattah Asiri
3t52v4yj7lw13mrb7ueg6n651,Jamie Ryan,Hopcutt,Jamie,Hopcutt,Male,J. Hopcutt,England,1fk5l4hkqk12i7zske6mcqju6,Attacker,player,1992-06-23,England,1fk5l4hkqk12i7zske6mcqju6,180.0,25.0,active,no,Sweden,1z6l2c33w2kyz9rdefs1d68nb,York,73.0,right,NaN
3xtbzw2dg5my9jn99xqh5gdpm,Daniel,Enqvist,Daniel,Enqvist,Male,D. Enqvist,Finland,2u07e54v5dprsugdvddpq5ync,Defender,player,2001-09-17,Finland,2u07e54v5dprsugdvddpq5ync,NaN,4.0,active,yes,NaN,NaN,NaN,NaN,NaN,NaN
4lbsym9thp3wvi9fnrfch3ip6,Elmo,Henriksson,Elmo,Henriksson,Male,E. Henriksson,Finland,2u07e54v5dprsugdvddpq5ync,Goalkeeper,player,2003-03-10,Finland,2u07e54v5dprsugdvddpq5ync,NaN,81.0,active,no,NaN,NaN,NaN,NaN,NaN,NaN
4vezxh9bid6rx4z22s9acwu6t,Timi Tapio,Lahti,Timi,Lahti,Male,T. Lahti,Finland,2u07e54v5dprsugdvddpq5ync,Defender,player,1990-06-28,Finland,2u07e54v5dprsugdvddpq5ync,NaN,2.0,active,no,NaN,NaN,NaN,NaN,NaN,NaN
596d6ros8xtxb2hhy2zh7xf6c,Max Thulani,Peterson,Max,Peterson,Male,M. Peterson,USA,7hr2f89v44y65dyu9k92vprwn,Midfielder,player,1999-04-13,USA,7hr2f89v44y65dyu9k92vprwn,NaN,NaN,active,yes,NaN,NaN,NaN,NaN,NaN,NaN
7ff08unjv9o6r744926poeve2,Kostas,Kotsopoulos,Kostas,Kotsopoulos,Male,K. Kotsopoulos,Greece,6lpgd60z890no2v46zdecrcss,Midfielder,player,1997-02-17,Greece,6lpgd60z890no2v46zdecrcss,177.0,20.0,active,no,NaN,NaN,Veria,NaN,right,NaN
7mtrb2q1po3bwtkfp1w4w2qxh,Jelle,van der Heyden,Jelle,van der Heyden,Male,J. van der Heyden,Netherlands,6hzi5pltnz67q4la8yli9qfv6,Midfielder,player,1995-08-31,Netherlands,6hzi5pltnz67q4la8yli9qfv6,180.0,32.0,active,no,NaN,NaN,Arnhem,80.0,right,NaN
7onne12jg3471w844xoyvjh79,Ariel Thierry,Ngueukam,Ariel,Ngueukam,Male,A. Ngueukam,Cameroon,4eb9feio6u267dd1jcwaf38mt,Attacker,player,1988-11-15,Cameroon,4eb9feio6u267dd1jcwaf38mt,185.0,11.0,active,no,NaN,NaN,Yaounde,NaN,both,NaN
8tzmahdp1kkbot7nulpirqhh,Jiri,Nissinen,Jiri,Nissinen,Male,J. Nissinen,Finland,2u07e54v5dprsugdvddpq5ync,Defender,player,1997-05-30,Finland,2u07e54v5dprsugdvddpq5ync,180.0,28.0,active,yes,NaN,NaN,NaN,NaN,right,NaN
8v9ms04dm6d99xb9lt5qdk74k,Leo,Andersson,Leo,Andersson,Male,L. Andersson,Finland,2u07e54v5dprsugdvddpq5ync,Midfielder,player,2004-06-11,Finland,2u07e54v5dprsugdvddpq5ync,NaN,43.0,active,yes,NaN,NaN,NaN,NaN,NaN,NaN
970sp55ynafv89jbe51qa0w5x,Alan Henrique,Ferreira Bastos Soares,Alan Henrique,Ferreira Bastos Soares,Male,Alan Henrique,Brazil,2vufyvpoxd9lfl9f6vpp7tz6y,Defender,player,1991-06-19,Brazil,2vufyvpoxd9lfl9f6vpp7tz6y,189.0,15.0,active,no,NaN,NaN,Belo Horizonte,74.0,right,Alan Henrique
9pnfs9u15bzbkx7z8lhy431g4,Hussein Usman,Suleman,Usman,Suleman,Male,U. Suleman,Ghana,2q2sw72utw5gu9t5y4knckwba,Midfielder,player,2002-06-11,Ghana,2q2sw72utw5gu9t5y4knckwba,173.0,5.0,active,yes,NaN,NaN,NaN,69.0,NaN,NaN
9vdi394umuumkq4hg5rnj5tzo,Gabriel,Tallblom,Gabriel,Kolodziejczyk,Male,G. Tallblom,Finland,2u07e54v5dprsugdvddpq5ync,Goalkeeper,player,2006-04-06,Finland,2u07e54v5dprsugdvddpq5ync,NaN,88.0,active,no,NaN,NaN,NaN,NaN,NaN,NaN
a2gpde4azx4jk58udklrh6g9h,Marc,Nordqvist,Marc,Nordqvist,Male,M. Nordqvist,Finland,2u07e54v5dprsugdvddpq5ync,Goalkeeper,player,1997-06-01,Finland,2u07e54v5dprsugdvddpq5ync,188.0,97.0,active,yes,NaN,NaN,NaN,76.0,NaN,NaN
a9234jafv17dcvbu54expih91,Eddie Albin Alexander,Granlund,Albin,Granlund,Male,A. Granlund,Finland,2u07e54v5dprsugdvddpq5ync,Defender,player,1989-09-01,Finland,2u07e54v5dprsugdvddpq5ync,175.0,22.0,active,no,NaN,NaN,Parainen,73.0,right,NaN
aityfrjh6vnvw4d53caqhevze,Cledson,Carvalho da Silva,Cledson,Carvalho da Silva,Male,Dé,Brazil,2vufyvpoxd9lfl9f6vpp7tz6y,Attacker,player,1998-02-06,Brazil,2vufyvpoxd9lfl9f6vpp7tz6y,NaN,9.0,active,no,NaN,NaN,NaN,NaN,NaN,Dé
b3v91e7r9djyruwjfsh5ncvdh,Jean-Christophe,Coubronne,Jean-Christophe,Coubronne,Male,J. Coubronne,France,7gww28djs405rfga69smki84o,Defender,player,1989-07-30,France,7gww28djs405rfga69smki84o,179.0,13.0,active,no,NaN,NaN,Lyon,68.0,NaN,NaN
bj3hdokfgxfrxo4d5231pj5rd,Oskari,Sallinen,Oskari,Sallinen,Male,O. Sallinen,Finland,2u07e54v5dprsugdvddpq5ync,Attacker,player,2001-06-22,Finland,2u07e54v5dprsugdvddpq5ync,NaN,6.0,active,no,NaN,NaN,NaN,NaN,right,NaN
bot5iwz6xukegdxkwxt4nqevp,Aly,Ndom,Aly,Ndom,Male,A. Ndom,France,7gww28djs405rfga69smki84o,Midfielder,player,1996-05-30,France,7gww28djs405rfga69smki84o,191.0,44.0,active,no,Senegal,6hhqyhr5cwq2pfprlazyposyk,Pontoise,90.0,left,NaN
byudescfxvi1kxlpncbv0mymt,Mikko,Sumusalo,Mikko,Sumusalo,Male,M. Sumusalo,Finland,2u07e54v5dprsugdvddpq5ync,Defender,player,1990-03-12,Finland,2u07e54v5dprsugdvddpq5ync,176.0,23.0,active,no,NaN,NaN,Porvoo,71.0,left,NaN
c1018jlukfgaia6hv08vqgtt5,Thadee Alvaro,Ngamba,Alvaro,Ngamba,Male,A. Ngamba,France,7gww28djs405rfga69smki84o,Midfielder,player,1998-12-15,Cameroon,4eb9feio6u267dd1jcwaf38mt,172.0,8.0,active,no,NaN,NaN,Yaoundé,65.0,NaN,NaN
c3ymf2eb3jw55qog6l4hkql05,Robin,Sid,Robin,Sid,Male,R. Sid,Finland,2u07e54v5dprsugdvddpq5ync,Midfielder,player,1994-09-21,Finland,2u07e54v5dprsugdvddpq5ync,NaN,17.0,active,yes,NaN,NaN,NaN,NaN,NaN,NaN
d3wdrhi68tcosjkrsl8cjrefp,Jimmy,Wargh,Jimmy,Wargh,Male,J. Wargh,Finland,2u07e54v5dprsugdvddpq5ync,NaN,coach,1976-04-09,Finland,2u07e54v5dprsugdvddpq5ync,176.0,NaN,active,no,NaN,NaN,NaN,NaN,NaN,NaN
db4482ut4wt0c00ed214bno45,Riku,Sjöroos,Riku,Sjöroos,Male,R. Sjöroos,Finland,2u07e54v5dprsugdvddpq5ync,Attacker,player,1995-03-10,Finland,2u07e54v5dprsugdvddpq5ync,NaN,7.0,active,no,NaN,NaN,NaN,NaN,NaN,NaN
e44b06wsnvq3sjrvwk76dh6nd,Patrik Matias,Raitanen,Patrik,Raitanen,Male,P. Raitanen,Finland,2u07e54v5dprsugdvddpq5ync,Defender,player,2001-06-13,Finland,2u07e54v5dprsugdvddpq5ync,NaN,29.0,active,no,NaN,NaN,Ulvila,NaN,right,NaN
e45figz6iqhooav5b5wscmp5h,Henrik Daniel,Sjölund,Daniel,Sjölund,Male,D. Sjölund,Finland,2u07e54v5dprsugdvddpq5ync,NaN,assistant coach,1983-04-22,Finland,2u07e54v5dprsugdvddpq5ync,179.0,NaN,active,yes,NaN,NaN,Finström,80.0,left,NaN
ed7exc7lu6odinihb0ynu1n11,Daniel,Norrmén,Daniel,Norrmén,Male,D. Norrmén,Finland,2u07e54v5dprsugdvddpq5ync,NaN,coach,1975-02-11,Finland,2u07e54v5dprsugdvddpq5ync,NaN,NaN,active,no,NaN,NaN,NaN,NaN,NaN,NaN
emdm2ibw4b2ctav7n19d92hka,Samuel,Anini Junior,Samuel,Anini,Male,S. Anini,Finland,2u07e54v5dprsugdvddpq5ync,Attacker,player,2002-09-07,Finland,2u07e54v5dprsugdvddpq5ync,175.0,41.0,active,no,Ghana,2q2sw72utw5gu9t5y4knckwba,NaN,NaN,right,NaN
eyxig53mzy4qlf208vpchs7is,Michael,Fonsell,Michael,Fonsell,Male,M. Fonsell,Finland,2u07e54v5dprsugdvddpq5ync,Midfielder,player,2003-07-26,Finland,2u07e54v5dprsugdvddpq5ync,NaN,14.0,active,yes,NaN,NaN,NaN,NaN,NaN,NaN
f5f9sfvtizyppg8kqtmp9y3ca,Muhamed Tehe,Olawale,Tehe,Olawale,Male,T. Olawale,Côte d'Ivoire,tin6kf561ywonqan0mettr98,Attacker,player,1999-02-20,Côte d'Ivoire,tin6kf561ywonqan0mettr98,NaN,18.0,active,yes,NaN,NaN,NaN,NaN,NaN,NaN
11xqkd2im28nwotbqeuhflcd1,Joni Onni Kristian,Mäkelä,Joni,Mäkelä,Male,J. Mäkelä,Finland,2u07e54v5dprsugdvddpq5ync,Midfielder,player,1993-09-28,Finland,2u07e54v5dprsugdvddpq5ync,175.0,7.0,active,yes,NaN,NaN,NaN,65.0,NaN,NaN
19xsgxk4g4gf1ickmbc92uzu,Miska,Ylitolva,Miska,Ylitolva,Male,M. Ylitolva,Finland,2u07e54v5dprsugdvddpq5ync,Defender,player,2004-05-23,Finland,2u07e54v5dprsugdvddpq5ync,NaN,19.0,active,no,NaN,NaN,NaN,NaN,NaN,NaN
2obkr9n79ufn8wxgsmfargs9g,Alen,Harbas,Alan,Harbas,Male,A. Harbas,Australia,u5ieemi69z72c3bgczyy68lo,Attacker,player,2004-02-26,Australia,u5ieemi69z72c3bgczyy68lo,187.0,30.0,active,yes,Bosnia and Herzegovina,4fue8u54361o79fbiu9qwxjer,NaN,73.0,right,NaN
2rrt0ya9hvxu58vd0y5zoh756,Jack Winston,De Vries,Jack,De Vries,Male,J. De Vries,USA,7hr2f89v44y65dyu9k92vprwn,Midfielder,player,2002-03-28,USA,7hr2f89v44y65dyu9k92vprwn,178.0,28.0,active,no,NaN,NaN,Akron,66.0,NaN,NaN
2ua3d1tyg1xo5g1xexbq7ub1m,Gabriel Ragnar Hilmer,Sandberg,Gabriel,Sandberg,Male,G. Sandberg,Sweden,1z6l2c33w2kyz9rdefs1d68nb,Midfielder,player,2003-03-10,Sweden,1z6l2c33w2kyz9rdefs1d68nb,NaN,21.0,active,no,NaN,NaN,NaN,NaN,NaN,NaN
49jv5vhtejmn94ytnsqdiyexg,Eelis,Silvo,Eelis,Silvo,Male,E. Silvo,Finland,2u07e54v5dprsugdvddpq5ync,Defender,player,2005-01-11,Finland,2u07e54v5dprsugdvddpq5ync,NaN,44.0,active,no,NaN,NaN,NaN,NaN,NaN,NaN
4j6mmz3hmflimj5vv4r184yqd,Juha,Malinen,Juha,Malinen,Male,J. Malinen,Finland,2u07e54v5dprsugdvddpq5ync,NaN,coach,1958-07-16,Finland,2u07e54v5dprsugdvddpq5ync,NaN,NaN,active,no,NaN,NaN,NaN,NaN,NaN,NaN
4zizd9804wk2k5v0l7ph0u0kq,Anttoni,Huttunen,Anttoni,Huttunen,Male,A. Huttunen,Finland,2u07e54v5dprsugdvddpq5ync,Midfielder,player,2001-12-17,Finland,2u07e54v5dprsugdvddpq5ync,172.0,16.0,active,yes,NaN,NaN,NaN,NaN,NaN,NaN
50363loqmiiab4vh6oogap2vp,Georgios,Manthatis,Georgios,Manthatis,Male,G. Manthatis,Greece,6lpgd60z890no2v46zdecrcss,Midfielder,player,1997-05-11,Greece,6lpgd60z890no2v46zdecrcss,174.0,27.0,active,no,NaN,NaN,Athína,74.0,right,NaN
69zdszenib7vq1xlonwfm3i7d,Luis Willis,Alvés Furtado,Luis Willis,Alvés Furtado,Male,Willis Furtado,Cabo Verde,7235kgq23bu1v4qwk491u58h0,Attacker,player,1997-09-04,France,7gww28djs405rfga69smki84o,182.0,10.0,active,no,France,7gww28djs405rfga69smki84o,NaN,NaN,left,Willis Furtado
6i2n7bcfphn89v0eccet2fop,Rasmus,Leislahti,Rasmus,Leislahti,Male,R. Leislahti,Finland,2u07e54v5dprsugdvddpq5ync,Goalkeeper,player,2000-06-16,Finland,2u07e54v5dprsugdvddpq5ync,184.0,1.0,active,no,NaN,NaN,NaN,NaN,right,NaN
6iaszy97sphbfkhfxdwd93g15,Michael Olusoji,Ogungbaro,Michael,Ogungbaro,Male,M. Ogungbaro,Nigeria,63pvdwrsiq5b07mzi8igqei9p,Defender,player,1996-07-10,Nigeria,63pvdwrsiq5b07mzi8igqei9p,NaN,5.0,active,no,NaN,NaN,NaN,NaN,NaN,NaN
7gu42wcpqbolejfq3t5ea4161,Willian,Pozo-Venta Angell,Willian,Pozo,Male,W. Pozo,Cuba,ws166hrbk0nwte3ypn8mm36g,Attacker,player,1997-08-27,Cuba,ws166hrbk0nwte3ypn8mm36g,184.0,11.0,active,no,NaN,NaN,La Habana,76.0,right,NaN
84use7mb9ngwgnj1qy56j9yax,Valtteri Jussi Pekka,Vesiaho,Valtteri,Vesiaho,Male,V. Vesiaho,Finland,2u07e54v5dprsugdvddpq5ync,Defender,player,1999-02-10,Finland,2u07e54v5dprsugdvddpq5ync,183.0,6.0,active,yes,NaN,NaN,Helsinki,NaN,right,NaN
8bk1u1zlolcgphg6dwdezdre,Juho,Lehtiranta,Juho,Lehtiranta,Male,J. Lehtiranta,Finland,2u07e54v5dprsugdvddpq5ync,Defender,player,2002-09-27,Finland,2u07e54v5dprsugdvddpq5ync,NaN,14.0,active,no,NaN,NaN,NaN,NaN,NaN,NaN
8m0q0h2sea05ukg17ykbfzlgq,Nathael Kenzo,Ishii,Nathael,Ishii,Male,N. Ishii,Japan,lxyibh89lpdc0bfian1nx0xq,Attacker,player,1999-05-04,Japan,lxyibh89lpdc0bfian1nx0xq,NaN,22.0,active,no,NaN,NaN,NaN,NaN,NaN,NaN
953p5u65skyng9hwq62zxgj8q,Matias,Niemelä,Matias,Niemelä,Male,M. Niemelä,Finland,2u07e54v5dprsugdvddpq5ync,Goalkeeper,player,2002-03-15,Finland,2u07e54v5dprsugdvddpq5ync,NaN,25.0,active,no,NaN,NaN,NaN,NaN,NaN,NaN
9bd4vf4tdzfipobqzp2r7gbft,Matias,Paavola,Matias,Paavola,Male,M. Paavola,Finland,2u07e54v5dprsugdvddpq5ync,Defender,player,2000-06-30,Finland,2u07e54v5dprsugdvddpq5ync,185.0,26.0,active,no,NaN,NaN,NaN,NaN,NaN,NaN
aiqmq08cx5jg3n97gnp5da47p,Lassi,Nurmos,Lassi,Nurmos,Male,L. Nurmos,Finland,2u07e54v5dprsugdvddpq5ync,Defender,player,1994-07-24,Finland,2u07e54v5dprsugdvddpq5ync,176.0,3.0,active,no,NaN,NaN,Haukipudas,NaN,NaN,NaN
aksd92m1et7bs1miu6cfdcfyt,Matias Antero,Lindfors,Matias,Lindfors,Male,M. Lindfors,Finland,2u07e54v5dprsugdvddpq5ync,Midfielder,player,1997-02-15,Finland,2u07e54v5dprsugdvddpq5ync,NaN,23.0,active,yes,NaN,NaN,NaN,NaN,NaN,NaN
asxmxsrstdn3ll0d2z9ebvvmd,Miguel Ángel,Junco Martínez,Miguel Ángel,Junco Martínez,Male,Mika,Spain,49ih1pwv3ahshdf8uzrimi54c,Attacker,player,1993-03-18,Spain,49ih1pwv3ahshdf8uzrimi54c,175.0,29.0,active,no,NaN,NaN,Santander,75.0,NaN,Mika
bbdn714bofx0cbmha6zd3otii,Miska,Rautiola,Miska,Rautiola,Male,M. Rautiola,Finland,2u07e54v5dprsugdvddpq5ync,Defender,player,1998-06-20,Finland,2u07e54v5dprsugdvddpq5ync,NaN,2.0,active,no,NaN,NaN,NaN,NaN,NaN,NaN
bbhlit8e3m7s5ozw080bn9x0q,Jussi,Leppälahti,Jussi,Leppälahti,Male,J. Leppälahti,Finland,2u07e54v5dprsugdvddpq5ync,NaN,coach,1986-08-22,Finland,2u07e54v5dprsugdvddpq5ync,NaN,NaN,active,no,NaN,NaN,NaN,NaN,NaN,NaN
bqmu5ivy58poeflzo7iw5mprd,Daan,Klinkenberg,Daan,Klinkenberg,Male,D. Klinkenberg,Netherlands,6hzi5pltnz67q4la8yli9qfv6,Defender,player,1996-01-12,Netherlands,6hzi5pltnz67q4la8yli9qfv6,186.0,4.0,active,no,NaN,NaN,Beinsdorp,79.0,left,NaN
btr893a8ljoe8av97ji8kwr11,Aleksi,Tarvonen,Aleksi,Tarvonen,Male,A. Tarvonen,Finland,2u07e54v5dprsugdvddpq5ync,Attacker,player,1994-07-19,Finland,2u07e54v5dprsugdvddpq5ync,181.0,9.0,active,no,NaN,NaN,NaN,68.0,NaN,NaN
cwkxk8jed2wura49njxrag5at,Simo,Roiha,Simo,Roiha,Male,S. Roiha,Finland,2u07e54v5dprsugdvddpq5ync,Attacker,player,1990-12-27,Finland,2u07e54v5dprsugdvddpq5ync,187.0,20.0,active,no,NaN,NaN,NaN,87.0,NaN,NaN
cwu85ftvfakdt5gstwtc3trai,Damiano Daniele,Pecile,Damiano,Pecile,Male,D. Pecile,Canada,1iaoypzp6syf32cz9l15pzp7e,Midfielder,player,2002-04-11,Canada,1iaoypzp6syf32cz9l15pzp7e,183.0,18.0,active,no,NaN,NaN,Burnaby,77.0,right,NaN
cxkwg2vq69fmgsrzltmede7yt,David,Ramadingaye,David,Ramadingaye,Male,D. Ramadingaye,Chad,3ym55p50ylho3bfxpfmv9x5wb,Midfielder,player,1989-09-14,Finland,2u07e54v5dprsugdvddpq5ync,176.0,32.0,active,no,Finland,2u07e54v5dprsugdvddpq5ync,Oulu,69.0,NaN,NaN
d14nx1unv8mvz32e9tz9qecr8,Mikko,Viitsalo,Mikko,Vitsalo,Male,M. Viitsalo,Finland,2u07e54v5dprsugdvddpq5ync,NaN,assistant coach,1989-10-12,Finland,2u07e54v5dprsugdvddpq5ync,NaN,NaN,active,no,NaN,NaN,NaN,NaN,NaN,NaN
dl6lfojhwzis2gboqxonxu904,Maksym,Zhuk,Maksym,Zhuk,Male,M. Zhuk,Ukraine,315w6fk6umfzf4qvba3t55u61,Goalkeeper,player,2003-08-18,Ukraine,315w6fk6umfzf4qvba3t55u61,191.0,33.0,active,yes,NaN,NaN,NaN,75.0,NaN,NaN
evhx6c4jwj43sc8ajh3apmxn9,Vesa Johannes,Laaksonen,Johannes,Laaksonen,Male,J. Laaksonen,Finland,2u07e54v5dprsugdvddpq5ync,Midfielder,player,1990-12-13,Finland,2u07e54v5dprsugdvddpq5ync,183.0,8.0,active,yes,NaN,NaN,Kotka,NaN,right,NaN
f2ab1zbzm717i2z80l869obqi,Nikolas,Talo,Nikolas,Talo,Male,N. Talo,Finland,2u07e54v5dprsugdvddpq5ync,Defender,player,2003-03-24,Finland,2u07e54v5dprsugdvddpq5ync,NaN,34.0,active,no,NaN,NaN,NaN,NaN,NaN,NaN
1b0rwzo6ph64v5c00yajvgjmy,Eliton,Pardinho Toreta Júnior,Eliton,Pardinho Torreta Junior,Male,Eliton Júnior,Brazil,2vufyvpoxd9lfl9f6vpp7tz6y,Midfielder,player,1998-01-26,Brazil,2vufyvpoxd9lfl9f6vpp7tz6y,181.0,10.0,active,no,Italy,25f2cmb2r8mk5rj92tzer6kvv,NaN,NaN,NaN,Eliton Junior
289f8ysumkm0ilmx2z472cei2,Ibrahim,Cissé,Ibrahim,Cissé,Male,I. Cissé,Côte d'Ivoire,tin6kf561ywonqan0mettr98,Defender,player,1999-01-11,Côte d'Ivoire,tin6kf561ywonqan0mettr98,188.0,15.0,active,yes,NaN,NaN,Kounfao,84.0,right,NaN
2eibwkyep3uk1zbe1u1lyo4fe,Taneli,Hämäläinen,Taneli,Hämäläinen,Male,T. Hämäläinen,Finland,2u07e54v5dprsugdvddpq5ync,Defender,player,2001-04-16,Finland,2u07e54v5dprsugdvddpq5ync,NaN,33.0,active,yes,NaN,NaN,NaN,NaN,NaN,NaN
2vvnbkdgeje34aivohozzvm5l,Arttu,Heinonen,Arttu,Heinonen,Male,A. Heinonen,Finland,2u07e54v5dprsugdvddpq5ync,Midfielder,player,1999-04-22,Finland,2u07e54v5dprsugdvddpq5ync,180.0,17.0,active,yes,NaN,NaN,NaN,NaN,NaN,NaN
2z3qtvpnuakbbzmwvhro4bbv9,Sixten,Boström,NaN,NaN,Male,S. Boström,Finland,2u07e54v5dprsugdvddpq5ync,NaN,assistant coach,1963-09-15,Finland,2u07e54v5dprsugdvddpq5ync,NaN,NaN,active,yes,NaN,NaN,Helsinki,NaN,NaN,NaN
373sfhgbmoa3o5aua8595vufp,Jani,Honkavaara,Jani,Honkavaara,Male,J. Honkavaara,Finland,2u07e54v5dprsugdvddpq5ync,NaN,coach,1976-02-02,Finland,2u07e54v5dprsugdvddpq5ync,NaN,NaN,active,yes,NaN,NaN,NaN,NaN,NaN,NaN
3alfw3kf3bv1d4g1dr93kxno4,Miilo,Pitkänen,Miilo,Pitkänen,Male,M. Pitkänen,Finland,2u07e54v5dprsugdvddpq5ync,Goalkeeper,player,2006-06-29,Finland,2u07e54v5dprsugdvddpq5ync,NaN,37.0,active,yes,NaN,NaN,NaN,NaN,NaN,NaN
3k7jnqlybr19k9vqoktiqv0gk,Collins,Lusaka Sichenje,Collins,Sichenje,Male,C. Sichenje,Kenya,7bj2q2zb0n47lb9g55dnvfr2s,Defender,player,2003-09-19,Kenya,7bj2q2zb0n47lb9g55dnvfr2s,189.0,3.0,active,no,NaN,NaN,NaN,NaN,NaN,NaN
3ks64tr66jzzltk41xhgvui38,Onni,Viljamaa,Onni,Viljamaa,Male,O. Viljamaa,Finland,2u07e54v5dprsugdvddpq5ync,Attacker,player,2004-04-30,Finland,2u07e54v5dprsugdvddpq5ync,NaN,24.0,active,no,NaN,NaN,NaN,NaN,NaN,NaN
46ei03boc1jm6xt1x3fe4yq51,Jake Mario,Jervis,Jake,Jervis,Male,J. Jervis,England,1fk5l4hkqk12i7zske6mcqju6,Attacker,player,1991-09-17,England,1fk5l4hkqk12i7zske6mcqju6,193.0,44.0,active,no,NaN,NaN,Wolverhampton,82.0,right,NaN
50pntfz4g78co2q68kno332z9,Jasse Sakari,Tuominen,Jasse,Tuominen,Male,J. Tuominen,Finland,2u07e54v5dprsugdvddpq5ync,Attacker,player,1995-11-12,Finland,2u07e54v5dprsugdvddpq5ync,187.0,9.0,active,no,NaN,NaN,Lahti,74.0,right,NaN
591dk1t1d09awfh7pet4lgf84,Ivan,Dominić,Ivan,Dominic,Male,I. Dominić,Croatia,37hlakrwxyuzovaeoo4sezusp,Defender,player,2003-01-07,Croatia,37hlakrwxyuzovaeoo4sezusp,NaN,23.0,active,no,NaN,NaN,NaN,NaN,NaN,NaN
5irotktf4k5ynobf0zugdom0a,Clinton,Antwi,Clinton,Antwi,Male,C. Antwi,Ghana,2q2sw72utw5gu9t5y4knckwba,Defender,player,1999-11-06,Ghana,2q2sw72utw5gu9t5y4knckwba,NaN,25.0,active,yes,NaN,NaN,NaN,NaN,NaN,NaN
5skki9qedwo05d1scee0obu1h,Saku,Savolainen,Saku,Savolainen,Male,S. Savolainen,Finland,2u07e54v5dprsugdvddpq5ync,Attacker,player,1996-08-13,Finland,2u07e54v5dprsugdvddpq5ync,183.0,6.0,active,yes,NaN,NaN,NaN,NaN,right,NaN
5u9vko9or6rpeadmjv69yg5jo,Tete,Yengi,Tete,Yengi,Male,T. Yengi,Australia,u5ieemi69z72c3bgczyy68lo,Attacker,player,2000-11-28,Australia,u5ieemi69z72c3bgczyy68lo,197.0,23.0,active,no,England,1fk5l4hkqk12i7zske6mcqju6,Adelaide,83.0,right,NaN
6znjv9ltk2z3de1r6wweerz6x,Matar,Dieye,Matar,Dieye,Male,M. Dieye,Senegal,6hhqyhr5cwq2pfprlazyposyk,Attacker,player,1998-01-10,Senegal,6hhqyhr5cwq2pfprlazyposyk,191.0,29.0,active,no,NaN,NaN,NaN,84.0,left,NaN
74m58jsznzu8l89b8h7rkh1bd,Christian Emil Tue,Jensen,Christian,Jensen,Male,C. Jensen,Denmark,5adf60vwiw2f2mibyq1k4ex7i,Attacker,player,2000-03-09,Denmark,5adf60vwiw2f2mibyq1k4ex7i,NaN,20.0,active,no,NaN,NaN,NaN,NaN,NaN,NaN
74od0bd25ox7cv2sfmebf72s5,Anton,Popovitch,Anton,Popovitch,Male,A. Popovitch,Finland,2u07e54v5dprsugdvddpq5ync,Midfielder,player,1996-07-11,Finland,2u07e54v5dprsugdvddpq5ync,185.0,14.0,active,no,Russia,7kfg68kh6n16fs4ap3xjiudr,Valkeakoski,64.0,right,NaN
89q9x7p2gfaqti89xc1obr5rd,Axel,Vidjeskog,Axel,Vidjeskog,Male,A. Vidjeskog,Finland,2u07e54v5dprsugdvddpq5ync,Midfielder,player,2001-04-14,Finland,2u07e54v5dprsugdvddpq5ync,NaN,26.0,active,yes,NaN,NaN,NaN,NaN,NaN,NaN
965y7z513tlxlsc19helfdffu,Tony,Miettinen,Tony,Miettinen,Male,T. Miettinen,Finland,2u07e54v5dprsugdvddpq5ync,Defender,player,2002-09-23,Finland,2u07e54v5dprsugdvddpq5ync,NaN,38.0,active,no,Kenya,7bj2q2zb0n47lb9g55dnvfr2s,NaN,NaN,NaN,NaN
9u9kdi0y3tqcj3h8i6h8kyled,Henri Olavi,Toivomäki,Henri,Toivomäki,Male,H. Toivomäki,Finland,2u07e54v5dprsugdvddpq5ync,Defender,player,1991-02-21,Finland,2u07e54v5dprsugdvddpq5ync,184.0,22.0,active,no,NaN,NaN,Hyvinkää,78.0,right,NaN
a30y638aa4uo6vudqgrcjvpat,Joona,Veteli,Joona,Veteli,Male,J. Veteli,Finland,2u07e54v5dprsugdvddpq5ync,Midfielder,player,1995-04-21,Finland,2u07e54v5dprsugdvddpq5ync,180.0,7.0,active,no,NaN,NaN,Kemi,73.0,NaN,NaN
aa40go6nrv6mpdny6zdc1jeg9,Jaakko Tapio,Oksanen,Jaakko,Oksanen,Male,J. Oksanen,Finland,2u07e54v5dprsugdvddpq5ync,Midfielder,player,2000-11-07,Finland,2u07e54v5dprsugdvddpq5ync,180.0,13.0,active,yes,NaN,NaN,Helsinki,77.0,right,NaN
aazw5ummp38ikc8f0jwojyktl,Urho,Nissilä,Urho,Nissilä,Male,U. Nissilä,Finland,2u07e54v5dprsugdvddpq5ync,Midfielder,player,1996-04-04,Finland,2u07e54v5dprsugdvddpq5ync,174.0,10.0,active,no,NaN,NaN,Kuopio,69.0,both,NaN
aq8emkcjejbav0fys17iqv2ll,Justin,Bakker,Justin,Bakker,Male,J. Bakker,Netherlands,6hzi5pltnz67q4la8yli9qfv6,Defender,player,1998-03-03,Netherlands,6hzi5pltnz67q4la8yli9qfv6,189.0,2.0,active,no,NaN,NaN,Amsterdam,74.0,left,NaN
b0nx02ox1748qfpgwf7i59vit,Pasi,Tuutti,Pasi,Tuutti,Male,P. Tuutti,Finland,2u07e54v5dprsugdvddpq5ync,NaN,coach,1979-03-21,Finland,2u07e54v5dprsugdvddpq5ync,NaN,NaN,active,no,NaN,NaN,NaN,NaN,NaN,NaN
b6uchs6rc43tlb0qj2tw3xzh1,Johannes,Kreidl,Johannes,Kreidl,Male,J. Kreidl,Austria,hcs1bd49qliqqity6o268jyt,Goalkeeper,player,1996-03-07,Austria,hcs1bd49qliqqity6o268jyt,193.0,1.0,active,yes,NaN,NaN,NaN,86.0,right,NaN
c0ijcsbmjfnl0ldvkzqthz0iy,Seth,Saarinen,Seth,Saarinen,Male,S. Saarinen,Finland,2u07e54v5dprsugdvddpq5ync,Defender,player,2001-05-05,Finland,2u07e54v5dprsugdvddpq5ync,NaN,18.0,active,yes,Switzerland,3bh70jgvc5mn58x0byjkuda17,NaN,NaN,NaN,NaN
dkc69jkzi4e9ysgmwldz249as,Matias,Siltanen,Matias,Siltanen,Male,M. Siltanen,Finland,2u07e54v5dprsugdvddpq5ync,Midfielder,player,2007-03-29,Finland,2u07e54v5dprsugdvddpq5ync,NaN,28.0,active,yes,NaN,NaN,NaN,NaN,NaN,NaN
dpegzp0t66wtgyc69v4rj6cyc,Samuli Rasmus,Miettinen,Samuli,Miettinen,Male,S. Miettinen,Finland,2u07e54v5dprsugdvddpq5ync,Defender,player,2004-06-16,Finland,2u07e54v5dprsugdvddpq5ync,188.0,16.0,active,yes,NaN,NaN,NaN,NaN,NaN,NaN
dssxj3ymyofvhfjgmpg1ftuga,Hemmo,Riihimäki,Hemmo,Riihimäki,Male,H. Riihimäki,Finland,2u07e54v5dprsugdvddpq5ync,Goalkeeper,player,2003-06-03,Finland,2u07e54v5dprsugdvddpq5ync,NaN,12.0,active,no,NaN,NaN,NaN,NaN,NaN,NaN
dtp4jarpvexxmwc659ijk68ve,Gabriel,Bispo dos Santos,Gabriel,Bispo dos Santos,Male,Gabriel Bispo,Brazil,2vufyvpoxd9lfl9f6vpp7tz6y,Midfielder,player,1997-03-05,Brazil,2vufyvpoxd9lfl9f6vpp7tz6y,NaN,19.0,active,no,NaN,NaN,NaN,NaN,NaN,Gabriel Bispo
ekwr8l88dx3d2jvw2y7lyt7qi,Pyry,Lampinen,Pyry,Lampinen,Male,P. Lampinen,Finland,2u07e54v5dprsugdvddpq5ync,Attacker,player,2002-03-07,Finland,2u07e54v5dprsugdvddpq5ync,176.0,11.0,active,no,NaN,NaN,NaN,NaN,NaN,NaN
u8remrfu8ug41xu71brhukmh,Sebastian,Dahlström,Sebastian,Dahlström,Male,S. Dahlström,Finland,2u07e54v5dprsugdvddpq5ync,Midfielder,player,1996-11-05,Finland,2u07e54v5dprsugdvddpq5ync,180.0,8.0,active,no,NaN,NaN,Helsinki,NaN,NaN,NaN
17p2jqe16w5j9qh5f8yr80g7o,Oskari,Väistö,Oskari,Väistö,Male,O. Väistö,Finland,2u07e54v5dprsugdvddpq5ync,Defender,player,2005-09-15,Finland,2u07e54v5dprsugdvddpq5ync,NaN,NaN,active,yes,NaN,NaN,NaN,NaN,NaN,NaN
18p445rm69t2xc13vggv5oueh,Ville,Tikkanen,Ville,Tikkanen,Male,V. Tikkanen,Finland,2u07e54v5dprsugdvddpq5ync,Defender,player,1999-08-08,Finland,2u07e54v5dprsugdvddpq5ync,NaN,17.0,active,yes,NaN,NaN,NaN,NaN,NaN,NaN
1vw6twdjys1rwby79jsf92tck,Miguel Antonio,Rodríguez Agurcia,Miguel,Rodríguez,Male,M. Rodríguez,Nicaragua,4of7fctqcqbj3rai95vd4jk26,Goalkeeper,player,2003-06-13,Nicaragua,4of7fctqcqbj3rai95vd4jk26,NaN,25.0,active,yes,NaN,NaN,Ocotal,NaN,NaN,NaN
1zud0qdtf6c6wzkgqhz6b94a1,Martti Mikael,Haukioja,Martti,Haukioja,Male,M. Haukioja,Finland,2u07e54v5dprsugdvddpq5ync,Defender,player,1999-10-06,Finland,2u07e54v5dprsugdvddpq5ync,188.0,3.0,active,no,NaN,NaN,NaN,NaN,left,NaN
23ngtx061omtotnlvbzlgd3bo,Tuomas,Koivisto,Tuomas,Koivisto,Male,T. Koivisto,Finland,2u07e54v5dprsugdvddpq5ync,Defender,player,2004-01-07,Finland,2u07e54v5dprsugdvddpq5ync,NaN,NaN,active,yes,NaN,NaN,NaN,NaN,NaN,NaN
2qks3nbpd8o6igkqjl9e4po4q,Babacar,Fati,Babacar,Fati,Male,Babacar Fati,Portugal,1nbm5i9a0403zzvltn17lxinc,Defender,player,2000-02-01,Portugal,1nbm5i9a0403zzvltn17lxinc,NaN,6.0,active,yes,Guinea-Bissau,5ikz7810612v7a6l5u6gxa6vm,NaN,NaN,NaN,Babacar Fati
33va022bhya45v496wz8usn6y,Otto,Kemppainen,Otto,Kemppainen,Male,O. Kemppainen,Finland,2u07e54v5dprsugdvddpq5ync,Defender,player,2003-10-27,Finland,2u07e54v5dprsugdvddpq5ync,NaN,16.0,active,yes,NaN,NaN,NaN,NaN,NaN,NaN
3c7clw4qjaatc4yle0s9149h,Markus,Uusitalo,Markus,Uusitalo,Male,M. Uusitalo,Finland,2u07e54v5dprsugdvddpq5ync,Goalkeeper,player,1997-05-15,Finland,2u07e54v5dprsugdvddpq5ync,NaN,30.0,active,no,NaN,NaN,Espoo,NaN,NaN,NaN
3tpjeq8mn2sy9v6a8hcesp9wq,Tuomas,Kaukua,Tuomas,Kaukua,Male,T. Kaukua,Finland,2u07e54v5dprsugdvddpq5ync,Midfielder,player,2000-10-13,Finland,2u07e54v5dprsugdvddpq5ync,176.0,19.0,active,yes,NaN,NaN,NaN,NaN,right,NaN
49zml10hvn7jqpoxr1nh0l27e,Weslen Júnior,Faustino de Melo,Weslen Júnior,Faustino de Melo,Male,Weslen Júnior,Brazil,2vufyvpoxd9lfl9f6vpp7tz6y,Attacker,player,1999-11-12,Brazil,2vufyvpoxd9lfl9f6vpp7tz6y,NaN,7.0,active,no,NaN,NaN,NaN,NaN,NaN,Weslen Júnior
4a8qjfagq2xr6wqsv875jth0q,Vertti,Hänninen,Vertti,Hänninen,Male,V. Hänninen,Finland,2u07e54v5dprsugdvddpq5ync,Midfielder,player,2002-06-01,Finland,2u07e54v5dprsugdvddpq5ync,NaN,28.0,active,no,NaN,NaN,NaN,NaN,NaN,NaN
4yxmgubsmsvwacumvkbg5aiqy,Matias,Vainionpää,Matias,Vainionpää,Male,M. Vainionpää,Finland,2u07e54v5dprsugdvddpq5ync,Defender,player,2001-10-02,Finland,2u07e54v5dprsugdvddpq5ync,NaN,4.0,active,no,NaN,NaN,NaN,NaN,NaN,NaN
50hdx94sn7xqvim615ruj6k2c,Lewis,Bush,Lewis,Bush,Male,L. Bush,Finland,2u07e54v5dprsugdvddpq5ync,NaN,assistant coach,NaN,Finland,2u07e54v5dprsugdvddpq5ync,NaN,NaN,active,yes,NaN,NaN,NaN,NaN,NaN,NaN
56k105nhacidtllq47rv36g44,Ibrahim,Cissé,Ibrahim,Cisse,Male,I. Cissé,Côte d'Ivoire,tin6kf561ywonqan0mettr98,Defender,player,2003-12-06,Côte d'Ivoire,tin6kf561ywonqan0mettr98,NaN,15.0,active,no,NaN,NaN,NaN,NaN,NaN,NaN
5ojtb45gyd00i0chyku6btuxh,Jaime José,Moreno Ciorciari,Jaime,Moreno,Male,J. Moreno,Nicaragua,4of7fctqcqbj3rai95vd4jk26,Attacker,player,1995-03-30,Venezuela,1er0616j12s9yghuzvsx76d5v,183.0,9.0,active,yes,Venezuela,1er0616j12s9yghuzvsx76d5v,Puerto La Cruz,82.0,NaN,NaN
62idwr1q06p7sk9tqfsa31dlg,Eemeli,Honkola,Eemeli,Honkola,Male,E. Honkola,Finland,2u07e54v5dprsugdvddpq5ync,Attacker,player,2005-01-28,Finland,2u07e54v5dprsugdvddpq5ync,NaN,NaN,active,no,NaN,NaN,NaN,NaN,NaN,NaN
7ddd7xvczzdgiy94c0uqh4ve1,Murilo,Henrique de Araujo Santos,Murilo Henrique,de Araujo Santos,Male,Murilo Henrique,Brazil,2vufyvpoxd9lfl9f6vpp7tz6y,Midfielder,player,1995-12-02,Brazil,2vufyvpoxd9lfl9f6vpp7tz6y,NaN,11.0,active,no,Portugal,1nbm5i9a0403zzvltn17lxinc,NaN,NaN,NaN,Murilo Henrique
9b817au9f9cqsycf8pcb940ve,Nooa Hamzah,Laine,Nooa Hamzah,Laine,Male,Nooa Laine,Malaysia,2nkhuc4d9vq5llknmxpa0wbhy,Midfielder,player,2002-11-22,Finland,2u07e54v5dprsugdvddpq5ync,176.0,23.0,active,no,Finland,2u07e54v5dprsugdvddpq5ync,NaN,77.0,right,Nooa Laine
9d5y2h37atuod2wqlqfax2ru2,Samson Ebuka,Obioha,Samson,Ebuka,Male,S. Obioha,Nigeria,63pvdwrsiq5b07mzi8igqei9p,Attacker,player,1999-11-29,Nigeria,63pvdwrsiq5b07mzi8igqei9p,NaN,27.0,active,no,NaN,NaN,NaN,NaN,NaN,NaN
9hzqhklvj6ohxh2x8r5lg09w4,Kingsley,Asante Ofori,Kingsley,Ofori,Male,K. Ofori,Ghana,2q2sw72utw5gu9t5y4knckwba,Attacker,player,2002-03-01,Ghana,2q2sw72utw5gu9t5y4knckwba,NaN,21.0,active,yes,NaN,NaN,NaN,NaN,NaN,NaN
ab94ttwtuco332is0tu8npj9x,Diego Nicolás,Rojas Orellana,Diego,Rojas,Male,D. Rojas,Chile,32tb8d7824xg4i0ybxzssczu0,Midfielder,player,1995-02-15,Chile,32tb8d7824xg4i0ybxzssczu0,163.0,10.0,active,no,NaN,NaN,NaN,60.0,NaN,NaN
agsollzstr45ee0z17tle8d1w,Terry,Yegbe,Terry,Yegbe,Male,T. Yegbe,Ghana,2q2sw72utw5gu9t5y4knckwba,Defender,player,2001-01-25,Ghana,2q2sw72utw5gu9t5y4knckwba,195.0,14.0,active,no,NaN,NaN,Akatsi,NaN,left,NaN
ayl3txfejfa46xvwnzzd76vze,Kasper Vili Valtteri,Paananen,Kasper,Paananen,Male,K. Paananen,Finland,2u07e54v5dprsugdvddpq5ync,Attacker,player,2003-03-16,Finland,2u07e54v5dprsugdvddpq5ync,NaN,13.0,active,yes,NaN,NaN,Helsinki,NaN,left,NaN
azqoxcekiz4xo5p95tawvm7zd,Jake,Dunwoody,Jake,Dunwoody,Male,J. Dunwoody,Northern Ireland,5euslv7jutsauoqt3o2lj9bvi,Midfielder,player,1998-09-28,England,1fk5l4hkqk12i7zske6mcqju6,NaN,8.0,active,no,England,1fk5l4hkqk12i7zske6mcqju6,NaN,NaN,NaN,NaN
b0s4gx0tfm5nookaf7q2eiezu,Miro,Turunen,Miro,Turunen,Male,M. Turunen,Finland,2u07e54v5dprsugdvddpq5ync,Attacker,player,2003-01-31,Finland,2u07e54v5dprsugdvddpq5ync,NaN,NaN,active,no,NaN,NaN,NaN,NaN,NaN,NaN
bewwsztrqoqdp5ttkxry0i1yi,Ovie Prince,Ejeheri,Ovie,Ejeheri,Male,O. Ejeheri,England,1fk5l4hkqk12i7zske6mcqju6,Goalkeeper,player,2003-04-23,England,1fk5l4hkqk12i7zske6mcqju6,195.0,1.0,active,no,Nigeria,63pvdwrsiq5b07mzi8igqei9p,NaN,NaN,right,NaN
bmbdwons7wudqebn3o3flm19l,Valentín Román,Gasc,Valentín,Gasc,Male,V. Gasc,Argentina,2vovxa97k7v7ofa85dah2xktb,Midfielder,player,2000-10-09,Argentina,2vovxa97k7v7ofa85dah2xktb,172.0,24.0,active,yes,NaN,NaN,Termperley,67.0,NaN,NaN
c5a7s2zigz7lrpfsqr22hdnqi,Denis,Cukici,Denis,Cukici,Male,D. Cukici,Finland,2u07e54v5dprsugdvddpq5ync,Midfielder,player,2003-02-10,Finland,2u07e54v5dprsugdvddpq5ync,NaN,31.0,active,yes,Kosovo,86u6edbqifdjsn49mbp2anw7p,NaN,NaN,NaN,NaN
c5kp952z284akny7h8usj2zth,Pablo,Andrade Plaza da Silva,Pablo,Andrade Plaza da Silva,Male,Pablo Andrade,Brazil,2vufyvpoxd9lfl9f6vpp7tz6y,Defender,player,1994-02-15,Brazil,2vufyvpoxd9lfl9f6vpp7tz6y,179.0,20.0,active,no,Spain,49ih1pwv3ahshdf8uzrimi54c,Rio de Janeiro,73.0,left,Pablo Andrade
csgxhx0xb8dngmis0sc2og8vd,Otto,Huuhtanen,Otto,Huuhtanen,Male,O. Huuhtanen,Finland,2u07e54v5dprsugdvddpq5ync,Goalkeeper,player,2000-02-28,Finland,2u07e54v5dprsugdvddpq5ync,185.0,35.0,active,no,NaN,NaN,NaN,NaN,NaN,NaN
cy1waqzduc3vuu2mflgvurt3o,Saku,Kankaanpää,Saku,Kankaanpää,Male,S. Kankaanpää,Finland,2u07e54v5dprsugdvddpq5ync,Goalkeeper,player,2004-06-15,Finland,2u07e54v5dprsugdvddpq5ync,NaN,32.0,active,no,NaN,NaN,NaN,NaN,NaN,NaN
d9rlr396401n9gvk89z9da9rd,Pyry Petteri,Hannola,Pyry,Hannola,Male,P. Hannola,Finland,2u07e54v5dprsugdvddpq5ync,Midfielder,player,2001-10-21,Finland,2u07e54v5dprsugdvddpq5ync,NaN,26.0,active,yes,NaN,NaN,NaN,NaN,NaN,NaN
dstm9ul6l3yss337w8gcwyy21,Krišjānis,Zviedris,Krisjanis,Zviedris,Male,K. Zviedris,Latvia,6s9bglosczqlp9cxh3ze5hdm5,Goalkeeper,player,1997-01-25,Latvia,6s9bglosczqlp9cxh3ze5hdm5,NaN,1.0,active,no,NaN,NaN,NaN,NaN,NaN,NaN
dytql3b2co1cst72z5qf879pl,Jeremiah,Streng,Jeremiah,Streng,Male,J. Streng,Finland,2u07e54v5dprsugdvddpq5ync,Attacker,player,2001-11-08,Finland,2u07e54v5dprsugdvddpq5ync,NaN,29.0,active,no,NaN,NaN,NaN,NaN,NaN,NaN
ecuwplrj6gv5s67cg9lu342ui,Oliver,Günes,Oliver,Günes,Male,O. Günes,Finland,2u07e54v5dprsugdvddpq5ync,Midfielder,player,2002-12-24,Finland,2u07e54v5dprsugdvddpq5ync,174.0,NaN,active,no,Türkiye,6kd6webenogylfgwt2aa9l6vx,Mikkeli,NaN,right,NaN
eic5aqr8l99rhm9udams7dlg5,Matej,Hrádecký,Matej,Hrádecky,Male,M. Hrádecký,Finland,2u07e54v5dprsugdvddpq5ync,Defender,player,1995-04-17,Finland,2u07e54v5dprsugdvddpq5ync,193.0,22.0,active,no,Slovakia,7dybe8679n9bgyrcxi383pq3y,Turku,76.0,NaN,NaN
f2qohaex1g5tvz10leo2ia6s,Markus,Arsalo,Markus,Arsalo,Male,M. Arsalo,Finland,2u07e54v5dprsugdvddpq5ync,Midfielder,player,2002-10-21,Finland,2u07e54v5dprsugdvddpq5ync,NaN,18.0,active,yes,NaN,NaN,NaN,NaN,NaN,NaN
u0rwdtuy7enppgobrdskat5g,Joaquín,Gómez Blasco,Joaquin,Gómez,Male,Joaquín Gómez,Spain,49ih1pwv3ahshdf8uzrimi54c,NaN,coach,1986-07-25,Spain,49ih1pwv3ahshdf8uzrimi54c,NaN,NaN,active,no,NaN,NaN,NaN,NaN,NaN,NaN
29g8cnox986uxlmhc0e4zr578,Jere,Riissanen,Jere,Riissanen,Male,J. Riissanen,Finland,2u07e54v5dprsugdvddpq5ync,Defender,player,2005-06-18,Finland,2u07e54v5dprsugdvddpq5ync,NaN,24.0,active,yes,NaN,NaN,NaN,NaN,NaN,NaN
2ds2jprriwxkden7xw0pvhe51,Tatu,Miettunen,Tatu,Miettunen,Male,T. Miettunen,Finland,2u07e54v5dprsugdvddpq5ync,Defender,player,1995-04-24,Finland,2u07e54v5dprsugdvddpq5ync,185.0,16.0,active,yes,NaN,NaN,Mänttä,76.0,NaN,NaN
2p9wql437gfs78i41je0r6z56,Najeeb,Abu Yakubu,Najeeb,Yakubu,Male,N. Yakubu,Niger,1mhgvne4pkksmt32259xg7vec,Defender,player,2000-05-01,Ghana,2q2sw72utw5gu9t5y4knckwba,182.0,55.0,active,no,Ghana,2q2sw72utw5gu9t5y4knckwba,Accra,72.0,right,NaN
2tnuz8e0d0lqq38yqdvzvccet,Toni Kari Mikael,Kallio,Toni,Kallio,Male,T. Kallio,Finland,2u07e54v5dprsugdvddpq5ync,NaN,coach,1978-08-09,Finland,2u07e54v5dprsugdvddpq5ync,190.0,NaN,active,no,NaN,NaN,Tampere,84.0,NaN,NaN
32kkvjl11mwmd8wj4wrxthul0,Joni,Lehtonen,Joni,Lehtonen,Male,J. Lehtonen,Finland,2u07e54v5dprsugdvddpq5ync,NaN,coach,1973-09-30,Finland,2u07e54v5dprsugdvddpq5ync,NaN,NaN,active,no,NaN,NaN,NaN,NaN,NaN,NaN
32oxuhrby18itgpucfx6p09re,Sabit,Ngor James,Sabit,Ngor,Male,S. Ngor,Australia,u5ieemi69z72c3bgczyy68lo,Attacker,player,2001-01-05,Australia,u5ieemi69z72c3bgczyy68lo,NaN,7.0,active,no,South Sudan,11zpzpjhf8wr0dcsrhz3suxc7,NaN,NaN,NaN,NaN
36gi7l0qvkbru5w6v2nym00ve,Emmanuel,Maker Lam Patut,Emmanuel,Patut,Male,E. Patut,Finland,2u07e54v5dprsugdvddpq5ync,Midfielder,player,2003-06-19,Finland,2u07e54v5dprsugdvddpq5ync,NaN,14.0,active,no,South Sudan,11zpzpjhf8wr0dcsrhz3suxc7,NaN,NaN,NaN,NaN
3h900ulsj68bktnzbti1jvr6y,Jaakko Onni,Moisio,Jaakko,Moisio,Male,J. Moisio,Finland,2u07e54v5dprsugdvddpq5ync,Defender,player,2005-01-12,Finland,2u07e54v5dprsugdvddpq5ync,NaN,26.0,active,no,NaN,NaN,NaN,NaN,NaN,NaN
59d5otjevb4zussjofufdg4ph,Petteri Henri,Juhana Pennanen,Petteri,Pennanen,Male,P. Pennanen,Finland,2u07e54v5dprsugdvddpq5ync,Midfielder,player,1990-09-19,Finland,2u07e54v5dprsugdvddpq5ync,181.0,8.0,active,no,NaN,NaN,Kuopio,73.0,right,NaN
5h0xmzqj69qpakvv8b3gfin6d,Otso,Virtanen,Otso,Virtanen,Male,O. Virtanen,Finland,2u07e54v5dprsugdvddpq5ync,Goalkeeper,player,1994-04-03,Finland,2u07e54v5dprsugdvddpq5ync,196.0,1.0,active,yes,NaN,NaN,Turku,88.0,right,NaN
5k1kwehh9ck6nlqugcurw1yi1,Djair Terraii Carl,Parfitt-Williams,Djair,Parfitt-Williams,Male,D. Parfitt-Williams,Bermuda,4x2e37ksohrzsxdkg0mgfe5ag,Attacker,player,1996-10-01,Bermuda,4x2e37ksohrzsxdkg0mgfe5ag,168.0,9.0,active,no,NaN,NaN,NaN,64.0,right,NaN
5n7z3yng11c612236nrweuy38,Noel,Hasa,Noel,Hasa,Male,N. Hasa,Finland,2u07e54v5dprsugdvddpq5ync,Midfielder,player,2003-02-06,Finland,2u07e54v5dprsugdvddpq5ync,NaN,23.0,active,yes,NaN,NaN,NaN,NaN,NaN,NaN
5nyf0jfp6wt8cu3432ep33816,Leo,Kyllönen,Leo,Kyllönen,Male,L. Kyllönen,Finland,2u07e54v5dprsugdvddpq5ync,Defender,player,2004-01-22,Finland,2u07e54v5dprsugdvddpq5ync,180.0,25.0,active,no,NaN,NaN,NaN,NaN,right,NaN
62oculkrsho4dltr3uy685vxl,Ricardo Jorge,Silva Araújo,Ricardo Jorge,Silva Araújo,Male,Jorginho,Portugal,1nbm5i9a0403zzvltn17lxinc,Defender,player,1998-06-27,Portugal,1nbm5i9a0403zzvltn17lxinc,176.0,3.0,active,yes,NaN,NaN,Vila Nova de Famalicão,71.0,left,Jorginho
7d326gljgym4qtmxvx5t5poq2,Adam Mikael,Larsson,Adam,Larsson,Male,A. Larsson,Sweden,1z6l2c33w2kyz9rdefs1d68nb,Attacker,player,1999-09-05,Sweden,1z6l2c33w2kyz9rdefs1d68nb,NaN,10.0,active,no,NaN,NaN,NaN,NaN,NaN,NaN
7hr8mxix88otsvgitsv184g0k,Marius,Söderbäck,Marius,Söderbäck,Male,M. Söderbäck,Finland,2u07e54v5dprsugdvddpq5ync,Midfielder,player,2004-02-06,Finland,2u07e54v5dprsugdvddpq5ync,NaN,17.0,active,yes,NaN,NaN,NaN,NaN,NaN,NaN
7qr63scjwprv943fuuoagxuui,Yusif Daouda,Moussa,Yusif,Moussa,Male,Y. Moussa,Niger,1mhgvne4pkksmt32259xg7vec,Midfielder,player,1998-09-04,Niger,1mhgvne4pkksmt32259xg7vec,NaN,30.0,active,no,Ghana,2q2sw72utw5gu9t5y4knckwba,NaN,NaN,NaN,NaN
87xd8a3n7mtk57za6pcc5l5n9,Lauri Elias,Ala-Myllymäki,Lauri,Ala-Myllymäki,Male,L. Ala-Myllymäki,Finland,2u07e54v5dprsugdvddpq5ync,Midfielder,player,1997-06-04,Finland,2u07e54v5dprsugdvddpq5ync,182.0,15.0,active,yes,NaN,NaN,NaN,NaN,right,NaN
8nu81cv5it4j75xeodns52xg,Badreddine,Bushara,Badreddine,Bushara,Male,B. Bushara,Finland,2u07e54v5dprsugdvddpq5ync,Attacker,player,2004-01-04,Finland,2u07e54v5dprsugdvddpq5ync,NaN,21.0,active,no,Sudan,62wa0a1wwukxladeo5kqhrpen,NaN,NaN,right,NaN
9687esy4y13jmkaih2wsg03my,Seydine Mohamadou,N'Diaye,Seydine,N'Diaye,Male,S. N'Diaye,Niger,1mhgvne4pkksmt32259xg7vec,Defender,player,1998-04-23,Senegal,6hhqyhr5cwq2pfprlazyposyk,205.0,13.0,active,no,France,7gww28djs405rfga69smki84o,NaN,91.0,left,NaN
a3jetivxcnpp4z36nhboz5ysq,Santeri,Haarala,Santeri,Haarala,Male,S. Haarala,Finland,2u07e54v5dprsugdvddpq5ync,Attacker,player,1999-12-17,Finland,2u07e54v5dprsugdvddpq5ync,180.0,29.0,active,no,NaN,NaN,Tampere,NaN,NaN,NaN
a4u7hi1ru16pet0sbulreyx3o,Mohammed,Umar,Mohammed,Umar,Male,M. Umar,Ghana,2q2sw72utw5gu9t5y4knckwba,Defender,player,2002-12-11,Ghana,2q2sw72utw5gu9t5y4knckwba,NaN,4.0,active,no,NaN,NaN,NaN,NaN,NaN,NaN
b9s6ecsxs323kktg3cs3pisk4,Arttu,Tulehmo,Arttu,Tulehmo,Male,A. Tulehmo,Finland,2u07e54v5dprsugdvddpq5ync,Midfielder,player,2007-05-02,Finland,2u07e54v5dprsugdvddpq5ync,NaN,NaN,active,yes,NaN,NaN,NaN,NaN,NaN,NaN
bt9canh10jbb5pms11dzi1j2t,Aapo,Mäenpää,Aapo,Mäenpää,Male,A. Mäenpää,Finland,2u07e54v5dprsugdvddpq5ync,Defender,player,1998-01-14,Finland,2u07e54v5dprsugdvddpq5ync,NaN,22.0,active,yes,NaN,NaN,Brixen,NaN,NaN,NaN
c614hk690yjlnic9uekbggqhg,Méry,Traoré,Méry,Traoré,Male,M. Traoré,Mali,d0v29nncgikdswlxpdq553zz,Attacker,player,2003-12-20,Mali,d0v29nncgikdswlxpdq553zz,NaN,27.0,active,no,NaN,NaN,NaN,NaN,NaN,NaN
calw50qshdl3k4ddvlkkhasq1,Kalle,Katz,Kalle,Katz,Male,K. Katz,Finland,2u07e54v5dprsugdvddpq5ync,Defender,player,2000-01-04,Finland,2u07e54v5dprsugdvddpq5ync,NaN,5.0,active,no,NaN,NaN,NaN,NaN,NaN,NaN
cayn625x26mewt9gp2xrmh4ut,Felipe,Aspegren Berhönnr,Felipe,Aspegren,Male,F. Aspegren,Finland,2u07e54v5dprsugdvddpq5ync,Defender,player,1994-02-12,Colombia,6kby8rq1p01fg5ds38ckkrcs5,172.0,32.0,active,yes,Colombia,6kby8rq1p01fg5ds38ckkrcs5,NaN,72.0,right,NaN
doxrlp6910n9l5b5zl8ee73ai,Doni,Arifi,Doni,Arifi,Male,D. Arifi,Finland,2u07e54v5dprsugdvddpq5ync,Midfielder,player,2002-04-11,Finland,2u07e54v5dprsugdvddpq5ync,195.0,6.0,active,yes,Kosovo,86u6edbqifdjsn49mbp2anw7p,NaN,NaN,left,NaN
eklpacb4xe0yb13zxi642gys4,Johannes,Viitala,Johannes,Viitala,Male,J. Viitala,Finland,2u07e54v5dprsugdvddpq5ync,Goalkeeper,player,2006-08-10,Finland,2u07e54v5dprsugdvddpq5ync,NaN,12.0,active,no,NaN,NaN,NaN,NaN,NaN,NaN
enc30jhvcxxy3c53muws4gbje,Oiva,Jukkola,Oiva,Jukkola,Male,O. Jukkola,Finland,2u07e54v5dprsugdvddpq5ync,Attacker,player,2002-05-21,Finland,2u07e54v5dprsugdvddpq5ync,185.0,19.0,active,yes,NaN,NaN,NaN,NaN,NaN,NaN
lk9d5o3phq1ioqhs0rn3dams,Justus,Ojanen,NaN,NaN,Male,J. Ojanen,Finland,2u07e54v5dprsugdvddpq5ync,Attacker,player,2005-08-16,Finland,2u07e54v5dprsugdvddpq5ync,NaN,NaN,active,no,NaN,NaN,NaN,NaN,NaN,NaN
m1q38qwjja97onl2qwscdr10,Lucas Hugo,Väyrynen,Lucas,Väyrynen,Male,L. Väyrynen,Finland,2u07e54v5dprsugdvddpq5ync,Goalkeeper,player,2005-08-23,Finland,2u07e54v5dprsugdvddpq5ync,NaN,31.0,active,yes,NaN,NaN,NaN,NaN,NaN,NaN
19yfn0sushy5fc003vhn0skwl,Evgeni,Bashkirov,Evgeni,Bashkirov,Male,E. Bashkirov,Russia,7kfg68kh6n16fs4ap3xjiudr,Midfielder,player,1991-07-06,Russia,7kfg68kh6n16fs4ap3xjiudr,175.0,44.0,active,yes,NaN,NaN,Sankt-Peterburg,70.0,both,NaN
1arvzdi5mmocdpy35g74t25n8,Antti,Latva-Kivistö,Antti,Latva-Kivistö,Male,A. Latva-Kivistö,Finland,2u07e54v5dprsugdvddpq5ync,Goalkeeper,player,2003-01-03,Finland,2u07e54v5dprsugdvddpq5ync,181.0,NaN,active,no,NaN,NaN,NaN,NaN,NaN,NaN
1sfunqkw5diq8poo9s6a0z9w5,Jonathan Joseph,Viscosi,Jonathan,Viscosi,Male,J. Viscosi,Canada,1iaoypzp6syf32cz9l15pzp7e,Goalkeeper,player,1991-03-18,Canada,1iaoypzp6syf32cz9l15pzp7e,185.0,15.0,active,no,Italy,25f2cmb2r8mk5rj92tzer6kvv,Ottawa,83.0,right,NaN
1xquqxm7zxe002v8dc2z46sb9,Jesper,Engström,Jesper,Engström,Male,J. Engström,Finland,2u07e54v5dprsugdvddpq5ync,Defender,player,1992-04-24,Finland,2u07e54v5dprsugdvddpq5ync,173.0,4.0,active,yes,NaN,NaN,NaN,71.0,NaN,NaN
1zdrpi7b401hv9w9mtykzyor9,Joonas,Vahtera,Joonas,Vahtera,Male,J. Vahtera,Finland,2u07e54v5dprsugdvddpq5ync,Midfielder,player,1996-01-06,Finland,2u07e54v5dprsugdvddpq5ync,176.0,30.0,active,yes,NaN,NaN,Vaasa,NaN,left,NaN
28d18dspf1yjchfn3c1msnw2c,Lauri,Ketola,Lauri,Ketola,Male,L. Ketola,Finland,2u07e54v5dprsugdvddpq5ync,Attacker,player,2005-05-24,Finland,2u07e54v5dprsugdvddpq5ync,175.0,29.0,active,no,NaN,NaN,NaN,NaN,NaN,NaN
29zettuo94bs7isi8un48y7yt,Jussi Johan,Nuorela,Jussi,Nuorela,Male,J. Nuorela,Finland,2u07e54v5dprsugdvddpq5ync,NaN,coach,1974-08-11,Finland,2u07e54v5dprsugdvddpq5ync,184.0,NaN,active,yes,NaN,NaN,Valkeakoski,NaN,both,NaN
2zqarv7c4098qesbomnra5uqx,Samuel,Lindeman,Samuel,Lindeman,Male,S. Lindeman,Finland,2u07e54v5dprsugdvddpq5ync,Midfielder,player,1997-12-29,Finland,2u07e54v5dprsugdvddpq5ync,188.0,25.0,active,yes,NaN,NaN,NaN,83.0,NaN,NaN
34rtofzd5041ge6nlvl7cht78,Felix,Friberg,Felix,Friberg,Male,F. Friberg,Finland,2u07e54v5dprsugdvddpq5ync,Defender,player,2005-02-18,Finland,2u07e54v5dprsugdvddpq5ync,NaN,36.0,active,yes,NaN,NaN,NaN,NaN,NaN,NaN
3ajk1fh1r7rxjmsljdm5zs639,Mikko,Pitkänen,Mikko,Pitkänen,Male,M. Pitkänen,Finland,2u07e54v5dprsugdvddpq5ync,Defender,player,1997-01-02,Finland,2u07e54v5dprsugdvddpq5ync,198.0,5.0,active,yes,NaN,NaN,NaN,NaN,right,NaN
3m5qlpbn5uak0xuoyon5ls5p1,Henri,Sillanpää,Henri,Sillanpää,Male,H. Sillanpää,Finland,2u07e54v5dprsugdvddpq5ync,NaN,assistant coach,1979-06-04,Finland,2u07e54v5dprsugdvddpq5ync,188.0,NaN,active,yes,NaN,NaN,Tornio,84.0,right,NaN
3wloprpgjphqtniun0zzwtfqh,Harrison,Hickey Sawyer,Harrison,Sawyer,Male,H. Sawyer,Australia,u5ieemi69z72c3bgczyy68lo,Attacker,player,1996-12-31,Australia,u5ieemi69z72c3bgczyy68lo,NaN,18.0,active,no,NaN,NaN,NaN,NaN,NaN,NaN
3wpg81guzpgmt7vrwafdlnllg,Gabriel,Sillanpää,Gabriel,Sillanpää,Male,G. Sillanpää,Finland,2u07e54v5dprsugdvddpq5ync,Defender,player,2005-09-08,Finland,2u07e54v5dprsugdvddpq5ync,184.0,27.0,active,no,NaN,NaN,NaN,NaN,NaN,NaN
45kijyqwuvgoc6hx51yueyeol,Teppo,Marttinen,Teppo,Marttinen,Male,T. Marttinen,Finland,2u07e54v5dprsugdvddpq5ync,Goalkeeper,player,1997-05-06,Finland,2u07e54v5dprsugdvddpq5ync,187.0,1.0,active,yes,NaN,NaN,Jyväskylä,NaN,NaN,NaN
4apk0hdboc9ghjyc7o6jc14gl,Sebastian Gösta Alexander,Strandvall,Sebastian,Strandvall,Male,S. Strandvall,Finland,2u07e54v5dprsugdvddpq5ync,Midfielder,player,1986-09-16,Finland,2u07e54v5dprsugdvddpq5ync,178.0,8.0,active,no,NaN,NaN,NaN,76.0,NaN,NaN
4c2n9v3pspj3luzb2jhoj3vf9,Baba,Mensah,Baba,Mensah,Male,B. Mensah,Ghana,2q2sw72utw5gu9t5y4knckwba,Defender,player,1994-08-20,Ghana,2q2sw72utw5gu9t5y4knckwba,189.0,13.0,active,no,NaN,NaN,NaN,84.0,NaN,NaN
4i9918sfgxt807z7rt8ker561,Sávio Roberto,Juliao Figueiredo,Sávio Roberto,Juliao Figueiredo,Male,Sávio Roberto,Brazil,2vufyvpoxd9lfl9f6vpp7tz6y,Attacker,player,1996-04-30,Brazil,2vufyvpoxd9lfl9f6vpp7tz6y,189.0,11.0,active,no,NaN,NaN,Salvador,83.0,left,Sávio Roberto
4j2u3rgcdfom9lzcm2z6le9jp,Janne,Lindberg,NaN,NaN,Male,J. Lindberg,Finland,2u07e54v5dprsugdvddpq5ync,NaN,assistant coach,1966-05-24,Finland,2u07e54v5dprsugdvddpq5ync,171.0,NaN,active,no,NaN,NaN,Kuusankoski,NaN,NaN,NaN
5qgan4g8ci25xi4v0v5cp0f84,Roni,Hudd,Roni,Hudd,Male,R. Hudd,Finland,2u07e54v5dprsugdvddpq5ync,Attacker,player,2005-01-20,Finland,2u07e54v5dprsugdvddpq5ync,174.0,28.0,active,no,NaN,NaN,Vaasa,NaN,NaN,NaN
5ynhzqvpks5u5bjgno6snhyzu,Prosper,Ahiabu Deyegbe,Prosper,Ahiabu,Male,P. Ahiabu,Ghana,2q2sw72utw5gu9t5y4knckwba,Midfielder,player,1999-05-10,Ghana,2q2sw72utw5gu9t5y4knckwba,188.0,21.0,active,yes,NaN,NaN,NaN,NaN,right,NaN
63x3zhf3u5z3d3ylx0xjvwd90,Josep,Nuorela,Josep,Nuorela,Male,J. Nuorela,Finland,2u07e54v5dprsugdvddpq5ync,Defender,player,2003-06-19,Finland,2u07e54v5dprsugdvddpq5ync,184.0,2.0,active,yes,NaN,NaN,NaN,NaN,NaN,Josep Nuorela
7nvhlub3rg3et7xz3rb5ee82y,Valtteri,Lehtonen,Valtteri,Lehtonen,Male,V. Lehtonen,Finland,2u07e54v5dprsugdvddpq5ync,Midfielder,player,2001-04-30,Finland,2u07e54v5dprsugdvddpq5ync,NaN,32.0,active,no,NaN,NaN,NaN,NaN,NaN,NaN
7wysiv77u3wt6pk31uzzl7dre,Teemu,Hytönen,Teemu,Hytönen,Male,T. Hytönen,Finland,2u07e54v5dprsugdvddpq5ync,Attacker,player,2002-08-15,Finland,2u07e54v5dprsugdvddpq5ync,194.0,16.0,active,no,NaN,NaN,NaN,NaN,NaN,NaN
7zztpnbw4cfyw6q231nqy8nv9,Miika,Niemi,Miika,Niemi,Male,M. Niemi,Finland,2u07e54v5dprsugdvddpq5ync,Defender,player,1994-03-04,Finland,2u07e54v5dprsugdvddpq5ync,176.0,23.0,active,yes,NaN,NaN,Vaasa,NaN,right,NaN
8i80v8ukhc2jri4lvo3oxkb2s,Akon,Kuek,Akon,Kuek,Male,A. Kuek,Finland,2u07e54v5dprsugdvddpq5ync,Midfielder,player,2004-05-10,Finland,2u07e54v5dprsugdvddpq5ync,178.0,33.0,active,yes,NaN,NaN,NaN,NaN,right,NaN
8kibkq2g8473hvuptb6gx2b6c,Antti,Vironen,Antti,Vironen,Male,A. Vironen,Finland,2u07e54v5dprsugdvddpq5ync,Goalkeeper,player,2003-09-16,Finland,2u07e54v5dprsugdvddpq5ync,NaN,24.0,active,no,NaN,NaN,NaN,NaN,NaN,NaN
8p50y2fe1b4v73ha0mswrv4r9,Arttu,Nuutinen,Arttu,Nuutinen,Male,A. Nuutinen,Finland,2u07e54v5dprsugdvddpq5ync,Midfielder,player,1996-07-29,Finland,2u07e54v5dprsugdvddpq5ync,NaN,6.0,active,no,NaN,NaN,Vaasa,NaN,NaN,NaN
8z3ojklspbzo9un8vqvg0a4et,Samu,Alanko Zarta,Samu,Alanko,Male,S. Alanko,Finland,2u07e54v5dprsugdvddpq5ync,Attacker,player,1998-05-16,Finland,2u07e54v5dprsugdvddpq5ync,184.0,77.0,active,yes,NaN,NaN,Vaasa,80.0,NaN,NaN
9hy0ochc8hi6obp0eic01kmzu,Lauri-Eemil,Vetri,Lauri-Eemil,Vetri,Male,L. Vetri,Finland,2u07e54v5dprsugdvddpq5ync,Goalkeeper,player,2003-03-06,Finland,2u07e54v5dprsugdvddpq5ync,189.0,12.0,active,no,NaN,NaN,NaN,NaN,NaN,NaN
9ka422rjynvrx4kofh5q8ivop,Antti-Ville,Räisänen,Antti-Ville,Räisänen,Male,A. Räisänen,Finland,2u07e54v5dprsugdvddpq5ync,Midfielder,player,1998-04-04,Finland,2u07e54v5dprsugdvddpq5ync,180.0,34.0,active,yes,NaN,NaN,NaN,NaN,right,NaN
9mki2meutffzyo7nd0zo94zkk,Antonio,Almén,Antonio,Almén,Male,A. Almén,Finland,2u07e54v5dprsugdvddpq5ync,Midfielder,player,2004-04-07,Finland,2u07e54v5dprsugdvddpq5ync,NaN,26.0,active,no,NaN,NaN,NaN,NaN,NaN,NaN
b5kncgqkpiofwduo2snjz74dl,Juhani Elias,Pikkarainen,Juhani,Pikkarainen,Male,J. Pikkarainen,Finland,2u07e54v5dprsugdvddpq5ync,Defender,player,1998-07-30,Finland,2u07e54v5dprsugdvddpq5ync,195.0,3.0,active,no,NaN,NaN,Paimio,NaN,left,NaN
bb9nokoy7baw4tylvjv9ndk6i,Peter Godly,Michael,Peter,Michael,Male,P. Michael,Nigeria,63pvdwrsiq5b07mzi8igqei9p,Attacker,player,1998-05-10,Nigeria,63pvdwrsiq5b07mzi8igqei9p,186.0,14.0,active,no,NaN,NaN,NaN,NaN,right,NaN
bq2xz1pt64q5ecpvstezfciqd,Steven,Morrissey,Steven,Morrissey,Male,S. Morrissey,Jamaica,gimxu1vjwoa2xrecyd9gtyoc,Attacker,player,1986-07-25,Jamaica,gimxu1vjwoa2xrecyd9gtyoc,173.0,10.0,active,no,NaN,NaN,NaN,NaN,NaN,NaN
bqc4ov50nt2cguo0rrxw2a02x,Tyler Mark,Reid,Tyler,Reid,Male,T. Reid,England,1fk5l4hkqk12i7zske6mcqju6,Defender,player,1997-09-02,England,1fk5l4hkqk12i7zske6mcqju6,180.0,20.0,active,no,NaN,NaN,Luton,72.0,right,NaN
btxgorlt1vhb8f0yt5jvvwg5x,Kalle,Multanen,Kalle,Multanen,Male,K. Multanen,Finland,2u07e54v5dprsugdvddpq5ync,Attacker,player,1989-04-07,Finland,2u07e54v5dprsugdvddpq5ync,185.0,17.0,active,yes,NaN,NaN,NaN,78.0,right,NaN
coyeeoyecct7rm80ghn5ypvc9,Justus,Lehto,Justus,Lehto,Male,J. Lehto,Finland,2u07e54v5dprsugdvddpq5ync,Attacker,player,1997-04-06,Finland,2u07e54v5dprsugdvddpq5ync,NaN,19.0,active,no,NaN,NaN,NaN,NaN,NaN,NaN
cpt2c2vb747gxws3v48lecdpm,Riku,Jääskä,Riku,Jääskä,Male,R. Jääskä,Finland,2u07e54v5dprsugdvddpq5ync,Attacker,player,1998-02-04,Finland,2u07e54v5dprsugdvddpq5ync,182.0,9.0,active,yes,NaN,NaN,NaN,NaN,NaN,NaN
ev4n9roxiqf1dd3ruephfptsk,Samuel,Mantila,Samuel,Mantila,Male,S. Mantila,Finland,2u07e54v5dprsugdvddpq5ync,Attacker,player,2003-05-30,Finland,2u07e54v5dprsugdvddpq5ync,NaN,31.0,active,no,NaN,NaN,NaN,NaN,NaN,NaN
