id,firstName,lastName,shortFirstName,shortLastName,gender,matchName,nationality,nationalityId,position,type,dateOfBirth,placeOfBirth,countryOfBirth,countryOfBirthId,height,weight,foot,shirtNumber,startDate,status,active,endDate,secondNationality,secondNationalityId,knownName
1h31bvtbae4q0edlp0u672hn9,Jesper,Hansen,Jesper,Hansen,Male,J. Hansen,Denmark,5adf60vwiw2f2mibyq1k4ex7i,Goalkeeper,player,1985-03-31,Slangerup,Denmark,5adf60vwiw2f2mibyq1k4ex7i,188.0,78.0,right,1.0,2021-06-17Z,active,yes,NaN,NaN,NaN,NaN
2chzathpj8o0eoxedlxkklc5x,Jakob Bendix Uhd,Poulsen,Jakob,Poulsen,Male,J. Poulsen,Denmark,5adf60vwiw2f2mibyq1k4ex7i,NaN,coach,1983-07-07,Varde,Denmark,5adf60vwiw2f2mibyq1k4ex7i,181.0,74.0,right,NaN,2025-06-20Z,active,yes,NaN,NaN,NaN,NaN
2k1v6526ielemu1w3rayxdkkq,Sebastian,Vinther Jørgensen,Sebastian,Jørgensen,Male,S. Jørgensen,Denmark,5adf60vwiw2f2mibyq1k4ex7i,Midfielder,player,2000-06-08,Silkeborg,Denmark,5adf60vwiw2f2mibyq1k4ex7i,183.0,68.0,left,8.0,2025-07-14Z,active,yes,2026-06-30Z,NaN,NaN,NaN
3fxf2je8r5tx5bax9ircvr95g,Stefen Erwan,Tchamche,Stefen,Tchamche,Male,S. Tchamche,Denmark,5adf60vwiw2f2mibyq1k4ex7i,Attacker,player,2006-01-08,NaN,Denmark,5adf60vwiw2f2mibyq1k4ex7i,NaN,NaN,NaN,27.0,2025-05-03Z,active,yes,NaN,NaN,NaN,NaN
3gemcjqban843su9c9y5l2sk4,Jacob Florentin,Andersen,Jacob,Andersen,Male,J. Andersen,Denmark,5adf60vwiw2f2mibyq1k4ex7i,Defender,player,2004-01-26,Galten,Denmark,5adf60vwiw2f2mibyq1k4ex7i,186.0,78.0,right,26.0,2022-04-02Z,active,yes,NaN,NaN,NaN,NaN
3l3v5wj4c7vtqqwu05b526590,Jonas,Jensen-Abbew,Jonas,Jensen-Abbew,Male,J. Jensen-Abbew,Denmark,5adf60vwiw2f2mibyq1k4ex7i,Defender,player,2002-04-20,NaN,Denmark,5adf60vwiw2f2mibyq1k4ex7i,189.0,86.0,left,40.0,2024-02-01Z,active,yes,NaN,Ghana,2q2sw72utw5gu9t5y4knckwba,NaN
3sadup8mjwu4dc96wz6lmixn9,Patrick,Mortensen,Patrick,Mortensen,Male,P. Mortensen,Denmark,5adf60vwiw2f2mibyq1k4ex7i,Attacker,player,1989-07-13,Kopenhagen,Denmark,5adf60vwiw2f2mibyq1k4ex7i,188.0,81.0,right,9.0,2019-01-12Z,active,yes,NaN,NaN,NaN,NaN
3uytpqx0e0jr6zgbfl1znsm7e,Tobias,Bech Kristensen,Tobias,Bech,Male,T. Bech,Denmark,5adf60vwiw2f2mibyq1k4ex7i,Attacker,player,2002-02-19,NaN,Denmark,5adf60vwiw2f2mibyq1k4ex7i,189.0,77.0,left,31.0,2023-06-26Z,active,yes,NaN,NaN,NaN,NaN
43q9ytkbmtk5y3tgv77v7pmg9,Mads Emil,Møller Madsen,Mads Emil,Madsen,Male,M. Madsen,Denmark,5adf60vwiw2f2mibyq1k4ex7i,Midfielder,player,1998-01-14,Skanderborg,Denmark,5adf60vwiw2f2mibyq1k4ex7i,189.0,84.0,left,7.0,2022-07-01Z,active,no,2025-09-02Z,NaN,NaN,NaN
4vmgmzg2004twoc39sk7zkzqh,Neo Gift,Links,Gift,Links,Male,G. Links,South Africa,1kiwby3xmt97m3ejw76qs4i6k,Midfielder,player,1998-10-02,Rustenburg,South Africa,1kiwby3xmt97m3ejw76qs4i6k,170.0,60.0,left,11.0,2019-09-01Z,active,yes,NaN,NaN,NaN,NaN
5f4qlbohzja204gxm9tkiekq2,Leopold,Wahlstedt,Leopold,Wahlstedt,Male,L. Wahlstedt,Sweden,1z6l2c33w2kyz9rdefs1d68nb,Goalkeeper,player,1999-07-04,Stockholm,Sweden,1z6l2c33w2kyz9rdefs1d68nb,190.0,80.0,right,22.0,2024-07-03Z,active,yes,NaN,NaN,NaN,NaN
5lssweodhkyifhj333v6f6r6c,Tobias,Bach,Tobias,Bach,Male,T. Bach,Denmark,5adf60vwiw2f2mibyq1k4ex7i,Midfielder,player,2003-06-04,NaN,Denmark,5adf60vwiw2f2mibyq1k4ex7i,193.0,86.0,left,23.0,2024-01-05Z,active,no,2025-09-01Z,NaN,NaN,NaN
6my7s0ezr6jldotm1w6nk7b9x,Frederik,Beyer Tingager,Frederik,Tingager,Male,F. Tingager,Denmark,5adf60vwiw2f2mibyq1k4ex7i,Defender,player,1993-02-22,Holbæk,Denmark,5adf60vwiw2f2mibyq1k4ex7i,198.0,94.0,right,5.0,2019-01-04Z,active,yes,NaN,NaN,NaN,NaN
76av5tb8cxhmr0yh3pbmk8npw,Frederik,Emmery Søgaard,Frederik,Emmery,Male,F. Emmery,Denmark,5adf60vwiw2f2mibyq1k4ex7i,Attacker,player,2006-12-25,NaN,Denmark,5adf60vwiw2f2mibyq1k4ex7i,178.0,57.0,left,39.0,2024-05-15Z,active,yes,NaN,NaN,NaN,NaN
7je01bs3a4q6c2gd02ee6da3u,Kristian Fredrik,Malt Arnstad,Kristian,Arnstad,Male,K. Arnstad,Norway,7f16iy4w8u8ogyn6pfooqwv5z,Midfielder,player,2003-09-07,Oslo,Norway,7f16iy4w8u8ogyn6pfooqwv5z,175.0,60.0,right,10.0,2024-08-31Z,active,yes,NaN,NaN,NaN,NaN
8og8nxbkcb63van4llvpkbe8l,Nicolai,Søberg Poulsen,Nicolai,Poulsen,Male,N. Poulsen,Denmark,5adf60vwiw2f2mibyq1k4ex7i,Midfielder,player,1993-08-15,Randers,Denmark,5adf60vwiw2f2mibyq1k4ex7i,176.0,70.0,both,6.0,2019-06-15Z,active,yes,NaN,NaN,NaN,NaN
8xrco8qhcvplvc3wmcschoi22,Tobias,Mølgaard Henriksen,Tobias,Mølgaard,Male,T. Mølgaard,Denmark,5adf60vwiw2f2mibyq1k4ex7i,Defender,player,1996-07-22,NaN,Denmark,5adf60vwiw2f2mibyq1k4ex7i,182.0,75.0,right,14.0,2022-06-15Z,active,yes,NaN,NaN,NaN,NaN
9delpquqv81o7ftrgefb0wpp0,Luka,Callø Carstensen,Luka,Callø,Male,L. Callø,Denmark,5adf60vwiw2f2mibyq1k4ex7i,Defender,player,2006-05-10,Skødstrup,Denmark,5adf60vwiw2f2mibyq1k4ex7i,181.0,71.0,right,33.0,2025-06-02Z,active,no,2025-09-01Z,NaN,NaN,NaN
an7okg1fciccqu6300k8phisq,Rasmus,Bjerregaard Carstensen,Rasmus,Carstensen,Male,R. Carstensen,Denmark,5adf60vwiw2f2mibyq1k4ex7i,Defender,player,2000-11-10,Silkeborg,Denmark,5adf60vwiw2f2mibyq1k4ex7i,183.0,75.0,right,29.0,2025-07-07Z,active,yes,2026-06-30Z,NaN,NaN,NaN
asfu3i70ss0wqmdenqpx37p7u,Kevin Enkido,Yakob,Kevin Enkido,Yakob,Male,Kevin Yakob,Iraq,1uzblzx1s42jn6zk6hivjzby8,Midfielder,player,2000-10-10,Gothenburg,Sweden,1z6l2c33w2kyz9rdefs1d68nb,185.0,75.0,right,17.0,2022-08-26Z,active,yes,NaN,Sweden,1z6l2c33w2kyz9rdefs1d68nb,Kevin Yakob
aswmi1pnkzkvkexp8ngief6j9,Felix Olof Allan Nelson,Beijmo,Felix,Beijmo,Male,F. Beijmo,Sweden,1z6l2c33w2kyz9rdefs1d68nb,Defender,player,1998-01-31,Stockholm,Sweden,1z6l2c33w2kyz9rdefs1d68nb,185.0,77.0,right,2.0,2023-07-01Z,active,yes,NaN,NaN,NaN,NaN
bz77hr28a1yskifpuvzu8smsq,Youssouph Mamadou,Badji,Youssouph,Badji,Male,Y. Badji,Senegal,6hhqyhr5cwq2pfprlazyposyk,Attacker,player,2001-12-20,Ziguinchor,Senegal,6hhqyhr5cwq2pfprlazyposyk,192.0,80.0,right,15.0,2024-09-02Z,active,yes,NaN,NaN,NaN,NaN
c6wip4rfbv5a932cilwjssup6,Jonathan,Jørgensen Hutters,Jonathan,Hutters,Male,J. Hutters,Denmark,5adf60vwiw2f2mibyq1k4ex7i,Goalkeeper,player,2004-02-21,NaN,Denmark,5adf60vwiw2f2mibyq1k4ex7i,186.0,78.0,right,32.0,2023-07-01Z,active,yes,NaN,NaN,NaN,NaN
cgkvw4q8ddcjl0po181upzwx6,Eric Andre,Kahl,Eric,Kahl,Male,E. Kahl,Sweden,1z6l2c33w2kyz9rdefs1d68nb,Defender,player,2001-09-27,Stockholm,Sweden,1z6l2c33w2kyz9rdefs1d68nb,178.0,69.0,left,19.0,2021-07-24Z,active,yes,NaN,Thailand,71wqq15l0mvpl4lneayzzh44g,NaN
e9lrzsiy94y46h62rnawi3sgl,Henrik,Dalsgaard,Henrik,Dalsgaard,Male,H. Dalsgaard,Denmark,5adf60vwiw2f2mibyq1k4ex7i,Defender,player,1989-07-27,Viborg,Denmark,5adf60vwiw2f2mibyq1k4ex7i,192.0,81.0,right,3.0,2024-06-15Z,active,yes,NaN,NaN,NaN,NaN
efubck8twu1elbhlomltnjjtg,Richmond,Gyamfi,Richmond,Gyamfi,Male,R. Gyamfi,Ghana,2q2sw72utw5gu9t5y4knckwba,Attacker,player,2004-09-09,NaN,Ghana,2q2sw72utw5gu9t5y4knckwba,185.0,NaN,right,18.0,2025-07-01Z,active,no,2025-08-07Z,NaN,NaN,NaN
esasiq4j83g377zb8zi0bgpnt,Janni-Luca,Serra,Janni,Serra,Male,J. Serra,Germany,36min0qztu8eydwvpv8t1is0m,Attacker,player,1998-03-13,Hannover,Germany,36min0qztu8eydwvpv8t1is0m,193.0,87.0,left,13.0,2025-07-01Z,active,yes,NaN,NaN,NaN,NaN
eyq4y2syfou2qo5a795rmjhpm,Markus,Solbakken,Markus,Solbakken,Male,M. Solbakken,Norway,7f16iy4w8u8ogyn6pfooqwv5z,Midfielder,player,2000-07-25,NaN,Norway,7f16iy4w8u8ogyn6pfooqwv5z,182.0,70.0,right,NaN,2025-09-01Z,active,yes,NaN,NaN,NaN,NaN
1gr0k94d0nh7msa32f6728aok,Clement,Mutahi Bischoff,Clement,Bischoff,Male,C. Bischoff,Denmark,5adf60vwiw2f2mibyq1k4ex7i,Attacker,player,2005-12-16,Copenhagen,Denmark,5adf60vwiw2f2mibyq1k4ex7i,180.0,75.0,right,37.0,2023-09-23Z,active,no,2025-09-02Z,Kenya,7bj2q2zb0n47lb9g55dnvfr2s,NaN
2tthm6h5o033dz440e476rhbe,Marko,Divković,Marko,Divkovic,Male,M. Divković,Croatia,37hlakrwxyuzovaeoo4sezusp,Defender,player,1999-06-11,Vinkovci,Croatia,37hlakrwxyuzovaeoo4sezusp,181.0,72.0,left,24.0,2022-07-01Z,active,yes,NaN,NaN,NaN,NaN
2xp7fbcl6a4nua9jpm7b4k1sk,Noah,Teye Nartey,Noah,Nartey,Male,N. Nartey,Denmark,5adf60vwiw2f2mibyq1k4ex7i,Midfielder,player,2005-10-05,Bagsværd,Denmark,5adf60vwiw2f2mibyq1k4ex7i,180.0,70.0,right,35.0,2023-09-26Z,active,yes,NaN,Ghana,2q2sw72utw5gu9t5y4knckwba,NaN
31dub58tesepe34xkspyxsrca,Sho,Fukuda,Sho,Fukuda,Male,S. Fukuda,Japan,lxyibh89lpdc0bfian1nx0xq,Attacker,player,2001-03-23,Fukuoka,Japan,lxyibh89lpdc0bfian1nx0xq,173.0,63.0,right,19.0,2025-07-06Z,active,yes,NaN,NaN,NaN,NaN
3hi7nroqhsvj8elv8nd9a8ted,Thomas,Korsgaard Mikkelsen,Thomas,Mikkelsen,Male,T. Mikkelsen,Denmark,5adf60vwiw2f2mibyq1k4ex7i,Goalkeeper,player,1983-08-27,Odense,Denmark,5adf60vwiw2f2mibyq1k4ex7i,190.0,92.0,right,16.0,2021-07-01Z,active,yes,NaN,NaN,NaN,NaN
4ilnnpfgjfz35lni9ppzd93v9,Patrick,Pentz,Patrick,Pentz,Male,P. Pentz,Austria,hcs1bd49qliqqity6o268jyt,Goalkeeper,player,1997-01-02,Salzburg,Austria,hcs1bd49qliqqity6o268jyt,183.0,80.0,left,1.0,2024-06-15Z,active,yes,NaN,NaN,NaN,NaN
506kxojakimt5s0v2c4q6b33e,Frederik,Alves Thidemann,Frederik,Alves,Male,F. Alves,Denmark,5adf60vwiw2f2mibyq1k4ex7i,Defender,player,1999-11-08,Hvidovre,Denmark,5adf60vwiw2f2mibyq1k4ex7i,195.0,84.0,right,32.0,2022-01-31Z,active,yes,NaN,Brazil,2vufyvpoxd9lfl9f6vpp7tz6y,NaN
51imtpvf4bb1ra8v8z8jmstg4,William,Sonne-Schmidt,William,Sonne-Schmidt,Male,W. Sonne-Schmidt,Denmark,5adf60vwiw2f2mibyq1k4ex7i,Goalkeeper,player,2007-04-12,Munkebo,Denmark,5adf60vwiw2f2mibyq1k4ex7i,190.0,93.0,right,NaN,2024-07-31Z,active,yes,NaN,NaN,NaN,NaN
56sjqxlsf5iitgww0hogez8ph,Jordi,Vanlerberghe,Jordi,Vanlerberghe,Male,J. Vanlerberghe,Belgium,4wbzjcclyefma1ourvjsu4q2j,Defender,player,1996-06-27,Duffel,Belgium,4wbzjcclyefma1ourvjsu4q2j,189.0,75.0,right,30.0,2024-01-29Z,active,yes,NaN,NaN,NaN,NaN
5ssy03x358qpvbvlhdg2152qc,Mathias,Jensen,Mathias,Jensen,Male,M. Jensen,Denmark,5adf60vwiw2f2mibyq1k4ex7i,Midfielder,player,2005-04-14,Glostrup,Denmark,5adf60vwiw2f2mibyq1k4ex7i,181.0,NaN,both,42.0,2025-02-13Z,active,yes,NaN,NaN,NaN,NaN
64ux2tbb35i36qf6oij2263qi,Justin Isiah,Che,Justin,Che,Male,J. Che,USA,7hr2f89v44y65dyu9k92vprwn,Defender,player,2003-11-18,Richardson,USA,7hr2f89v44y65dyu9k92vprwn,185.0,79.0,right,17.0,2025-07-01Z,active,yes,NaN,Germany,36min0qztu8eydwvpv8t1is0m,NaN
6anvl82jyio52wo87cbxdp4np,Sean Desmond,Klaiber,Sean,Klaiber,Male,S. Klaiber,Suriname,31vay1njxmbs7vtbfp1wo2dx1,Defender,player,1994-07-31,Nieuwegein,Netherlands,6hzi5pltnz67q4la8yli9qfv6,184.0,77.0,right,31.0,2023-09-01Z,active,yes,NaN,Netherlands,6hzi5pltnz67q4la8yli9qfv6,NaN
7c6034wb3zsuq9nhxxiahiuol,Michael,Gregoritsch,Michael,Gregoritsch,Male,M. Gregoritsch,Austria,hcs1bd49qliqqity6o268jyt,Attacker,player,1994-04-18,Graz,Austria,hcs1bd49qliqqity6o268jyt,193.0,91.0,left,9.0,2025-08-20Z,active,yes,NaN,NaN,NaN,NaN
7qb4jzx7wrt2syeio63jpjtgp,Steven David,Cooper,Steve,Cooper,Male,S. Cooper,Wales,26ilvvgth36hmq6lgq8cy5cb5,NaN,coach,1979-12-10,Hopkinstown,Wales,26ilvvgth36hmq6lgq8cy5cb5,NaN,NaN,NaN,NaN,2025-09-09Z,active,yes,NaN,NaN,NaN,NaN
844k9wmnxkk24xsjd4fdb4rca,Gavin Lee,Beavers,Gavin,Beavers,Male,G. Beavers,USA,7hr2f89v44y65dyu9k92vprwn,Goalkeeper,player,2005-04-29,Henderson,USA,7hr2f89v44y65dyu9k92vprwn,193.0,83.0,right,13.0,2025-01-22Z,active,yes,NaN,NaN,NaN,NaN
859qyigojbqkiwjn9cf0ludqs,Jonathan,Nanaosei Agyekum,Jonathan,Agyekum,Male,J. Agyekum,Denmark,5adf60vwiw2f2mibyq1k4ex7i,Attacker,player,2006-03-23,NaN,Denmark,5adf60vwiw2f2mibyq1k4ex7i,NaN,NaN,left,NaN,2025-07-30Z,active,yes,NaN,Ghana,2q2sw72utw5gu9t5y4knckwba,NaN
8l12vx57ou6ho0vptjh22r5yh,Luis Thomas,Binks,Luis,Binks,Male,L. Binks,England,1fk5l4hkqk12i7zske6mcqju6,Defender,player,2001-09-02,NaN,England,1fk5l4hkqk12i7zske6mcqju6,188.0,86.0,left,4.0,2025-07-29Z,active,yes,NaN,Scotland,1xf68d0a8lnnq30hnnn8kr6ut,NaN
8t7wsjordpkfau9b6brxesr8,Frederik,Birk Christensen,Frederik,Birk,Male,F. Birk,Denmark,5adf60vwiw2f2mibyq1k4ex7i,NaN,coach,1989-07-10,NaN,Denmark,5adf60vwiw2f2mibyq1k4ex7i,NaN,NaN,NaN,NaN,2024-12-11Z,active,no,2025-09-09Z,NaN,NaN,NaN
8wb6zb0imo0295asm428cur55,Mats,Köhlert,Mats,Köhlert,Male,M. Köhlert,Germany,36min0qztu8eydwvpv8t1is0m,Defender,player,1998-05-02,Hamburg,Germany,36min0qztu8eydwvpv8t1is0m,169.0,62.0,left,27.0,2025-07-01Z,active,yes,NaN,NaN,NaN,NaN
9auqrrixu34cgkpe8trlkaoh6,Filip,Bundgaard Kristensen,Filip,Bundgaard,Male,F. Bundgaard,Denmark,5adf60vwiw2f2mibyq1k4ex7i,Attacker,player,2004-07-03,Randers,Denmark,5adf60vwiw2f2mibyq1k4ex7i,176.0,62.0,left,11.0,2024-02-01Z,active,yes,NaN,NaN,NaN,NaN
a9ksmce40tyjh21qea4xiq6s,Kotaro,Uchino,Kotaro,Uchino,Male,K. Uchino,Japan,lxyibh89lpdc0bfian1nx0xq,Attacker,player,2004-06-19,Kanagawa,Japan,lxyibh89lpdc0bfian1nx0xq,186.0,79.0,NaN,18.0,2025-07-01Z,active,yes,NaN,NaN,NaN,NaN
aa0888u38mjc1euhofseazb2t,Stijn,Spierings,Stijn,Spierings,Male,S. Spierings,Netherlands,6hzi5pltnz67q4la8yli9qfv6,Midfielder,player,1996-03-12,Alkmaar,Netherlands,6hzi5pltnz67q4la8yli9qfv6,188.0,83.0,right,6.0,2024-08-28Z,active,yes,NaN,NaN,NaN,NaN
adra6wrtnrz7de6pmaf1ugm50,Marcus,Younis,Marcus,Younis,Male,M. Younis,Australia,u5ieemi69z72c3bgczyy68lo,Attacker,player,2005-07-03,NaN,Australia,u5ieemi69z72c3bgczyy68lo,175.0,74.0,right,NaN,2025-08-22Z,active,yes,NaN,Lebanon,x78kryrxd9j9dfj4mtec292b,NaN
bmkq3hz1z7lsji7wgr3j8978p,Rasmus,Steensbæk Lauritsen,Rasmus,Lauritsen,Male,R. Lauritsen,Denmark,5adf60vwiw2f2mibyq1k4ex7i,Defender,player,1996-02-27,Brande,Denmark,5adf60vwiw2f2mibyq1k4ex7i,187.0,75.0,right,5.0,2023-01-30Z,active,yes,NaN,NaN,NaN,NaN
bxx5rebv553opcpvc2x70g6sq,Oliver Marc,Rose-Villadsen,Oliver,Villadsen,Male,O. Villadsen,Denmark,5adf60vwiw2f2mibyq1k4ex7i,Defender,player,2001-11-16,Sønderborg,Denmark,5adf60vwiw2f2mibyq1k4ex7i,173.0,70.0,right,2.0,2025-07-17Z,active,yes,NaN,NaN,NaN,NaN
caoahimfnw46l1vnpsp6vf9qs,Jacob,Brøchner Ambæk,Jacob,Ambæk,Male,J. Ambæk,Denmark,5adf60vwiw2f2mibyq1k4ex7i,Attacker,player,2008-03-28,NaN,Denmark,5adf60vwiw2f2mibyq1k4ex7i,180.0,80.0,right,38.0,2025-02-13Z,active,yes,NaN,NaN,NaN,NaN
chteizjcvxpvze9p77gcttcoa,Nicolai,Frimodt Vallys,Nicolai,Vallys,Male,N. Vallys,Denmark,5adf60vwiw2f2mibyq1k4ex7i,Midfielder,player,1996-09-04,Copenhagen,Denmark,5adf60vwiw2f2mibyq1k4ex7i,189.0,82.0,right,7.0,2022-09-01Z,active,yes,NaN,NaN,NaN,NaN
d2itdjj8bx0aztqggfgv7amay,Benjamin,Tahirović,Benjamin,Tahirovic,Male,B. Tahirović,Bosnia and Herzegovina,4fue8u54361o79fbiu9qwxjer,Midfielder,player,2003-03-03,Spånga,Sweden,1z6l2c33w2kyz9rdefs1d68nb,183.0,68.0,right,8.0,2025-02-03Z,active,yes,NaN,Sweden,1z6l2c33w2kyz9rdefs1d68nb,NaN
etz3rjq7chhaomst5u28nnff9,Daniel,Wass,Daniel,Wass,Male,D. Wass,Denmark,5adf60vwiw2f2mibyq1k4ex7i,Midfielder,player,1989-05-31,Gladsaxe,Denmark,5adf60vwiw2f2mibyq1k4ex7i,181.0,74.0,right,10.0,2022-08-12Z,active,yes,NaN,NaN,NaN,NaN
1ai0gvdx68lxclbj6m255w72t,Svenn,Crone,Svenn,Crone,Male,S. Crone,Denmark,5adf60vwiw2f2mibyq1k4ex7i,Defender,player,1995-05-20,NaN,Denmark,5adf60vwiw2f2mibyq1k4ex7i,182.0,76.0,right,12.0,2025-03-03Z,active,yes,NaN,NaN,NaN,NaN
1bwo1ljvvdcz7ih5z0led8l7u,Etienne,Green,Etienne,Green,Male,E. Green,England,1fk5l4hkqk12i7zske6mcqju6,Goalkeeper,player,2000-07-19,Colchester,England,1fk5l4hkqk12i7zske6mcqju6,192.0,76.0,right,42.0,2025-08-27Z,active,yes,NaN,France,7gww28djs405rfga69smki84o,NaN
23sc7wc7my7wes6cuaxw1v0no,Jonatan,Holm Lindekilde,Jonatan,Lindekilde,Male,J. Lindekilde,Denmark,5adf60vwiw2f2mibyq1k4ex7i,Midfielder,player,2006-03-31,NaN,Denmark,5adf60vwiw2f2mibyq1k4ex7i,188.0,NaN,right,21.0,2024-06-27Z,active,yes,2026-06-30Z,NaN,NaN,NaN
289rctmvd5ppy9zqn98jbe4et,Agon Fatmir,Muçolli,Agon,Muçolli,Male,A. Muçolli,Albania,17zsm8shejejls2on1ffil3op,Attacker,player,1998-09-26,Fredericia,Denmark,5adf60vwiw2f2mibyq1k4ex7i,172.0,72.0,left,98.0,2024-07-05Z,active,yes,NaN,Denmark,5adf60vwiw2f2mibyq1k4ex7i,NaN
2zt1yrfv8m2mhpo720n0uydck,Daniel,Bisgaard Haarbo,Daniel,Haarbo,Male,D. Haarbo,Denmark,5adf60vwiw2f2mibyq1k4ex7i,Midfielder,player,2003-03-14,NaN,Denmark,5adf60vwiw2f2mibyq1k4ex7i,181.0,NaN,both,20.0,2024-06-25Z,active,yes,NaN,NaN,NaN,NaN
3od63zrf6cay4d6ync9i2iuqc,Frederik,Thykær Rieper,Frederik,Rieper,Male,F. Rieper,Denmark,5adf60vwiw2f2mibyq1k4ex7i,Defender,player,1999-06-19,Aarhus,Denmark,5adf60vwiw2f2mibyq1k4ex7i,196.0,83.0,right,5.0,2024-06-15Z,active,yes,NaN,NaN,NaN,NaN
45ssaw51hm80y1tfalyesap9m,Emilio,Stuberg Simonsen,Emilio,Simonsen,Male,E. Simonsen,Denmark,5adf60vwiw2f2mibyq1k4ex7i,Midfielder,player,1999-10-31,NaN,Denmark,5adf60vwiw2f2mibyq1k4ex7i,NaN,NaN,NaN,10.0,2023-06-22Z,active,yes,NaN,NaN,NaN,NaN
4bojyjyvkdgm1lss6n37q2t5g,Daníel Freyr,Kristjánsson,Daníel,Kristjánsson,Male,D. Kristjánsson,Iceland,4jjsm5a20nnxgw5cus6b7yxc6,Defender,player,2005-08-30,NaN,Iceland,4jjsm5a20nnxgw5cus6b7yxc6,NaN,NaN,left,17.0,2024-07-01Z,active,yes,2026-06-30Z,NaN,NaN,NaN
4jhmopd43n0xhp34td73877kk,Matti,Bjørnhardt-Hansen,Matti,Bjørnhardt-Hansen,Male,M. Bjørnhardt-Hansen,Denmark,5adf60vwiw2f2mibyq1k4ex7i,Defender,player,NaN,NaN,Denmark,5adf60vwiw2f2mibyq1k4ex7i,NaN,NaN,NaN,NaN,2025-07-01Z,active,yes,NaN,NaN,NaN,NaN
4m3slt6iikaxklqd12i719rl5,Moses,Opondo,Moses,Opondo,Male,M. Opondo,Uganda,1j6yonplolalz6goyopv7xd1k,Midfielder,player,1997-10-28,NaN,Uganda,1j6yonplolalz6goyopv7xd1k,174.0,72.0,right,11.0,2024-09-03Z,active,yes,NaN,Denmark,5adf60vwiw2f2mibyq1k4ex7i,NaN
5k4gsy5f7ius93bbks9wbvqei,Andreas,Pyndt Andersen,Andreas,Pyndt,Male,A. Pyndt,Denmark,5adf60vwiw2f2mibyq1k4ex7i,Midfielder,player,2001-03-04,NaN,Denmark,5adf60vwiw2f2mibyq1k4ex7i,175.0,68.0,right,18.0,2025-07-07Z,active,yes,2026-06-30Z,NaN,NaN,NaN
65g5cfsdr10378yvmkpm19444,Anders,Dahl,Anders,Dahl,Male,A. Dahl,Denmark,5adf60vwiw2f2mibyq1k4ex7i,Defender,player,2002-05-01,NaN,Denmark,5adf60vwiw2f2mibyq1k4ex7i,176.0,65.0,right,14.0,2025-01-13Z,active,yes,NaN,NaN,NaN,NaN
6lb4k3g75nzgi8bp1y1mzxkru,Patrick,Hessellund Egelund,Patrick,Egelund,Male,P. Egelund,Denmark,5adf60vwiw2f2mibyq1k4ex7i,Attacker,player,2000-08-02,NaN,Denmark,5adf60vwiw2f2mibyq1k4ex7i,169.0,63.0,NaN,9.0,2021-08-13Z,active,yes,NaN,NaN,NaN,NaN
6wfu6s6xo5zjeke21fgbouql0,Jakob,Vestergaard Jessen,Jakob,Jessen,Male,J. Jessen,Denmark,5adf60vwiw2f2mibyq1k4ex7i,Midfielder,player,2004-03-05,NaN,Denmark,5adf60vwiw2f2mibyq1k4ex7i,184.0,NaN,left,8.0,2023-07-27Z,active,yes,NaN,NaN,NaN,NaN
7574bxep9nzun9uhbnhy01no4,Sofus,Østergaard Grandjean Johannesen,Sofus,Johannesen,Male,S. Johannesen,Denmark,5adf60vwiw2f2mibyq1k4ex7i,Midfielder,player,2007-05-04,NaN,Denmark,5adf60vwiw2f2mibyq1k4ex7i,NaN,NaN,NaN,NaN,2025-09-01Z,active,yes,2026-06-30Z,NaN,NaN,NaN
7rt4wpc0qphwnvhn8jeazesfe,Felix,Vrede Winther,Felix,Winther,Male,F. Winther,Denmark,5adf60vwiw2f2mibyq1k4ex7i,Midfielder,player,2000-05-18,NaN,Denmark,5adf60vwiw2f2mibyq1k4ex7i,NaN,NaN,NaN,6.0,2024-08-21Z,active,yes,NaN,NaN,NaN,NaN
7uw675zanxb576wzfvf0lnpjo,Malthe,Riis Ladefoged,Malthe,Ladefoged,Male,M. Ladefoged,Denmark,5adf60vwiw2f2mibyq1k4ex7i,Defender,player,2005-12-14,NaN,Denmark,5adf60vwiw2f2mibyq1k4ex7i,NaN,NaN,NaN,15.0,2025-06-26Z,active,yes,NaN,NaN,NaN,NaN
7ztdirfvd9d0x2yw1v051xzbo,William,Madsen,William,Madsen,Male,W. Madsen,Denmark,5adf60vwiw2f2mibyq1k4ex7i,Midfielder,player,2002-04-05,NaN,Denmark,5adf60vwiw2f2mibyq1k4ex7i,NaN,NaN,NaN,13.0,2024-06-15Z,active,yes,NaN,NaN,NaN,NaN
876cmwkx9p9wsqgdddfzmipzo,Martin,Staghøj Huldahl,Martin,Huldahl,Male,M. Staghøj Huldahl,Denmark,5adf60vwiw2f2mibyq1k4ex7i,Attacker,player,2004-09-20,NaN,Denmark,5adf60vwiw2f2mibyq1k4ex7i,NaN,NaN,NaN,22.0,2025-01-31Z,active,yes,NaN,NaN,NaN,NaN
91xtn2wlot8g8ue89zn4iiyqy,Eskild,Munk Dall,Eskild,Dall,Male,E. Dall,Denmark,5adf60vwiw2f2mibyq1k4ex7i,Attacker,player,2003-01-08,Aalborg,Denmark,5adf60vwiw2f2mibyq1k4ex7i,186.0,72.0,right,19.0,2023-07-01Z,active,yes,NaN,NaN,NaN,NaN
ayxi2m0g0pm6rl1ba5pto66z9,Gustav,Ølsted Marcussen,Gustav,Marcussen,Male,G. Marcussen,Denmark,5adf60vwiw2f2mibyq1k4ex7i,Midfielder,player,1998-06-12,NaN,Denmark,5adf60vwiw2f2mibyq1k4ex7i,178.0,NaN,right,7.0,2023-07-04Z,active,yes,NaN,NaN,NaN,NaN
b1kyjkhaaiw32cb4bubbpm7tg,Jeppe,Kudsk Pedersen,Jeppe,Kudsk,Male,J. Kudsk,Denmark,5adf60vwiw2f2mibyq1k4ex7i,Defender,player,2003-02-25,Holstebro,Denmark,5adf60vwiw2f2mibyq1k4ex7i,188.0,NaN,right,4.0,2024-06-15Z,active,yes,NaN,NaN,NaN,NaN
bewwsztrqoqdp5ttkxry0i1yi,Ovie Prince,Ejeheri,Ovie,Ejeheri,Male,O. Ejeheri,England,1fk5l4hkqk12i7zske6mcqju6,Goalkeeper,player,2003-04-23,NaN,England,1fk5l4hkqk12i7zske6mcqju6,195.0,89.0,right,25.0,2025-07-01Z,active,no,2025-09-01Z,Nigeria,63pvdwrsiq5b07mzi8igqei9p,NaN
bvc80w5ai425plu54nhgx5fxl,Daniel,Lønborg Thøgersen,Daniel,Thøgersen,Male,D. Thøgersen,Denmark,5adf60vwiw2f2mibyq1k4ex7i,Defender,player,2000-01-08,Esbjerg,Denmark,5adf60vwiw2f2mibyq1k4ex7i,183.0,73.0,left,2.0,2024-06-20Z,active,yes,NaN,NaN,NaN,NaN
c8btmt9x3j3yhm8sa4tgch34k,Mads Krogsøe,Eriksen,Mads,Eriksen,Male,M. Eriksen,Denmark,5adf60vwiw2f2mibyq1k4ex7i,Goalkeeper,player,2003-10-30,NaN,Denmark,5adf60vwiw2f2mibyq1k4ex7i,198.0,NaN,right,23.0,2024-08-22Z,active,yes,NaN,NaN,NaN,NaN
cu2l7ju3t72stqhwaurrnqbqh,Mattias,Heðinsson Lamhauge,Mattias,Lamhauge,Male,M. Lamhauge,Faroe Islands,1glg6jsz6v1fkk8y9pq4fqjc4,Goalkeeper,player,1999-08-02,NaN,Faroe Islands,1glg6jsz6v1fkk8y9pq4fqjc4,194.0,NaN,right,1.0,2024-01-01Z,active,yes,NaN,NaN,NaN,NaN
dgcbjg2ymgi70yv1n8ugkv02c,Adam,Nygaard Andersen,Adam,Nygaard,Male,A. Nygaard,Denmark,5adf60vwiw2f2mibyq1k4ex7i,Defender,player,2005-08-23,NaN,Denmark,5adf60vwiw2f2mibyq1k4ex7i,NaN,NaN,right,3.0,2025-07-01Z,active,yes,NaN,NaN,NaN,NaN
di9i2ld6fdcqfcb9351peawgl,Michael,Hansen,Michael,Hansen,Male,M. Hansen,Denmark,5adf60vwiw2f2mibyq1k4ex7i,NaN,coach,1971-09-22,NaN,Denmark,5adf60vwiw2f2mibyq1k4ex7i,NaN,NaN,NaN,NaN,2020-08-30Z,active,yes,NaN,NaN,NaN,NaN
dscxmjy6wkbqvt4ba27i0vbx0,Mathias,Hell,Mathias,Hell,Male,M. Hell,Denmark,5adf60vwiw2f2mibyq1k4ex7i,Attacker,player,NaN,NaN,Denmark,5adf60vwiw2f2mibyq1k4ex7i,NaN,NaN,NaN,NaN,2025-07-01Z,active,yes,NaN,NaN,NaN,NaN
y4dl1rer075c9wz6zhx7skbt,Oscar,Buch,Oscar,Buch,Male,O. Buch,Denmark,5adf60vwiw2f2mibyq1k4ex7i,Attacker,player,1997-02-14,NaN,Denmark,5adf60vwiw2f2mibyq1k4ex7i,NaN,NaN,NaN,97.0,2024-06-15Z,active,yes,NaN,NaN,NaN,NaN
1tver0d2z07ujsig9o7y2h9uc,Jonathan,Moalem,Jonathan,Moalem,Male,J. Moalem,Denmark,5adf60vwiw2f2mibyq1k4ex7i,Midfielder,player,2007-02-01,NaN,Denmark,5adf60vwiw2f2mibyq1k4ex7i,NaN,NaN,NaN,29.0,2025-06-06Z,active,yes,NaN,Iran,e53g9hr2d3kasm34uumbg8r4,NaN
2ubad2kxha6n1c8c8sr2ogmad,Birger,Solberg Meling,Birger,Meling,Male,B. Meling,Norway,7f16iy4w8u8ogyn6pfooqwv5z,Defender,player,1994-12-17,Stavanger,Norway,7f16iy4w8u8ogyn6pfooqwv5z,173.0,64.0,left,24.0,2023-08-14Z,active,yes,NaN,NaN,NaN,NaN
3e0s041flmsg4275edap4ll3o,Yoram,Zague,Yoram,Zague,Male,Y. Zague,France,7gww28djs405rfga69smki84o,Defender,player,2006-05-15,Paris,France,7gww28djs405rfga69smki84o,168.0,58.0,right,22.0,2025-06-24Z,active,yes,2026-06-30Z,Côte d'Ivoire,tin6kf561ywonqan0mettr98,NaN
3vbye911qnallue5h74nljfh0,Oscar,Gadeberg Buur,Oscar,Buur,Male,O. Buur,Denmark,5adf60vwiw2f2mibyq1k4ex7i,Goalkeeper,player,2006-10-29,NaN,Denmark,5adf60vwiw2f2mibyq1k4ex7i,180.0,71.0,right,61.0,2024-02-12Z,active,yes,NaN,NaN,NaN,NaN
40qo5mz95bi0rnv09l13retxw,Hunor Vajk,Németh,Hunor,Németh,Male,H. Németh,Hungary,1vy5vlux7mj2r7r9ktd71hhpo,Midfielder,player,2007-03-16,Győr,Hungary,1vy5vlux7mj2r7r9ktd71hhpo,182.0,75.0,left,28.0,2024-12-18Z,active,no,2025-07-24Z,Denmark,5adf60vwiw2f2mibyq1k4ex7i,NaN
43q9ytkbmtk5y3tgv77v7pmg9,Mads Emil,Møller Madsen,Mads Emil,Madsen,Male,M. Madsen,Denmark,5adf60vwiw2f2mibyq1k4ex7i,Midfielder,player,1998-01-14,Skanderborg,Denmark,5adf60vwiw2f2mibyq1k4ex7i,189.0,84.0,left,NaN,2025-09-02Z,active,yes,NaN,NaN,NaN,NaN
4cbaoo2irqtme9goxuz6s3ey2,Gabriel,Pereira Magalhães dos Santos,Gabriel,Pereira Magalhães dos Santos,Male,Gabriel Pereira,Brazil,2vufyvpoxd9lfl9f6vpp7tz6y,Defender,player,2000-05-07,Volta Redonda,Brazil,2vufyvpoxd9lfl9f6vpp7tz6y,188.0,80.0,right,5.0,2024-08-07Z,active,yes,NaN,NaN,NaN,Gabriel Pereira
4gqnyyx3i92fayq6cxvekqwut,Thomas Joseph,Delaney,Thomas,Delaney,Male,T. Delaney,Denmark,5adf60vwiw2f2mibyq1k4ex7i,Midfielder,player,1991-09-03,Frederiksberg,Denmark,5adf60vwiw2f2mibyq1k4ex7i,182.0,79.0,left,27.0,2024-07-20Z,active,yes,NaN,USA,7hr2f89v44y65dyu9k92vprwn,NaN
6b8vhoisrfwkljhz4u7pduej8,Rodrigo Jhossel,Huescas Hurtado,Rodrigo,Huescas,Male,R. Huescas,Mexico,5trdr3jf42i20zj1hnkvcytr6,Defender,player,2003-09-18,NaN,Mexico,5trdr3jf42i20zj1hnkvcytr6,172.0,69.0,right,13.0,2024-07-10Z,active,yes,NaN,NaN,NaN,NaN
6tckvu2rw7ns18dq7dim0sout,Mohamed Amine,Elyounoussi,Mohamed,Elyounoussi,Male,M. Elyounoussi,Norway,7f16iy4w8u8ogyn6pfooqwv5z,Midfielder,player,1994-08-04,Al Hoceima,Morocco,2xdcc39z1k79pnjbtn9x31wdh,178.0,70.0,right,10.0,2023-07-27Z,active,yes,NaN,Morocco,2xdcc39z1k79pnjbtn9x31wdh,NaN
7hw1plnv7nvxnqpnfnxcxszpx,Andreas Evald,Cornelius,Andreas,Cornelius,Male,A. Cornelius,Denmark,5adf60vwiw2f2mibyq1k4ex7i,Attacker,player,1993-03-16,København,Denmark,5adf60vwiw2f2mibyq1k4ex7i,193.0,91.0,left,14.0,2022-08-31Z,active,yes,NaN,NaN,NaN,NaN
823p7p1amx8lp445bo6bi01lg,Amin,Chiakha,Amin,Chiakha,Male,A. Chiakha,Algeria,1ayprcriqhb8iv10ch70clppu,Attacker,player,2006-03-12,Copenhagen,Denmark,5adf60vwiw2f2mibyq1k4ex7i,191.0,NaN,right,19.0,2024-07-15Z,active,no,2025-08-06Z,Denmark,5adf60vwiw2f2mibyq1k4ex7i,NaN
840m8epnbm3hz70ppuzxhwnx0,Waylon Ramon,Renecke,Waylon,Renecke,Male,W. Renecke,South Africa,1kiwby3xmt97m3ejw76qs4i6k,Defender,player,2006-05-12,NaN,England,1fk5l4hkqk12i7zske6mcqju6,NaN,NaN,NaN,NaN,2026-01-01Z,active,no,NaN,England,1fk5l4hkqk12i7zske6mcqju6,NaN
8g4r9maz4invihjmdzpfxy0np,Viktor Johan Anton,Claesson,Viktor,Claesson,Male,V. Claesson,Sweden,1z6l2c33w2kyz9rdefs1d68nb,Midfielder,player,1992-01-02,Värnamo,Sweden,1z6l2c33w2kyz9rdefs1d68nb,183.0,77.0,right,7.0,2022-03-30Z,active,yes,NaN,NaN,NaN,NaN
8inyievyp1az6q3dtlkpynf56,Magnus,Elkjær Mattsson,Magnus,Mattsson,Male,M. Mattsson,Denmark,5adf60vwiw2f2mibyq1k4ex7i,Midfielder,player,1999-02-25,Marstal,Denmark,5adf60vwiw2f2mibyq1k4ex7i,174.0,63.0,both,8.0,2024-02-01Z,active,yes,NaN,Sweden,1z6l2c33w2kyz9rdefs1d68nb,NaN
8jyfsal0lbf0ia92axymn2l1w,Oliver,Højer,Oliver,Højer,Male,O. Højer,Denmark,5adf60vwiw2f2mibyq1k4ex7i,Midfielder,player,2007-01-24,København,Denmark,5adf60vwiw2f2mibyq1k4ex7i,176.0,59.0,right,38.0,2024-05-04Z,active,yes,NaN,NaN,NaN,NaN
aahyom322jdc6f21960ycuzth,Carl Henrik Jordan,Larsson,Jordan,Larsson,Male,J. Larsson,Sweden,1z6l2c33w2kyz9rdefs1d68nb,Attacker,player,1997-06-20,Rotterdam,Netherlands,6hzi5pltnz67q4la8yli9qfv6,175.0,69.0,left,11.0,2023-06-15Z,active,yes,NaN,Cabo Verde,7235kgq23bu1v4qwk491u58h0,NaN
ajjw1ikceu3g39sy6dsf9kdg4,Munashe Peter,Garan'anga,Munashe,Garan'anga,Male,M. Garan'anga,Zimbabwe,6pqqn8s3pvbryohnkxd4ch4kn,Defender,player,2001-01-18,Harare,Zimbabwe,6pqqn8s3pvbryohnkxd4ch4kn,186.0,80.0,right,4.0,2024-07-09Z,active,yes,NaN,NaN,NaN,NaN
al9l7egkwbc0pv68zk42gegut,Lukas,Reiff Lerager,Lukas,Lerager,Male,L. Lerager,Denmark,5adf60vwiw2f2mibyq1k4ex7i,Midfielder,player,1993-07-12,Gladsaxe,Denmark,5adf60vwiw2f2mibyq1k4ex7i,188.0,80.0,right,12.0,2021-07-01Z,active,yes,NaN,NaN,NaN,NaN
ayqy2vql1oumokqly9ahfrnx1,Pantelis,Hatzidiakos,Pantelis,Hatzidiakos,Male,P. Hatzidiakos,Greece,6lpgd60z890no2v46zdecrcss,Defender,player,1997-01-18,Rhodes,Greece,6lpgd60z890no2v46zdecrcss,185.0,74.0,right,6.0,2025-07-01Z,active,yes,NaN,Netherlands,6hzi5pltnz67q4la8yli9qfv6,NaN
babnrlnt04mal0268p9dxas8a,German,Onugkha,German,Onugkha,Male,G. Onugkha,Russia,7kfg68kh6n16fs4ap3xjiudr,Attacker,player,1996-07-06,Moskva,Russia,7kfg68kh6n16fs4ap3xjiudr,193.0,94.0,right,18.0,2025-07-01Z,active,yes,NaN,Nigeria,63pvdwrsiq5b07mzi8igqei9p,NaN
bbezbukg20q5b6kfnjuzhs55g,Robert Vinicius,Rodrigues Silva,Robert Vinicius,Rodrigues Silva,Male,Robert Silva,Brazil,2vufyvpoxd9lfl9f6vpp7tz6y,Midfielder,player,2005-04-13,NaN,Brazil,2vufyvpoxd9lfl9f6vpp7tz6y,174.0,70.0,right,16.0,2025-01-19Z,active,yes,NaN,NaN,NaN,Robert Silva
bdcpptlf4dznvgwq5st8hxwyc,Junnosuke,Suzuki,Junnosuke,Suzuki,Male,J. Suzuki,Japan,lxyibh89lpdc0bfian1nx0xq,Defender,player,2003-07-12,Gifu,Japan,lxyibh89lpdc0bfian1nx0xq,180.0,76.0,right,20.0,2025-07-09Z,active,yes,NaN,NaN,NaN,NaN
bj9h8gkbj71nz1wjgpqz2plas,Dominik,Sarapata,Dominik,Sarapata,Male,D. Sarapata,Poland,27baqb7359ywdvsxxklx1kn11,Midfielder,player,2007-10-25,NaN,Poland,27baqb7359ywdvsxxklx1kn11,NaN,NaN,right,23.0,2025-06-20Z,active,yes,NaN,NaN,NaN,NaN
c5h1yhzg9ouq6ru7oi24cfe21,Dominik,Kotarski,Dominik,Kotarski,Male,D. Kotarski,Croatia,37hlakrwxyuzovaeoo4sezusp,Goalkeeper,player,2000-02-10,Zabok,Croatia,37hlakrwxyuzovaeoo4sezusp,189.0,75.0,right,42.0,2025-07-09Z,active,yes,NaN,NaN,NaN,NaN
c9u2w9ikckbrra8vln2ucbf9w,Victor,Mow Froholdt,Victor,Froholdt,Male,V. Froholdt,Denmark,5adf60vwiw2f2mibyq1k4ex7i,Midfielder,player,2006-02-25,NaN,Denmark,5adf60vwiw2f2mibyq1k4ex7i,187.0,73.0,right,17.0,2023-09-26Z,active,no,2025-07-23Z,NaN,NaN,NaN
cdpkytikbfp889d8h14mgv8id,Hjalte Bo,Nørregaard,Hjalte Bo,Norregaard,Male,H. Nørregaard,Denmark,5adf60vwiw2f2mibyq1k4ex7i,NaN,assistant coach,1981-04-08,København,Denmark,5adf60vwiw2f2mibyq1k4ex7i,182.0,75.0,NaN,NaN,2025-02-22Z,active,yes,NaN,NaN,NaN,Hjalte Nørregaard
cdyq2cl21zmti7yxyednecp91,Jacob,Neestrup Hansen,Jacob,Neestrup,Male,J. Neestrup,Denmark,5adf60vwiw2f2mibyq1k4ex7i,NaN,coach,1988-03-08,København,Denmark,5adf60vwiw2f2mibyq1k4ex7i,184.0,79.0,NaN,NaN,2022-09-20Z,active,yes,NaN,NaN,NaN,NaN
cj9b2j1fr2pmaf2u5iof5fh90,Jannick,Breuning,Jannick,Breuning,Male,J. Breuning,Denmark,5adf60vwiw2f2mibyq1k4ex7i,NaN,assistant coach,NaN,NaN,Denmark,5adf60vwiw2f2mibyq1k4ex7i,NaN,NaN,NaN,NaN,2020-11-16Z,active,yes,NaN,NaN,NaN,NaN
ckhhpn9ppgvlrtubf7li3se09,Nathan Wallace,Newman Trott,Nathan,Trott,Male,N. Trott,England,1fk5l4hkqk12i7zske6mcqju6,Goalkeeper,player,1998-11-21,NaN,Bermuda,4x2e37ksohrzsxdkg0mgfe5ag,188.0,75.0,left,1.0,2024-06-22Z,active,no,2025-08-06Z,Bermuda,4x2e37ksohrzsxdkg0mgfe5ag,NaN
dux0skggr99ydjz3kn58p3wmh,Marcos Johan,López Lanfranco,Marcos,López,Male,M. López,Peru,2uib9hdovpcye4re2l3omr4dl,Defender,player,1999-11-20,Lima,Peru,2uib9hdovpcye4re2l3omr4dl,176.0,68.0,left,15.0,2025-07-01Z,active,yes,NaN,NaN,NaN,NaN
e6o453qk2k6tl2gnapjvq776c,Liam,Christopher West,Liam,West,Male,L. West,Norway,7f16iy4w8u8ogyn6pfooqwv5z,Attacker,player,2007-12-16,NaN,Norway,7f16iy4w8u8ogyn6pfooqwv5z,NaN,NaN,NaN,49.0,2025-07-01Z,active,yes,NaN,USA,7hr2f89v44y65dyu9k92vprwn,NaN
eguzzwxdm0fwocax6srpck48a,Youssoufa Mohamadu,Moukoko,Youssoufa,Moukoko,Male,Y. Moukoko,Germany,36min0qztu8eydwvpv8t1is0m,Attacker,player,2004-11-20,Yaoundé,Cameroon,4eb9feio6u267dd1jcwaf38mt,179.0,72.0,left,9.0,2025-06-28Z,active,yes,NaN,Cameroon,4eb9feio6u267dd1jcwaf38mt,NaN
ftw3io63hk5vuoa3lyfgowes,William,Clem,William,Clem,Male,W. Clem,Denmark,5adf60vwiw2f2mibyq1k4ex7i,Midfielder,player,2004-06-20,NaN,Denmark,5adf60vwiw2f2mibyq1k4ex7i,180.0,70.0,right,36.0,2021-12-01Z,active,yes,NaN,Norway,7f16iy4w8u8ogyn6pfooqwv5z,NaN
quh8tfvwi106toymoh38tbrp,Rúnar Alex,Rúnarsson,Rúnar,Rúnarsson,Male,R. Rúnarsson,Iceland,4jjsm5a20nnxgw5cus6b7yxc6,Goalkeeper,player,1995-02-18,Reykjavík,Iceland,4jjsm5a20nnxgw5cus6b7yxc6,186.0,78.0,right,31.0,2024-02-01Z,active,yes,NaN,NaN,NaN,NaN
ssluj1c3ft94nkfs58dc8cq2,Mohamed Elias,Achouri,Elias,Achouri,Male,E. Achouri,Tunisia,2um1icx6ftp1auliaxyw0ou6y,Midfielder,player,1999-02-10,NaN,France,7gww28djs405rfga69smki84o,177.0,68.0,right,30.0,2023-07-24Z,active,yes,NaN,France,7gww28djs405rfga69smki84o,NaN
1qcf5gb8wf8f4tu94xh96yqy,Daniel Filipe,Bandeira e Silva,Daniel Filipe,Bandeira e Silva,Male,Dani Silva,Portugal,1nbm5i9a0403zzvltn17lxinc,Midfielder,player,2000-04-11,Aljustrel,Portugal,1nbm5i9a0403zzvltn17lxinc,180.0,75.0,right,80.0,2025-02-03Z,active,yes,NaN,NaN,NaN,Dani Silva
1sdsqfn743j5tqem8ra7sppn8,Franculino,Gluda Djú,Franculino,Gluda Djú,Male,Franculino Djú,Guinea-Bissau,5ikz7810612v7a6l5u6gxa6vm,Attacker,player,2004-06-28,Bissau,Guinea-Bissau,5ikz7810612v7a6l5u6gxa6vm,182.0,78.0,left,7.0,2023-07-01Z,active,yes,NaN,Portugal,1nbm5i9a0403zzvltn17lxinc,Franculino Djú
1t0t60vyahd06wgoud12uzq39,Mike,Tullberg,Mike,Tullberg,Male,M. Tullberg,Denmark,5adf60vwiw2f2mibyq1k4ex7i,NaN,coach,1985-12-25,Farum,Denmark,5adf60vwiw2f2mibyq1k4ex7i,189.0,86.0,NaN,NaN,2025-09-02Z,active,yes,NaN,NaN,NaN,NaN
2lg9jislfw2xz3buquqlb4lqs,Alamara,Viriato Djabi,Alamara,Djabi,Male,Alamara Djabi,Guinea-Bissau,5ikz7810612v7a6l5u6gxa6vm,Midfielder,player,2006-09-28,NaN,Guinea-Bissau,5ikz7810612v7a6l5u6gxa6vm,172.0,62.0,right,NaN,2025-08-27Z,active,yes,NaN,Portugal,1nbm5i9a0403zzvltn17lxinc,Alamara Djabi
33cny48k38nlo8pcx3i24ldqt,Philip Anyanwu,Billing,Philip,Billing,Male,P. Billing,Denmark,5adf60vwiw2f2mibyq1k4ex7i,Midfielder,player,1996-06-11,Lagos,Denmark,5adf60vwiw2f2mibyq1k4ex7i,193.0,83.0,left,8.0,2025-08-26Z,active,yes,NaN,Nigeria,63pvdwrsiq5b07mzi8igqei9p,NaN
3ylz4gki78fg6jxbbzae0hgk4,Bilal,Konteh Krubally,Bilal,Konteh,Male,B. Konteh,Sweden,1z6l2c33w2kyz9rdefs1d68nb,Defender,player,2007-02-13,NaN,Sweden,1z6l2c33w2kyz9rdefs1d68nb,NaN,NaN,left,NaN,2024-09-21Z,active,yes,NaN,Spain,49ih1pwv3ahshdf8uzrimi54c,NaN
41ii5y9ebz5e3xhaif9kc8qmt,Jonas,Bybjerg Lössl,Jonas,Lössl,Male,J. Lössl,Denmark,5adf60vwiw2f2mibyq1k4ex7i,Goalkeeper,player,1989-02-01,Kolding,Denmark,5adf60vwiw2f2mibyq1k4ex7i,195.0,89.0,right,1.0,2022-07-01Z,active,yes,NaN,NaN,NaN,NaN
4zrsiizdbzwwkmit3ta0f0dbe,Doğuhan Aral,Şimşir,Aral,Simsir,Male,A. Şimşir,Türkiye,6kd6webenogylfgwt2aa9l6vx,Midfielder,player,2002-06-19,NaN,Denmark,5adf60vwiw2f2mibyq1k4ex7i,178.0,71.0,right,58.0,2023-01-01Z,active,yes,NaN,Denmark,5adf60vwiw2f2mibyq1k4ex7i,NaN
6le9zh31fgpmomzdrtxjti1re,José Francisco,dos Santos Júnior,José Francisco,dos Santos Júnior,Male,Júnior Brumado,Brazil,2vufyvpoxd9lfl9f6vpp7tz6y,Attacker,player,1999-05-15,Brumado,Brazil,2vufyvpoxd9lfl9f6vpp7tz6y,190.0,88.0,right,74.0,2025-07-01Z,active,yes,NaN,NaN,NaN,Júnior Brumado
7574bxep9nzun9uhbnhy01no4,Sofus,Østergaard Grandjean Johannesen,Sofus,Johannesen,Male,S. Johannesen,Denmark,5adf60vwiw2f2mibyq1k4ex7i,Midfielder,player,2007-05-04,NaN,Denmark,5adf60vwiw2f2mibyq1k4ex7i,NaN,NaN,NaN,NaN,2024-09-28Z,active,no,2025-09-01Z,NaN,NaN,NaN
78kzajya12k4sm0ebfl37d6ok,Denil Daniel,Castillo Preciado,Denil,Castillo,Male,D. Castillo,Ecuador,6pyj2bytt2osbjk69owzfehcg,Midfielder,player,2004-03-24,Eloy Alfaro,Ecuador,6pyj2bytt2osbjk69owzfehcg,187.0,70.0,right,21.0,2024-06-26Z,active,yes,NaN,NaN,NaN,NaN
7yim2aepctujr2m4p20a97755,Elías Rafn,Ólafsson,Elías,Ólafsson,Male,E. Ólafsson,Iceland,4jjsm5a20nnxgw5cus6b7yxc6,Goalkeeper,player,2000-03-11,Reykjavík,Iceland,4jjsm5a20nnxgw5cus6b7yxc6,201.0,93.0,right,16.0,2024-07-01Z,active,yes,NaN,NaN,NaN,NaN
8ilf7i6y4c9ezpgddh5h3ohlg,Friday,Ubi Etim,Friday,Etim,Male,F. Etim,Nigeria,63pvdwrsiq5b07mzi8igqei9p,Attacker,player,2002-05-21,Lagos,Nigeria,63pvdwrsiq5b07mzi8igqei9p,186.0,83.0,right,90.0,2025-06-20Z,active,yes,NaN,NaN,NaN,NaN
8j0z9a7uit79ntr8d1xcc8wyd,Thomas,Thomasberg,Thomas,Thomasberg,Male,T. Thomasberg,Denmark,5adf60vwiw2f2mibyq1k4ex7i,NaN,coach,1974-10-15,NaN,Denmark,5adf60vwiw2f2mibyq1k4ex7i,NaN,NaN,NaN,NaN,2023-03-31Z,active,no,2025-09-01Z,NaN,NaN,NaN
8mn8apr6n7t7s6lx4d4vvdnca,Victor,Bak Jensen,Victor,Bak Jensen,Male,V. Bak Jensen,Denmark,5adf60vwiw2f2mibyq1k4ex7i,Defender,player,2003-10-03,København,Denmark,5adf60vwiw2f2mibyq1k4ex7i,175.0,68.0,left,55.0,2024-01-03Z,active,yes,NaN,NaN,NaN,NaN
8uqsrzfe8mnhs8v3ii2v7b2tw,Gustav,Bjerge,Gustav,Bjerge,Male,G. Bjerge,Denmark,5adf60vwiw2f2mibyq1k4ex7i,Defender,player,2006-04-11,NaN,Denmark,5adf60vwiw2f2mibyq1k4ex7i,186.0,NaN,NaN,44.0,2025-01-14Z,active,no,2025-08-12Z,NaN,NaN,NaN
a87w6l9zsbahdi4knm1347zs9,Mads,Bech Sørensen,Mads,Bech,Male,M. Bech,Denmark,5adf60vwiw2f2mibyq1k4ex7i,Defender,player,1999-01-07,Horsens,Denmark,5adf60vwiw2f2mibyq1k4ex7i,189.0,92.0,left,22.0,2023-09-01Z,active,yes,NaN,NaN,NaN,NaN
ajhd3cqclubmexhscpd4w4ez9,Paulo Victor,da Silva,Paulo Victor,da Silva,Male,Paulinho,Brazil,2vufyvpoxd9lfl9f6vpp7tz6y,Defender,player,1995-01-03,São Paulo,Brazil,2vufyvpoxd9lfl9f6vpp7tz6y,178.0,71.0,left,29.0,2019-07-01Z,active,yes,NaN,NaN,NaN,Paulinho
bcscjb9jdgu4ims9n3vwuj5k9,Edward,Chilufya Jr.,Edward,Chilufya,Male,E. Chilufya,Zambia,2dlu3zrfid7nl6ppmb04hjgot,Attacker,player,1999-09-17,Kasama,Zambia,2dlu3zrfid7nl6ppmb04hjgot,171.0,65.0,right,14.0,2024-07-01Z,active,yes,NaN,NaN,NaN,NaN
bewwsztrqoqdp5ttkxry0i1yi,Ovie Prince,Ejeheri,Ovie,Ejeheri,Male,O. Ejeheri,England,1fk5l4hkqk12i7zske6mcqju6,Goalkeeper,player,2003-04-23,NaN,England,1fk5l4hkqk12i7zske6mcqju6,195.0,89.0,right,NaN,2025-09-01Z,active,yes,NaN,Nigeria,63pvdwrsiq5b07mzi8igqei9p,NaN
bidudbkachfl6126lhlr254wk,Adam,Gabriel,Adam,Gabriel,Male,A. Gabriel,Czechia,5md5tpwr2nmqao528prx43jr7,Defender,player,2001-05-28,Prague,Czechia,5md5tpwr2nmqao528prx43jr7,190.0,84.0,right,13.0,2023-08-23Z,active,yes,NaN,NaN,NaN,NaN
bwfg9frq2ecbzg7wlzqjtnv2s,Pedro Antonio,Bravo Landazuri,Pedro,Bravo,Male,P. Bravo,Colombia,6kby8rq1p01fg5ds38ckkrcs5,Midfielder,player,2004-11-26,Cali,Colombia,6kby8rq1p01fg5ds38ckkrcs5,190.0,79.0,right,19.0,2024-07-01Z,active,yes,NaN,NaN,NaN,NaN
c3sp1x0shf2b24rl5ike6v0iy,Han-Beom,Lee,Han-Beom,Lee,Male,Lee Han-Beom,Korea Republic,4vzpxtqkiwx0puygnmayr74di,Defender,player,2002-06-17,Daegu,Korea Republic,4vzpxtqkiwx0puygnmayr74di,190.0,84.0,right,3.0,2023-08-28Z,active,yes,NaN,NaN,NaN,Lee Han-Beom
cqvz8feuvvnmy6vvcsxokjhsl,Niels,Lodberg,Niels,Lodberg,Male,N. Lodberg,Denmark,5adf60vwiw2f2mibyq1k4ex7i,NaN,assistant coach,1980-10-14,NaN,Denmark,5adf60vwiw2f2mibyq1k4ex7i,189.0,82.0,NaN,NaN,2023-01-03Z,active,yes,NaN,NaN,NaN,NaN
ddl5g7raihnc9s4u3wetz8v10,Ousmane,Diao,Ousmane,Diao,Male,O. Diao,Senegal,6hhqyhr5cwq2pfprlazyposyk,Defender,player,2004-06-08,Dakar,Senegal,6hhqyhr5cwq2pfprlazyposyk,187.0,79.0,right,4.0,2024-07-01Z,active,yes,NaN,NaN,NaN,NaN
djlyi0ad4x1p0k4thn8n0axw4,Darío Esteban,Osorio Osorio,Darío,Osorio,Male,D. Osorio,Chile,32tb8d7824xg4i0ybxzssczu0,Midfielder,player,2004-01-24,Hijuelas,Chile,32tb8d7824xg4i0ybxzssczu0,182.0,72.0,left,11.0,2023-08-31Z,active,yes,NaN,NaN,NaN,NaN
drlp4xtkta08jiu0px6m4ocq2,Oliver,Sørensen Jensen,Oliver,Sørensen,Male,O. Sørensen,Denmark,5adf60vwiw2f2mibyq1k4ex7i,Midfielder,player,2002-03-10,Nørre Aaby,Denmark,5adf60vwiw2f2mibyq1k4ex7i,184.0,78.0,left,24.0,2022-06-27Z,active,no,2025-08-12Z,NaN,NaN,NaN
e27er7gp9dtd43b98h73jqzo4,Liam John,Selin,Liam,Selin,Male,L. Selin,Sweden,1z6l2c33w2kyz9rdefs1d68nb,Goalkeeper,player,2006-03-13,NaN,Sweden,1z6l2c33w2kyz9rdefs1d68nb,201.0,NaN,NaN,NaN,2024-07-22Z,active,yes,NaN,NaN,NaN,NaN
e5fnoxb8f2hycjx4gnmce2wvd,Martin,Erlić,Martin,Erlic,Male,M. Erlić,Croatia,37hlakrwxyuzovaeoo4sezusp,Defender,player,1998-01-24,Zadar,Croatia,37hlakrwxyuzovaeoo4sezusp,192.0,78.0,right,6.0,2025-08-04Z,active,yes,NaN,NaN,NaN,NaN
e64kcio0848bpw39eedbjyd5g,Mikel Johan,Gogorza Krüger-Johnsen,Mikel,Krüger-Johnsen,Male,M. Krüger-Johnsen,Denmark,5adf60vwiw2f2mibyq1k4ex7i,Attacker,player,2006-09-27,NaN,Denmark,5adf60vwiw2f2mibyq1k4ex7i,175.0,72.0,right,41.0,2023-08-23Z,active,yes,NaN,France,7gww28djs405rfga69smki84o,NaN
e6p5i2ujvk0t9mo0h2gvrlka1,Ola,Brynhildsen,Ola,Brynhildsen,Male,O. Brynhildsen,Norway,7f16iy4w8u8ogyn6pfooqwv5z,Attacker,player,1999-04-27,NaN,Norway,7f16iy4w8u8ogyn6pfooqwv5z,175.0,70.0,right,NaN,2026-01-01Z,active,no,NaN,NaN,NaN,NaN
e73sexp7kse0wlykdi7xcbg2c,Valdemar,Byskov Andreasen,Valdemar,Byskov,Male,V. Byskov,Denmark,5adf60vwiw2f2mibyq1k4ex7i,Midfielder,player,2005-01-25,NaN,Denmark,5adf60vwiw2f2mibyq1k4ex7i,170.0,65.0,both,20.0,2024-01-03Z,active,yes,NaN,NaN,NaN,NaN
elhmf9cc26ec5p1wnwonuxf4l,Adam,Buksa,Adam,Buksa,Male,A. Buksa,Poland,27baqb7359ywdvsxxklx1kn11,Attacker,player,1996-07-12,Kraków,Poland,27baqb7359ywdvsxxklx1kn11,191.0,78.0,left,18.0,2024-07-11Z,active,no,2025-08-26Z,NaN,NaN,NaN
fwu0bja02waqct7l682s5mfp,Melingo Kevin,Mbabu,Kevin,Mbabu,Male,K. Mbabu,Switzerland,3bh70jgvc5mn58x0byjkuda17,Defender,player,1995-04-19,Chêne-Bougeries,Switzerland,3bh70jgvc5mn58x0byjkuda17,184.0,83.0,right,43.0,2024-08-30Z,active,yes,NaN,Congo DR,6xq2smnxqvc5bh7vzza9ljiy9,NaN
ou0gnms7vf5ff66o508nowoa,Gue-Sung,Cho,Gue-Sung,Cho,Male,Cho Gue-Sung,Korea Republic,4vzpxtqkiwx0puygnmayr74di,Attacker,player,1998-01-25,Ansan,Korea Republic,4vzpxtqkiwx0puygnmayr74di,189.0,82.0,right,10.0,2023-07-11Z,active,yes,NaN,NaN,NaN,Cho Gue-Sung
179f3j88wnmze82aicikkez9,Erik,Marxen,Erik,Marxen,Male,E. Marxen,Denmark,5adf60vwiw2f2mibyq1k4ex7i,Defender,player,1990-12-02,Middelfart,Denmark,5adf60vwiw2f2mibyq1k4ex7i,185.0,80.0,left,15.0,2022-01-01Z,active,yes,NaN,NaN,NaN,NaN
1ayq3kfm2hc6xq9q9lzridnh0,Mamadou,Sanoussi Diallo,Diallo,Sanoussi,Male,M. Sanoussi,Côte d'Ivoire,tin6kf561ywonqan0mettr98,Midfielder,player,2006-05-29,NaN,Côte d'Ivoire,tin6kf561ywonqan0mettr98,175.0,65.0,right,27.0,2024-08-29Z,active,yes,NaN,NaN,NaN,NaN
1d4r2fhndmqb5gpj7sze62l90,Souleymane,Alio,Souleymane,Alio,Male,S. Alio,Burkina Faso,2ggql4uo9h0p3c67wkm68ibol,Attacker,player,2006-10-28,NaN,Burkina Faso,2ggql4uo9h0p3c67wkm68ibol,NaN,NaN,NaN,33.0,2025-07-01Z,active,yes,NaN,NaN,NaN,NaN
2r8s61bmydlumhg62wd0y6fis,Justin,Meltofte Janssen,Justin,Janssen,Male,J. Janssen,Denmark,5adf60vwiw2f2mibyq1k4ex7i,Midfielder,player,2006-07-25,NaN,Denmark,5adf60vwiw2f2mibyq1k4ex7i,NaN,NaN,NaN,18.0,2024-08-04Z,active,yes,NaN,NaN,NaN,NaN
2rvx2wlfj2rxzcgye6wiw0v84,Lucas,Høgsberg,Lucas,Høgsberg,Male,L. Høgsberg,Denmark,5adf60vwiw2f2mibyq1k4ex7i,Defender,player,2006-06-23,NaN,Denmark,5adf60vwiw2f2mibyq1k4ex7i,182.0,69.0,right,24.0,2023-03-04Z,active,no,2025-08-09Z,NaN,NaN,NaN
3qcjzsb466tfri5yrj35wztw4,Bi Youan Levy Zacharia,Néné,Levy,Néné,Male,L. Néné,Côte d'Ivoire,tin6kf561ywonqan0mettr98,Attacker,player,2006-03-17,Kayes,Mali,d0v29nncgikdswlxpdq553zz,NaN,NaN,NaN,17.0,2024-05-08Z,active,yes,NaN,Mali,d0v29nncgikdswlxpdq553zz,NaN
3zc9hy5uicgp21wr6z5wyuntg,Caleb Marfo,Yirenkyi,Caleb,Yirenkyi,Male,C. Yirenkyi,Ghana,2q2sw72utw5gu9t5y4knckwba,Midfielder,player,2006-01-15,NaN,Ghana,2q2sw72utw5gu9t5y4knckwba,NaN,NaN,NaN,36.0,2024-06-15Z,active,yes,NaN,NaN,NaN,NaN
48xw7kyik3l0wi1qzny2i8q95,Jens,Fønsskov Olsen,Jens,Olsen,Male,J. Olsen,Denmark,5adf60vwiw2f2mibyq1k4ex7i,NaN,coach,1975-05-19,NaN,Denmark,5adf60vwiw2f2mibyq1k4ex7i,NaN,NaN,NaN,NaN,2024-06-24Z,active,yes,NaN,NaN,NaN,NaN
49wkw0wkn4ta18b6657vjvglx,Andreas,Hansen,Andreas,Hansen,Male,A. Hansen,Denmark,5adf60vwiw2f2mibyq1k4ex7i,Goalkeeper,player,1995-08-11,Brøndbyøster,Denmark,5adf60vwiw2f2mibyq1k4ex7i,186.0,73.0,right,13.0,2022-07-01Z,active,yes,NaN,NaN,NaN,Andreas Hansen
54c43p8ykqxjtbmy2z5nakijt,Ola,Selvaag Solbakken,Ola,Solbakken,Male,O. Solbakken,Norway,7f16iy4w8u8ogyn6pfooqwv5z,Attacker,player,1998-09-07,Oslo,Norway,7f16iy4w8u8ogyn6pfooqwv5z,189.0,82.0,left,9.0,2025-08-04Z,active,yes,NaN,NaN,NaN,NaN
55gunqozsj8gs6oua7ee5xxhx,Kian H.,Hansen,Kian,Hansen,Male,K. Hansen,Denmark,5adf60vwiw2f2mibyq1k4ex7i,Defender,player,1989-03-03,NaN,Denmark,5adf60vwiw2f2mibyq1k4ex7i,184.0,73.0,right,4.0,2019-07-19Z,retired,no,2025-09-02Z,NaN,NaN,Kian Hansen
5r1v2w303bvj0vv1893qr5d5h,Mark,Brink Christensen,Mark,Brink,Male,M. Brink,Denmark,5adf60vwiw2f2mibyq1k4ex7i,Midfielder,player,1998-03-15,Esbjerg,Denmark,5adf60vwiw2f2mibyq1k4ex7i,174.0,73.0,right,6.0,2024-09-02Z,active,yes,NaN,NaN,NaN,NaN
5ucbttulfcdufwr751zj0zcic,Juho Väinö Valtteri,Lähteenmäki,Juho,Lähteenmäki,Male,J. Lähteenmäki,Finland,2u07e54v5dprsugdvddpq5ync,Defender,player,2006-06-15,NaN,Finland,2u07e54v5dprsugdvddpq5ync,NaN,NaN,NaN,25.0,2025-02-22Z,active,yes,NaN,NaN,NaN,NaN
6rd6a2f1k124dzp1p904yq3h0,Batuhan Zidan,Sertdemir,Zidan,Sertdemir,Male,Z. Sertdemir,Denmark,5adf60vwiw2f2mibyq1k4ex7i,Midfielder,player,2005-02-04,Ishøj,Denmark,5adf60vwiw2f2mibyq1k4ex7i,182.0,71.0,left,21.0,2023-01-31Z,active,no,2025-08-31Z,Türkiye,6kd6webenogylfgwt2aa9l6vx,NaN
766yz5r437tgwjkn0ey8j2wwk,Runar,Robinsønn Norheim,Runar,Norheim,Male,R. Norheim,Norway,7f16iy4w8u8ogyn6pfooqwv5z,Midfielder,player,2005-02-14,NaN,Norway,7f16iy4w8u8ogyn6pfooqwv5z,NaN,NaN,NaN,23.0,2025-08-27Z,active,yes,NaN,NaN,NaN,NaN
7a1vtc0e7ubua2t0dwx9ufk7o,Sindre,Walle Egeli,Sindre,Egeli,Male,S. Egeli,Norway,7f16iy4w8u8ogyn6pfooqwv5z,Attacker,player,2006-06-21,Larvik,Norway,7f16iy4w8u8ogyn6pfooqwv5z,180.0,NaN,left,7.0,2023-11-08Z,active,no,2025-08-29Z,NaN,NaN,NaN
7cpkykvmy8ujrahzdz7ksk2c5,Peter,Svarrer Ankersen,Peter,Ankersen,Male,P. Ankersen,Denmark,5adf60vwiw2f2mibyq1k4ex7i,Defender,player,1990-09-22,Esbjerg,Denmark,5adf60vwiw2f2mibyq1k4ex7i,179.0,73.0,right,2.0,2024-06-15Z,active,yes,NaN,NaN,NaN,NaN
8aawjsdwpfdzqhtj8jjyz8hlg,Malte,Såby Heyde,Malte,Heyde,Male,M. Heyde,Denmark,5adf60vwiw2f2mibyq1k4ex7i,Midfielder,player,2007-02-18,NaN,Denmark,5adf60vwiw2f2mibyq1k4ex7i,NaN,NaN,NaN,47.0,2025-06-22Z,active,yes,NaN,NaN,NaN,NaN
8dqghahifyr8tjcndw9pip3x0,Hjalte,Boe Kling Rasmussen,Hjalte,Boe Rasmussen,Male,H. Rasmussen,Denmark,5adf60vwiw2f2mibyq1k4ex7i,Attacker,player,2007-10-15,NaN,Denmark,5adf60vwiw2f2mibyq1k4ex7i,NaN,NaN,NaN,40.0,2025-03-29Z,active,yes,NaN,NaN,NaN,NaN
8fq9611ox5xduf5mhiq2rwums,Casper Friis,Røjkjær,Casper,Röjkjaer,Male,C. Røjkjær,Denmark,5adf60vwiw2f2mibyq1k4ex7i,NaN,assistant coach,1992-01-01,NaN,Denmark,5adf60vwiw2f2mibyq1k4ex7i,NaN,NaN,NaN,NaN,2024-04-10Z,active,yes,NaN,NaN,NaN,NaN
9h6c9ue598hllcri39erjitqs,William Johannes,Lykke,William,Lykke,Male,W. Lykke,Denmark,5adf60vwiw2f2mibyq1k4ex7i,Goalkeeper,player,2004-09-28,NaN,Denmark,5adf60vwiw2f2mibyq1k4ex7i,188.0,NaN,right,38.0,2024-07-11Z,active,yes,NaN,NaN,NaN,NaN
9qebp1745dtdjh5kg5n4wfq7e,Rocco Angelo,Ascone,Rocco,Ascone,Male,R. Ascone,France,7gww28djs405rfga69smki84o,Midfielder,player,2003-09-12,NaN,France,7gww28djs405rfga69smki84o,180.0,67.0,left,NaN,2026-01-01Z,active,no,NaN,Italy,25f2cmb2r8mk5rj92tzer6kvv,NaN
apspqh3shqfwobvh35x60q5g4,Noah,Hesselund Markmann,Noah,Markmann,Male,N. Markmann,Denmark,5adf60vwiw2f2mibyq1k4ex7i,Defender,player,2007-02-24,NaN,Denmark,5adf60vwiw2f2mibyq1k4ex7i,NaN,NaN,NaN,45.0,2023-11-08Z,active,yes,NaN,NaN,NaN,NaN
ayistjficdvpd0v10681qf578,Peter Villum,Berthelsen,Villum,Berthelsen,Male,V. Berthelsen,Denmark,5adf60vwiw2f2mibyq1k4ex7i,Midfielder,player,2006-04-14,NaN,Denmark,5adf60vwiw2f2mibyq1k4ex7i,NaN,NaN,right,29.0,2025-02-19Z,active,yes,NaN,NaN,NaN,NaN
b4ocx2ub0iwtzac72gd0voj6c,Markus,Walker Andersen,Markus,Walker,Male,M. Walker,Denmark,5adf60vwiw2f2mibyq1k4ex7i,Defender,player,2006-11-23,NaN,Denmark,5adf60vwiw2f2mibyq1k4ex7i,177.0,NaN,both,28.0,2025-02-22Z,active,yes,NaN,NaN,NaN,NaN
bgviotid6bht0k2452r5gehw4,Araphat,Mohammed,Araphat,Mohammed,Male,A. Mohammed,Ghana,2q2sw72utw5gu9t5y4knckwba,Midfielder,player,2005-11-06,NaN,Ghana,2q2sw72utw5gu9t5y4knckwba,NaN,NaN,left,20.0,2024-02-28Z,active,yes,NaN,NaN,NaN,NaN
c1s6vw84nupd8c0mbj8gov5lg,Stephen,Acquah,Stephen,Acquah,Male,S. Acquah,Ghana,2q2sw72utw5gu9t5y4knckwba,Defender,player,2006-05-01,NaN,Ghana,2q2sw72utw5gu9t5y4knckwba,186.0,NaN,right,34.0,2025-02-26Z,active,yes,NaN,NaN,NaN,NaN
c7gwbtdqptxjtu3tn3xctvit,Jakob,Busk Jensen,Jakob,Busk,Male,J. Busk,Denmark,5adf60vwiw2f2mibyq1k4ex7i,Goalkeeper,player,1993-09-12,København,Denmark,5adf60vwiw2f2mibyq1k4ex7i,189.0,88.0,right,16.0,2025-07-15Z,active,yes,NaN,NaN,NaN,NaN
chjcbjc5nv8uyiusfafts5zv9,Tobias Frank,Salquist Nielsen,Tobias,Salquist,Male,T. Salquist,Denmark,5adf60vwiw2f2mibyq1k4ex7i,Defender,player,1995-05-18,Ikast,Denmark,5adf60vwiw2f2mibyq1k4ex7i,190.0,85.0,both,3.0,2025-01-03Z,active,yes,NaN,NaN,NaN,NaN
cugmerpydsw8kqbo2rle9npm2,Alexander Lucas,Lind Rasmussen,Alexander,Lind,Male,A. Lind,Denmark,5adf60vwiw2f2mibyq1k4ex7i,Attacker,player,2002-06-26,Hørning,Denmark,5adf60vwiw2f2mibyq1k4ex7i,185.0,85.0,right,NaN,2025-09-01Z,active,yes,2026-06-30Z,NaN,NaN,NaN
drzdo6ouxi5n4jafhfajpor85,Nicklas Friis,Røjkjær,Nicklas,Røjkjær,Male,N. Røjkjær,Denmark,5adf60vwiw2f2mibyq1k4ex7i,Midfielder,player,1998-07-24,Silkeborg,Denmark,5adf60vwiw2f2mibyq1k4ex7i,179.0,68.0,right,8.0,2025-07-06Z,active,yes,NaN,NaN,NaN,NaN
e07zv7ag985v8lq9sebfi27l5,Milan,Iloski,Milan,Iloski,Male,M. Iloski,USA,7hr2f89v44y65dyu9k92vprwn,Attacker,player,1999-07-29,Escondido,USA,7hr2f89v44y65dyu9k92vprwn,180.0,79.0,right,23.0,2025-07-15Z,active,no,2025-08-05Z,North Macedonia,1lesyxylc5eza0a4z87t9azcc,NaN
e457dpvb3s2dna0yivjrmhudw,Issaka,Seidu,Issaka,Seidu,Male,I. Seidu,Ghana,2q2sw72utw5gu9t5y4knckwba,Defender,player,2006-06-05,NaN,Ghana,2q2sw72utw5gu9t5y4knckwba,NaN,NaN,NaN,30.0,2024-06-05Z,active,yes,NaN,NaN,NaN,NaN
edxxbicc6s6n0thb9reytbf2s,Daníel Ingi,Jóhannesson,Daníel,Jóhannesson,Male,D. Jóhannesson,Iceland,4jjsm5a20nnxgw5cus6b7yxc6,Attacker,player,2007-04-03,NaN,Iceland,4jjsm5a20nnxgw5cus6b7yxc6,NaN,NaN,NaN,39.0,2025-08-14Z,active,yes,NaN,NaN,NaN,NaN
tjwcwnzx8w0rv41nr6ebhxck,Prince,Amoako Junior,Prince,Amoako,Male,P. Amoako,Ghana,2q2sw72utw5gu9t5y4knckwba,Attacker,player,2007-02-19,NaN,Ghana,2q2sw72utw5gu9t5y4knckwba,NaN,NaN,NaN,22.0,2025-02-25Z,active,yes,NaN,NaN,NaN,NaN
15jhbyn4wsbd865fd9djcwaok,William Christian,Martin,William,Martin,Male,W. Martin,Denmark,5adf60vwiw2f2mibyq1k4ex7i,Midfielder,player,2007-04-23,NaN,Republic of Ireland,63nepb66un7juhglo2g6rezcl,NaN,NaN,NaN,23.0,2024-05-18Z,active,yes,NaN,Republic of Ireland,63nepb66un7juhglo2g6rezcl,NaN
19wdr5lrjw3aqm0ap9nklwefo,Yahya,Bojang,Yahya,Bojang,Male,Y. Bojang,Gambia,4ix3ulx7h2a09r16jo9qdbuvp,Defender,player,2004-09-10,NaN,Gambia,4ix3ulx7h2a09r16jo9qdbuvp,185.0,NaN,right,24.0,2023-08-01Z,active,yes,NaN,NaN,NaN,NaN
1b32j0lqi7ggcabdra4tygxzo,Markus Gustav,Jensen,Markus,Jensen,Male,M. Jensen,Denmark,5adf60vwiw2f2mibyq1k4ex7i,Midfielder,player,2005-07-15,NaN,Denmark,5adf60vwiw2f2mibyq1k4ex7i,NaN,NaN,both,11.0,2023-05-20Z,active,no,2025-08-20Z,NaN,NaN,NaN
1vfh2k9yurk6t5s1vmgmlmfpw,Marcus,Eskildsen,Marcus,Eskildsen,Male,M. Eskildsen,Denmark,5adf60vwiw2f2mibyq1k4ex7i,Goalkeeper,player,2007-12-03,NaN,Denmark,5adf60vwiw2f2mibyq1k4ex7i,NaN,NaN,NaN,27.0,2025-03-25Z,active,yes,NaN,NaN,NaN,NaN
2g019dl7zougqjo7usig0rf11,Martin,Hansen,Martin,Hansen,Male,M. Hansen,Denmark,5adf60vwiw2f2mibyq1k4ex7i,Goalkeeper,player,1990-06-15,Brøndby,Denmark,5adf60vwiw2f2mibyq1k4ex7i,188.0,85.0,both,1.0,2022-08-06Z,active,yes,NaN,NaN,NaN,NaN
2mhcqwpftx46hwl2r7smhog6h,Jann-Fiete,Arp,Fiete,Arp,Male,F. Arp,Germany,36min0qztu8eydwvpv8t1is0m,Attacker,player,2000-01-06,Bad Segeberg,Germany,36min0qztu8eydwvpv8t1is0m,186.0,83.0,right,7.0,2025-07-01Z,active,yes,NaN,NaN,NaN,NaN
2uw6m0yavlvkkiob73hoywb56,Gustav,Grubbe Madsen,Gustav,Grubbe,Male,G. Grubbe,Denmark,5adf60vwiw2f2mibyq1k4ex7i,Midfielder,player,2003-01-27,Odense,Denmark,5adf60vwiw2f2mibyq1k4ex7i,181.0,74.0,right,14.0,2022-07-01Z,active,yes,NaN,NaN,NaN,NaN
2z8u8kyv91shp0la8alkn6kus,Max Isaac,Ejdum,Max,Ejdum,Male,M. Ejdum,Denmark,5adf60vwiw2f2mibyq1k4ex7i,Midfielder,player,2004-10-15,NaN,Denmark,5adf60vwiw2f2mibyq1k4ex7i,NaN,NaN,left,18.0,2022-07-01Z,active,yes,NaN,NaN,NaN,NaN
3ukx6q0q54uzz78gl7k10o2dw,Magnus,Hvitfeldt Andersen,Magnus,Andersen,Male,M. Andersen,Denmark,5adf60vwiw2f2mibyq1k4ex7i,Attacker,player,2006-04-03,NaN,Denmark,5adf60vwiw2f2mibyq1k4ex7i,NaN,NaN,NaN,28.0,2023-07-01Z,active,yes,NaN,NaN,NaN,NaN
49m6v23y89mzt0tfccsamswoa,Noah,Ganaus,Noah,Ganaus,Male,N. Ganaus,Germany,36min0qztu8eydwvpv8t1is0m,Attacker,player,2001-01-19,Nürtingen,Germany,36min0qztu8eydwvpv8t1is0m,195.0,80.0,right,17.0,2025-07-01Z,active,yes,NaN,NaN,NaN,NaN
4clmd8g8jogdfvauhijd7n55h,Viljar,Røsholt Myhra,Viljar,Myhra,Male,V. Myhra,Norway,7f16iy4w8u8ogyn6pfooqwv5z,Goalkeeper,player,1996-07-21,Skien,Norway,7f16iy4w8u8ogyn6pfooqwv5z,194.0,94.0,right,16.0,2024-01-31Z,active,yes,NaN,NaN,NaN,NaN
4n002w0ii1wqwx8t5xc1bzf2s,Julius,Berthel Askou Harvey,Julius,Berthel Askou,Male,J. Berthel Askou,Denmark,5adf60vwiw2f2mibyq1k4ex7i,Defender,player,2006-05-27,NaN,Denmark,5adf60vwiw2f2mibyq1k4ex7i,NaN,NaN,NaN,13.0,2024-06-15Z,active,yes,NaN,NaN,NaN,NaN
5vwzliaibdlhfm38g8v5z0r8p,Jay-Roy Jornell,Grot,Jay-Roy,Grot,Male,J. Grot,Netherlands,6hzi5pltnz67q4la8yli9qfv6,Attacker,player,1998-03-13,Arnhem,Netherlands,6hzi5pltnz67q4la8yli9qfv6,193.0,74.0,right,31.0,2025-03-04Z,active,yes,NaN,Suriname,31vay1njxmbs7vtbfp1wo2dx1,NaN
5wmik73cqursg7sv3w14ue5pm,Louicius Don,Deedson,Louicius,Deedson,Male,L. Deedson,Haiti,5mp58o38d0mr5qt8g4o6l7efg,Attacker,player,2001-02-11,NaN,Haiti,5mp58o38d0mr5qt8g4o6l7efg,178.0,71.0,left,10.0,2023-06-23Z,active,no,2025-07-24Z,USA,7hr2f89v44y65dyu9k92vprwn,NaN
6eg3kxxg5aneckolraz03xzpw,Nikolaj,Juul-Sandberg,Nikolaj,Juul-Sandberg,Male,N. Juul-Sandberg,Denmark,5adf60vwiw2f2mibyq1k4ex7i,Midfielder,player,2006-04-21,NaN,Denmark,5adf60vwiw2f2mibyq1k4ex7i,NaN,NaN,NaN,21.0,2024-06-20Z,active,no,2025-09-01Z,NaN,NaN,NaN
6s3lkxgo7i5lktx7ultybs3ys,Jona,Niemiec,Jona,Niemiec,Male,J. Niemiec,Germany,36min0qztu8eydwvpv8t1is0m,Attacker,player,2001-09-19,Lüdenscheid,Germany,36min0qztu8eydwvpv8t1is0m,188.0,85.0,both,NaN,2025-09-01Z,active,yes,NaN,Poland,27baqb7359ywdvsxxklx1kn11,NaN
6tym2hab6olisnu40l5rkfx90,Adam,Amrani,Adam,Amrani,Male,A. Amrani,Denmark,5adf60vwiw2f2mibyq1k4ex7i,Defender,player,2008-10-09,NaN,Denmark,5adf60vwiw2f2mibyq1k4ex7i,NaN,NaN,NaN,NaN,2025-07-01Z,active,yes,NaN,NaN,NaN,NaN
8f1mw21tbkct0slelpdznf7dg,Marcus,McCoy,Marcus,McCoy,Male,M. McCoy,Denmark,5adf60vwiw2f2mibyq1k4ex7i,Defender,player,2005-08-24,NaN,Denmark,5adf60vwiw2f2mibyq1k4ex7i,NaN,NaN,left,15.0,2022-10-30Z,active,yes,NaN,NaN,NaN,NaN
a5k78t7t27ihjzexg00n14yj9,Alexander,Zorniger,Alexander,Zorniger,Male,A. Zorniger,Germany,36min0qztu8eydwvpv8t1is0m,NaN,coach,1967-10-08,Mutlangen,Germany,36min0qztu8eydwvpv8t1is0m,182.0,85.0,NaN,NaN,2025-06-01Z,active,yes,NaN,NaN,NaN,NaN
ap5tk7hqni7e79nshgc6axk44,Noah,Hovgaard Lassen,Noah,Lassen,Male,N. Lassen,Denmark,5adf60vwiw2f2mibyq1k4ex7i,Midfielder,player,2007-01-13,NaN,Denmark,5adf60vwiw2f2mibyq1k4ex7i,NaN,NaN,NaN,NaN,2023-06-02Z,active,yes,NaN,NaN,NaN,NaN
auk14ut8cwaqop549u2zmfgt1,Nicolas Sandro,Bürgy,Nicolas,Bürgy,Male,N. Bürgy,Switzerland,3bh70jgvc5mn58x0byjkuda17,Defender,player,1995-08-07,Bern,Switzerland,3bh70jgvc5mn58x0byjkuda17,185.0,79.0,right,5.0,2025-02-03Z,active,yes,NaN,NaN,NaN,NaN
b9etqcvi0eueu0bh49roth638,Wandepanga Ismahila,Ouédraogo,Ismahila,Ouédraogo,Male,I. Ouédraogo,Burkina Faso,2ggql4uo9h0p3c67wkm68ibol,Midfielder,player,1999-11-05,Ouagadougou,Burkina Faso,2ggql4uo9h0p3c67wkm68ibol,170.0,61.0,right,22.0,2025-08-26Z,active,yes,NaN,NaN,NaN,NaN
bl9em2c9quspd4afzwqn81xxw,Theo,Nicolini Sander,Theo,Sander,Male,T. Sander,Denmark,5adf60vwiw2f2mibyq1k4ex7i,Goalkeeper,player,2005-01-08,NaN,Denmark,5adf60vwiw2f2mibyq1k4ex7i,192.0,82.0,both,30.0,2025-07-17Z,active,yes,2026-06-30Z,France,7gww28djs405rfga69smki84o,NaN
bxamae8lo647u6k3kruigir8q,Adam,Sørensen,Adam,Sørensen,Male,A. Sørensen,Denmark,5adf60vwiw2f2mibyq1k4ex7i,Defender,player,2000-11-11,NaN,Denmark,5adf60vwiw2f2mibyq1k4ex7i,165.0,60.0,left,3.0,2025-01-03Z,active,yes,NaN,NaN,NaN,NaN
dqtarwrqvkopmzbt2ovp2dln9,Bjørn,Iversen Paulsen,Bjørn,Paulsen,Male,B. Paulsen,Denmark,5adf60vwiw2f2mibyq1k4ex7i,Defender,player,1991-07-02,Augustenborg,Denmark,5adf60vwiw2f2mibyq1k4ex7i,191.0,85.0,right,4.0,2022-07-12Z,active,yes,NaN,NaN,NaN,NaN
e42jh6bbwn4aybdnysonrvutx,Leeroy,Owusu,Leeroy,Owusu,Male,L. Owusu,Netherlands,6hzi5pltnz67q4la8yli9qfv6,Defender,player,1996-08-13,Purmerend,Netherlands,6hzi5pltnz67q4la8yli9qfv6,174.0,68.0,right,20.0,2023-06-17Z,active,yes,NaN,Ghana,2q2sw72utw5gu9t5y4knckwba,NaN
e9o7q10wnhex4e8eo47mobbvt,Jakob,Bonde Havlykke Jensen,Jakob,Bonde,Male,J. Bonde,Denmark,5adf60vwiw2f2mibyq1k4ex7i,Midfielder,player,1993-12-29,Nykøbing Falster,Denmark,5adf60vwiw2f2mibyq1k4ex7i,186.0,75.0,left,6.0,2024-07-15Z,active,yes,NaN,NaN,NaN,NaN
ev2s21ogvpjtata4fndi868ve,James,Gomez,James,Gomez,Male,J. Gomez,Gambia,4ix3ulx7h2a09r16jo9qdbuvp,Defender,player,2001-11-14,Bakary Sambouya,Gambia,4ix3ulx7h2a09r16jo9qdbuvp,189.0,80.0,right,29.0,2024-02-01Z,active,yes,NaN,NaN,NaN,NaN
ewh6t7yo6clfewu89uznll9uc,Elias,Hansborg-Sørensen,Elias,Hansborg-Sørensen,Male,E. Hansborg-Sørensen,Denmark,5adf60vwiw2f2mibyq1k4ex7i,Attacker,player,2005-07-02,NaN,Denmark,5adf60vwiw2f2mibyq1k4ex7i,NaN,NaN,NaN,26.0,2024-06-19Z,active,yes,NaN,NaN,NaN,NaN
f31mk6o4xs3783bginjsbuvis,Mads,Riis Abrahamsen,Mads,Abrahamsen,Male,M. Abrahamsen,Denmark,5adf60vwiw2f2mibyq1k4ex7i,Attacker,player,2007-01-13,NaN,Denmark,5adf60vwiw2f2mibyq1k4ex7i,NaN,NaN,NaN,40.0,2025-05-01Z,active,yes,NaN,NaN,NaN,NaN
rq6npjy37kolscu8lrj4r2dx,Rasmus,Falk Jensen,Rasmus,Falk,Male,R. Falk,Denmark,5adf60vwiw2f2mibyq1k4ex7i,Midfielder,player,1992-01-15,Middelfart,Denmark,5adf60vwiw2f2mibyq1k4ex7i,177.0,69.0,right,8.0,2025-07-02Z,active,yes,NaN,NaN,NaN,NaN
wha77a8wm7jyn32743y0w79x,Tom,Trybull,Tom,Trybull,Male,T. Trybull,Germany,36min0qztu8eydwvpv8t1is0m,Midfielder,player,1993-03-09,Berlin,Germany,36min0qztu8eydwvpv8t1is0m,181.0,72.0,right,19.0,2023-10-01Z,active,yes,NaN,NaN,NaN,NaN
1329qhvvxpp6j4q5esh4n3hii,Mohamed,Touré,Mohamed,Touré,Male,Mohamed Touré,Australia,u5ieemi69z72c3bgczyy68lo,Attacker,player,2004-03-26,Conakry,Guinea,4i9sg55wigitrfx7290f59ceo,186.0,78.0,right,7.0,2024-07-17Z,active,yes,NaN,Liberia,78fh41lat89a3xaqjqcdzb4ul,Mohamed Touré
15fo180vixn0lb65fujttit3p,Jannich Victor,Bøgelund Storch,Jannich,Storch,Male,J. Storch,Denmark,5adf60vwiw2f2mibyq1k4ex7i,Goalkeeper,player,1993-05-12,NaN,Denmark,5adf60vwiw2f2mibyq1k4ex7i,189.0,78.0,right,32.0,2025-07-01Z,active,yes,NaN,NaN,NaN,NaN
1kbassjcm38mdv856cu0c7ims,Mads,Nielsen,Mads,Nielsen,Male,M. Nielsen,Denmark,5adf60vwiw2f2mibyq1k4ex7i,Midfielder,player,NaN,NaN,Denmark,5adf60vwiw2f2mibyq1k4ex7i,NaN,NaN,NaN,53.0,2025-08-16Z,active,yes,NaN,NaN,NaN,NaN
1u46uhxe7outj2f8tsga2nx0p,Ernest,Agyiri,Ernest,Agyiri,Male,E. Agyiri,Ghana,2q2sw72utw5gu9t5y4knckwba,Midfielder,player,1998-03-06,Accra,Ghana,2q2sw72utw5gu9t5y4knckwba,176.0,69.0,left,NaN,2026-01-01Z,active,no,NaN,NaN,NaN,NaN
2mawaijd9czgtd5jh9myk434l,André,Ibsen Rømer,André,Rømer,Male,A. Rømer,Denmark,5adf60vwiw2f2mibyq1k4ex7i,Midfielder,player,1993-07-18,NaN,Denmark,5adf60vwiw2f2mibyq1k4ex7i,186.0,78.0,right,28.0,2024-08-22Z,active,yes,NaN,NaN,NaN,NaN
3aoh34sqan7y34c2qa1d6xkyy,Noah Leon,Shamoun,Noah Leon,Shamoun,Male,Noah Shamoun,Syria,3tsnzfkszhsktmhsmwar1tvp8,Midfielder,player,2002-12-08,NaN,Sweden,1z6l2c33w2kyz9rdefs1d68nb,NaN,NaN,right,NaN,2026-01-01Z,active,no,NaN,Sweden,1z6l2c33w2kyz9rdefs1d68nb,Noah Shamoun
3cdo7b8vwb5kzeoaxzqm6esk4,Sabil Osman,Hansen,Sabil,Hansen,Male,S. Hansen,Denmark,5adf60vwiw2f2mibyq1k4ex7i,Midfielder,player,2005-11-14,NaN,Denmark,5adf60vwiw2f2mibyq1k4ex7i,185.0,65.0,right,24.0,2023-03-12Z,active,yes,NaN,NaN,NaN,NaN
3yowgzg41chf9862q909jyuj8,Oliver,Henriksen,Oliver,Henriksen,Male,O. Henriksen,Denmark,5adf60vwiw2f2mibyq1k4ex7i,Goalkeeper,player,2007-11-11,NaN,Denmark,5adf60vwiw2f2mibyq1k4ex7i,NaN,NaN,NaN,51.0,2025-07-19Z,active,yes,NaN,NaN,NaN,NaN
4vfbiav52mg5s9vnx53f0nhuc,Mike,Kofod Themsen,Mike,Themsen,Male,M. Themsen,Denmark,5adf60vwiw2f2mibyq1k4ex7i,Midfielder,player,2006-03-01,NaN,Denmark,5adf60vwiw2f2mibyq1k4ex7i,NaN,NaN,right,30.0,2024-02-22Z,active,yes,NaN,NaN,NaN,NaN
54ipja7wrxji6kn8yw5uhr6ga,Florian Thomas,Danho Séké,Florian,Danho,Male,F. Danho,France,7gww28djs405rfga69smki84o,Attacker,player,2000-06-21,Toulouse,France,7gww28djs405rfga69smki84o,188.0,92.0,right,26.0,2024-07-01Z,active,yes,NaN,Côte d'Ivoire,tin6kf561ywonqan0mettr98,NaN
5is9bcj143orulo4biogwxzl6,Lucas Jozef,Lissens,Lucas,Lissens,Male,L. Lissens,Belgium,4wbzjcclyefma1ourvjsu4q2j,Defender,player,2001-07-25,Gent,Belgium,4wbzjcclyefma1ourvjsu4q2j,184.0,75.0,right,2.0,2025-06-20Z,active,yes,NaN,NaN,NaN,NaN
606hufq6dapf3qxcgilbc8tt5,Simen,Bolkan Nordli,Simen,Nordli,Male,S. Nordli,Norway,7f16iy4w8u8ogyn6pfooqwv5z,Midfielder,player,1999-12-25,Elverum,Norway,7f16iy4w8u8ogyn6pfooqwv5z,181.0,74.0,right,9.0,2023-01-01Z,active,no,2025-07-21Z,NaN,NaN,NaN
60z63hezwwosjnhvamcwxtre1,Nikolas,Langberg Dyhr,Nikolas,Dyhr,Male,N. Dyhr,Denmark,5adf60vwiw2f2mibyq1k4ex7i,Defender,player,2001-06-18,Horsens,Denmark,5adf60vwiw2f2mibyq1k4ex7i,177.0,60.0,left,44.0,2024-06-18Z,active,yes,NaN,NaN,NaN,NaN
61n7eb9uosh81qudss50lim8k,Max,Albæk Andersen,Max,Albæk,Male,M. Albæk,Denmark,5adf60vwiw2f2mibyq1k4ex7i,Midfielder,player,2006-02-19,NaN,Denmark,5adf60vwiw2f2mibyq1k4ex7i,NaN,NaN,NaN,52.0,2023-08-07Z,active,yes,NaN,NaN,NaN,NaN
6m5ftd7c68b2d4d2931xs5srt,Oliver,Olsen,Oliver,Olsen,Male,O. Olsen,Denmark,5adf60vwiw2f2mibyq1k4ex7i,Defender,player,2000-08-13,Ribe,Denmark,5adf60vwiw2f2mibyq1k4ex7i,190.0,77.0,right,27.0,2023-07-31Z,active,yes,NaN,NaN,NaN,NaN
6np04cprm5wsvs4prp8ehirro,Musa,Touré,Musa,Touré,Male,Musa Touré,Australia,u5ieemi69z72c3bgczyy68lo,Attacker,player,2005-11-12,Darwin,Australia,u5ieemi69z72c3bgczyy68lo,183.0,76.0,right,19.0,2025-02-03Z,active,yes,NaN,Liberia,78fh41lat89a3xaqjqcdzb4ul,Musa Touré
6uj3c69lgu6boblkjiuhoy6eh,John Gunnar,Björkengren,John,Björkengren,Male,J. Björkengren,Sweden,1z6l2c33w2kyz9rdefs1d68nb,Midfielder,player,1998-12-09,NaN,Sweden,1z6l2c33w2kyz9rdefs1d68nb,180.0,78.0,left,6.0,2023-08-07Z,active,yes,NaN,NaN,NaN,NaN
8cox96ikk1k4c24f0y5ef45x,Wessel,Dammers,Wessel,Dammers,Male,W. Dammers,Netherlands,6hzi5pltnz67q4la8yli9qfv6,Defender,player,1995-03-01,Ouderkerk aan den IJssel,Netherlands,6hzi5pltnz67q4la8yli9qfv6,185.0,68.0,right,4.0,2023-06-25Z,active,yes,NaN,NaN,NaN,NaN
8domjmewnw5h6b19vef8w0afp,Mathias Peter,Greve Petersen,Mathias,Greve,Male,M. Greve,Denmark,5adf60vwiw2f2mibyq1k4ex7i,Midfielder,player,1995-02-11,Langeskov,Denmark,5adf60vwiw2f2mibyq1k4ex7i,186.0,75.0,right,17.0,2024-08-31Z,active,yes,NaN,NaN,NaN,NaN
8tas643n308anzi1wyod0u4gk,Mert,Demirci Nijmeijer,Mert,Demirci,Male,M. Demirci,Netherlands,6hzi5pltnz67q4la8yli9qfv6,Goalkeeper,player,2003-10-23,Madrid,Spain,49ih1pwv3ahshdf8uzrimi54c,NaN,NaN,NaN,NaN,2025-07-29Z,active,yes,NaN,Spain,49ih1pwv3ahshdf8uzrimi54c,NaN
9ktd7jnil5sh965h7j0fuod4a,Rasmus,Bertelsen,Rasmus,Bertelsen,Male,R. Bertelsen,Denmark,5adf60vwiw2f2mibyq1k4ex7i,NaN,coach,1983-12-21,NaN,Denmark,5adf60vwiw2f2mibyq1k4ex7i,NaN,NaN,NaN,NaN,2023-07-01Z,active,yes,NaN,NaN,NaN,NaN
9lvg4cbna97kjusfi14gakp3o,Hector Lux,Høyrup,Hector Lux,Høyrup,Male,H. Høyrup,Denmark,5adf60vwiw2f2mibyq1k4ex7i,Midfielder,player,2009-05-10,NaN,Denmark,5adf60vwiw2f2mibyq1k4ex7i,NaN,NaN,right,50.0,2025-08-16Z,active,yes,NaN,NaN,NaN,NaN
9yuyz4ci6wqikd6ckjstbt2i1,Stephen Pius,Odey,Stephen,Odey,Male,S. Odey,Nigeria,63pvdwrsiq5b07mzi8igqei9p,Attacker,player,1998-01-15,Lagos,Nigeria,63pvdwrsiq5b07mzi8igqei9p,181.0,72.0,right,90.0,2022-07-01Z,active,yes,NaN,NaN,NaN,NaN
aeoqbtq15nt9ks5cx50vallhw,Oliver James,Jones,Oliver,Jones,Male,O. Jones,Australia,u5ieemi69z72c3bgczyy68lo,Defender,player,2003-02-06,NaN,Australia,u5ieemi69z72c3bgczyy68lo,NaN,NaN,NaN,5.0,2025-01-30Z,active,yes,NaN,NaN,NaN,NaN
ag40mk09zc8tzbkr7dnnqumay,Norman Odale,Campbell,Norman,Campbell,Male,N. Campbell,Jamaica,gimxu1vjwoa2xrecyd9gtyoc,Midfielder,player,1999-11-24,NaN,Jamaica,gimxu1vjwoa2xrecyd9gtyoc,178.0,60.0,NaN,10.0,2024-07-11Z,active,yes,NaN,NaN,NaN,NaN
brsecgiiou4wcogoimzawyhp0,Laurits,Raun Pedersen,Laurits,Pedersen,Male,L. Pedersen,Denmark,5adf60vwiw2f2mibyq1k4ex7i,Midfielder,player,2006-01-25,NaN,Denmark,5adf60vwiw2f2mibyq1k4ex7i,181.0,68.0,right,16.0,2023-04-16Z,active,yes,NaN,NaN,NaN,NaN
bz76p441ynj57eytvsz9kmtck,Abdul Hakim,Sulemana,Abdul,Sulemana,Male,A. Sulemana,Ghana,2q2sw72utw5gu9t5y4knckwba,Attacker,player,2005-02-19,NaN,Ghana,2q2sw72utw5gu9t5y4knckwba,164.0,NaN,NaN,20.0,2024-07-28Z,active,no,2025-09-01Z,NaN,NaN,NaN
cqkb01axdvba7cmq660s6kmhh,Janus Mats,Drachmann,Janus,Drachmann,Male,J. Drachmann,Denmark,5adf60vwiw2f2mibyq1k4ex7i,NaN,assistant coach,1988-05-11,NaN,Denmark,5adf60vwiw2f2mibyq1k4ex7i,179.0,70.0,right,NaN,2024-07-01Z,active,yes,NaN,NaN,NaN,NaN
d1j2a0az2datf1l2efdzne7vu,Elies,Mahmoud,Elies,Mahmoud,Male,E. Mahmoud,France,7gww28djs405rfga69smki84o,Midfielder,player,2001-02-10,Dreux,France,7gww28djs405rfga69smki84o,171.0,72.0,left,11.0,2025-02-04Z,active,yes,NaN,Algeria,1ayprcriqhb8iv10ch70clppu,NaN
dmxzug2enscx331w5vmdzn2s5,Paul David,Izzo,Paul,Izzo,Male,P. Izzo,Australia,u5ieemi69z72c3bgczyy68lo,Goalkeeper,player,1995-01-06,Adelaide,Australia,u5ieemi69z72c3bgczyy68lo,185.0,81.0,NaN,1.0,2024-07-09Z,active,yes,NaN,Italy,25f2cmb2r8mk5rj92tzer6kvv,NaN
e5tz5hfcjfbyupnsvu031j9xw,Ousseynou Fall,Seck,Ousseynou,Seck,Male,O. Seck,Senegal,6hhqyhr5cwq2pfprlazyposyk,Midfielder,player,2007-06-22,NaN,Senegal,6hhqyhr5cwq2pfprlazyposyk,NaN,NaN,NaN,NaN,2025-08-30Z,active,yes,NaN,NaN,NaN,NaN
effgiwtme6eu08o1ninlnqqqd,Daniel Mathias,Høegh,Daniel,Høegh,Male,D. Høegh,Denmark,5adf60vwiw2f2mibyq1k4ex7i,Defender,player,1991-01-06,Odense,Denmark,5adf60vwiw2f2mibyq1k4ex7i,190.0,79.0,right,3.0,2022-07-19Z,active,yes,NaN,NaN,NaN,NaN
o7nooyu95nab78ys541e3uuh,Frederik,Lauenborg,Frederik,Lauenborg,Male,F. Lauenborg,Denmark,5adf60vwiw2f2mibyq1k4ex7i,Midfielder,player,1997-05-18,Aarhus,Denmark,5adf60vwiw2f2mibyq1k4ex7i,181.0,74.0,right,14.0,2015-07-01Z,active,yes,NaN,NaN,NaN,NaN
1fftxw79d5tjl0rzdffhtcr11,Kent,Nielsen,Kent,Nielsen,Male,K. Nielsen,Denmark,5adf60vwiw2f2mibyq1k4ex7i,NaN,coach,1961-12-28,NaN,Denmark,5adf60vwiw2f2mibyq1k4ex7i,NaN,NaN,NaN,NaN,2019-06-01Z,active,yes,NaN,NaN,NaN,NaN
1se7wkenvs4elrapvdw9mdnje,Leonel,Caicedo Montano Dahl,Leonel,Montano,Male,L. Montano,Denmark,5adf60vwiw2f2mibyq1k4ex7i,Defender,player,1999-10-02,NaN,Denmark,5adf60vwiw2f2mibyq1k4ex7i,190.0,NaN,left,18.0,2025-07-01Z,active,yes,NaN,Colombia,6kby8rq1p01fg5ds38ckkrcs5,NaN
2513579m13glsous1p82fbjzd,Andreas,Poulsen,Andreas,Poulsen,Male,A. Poulsen,Denmark,5adf60vwiw2f2mibyq1k4ex7i,Defender,player,1999-10-13,Ikast,Denmark,5adf60vwiw2f2mibyq1k4ex7i,188.0,80.0,left,2.0,2024-06-15Z,active,yes,NaN,NaN,NaN,NaN
349g9rdismqpb1aarjp011bd,Callum William,McCowatt,Callum,McCowatt,Male,C. McCowatt,New Zealand,wcq2y28a27syx5do1k2i2nj8,Midfielder,player,1999-04-30,Auckland,New Zealand,wcq2y28a27syx5do1k2i2nj8,179.0,73.0,right,17.0,2023-07-04Z,active,yes,NaN,NaN,NaN,NaN
3oboh8rx02i8js6z611a0bbbo,Simon,Fynbo Stüker,Simon,Stüker,Male,S. Stüker,Denmark,5adf60vwiw2f2mibyq1k4ex7i,Defender,player,2007-04-23,NaN,Denmark,5adf60vwiw2f2mibyq1k4ex7i,NaN,NaN,NaN,28.0,2025-07-01Z,active,yes,NaN,NaN,NaN,NaN
4onq7hv7a4610tbzf4g225y50,Peder,Knudsen,Peder,Knudsen,Male,P. Knudsen,Denmark,5adf60vwiw2f2mibyq1k4ex7i,NaN,assistant coach,1970-07-16,NaN,Denmark,5adf60vwiw2f2mibyq1k4ex7i,NaN,NaN,NaN,NaN,2015-07-01Z,active,yes,NaN,NaN,NaN,NaN
4qo7eu3xwhkpssbuyk4n70fe1,Pedro Luís,Machado Ganchas,Pedro Luís,Machado Ganchas,Male,Pedro Ganchas,Portugal,1nbm5i9a0403zzvltn17lxinc,Defender,player,2000-05-31,Lisboa,Portugal,1nbm5i9a0403zzvltn17lxinc,190.0,84.0,left,4.0,2024-07-02Z,active,yes,NaN,NaN,NaN,Pedro Ganchas
60eysrm1c21w81dl2j8jae4us,Bastian,Lykkegaard Holm,Bastian,Holm,Male,B. Holm,Denmark,5adf60vwiw2f2mibyq1k4ex7i,Goalkeeper,player,2005-02-13,NaN,Denmark,5adf60vwiw2f2mibyq1k4ex7i,NaN,NaN,NaN,16.0,2025-06-16Z,active,yes,NaN,NaN,NaN,NaN
6f6x6f9iybgp9pmkqati2otn8,Alexander,Illum Simmelhack,Alexander,Simmelhack,Male,A. Simmelhack,Denmark,5adf60vwiw2f2mibyq1k4ex7i,Attacker,player,2005-11-11,Roskilde,Denmark,5adf60vwiw2f2mibyq1k4ex7i,187.0,80.0,right,9.0,2024-08-21Z,active,yes,NaN,NaN,NaN,NaN
6wrch4yhbs6utcc0doguj90q,Mads,Larsen,Mads,Larsen,Male,M. Larsen,Denmark,5adf60vwiw2f2mibyq1k4ex7i,Midfielder,player,2001-09-20,NaN,Denmark,5adf60vwiw2f2mibyq1k4ex7i,183.0,74.0,right,20.0,2024-01-17Z,active,yes,NaN,NaN,NaN,Mads Larsen
7h39w16zvj1lbfb0rqr7kvt1x,Jens Martin,Gammelby,Jens,Gammelby,Male,J. Gammelby,Denmark,5adf60vwiw2f2mibyq1k4ex7i,Defender,player,1995-02-05,Ikast,Denmark,5adf60vwiw2f2mibyq1k4ex7i,192.0,81.0,both,19.0,2024-01-01Z,active,yes,NaN,NaN,NaN,NaN
7zaveckhldl5rieo5ddsqtt2i,Pontus Anders,Rödin,Pontus,Rödin,Male,P. Rödin,Sweden,1z6l2c33w2kyz9rdefs1d68nb,Defender,player,2000-08-16,NaN,Sweden,1z6l2c33w2kyz9rdefs1d68nb,189.0,80.0,right,25.0,2024-01-29Z,active,yes,NaN,NaN,NaN,NaN
89xit2bryc0g4yhqina7akjkk,Julius Lorents,Høgsted Nielsen,Julius,Nielsen,Male,J. Nielsen,Denmark,5adf60vwiw2f2mibyq1k4ex7i,Midfielder,player,2006-04-26,NaN,Denmark,5adf60vwiw2f2mibyq1k4ex7i,NaN,NaN,NaN,36.0,2024-04-14Z,active,yes,NaN,NaN,NaN,NaN
8h3cyhuw5049gcxrsld3rw1ec,Villads,Westh,Villads,Westh,Male,V. Westh,Denmark,5adf60vwiw2f2mibyq1k4ex7i,Midfielder,player,2004-04-25,NaN,Denmark,5adf60vwiw2f2mibyq1k4ex7i,182.0,73.0,left,NaN,2025-09-01Z,active,yes,NaN,NaN,NaN,NaN
8ngloyr6r0m71p8kgpfe69bvu,Sofus,Berger Brix,Sofus,Berger,Male,S. Berger,Denmark,5adf60vwiw2f2mibyq1k4ex7i,Midfielder,player,2003-06-02,Viborg,Denmark,5adf60vwiw2f2mibyq1k4ex7i,175.0,65.0,left,14.0,2025-02-01Z,active,yes,NaN,NaN,NaN,NaN
8rn42gm9xm3yunk883yan9vdg,Benjamin,Clemmensen,Benjamin,Clemmensen,Male,B. Clemmensen,Denmark,5adf60vwiw2f2mibyq1k4ex7i,Defender,player,2005-01-04,NaN,Denmark,5adf60vwiw2f2mibyq1k4ex7i,192.0,NaN,right,NaN,2025-09-01Z,active,yes,2025-12-31Z,NaN,NaN,NaN
9jqox80arzpytv1b136jobhpm,Asbjørn Johnsen,Bøndergaard,Asbjørn,Bøndergaard,Male,A. Bøndergaard,Denmark,5adf60vwiw2f2mibyq1k4ex7i,Attacker,player,2004-05-05,NaN,Denmark,5adf60vwiw2f2mibyq1k4ex7i,184.0,68.0,right,15.0,2025-07-01Z,active,yes,NaN,NaN,NaN,NaN
9kjdw81u1rprgi5j8f92afaqc,Mikkel,Øxenberg,Mikkel,Øxenberg,Male,M. Øxenberg,Denmark,5adf60vwiw2f2mibyq1k4ex7i,Midfielder,player,2007-01-25,NaN,Denmark,5adf60vwiw2f2mibyq1k4ex7i,NaN,NaN,NaN,26.0,2025-03-29Z,active,yes,NaN,NaN,NaN,NaN
9pv2ame21kaydllf78eo1nqc4,Alexander,Priesborg Madsen,Alexander,Priesborg,Male,A. Priesborg,Denmark,5adf60vwiw2f2mibyq1k4ex7i,Defender,player,2005-05-14,NaN,Denmark,5adf60vwiw2f2mibyq1k4ex7i,191.0,79.0,right,24.0,2023-09-11Z,active,yes,NaN,NaN,NaN,NaN
9zhmwx3g0m6xi2oh57g4z35nu,Robin,Dahl Østrøm,Robin,Østrøm,Male,R. Østrøm,Norway,7f16iy4w8u8ogyn6pfooqwv5z,Defender,player,2002-08-09,København,Denmark,5adf60vwiw2f2mibyq1k4ex7i,188.0,80.0,right,3.0,2022-08-23Z,active,yes,NaN,Denmark,5adf60vwiw2f2mibyq1k4ex7i,NaN
abaapwjdtbk2vmdv69v49fyms,Sebastian,Biller Mikkelsen,Sebastian,Biller,Male,S. Biller,Denmark,5adf60vwiw2f2mibyq1k4ex7i,Attacker,player,2006-11-01,NaN,Denmark,5adf60vwiw2f2mibyq1k4ex7i,173.0,56.0,left,35.0,2024-07-01Z,active,yes,NaN,NaN,NaN,NaN
alqg6ch3anqkq9613hu6m1d04,Fredrik,Bennedsgaard Carlsen,Fredrik,Carlsen,Male,F. Carlsen,Denmark,5adf60vwiw2f2mibyq1k4ex7i,Midfielder,player,2001-12-01,København,Denmark,5adf60vwiw2f2mibyq1k4ex7i,193.0,80.0,right,11.0,2023-06-15Z,active,no,2025-07-24Z,NaN,NaN,NaN
avtms6bcr8i7qdacuv225evo5,Jeppe,Andrup Andersen,Jeppe,Andersen,Male,J. Andersen,Denmark,5adf60vwiw2f2mibyq1k4ex7i,Midfielder,player,1992-12-06,NaN,Denmark,5adf60vwiw2f2mibyq1k4ex7i,178.0,75.0,right,8.0,2024-07-18Z,active,yes,NaN,NaN,NaN,NaN
b2492j7qzdo7g3ysxz6gq4g5x,Nicolai,Oppen Larsen,Nicolai,Larsen,Male,N. Larsen,Denmark,5adf60vwiw2f2mibyq1k4ex7i,Goalkeeper,player,1991-03-09,Herlev,Denmark,5adf60vwiw2f2mibyq1k4ex7i,187.0,83.0,right,1.0,2021-07-01Z,active,yes,NaN,NaN,NaN,Nicolai Larsen
bb8q9cgqzw9n2tmkl8s3bth0q,Younes,Bakiz,Younes,Bakiz,Male,Y. Bakiz,Denmark,5adf60vwiw2f2mibyq1k4ex7i,Midfielder,player,1999-02-05,NaN,Denmark,5adf60vwiw2f2mibyq1k4ex7i,186.0,76.0,left,10.0,2024-06-15Z,active,yes,NaN,Morocco,2xdcc39z1k79pnjbtn9x31wdh,NaN
bplpqy3ierwlm12d1f3prue7e,Pelle,Elkjær Mattsson,Pelle,Mattsson,Male,P. Mattsson,Denmark,5adf60vwiw2f2mibyq1k4ex7i,Midfielder,player,2001-08-04,Silkeborg,Denmark,5adf60vwiw2f2mibyq1k4ex7i,184.0,74.0,right,6.0,2019-01-01Z,active,no,2025-08-29Z,Sweden,1z6l2c33w2kyz9rdefs1d68nb,NaN
cuufy3ioo1kio56er2cfn0mqc,Mads,Lautrup Freundlich,Mads,Freundlich,Male,M. Freundlich,Denmark,5adf60vwiw2f2mibyq1k4ex7i,Midfielder,player,2003-03-25,NaN,Denmark,5adf60vwiw2f2mibyq1k4ex7i,177.0,70.0,right,33.0,2024-07-16Z,active,yes,NaN,NaN,NaN,NaN
d8nahz092xxj6muqc24hocp3o,Aske,Leth Andrésen,Aske,Andrésen,Male,A. Andrésen,Denmark,5adf60vwiw2f2mibyq1k4ex7i,Goalkeeper,player,2005-07-12,Aarhus,Denmark,5adf60vwiw2f2mibyq1k4ex7i,199.0,78.0,right,30.0,2021-10-23Z,active,yes,NaN,NaN,NaN,NaN
ejv587h08dn1hgxhfgib3reqy,Rami,Al Hajj,Rami,Al Hajj,Male,R. Al Hajj,Sweden,1z6l2c33w2kyz9rdefs1d68nb,Midfielder,player,2001-09-17,Beirut,Lebanon,x78kryrxd9j9dfj4mtec292b,180.0,69.0,right,22.0,2025-07-11Z,active,yes,NaN,Lebanon,x78kryrxd9j9dfj4mtec292b,NaN
ew91bx066dre4xck30vmz10yc,Alexander Magnus,Busch,Alexander,Busch,Male,A. Busch,Denmark,5adf60vwiw2f2mibyq1k4ex7i,Defender,player,2003-07-25,Resenbro,Denmark,5adf60vwiw2f2mibyq1k4ex7i,190.0,75.0,right,40.0,2020-08-01Z,active,yes,NaN,NaN,NaN,NaN
lmrff8mviimc33yyrpjzr2tw,Oskar Adam,Rudkjøbing Boesen,Oskar,Boesen,Male,O. Boesen,Denmark,5adf60vwiw2f2mibyq1k4ex7i,Midfielder,player,2005-05-05,NaN,Spain,49ih1pwv3ahshdf8uzrimi54c,175.0,70.0,right,41.0,2023-04-05Z,active,yes,NaN,Spain,49ih1pwv3ahshdf8uzrimi54c,NaN
n2annzbap7hll02zo2v0ccgk,Tonni,Adamsen,Tonni,Adamsen,Male,T. Adamsen,Denmark,5adf60vwiw2f2mibyq1k4ex7i,Attacker,player,1994-11-15,NaN,Denmark,5adf60vwiw2f2mibyq1k4ex7i,181.0,74.0,left,23.0,2022-08-06Z,active,yes,NaN,NaN,NaN,NaN
1902oagnhlo7x9xpumxvg1t78,Lukas Edvin,Björklund,Lukas,Björklund,Male,L. Björklund,Sweden,1z6l2c33w2kyz9rdefs1d68nb,Midfielder,player,2004-02-16,Malmö,Sweden,1z6l2c33w2kyz9rdefs1d68nb,185.0,74.0,right,8.0,2022-09-01Z,active,no,2025-08-28Z,NaN,NaN,NaN
1rr41tgqg6pdzps45l79q2xn9,Thomas Darlie,Nørgaard,Thomas,Nørgaard,Male,T. Nørgaard,Denmark,5adf60vwiw2f2mibyq1k4ex7i,NaN,coach,1982-04-13,NaN,Denmark,5adf60vwiw2f2mibyq1k4ex7i,NaN,NaN,NaN,NaN,2022-12-15Z,active,yes,NaN,NaN,NaN,NaN
30jdlk11jgdcosrpoww41anf8,Pachanga Cassoma,Kristensen,Pachanga,Kristensen,Male,P. Kristensen,Denmark,5adf60vwiw2f2mibyq1k4ex7i,Defender,player,2006-12-07,NaN,Denmark,5adf60vwiw2f2mibyq1k4ex7i,187.0,NaN,left,19.0,2025-07-05Z,active,yes,NaN,Angola,3k53bkrjx5zsxchc6e3mcd834,NaN
3361cs2j60yxzy9mir80byqc5,Andreas,Oggesen,Andreas,Oggesen,Male,A. Oggesen,Denmark,5adf60vwiw2f2mibyq1k4ex7i,Midfielder,player,1994-03-18,Viborg,Denmark,5adf60vwiw2f2mibyq1k4ex7i,173.0,59.0,right,22.0,2023-07-19Z,active,yes,NaN,NaN,NaN,NaN
3ejggtt1du1cui3wc1f8oqx62,Lirim,Qamili,Lirim,Qamili,Male,L. Qamili,North Macedonia,1lesyxylc5eza0a4z87t9azcc,Attacker,player,1998-06-04,Glostrup,Denmark,5adf60vwiw2f2mibyq1k4ex7i,190.0,74.0,left,15.0,2024-08-10Z,active,yes,NaN,Albania,17zsm8shejejls2on1ffil3op,NaN
5j9d1plbsd5ic01r3ggziutwp,Rasmus,Hjorth Vinderslev,Rasmus,Vinderslev,Male,R. Vinderslev,Denmark,5adf60vwiw2f2mibyq1k4ex7i,Midfielder,player,1997-08-12,NaN,Denmark,5adf60vwiw2f2mibyq1k4ex7i,185.0,75.0,right,6.0,2020-01-01Z,active,yes,NaN,NaN,NaN,NaN
5jdkdvxssuc8gvzwwrq5bs76y,Tobias,Sommer Sørensen,Tobias,Sommer,Male,T. Sommer,Denmark,5adf60vwiw2f2mibyq1k4ex7i,Defender,player,2001-11-27,NaN,Denmark,5adf60vwiw2f2mibyq1k4ex7i,186.0,NaN,right,26.0,2023-08-19Z,active,yes,NaN,NaN,NaN,NaN
5q4p56lg1vjsqo824aql0e1d6,Dalton James,Wilkins,Dalton,Wilkins,Male,D. Wilkins,New Zealand,wcq2y28a27syx5do1k2i2nj8,Defender,player,1999-04-15,NaN,New Zealand,wcq2y28a27syx5do1k2i2nj8,181.0,61.0,left,13.0,2024-01-11Z,active,no,2025-08-30Z,NaN,NaN,NaN
5ram2md0ezy9gq621zaa22fpw,Anders Raffnsøe,Hoeg,Anders,Hoeg,Male,A. Hoeg,Denmark,5adf60vwiw2f2mibyq1k4ex7i,Midfielder,player,2006-03-27,NaN,Denmark,5adf60vwiw2f2mibyq1k4ex7i,NaN,NaN,NaN,NaN,2025-07-01Z,active,yes,NaN,NaN,NaN,NaN
5x8064b3yr7txk0czddfjtffu,Sefer,Emini,Sefer,Emini,Male,S. Emini,North Macedonia,1lesyxylc5eza0a4z87t9azcc,Midfielder,player,2000-07-15,NaN,North Macedonia,1lesyxylc5eza0a4z87t9azcc,174.0,72.0,right,7.0,2022-08-24Z,active,yes,NaN,NaN,NaN,NaN
637840asun7f3wo16c5zkhi50,Sidi Mohamed,Cherif Haidara,Mohamed,Cherif,Male,M. Cherif,Guinea,4i9sg55wigitrfx7290f59ceo,Midfielder,player,2005-10-02,Conakry,Guinea,4i9sg55wigitrfx7290f59ceo,190.0,75.0,right,31.0,2024-07-04Z,active,yes,NaN,Mauritania,fddgtcs6irg28x9oqietkb6x,NaN
6in4qqej6re7ruokm2spdpr10,Alberto,Vogtmann,Alberto,Vogtmann,Male,A. Vogtmann,Denmark,5adf60vwiw2f2mibyq1k4ex7i,Defender,player,2006-03-10,NaN,Denmark,5adf60vwiw2f2mibyq1k4ex7i,179.0,NaN,left,32.0,2025-05-17Z,active,yes,NaN,NaN,NaN,NaN
6je6y9uk6km1tkzatpw8v9p1w,Anders,Bergholt Pedersen,Anders,Bergholt,Male,A. Bergholt,Denmark,5adf60vwiw2f2mibyq1k4ex7i,Midfielder,player,2005-09-12,NaN,Denmark,5adf60vwiw2f2mibyq1k4ex7i,178.0,70.0,right,NaN,2026-01-01Z,active,no,NaN,NaN,NaN,NaN
6rd849oap6uh93wdwjk8590q1,Maxime Henry Armand,Soulas,Maxime,Soulas,Male,M. Soulas,France,7gww28djs405rfga69smki84o,Defender,player,1999-05-19,Montpellier,France,7gww28djs405rfga69smki84o,191.0,74.0,NaN,12.0,2021-08-28Z,active,yes,NaN,NaN,NaN,NaN
6ul2nma4j0a7e2li6wyyrpal1,Magnus,Riisgaard Jensen,Magnus,Jensen,Male,M. Jensen,Denmark,5adf60vwiw2f2mibyq1k4ex7i,Defender,player,1996-10-27,Viborg,Denmark,5adf60vwiw2f2mibyq1k4ex7i,195.0,95.0,right,5.0,2025-06-16Z,active,yes,NaN,NaN,NaN,NaN
788gkanadal77tlnad7bk4v10,Lasse,Mandal Andersen,Lasse,Mandal,Male,L. Mandal,Denmark,5adf60vwiw2f2mibyq1k4ex7i,Midfielder,player,2007-03-04,NaN,Denmark,5adf60vwiw2f2mibyq1k4ex7i,NaN,NaN,NaN,NaN,2025-07-01Z,active,yes,NaN,NaN,NaN,NaN
7foqorbwhgqjghtxa2nax6kgk,Alexander,Lyng,Alexander,Lyng,Male,A. Lyng,Denmark,5adf60vwiw2f2mibyq1k4ex7i,Attacker,player,2004-11-26,København,Denmark,5adf60vwiw2f2mibyq1k4ex7i,175.0,71.0,right,11.0,2024-06-15Z,active,yes,NaN,NaN,NaN,NaN
7sbdudf1vycn8hinw0giakpyi,Chidiebube Gideon,Duru,Ebube,Duru,Male,E. Duru,Nigeria,63pvdwrsiq5b07mzi8igqei9p,Defender,player,1999-07-31,NaN,Nigeria,63pvdwrsiq5b07mzi8igqei9p,182.0,74.0,left,23.0,2024-09-03Z,active,yes,NaN,NaN,NaN,NaN
828b7y3phhpb62srvtrjhtgk4,Ivan Cabrel,Djantou Tchaboutang,Ivan,Djantou,Male,I. Djantou,Cameroon,4eb9feio6u267dd1jcwaf38mt,Attacker,player,2002-03-14,Douala,Cameroon,4eb9feio6u267dd1jcwaf38mt,180.0,70.0,right,9.0,2024-06-15Z,active,yes,NaN,NaN,NaN,NaN
93idkfbplpb2nf7ms9q94lxqs,Sebastian,Schmidt Larsen,Sebastian,Larsen,Male,S. Larsen,Denmark,5adf60vwiw2f2mibyq1k4ex7i,Attacker,player,2007-02-11,NaN,Denmark,5adf60vwiw2f2mibyq1k4ex7i,NaN,NaN,NaN,NaN,2024-05-16Z,active,yes,NaN,NaN,NaN,NaN
94560hgwsjkx8qgz48f7gzitw,Olti,Hyseni,Olti,Hyseni,Male,O. Hyseni,Denmark,5adf60vwiw2f2mibyq1k4ex7i,Attacker,player,2007-07-17,NaN,Denmark,5adf60vwiw2f2mibyq1k4ex7i,171.0,65.0,right,24.0,2023-10-26Z,active,yes,NaN,Kosovo,86u6edbqifdjsn49mbp2anw7p,NaN
9ki0zmbky1zluxnz63008ozmy,Matthew Timothy,Hoppe,Matthew,Hoppe,Male,M. Hoppe,USA,7hr2f89v44y65dyu9k92vprwn,Attacker,player,2001-03-13,NaN,USA,7hr2f89v44y65dyu9k92vprwn,191.0,80.0,right,14.0,2025-01-31Z,active,yes,NaN,NaN,NaN,NaN
9zx0qi6gbfnvt6wwpkgprhy50,Benicio Christian,Peña,Benicio,Peña,Male,B. Peña,Denmark,5adf60vwiw2f2mibyq1k4ex7i,Goalkeeper,player,2003-03-21,NaN,Denmark,5adf60vwiw2f2mibyq1k4ex7i,184.0,77.0,right,27.0,2025-06-16Z,active,yes,NaN,El Salvador,6jovhn8du7uhbedi92voitt3k,NaN
a6ham5hnwv62w3tynikyal68l,Nicolai,Flø Jepsen,Nicolai,Flø,Male,N. Flø,Denmark,5adf60vwiw2f2mibyq1k4ex7i,Goalkeeper,player,1995-09-25,Silkeborg,Denmark,5adf60vwiw2f2mibyq1k4ex7i,190.0,91.0,right,1.0,2020-08-13Z,active,yes,NaN,NaN,NaN,NaN
a8opuarwq9byw73nhfgvo9nca,Kristall Máni,Ingason,Kristall,Ingason,Male,K. Ingason,Iceland,4jjsm5a20nnxgw5cus6b7yxc6,Attacker,player,2002-01-18,Reykjavík,Iceland,4jjsm5a20nnxgw5cus6b7yxc6,178.0,64.0,right,10.0,2023-07-19Z,active,yes,NaN,NaN,NaN,NaN
adg5dfvzxjrzlz1n2jsfeyx3o,Mads,Agger,Mads,Agger,Male,M. Agger,Denmark,5adf60vwiw2f2mibyq1k4ex7i,Attacker,player,1999-12-21,NaN,Denmark,5adf60vwiw2f2mibyq1k4ex7i,184.0,76.0,left,25.0,2023-06-19Z,active,yes,NaN,NaN,NaN,NaN
agn71kap290gs92nelbv2rey2,Rúnar Þór,Sigurgeirsson,Rúnar,Sigurgeirsson,Male,R. Sigurgeirsson,Iceland,4jjsm5a20nnxgw5cus6b7yxc6,Defender,player,1999-12-28,Sauðárkrókur,Iceland,4jjsm5a20nnxgw5cus6b7yxc6,186.0,82.0,left,NaN,2025-09-01Z,active,yes,NaN,NaN,NaN,NaN
bh06w40pwo6dy3cjrw3r2i0ru,Ivan,Nikolov,Ivan,Nikolov,Male,I. Nikolov,North Macedonia,1lesyxylc5eza0a4z87t9azcc,Midfielder,player,2002-02-17,NaN,North Macedonia,1lesyxylc5eza0a4z87t9azcc,180.0,NaN,right,18.0,2025-07-01Z,active,yes,NaN,NaN,NaN,NaN
cj408e51oxbgw9dy6gt5ftyc4,Elias Valdemar,Hjort-Pedersen,Elias,Hjort-Pedersen,Male,E. Hjort-Pedersen,Denmark,5adf60vwiw2f2mibyq1k4ex7i,Midfielder,player,NaN,NaN,Denmark,5adf60vwiw2f2mibyq1k4ex7i,NaN,NaN,NaN,NaN,2025-09-02Z,active,yes,NaN,NaN,NaN,NaN
czpstoiy12awqpasz573ckp91,Daníel Leó,Grétarsson Schmidt,Daníel,Grétarsson,Male,D. Grétarsson,Iceland,4jjsm5a20nnxgw5cus6b7yxc6,Defender,player,1995-10-02,Keflavik,Iceland,4jjsm5a20nnxgw5cus6b7yxc6,185.0,76.0,left,4.0,2023-06-26Z,active,yes,NaN,NaN,NaN,NaN
d4emkl168o7w0fy7shqdp6t5g,Albert,Rrahmani,Albert,Rrahmani,Male,A. Rrahmani,Kosovo,86u6edbqifdjsn49mbp2anw7p,Midfielder,player,2007-03-11,NaN,Denmark,5adf60vwiw2f2mibyq1k4ex7i,174.0,NaN,both,29.0,2024-09-01Z,active,yes,NaN,Denmark,5adf60vwiw2f2mibyq1k4ex7i,NaN
d7qeybu6qjpbdr4iklp1e0q38,Villads Nøhr,Birk,Villads,Birk,Male,V. Birk,Denmark,5adf60vwiw2f2mibyq1k4ex7i,Attacker,player,2008-01-13,NaN,Denmark,5adf60vwiw2f2mibyq1k4ex7i,NaN,NaN,NaN,NaN,2025-01-01Z,active,yes,NaN,NaN,NaN,NaN
d88feog3dgv09oxbzn15xqesq,Tobias,Klysner Breuner,Tobias,Klysner,Male,T. Klysner,Denmark,5adf60vwiw2f2mibyq1k4ex7i,Attacker,player,2001-07-03,Randers,Denmark,5adf60vwiw2f2mibyq1k4ex7i,183.0,74.0,right,20.0,2024-01-25Z,active,yes,NaN,NaN,NaN,NaN
dcocgxtuabo0rwzwukvqky9uy,Marcus,Bundgaard Sørensen,Marcus,Bundgaard,Male,M. Bundgaard,Denmark,5adf60vwiw2f2mibyq1k4ex7i,Goalkeeper,player,2001-08-05,NaN,Denmark,5adf60vwiw2f2mibyq1k4ex7i,197.0,75.0,right,16.0,2025-02-03Z,active,yes,NaN,NaN,NaN,NaN
dglnk6pm8tm5cvb9dgqlz6kus,Simon,Sylvest Wæver,Simon,Wæver,Male,S. Wæver,Denmark,5adf60vwiw2f2mibyq1k4ex7i,Defender,player,1996-01-21,NaN,Denmark,5adf60vwiw2f2mibyq1k4ex7i,182.0,NaN,NaN,3.0,2023-07-01Z,active,yes,NaN,NaN,NaN,NaN
dshwz1df0rbe0fztksawvd0wl,Matti,Bøge Olsen,Matti,Olsen,Male,M. Olsen,Denmark,5adf60vwiw2f2mibyq1k4ex7i,Defender,player,1995-06-07,København,Denmark,5adf60vwiw2f2mibyq1k4ex7i,185.0,75.0,right,2.0,2025-01-29Z,active,no,2025-09-01Z,NaN,NaN,NaN
m9wipuvmznt3r8yie8en7i1g,Gustav,Drest Wagner,Gustav,Wagner,Male,G. Wagner,Denmark,5adf60vwiw2f2mibyq1k4ex7i,Defender,player,2005-05-10,NaN,Denmark,5adf60vwiw2f2mibyq1k4ex7i,187.0,80.0,right,NaN,2026-01-01Z,active,no,NaN,NaN,NaN,NaN
1d2fpmtdglpqwyhnc657n77it,Andrew,Hjulsager,Andrew,Hjulsager,Male,A. Hjulsager,Denmark,5adf60vwiw2f2mibyq1k4ex7i,Midfielder,player,1995-01-15,Amager,Denmark,5adf60vwiw2f2mibyq1k4ex7i,175.0,73.0,right,17.0,2025-07-01Z,active,yes,NaN,NaN,NaN,NaN
1hbucfyn2l3bxcw5r4zcb1dlg,Christian William,Gammelgaard Grøndal,Christian,Gammelgaard,Male,C. Gammelgaard,Denmark,5adf60vwiw2f2mibyq1k4ex7i,Attacker,player,2003-03-10,Vejle,Denmark,5adf60vwiw2f2mibyq1k4ex7i,185.0,74.0,left,7.0,2024-07-01Z,active,yes,NaN,NaN,NaN,NaN
1k9g7x8jwhzcpx8bc5ji7og0k,Tobias,Haahr Jakobsen,Tobias,Jakobsen,Male,T. Jakobsen,Denmark,5adf60vwiw2f2mibyq1k4ex7i,Goalkeeper,player,2003-07-03,Vejle,Denmark,5adf60vwiw2f2mibyq1k4ex7i,191.0,NaN,both,24.0,2024-07-01Z,active,yes,NaN,NaN,NaN,NaN
1xjhud4hyekcg08nue1iosmsq,Thomas,Gundelund Nielsen,Thomas,Gundelund,Male,T. Gundelund,Denmark,5adf60vwiw2f2mibyq1k4ex7i,Defender,player,2001-11-06,Skive,Denmark,5adf60vwiw2f2mibyq1k4ex7i,180.0,68.0,right,2.0,2017-11-25Z,active,yes,NaN,NaN,NaN,NaN
1ykl08k2c2kwxukw0gvslf6qd,Stefan,Ivov Velkov,Stefan,Velkov,Male,S. Velkov,Bulgaria,5a1vsxg8tbnsk65iefq1q8tlt,Defender,player,1996-12-12,Sofia,Bulgaria,5a1vsxg8tbnsk65iefq1q8tlt,192.0,85.0,right,13.0,2022-06-17Z,active,yes,NaN,NaN,NaN,NaN
22zuxw8lez5w4vjd8spzzysyc,Tobias,Lauritsen,Tobias,Lauritsen,Male,T. Lauritsen,Denmark,5adf60vwiw2f2mibyq1k4ex7i,Midfielder,player,2004-06-18,Randers,Denmark,5adf60vwiw2f2mibyq1k4ex7i,176.0,67.0,right,8.0,2022-07-01Z,active,yes,NaN,NaN,NaN,NaN
2i92r2eksw9ty9kis974k3uqy,Valdemar,Lund Jensen,Valdemar,Lund,Male,V. Lund,Denmark,5adf60vwiw2f2mibyq1k4ex7i,Defender,player,2003-05-28,NaN,Denmark,5adf60vwiw2f2mibyq1k4ex7i,193.0,78.0,left,5.0,2025-08-18Z,active,yes,2026-06-30Z,NaN,NaN,NaN
43ymveheg90gcp74hx59b7ris,Gustav,Nørregaard Knudsen,Gustav,Knudsen,Male,G. Knudsen,Denmark,5adf60vwiw2f2mibyq1k4ex7i,Goalkeeper,player,2006-07-10,NaN,Denmark,5adf60vwiw2f2mibyq1k4ex7i,185.0,79.0,right,NaN,2024-01-27Z,active,yes,NaN,NaN,NaN,NaN
4nzauesd85d6utkwdc1s1a1as,Bismark,Edjeodji,Bismark,Edjeodji,Male,B. Edjeodji,Ghana,2q2sw72utw5gu9t5y4knckwba,Midfielder,player,2007-04-24,NaN,Ghana,2q2sw72utw5gu9t5y4knckwba,NaN,NaN,NaN,32.0,2025-06-16Z,active,yes,NaN,NaN,NaN,NaN
53y263xxfdf1itytiqhg3v6c5,Igor,Vekić,Igor,Vekic,Male,I. Vekić,Slovenia,63vptz9g2ckqnnlxhd1oqn4xq,Goalkeeper,player,1998-05-06,NaN,Slovenia,63vptz9g2ckqnnlxhd1oqn4xq,192.0,88.0,right,1.0,2023-07-12Z,active,yes,NaN,NaN,NaN,NaN
5al9uyujlrlb17o4r5sapkkk4,Mads,Enggård,Mads,Enggård,Male,M. Enggård,Denmark,5adf60vwiw2f2mibyq1k4ex7i,Midfielder,player,2004-01-20,Silkeborg,Denmark,5adf60vwiw2f2mibyq1k4ex7i,178.0,74.0,right,30.0,2025-08-19Z,active,yes,2026-06-30Z,NaN,NaN,NaN
5lssweodhkyifhj333v6f6r6c,Tobias,Bach,Tobias,Bach,Male,T. Bach,Denmark,5adf60vwiw2f2mibyq1k4ex7i,Midfielder,player,2003-06-04,NaN,Denmark,5adf60vwiw2f2mibyq1k4ex7i,193.0,86.0,left,NaN,2025-09-01Z,active,yes,NaN,NaN,NaN,NaN
5qvy65ckiigykkowpyco05zv9,Mikkel,Duelund Poulsen,Mikkel,Duelund,Male,M. Duelund,Denmark,5adf60vwiw2f2mibyq1k4ex7i,Midfielder,player,1997-06-29,Århus,Denmark,5adf60vwiw2f2mibyq1k4ex7i,178.0,74.0,both,10.0,2025-07-01Z,active,yes,NaN,NaN,NaN,NaN
5zyuh7p09un50x93i5sma0pud,Johnny,Mølby,Johnny,Mølby,Male,J. Mølby,Denmark,5adf60vwiw2f2mibyq1k4ex7i,NaN,assistant coach,1969-02-04,NaN,Denmark,5adf60vwiw2f2mibyq1k4ex7i,NaN,NaN,NaN,NaN,2025-02-09Z,active,yes,NaN,NaN,NaN,NaN
6bxwt9u6k6bwadeyirno9979w,Clemens,Astrup,Clemens,Astrup,Male,C. Astrup,Denmark,5adf60vwiw2f2mibyq1k4ex7i,Midfielder,player,2006-01-12,NaN,Denmark,5adf60vwiw2f2mibyq1k4ex7i,188.0,73.0,left,NaN,2025-03-29Z,active,yes,NaN,NaN,NaN,NaN
6c2isptqoy4cq5c8rlr9s1roq,Marius,Elvius Kolind-Jørgensen,Marius,Elvius,Male,M. Elvius,Denmark,5adf60vwiw2f2mibyq1k4ex7i,Defender,player,2002-06-01,Taarnby,Denmark,5adf60vwiw2f2mibyq1k4ex7i,185.0,73.0,right,59.0,2022-02-01Z,active,no,2025-08-21Z,NaN,NaN,NaN
6kdy9i4p9fgyn45d9avb66cd0,Sander,Skoubo Sehested Ravn,Sander,Ravn,Male,S. Ravn,Denmark,5adf60vwiw2f2mibyq1k4ex7i,Midfielder,player,2007-04-08,NaN,Denmark,5adf60vwiw2f2mibyq1k4ex7i,178.0,74.0,left,26.0,2023-10-31Z,active,yes,NaN,NaN,NaN,NaN
6lap0wrnichfxxqm5kgtoflec,Lasse,Flø Borregaard,Lasse,Flø,Male,L. Flø,Denmark,5adf60vwiw2f2mibyq1k4ex7i,Defender,player,2005-10-15,NaN,Denmark,5adf60vwiw2f2mibyq1k4ex7i,187.0,74.0,right,23.0,2023-05-27Z,active,yes,NaN,NaN,NaN,NaN
6uvp2evoo07gv5rc5ht2l012i,Masaki,Murata,Masaki,Murata,Male,M. Murata,Japan,lxyibh89lpdc0bfian1nx0xq,Midfielder,player,1999-08-29,Kawasaki,Japan,lxyibh89lpdc0bfian1nx0xq,170.0,NaN,right,71.0,2024-07-06Z,active,no,2025-08-09Z,NaN,NaN,NaN
6ylzm57bvpufg3cenadtv7qhh,Damian,van Bruggen,Damian,van Bruggen,Male,D. van Bruggen,Netherlands,6hzi5pltnz67q4la8yli9qfv6,Defender,player,1996-03-18,Utrecht,Netherlands,6hzi5pltnz67q4la8yli9qfv6,184.0,79.0,right,14.0,2024-07-05Z,active,yes,NaN,NaN,NaN,NaN
7g7ez1jgvxgmxzpp6xsz4nndg,Rasmus,Koch Groth Petersen,Rasmus,Koch,Male,R. Koch,Denmark,5adf60vwiw2f2mibyq1k4ex7i,Midfielder,player,2007-04-28,NaN,Denmark,5adf60vwiw2f2mibyq1k4ex7i,NaN,NaN,NaN,NaN,2025-07-01Z,active,yes,NaN,NaN,NaN,NaN
7uia9zlz3axnuc6usdn9u4kfe,Lundrim,Hetemi,Lundrim,Hetemi,Male,L. Hetemi,Albania,17zsm8shejejls2on1ffil3op,Midfielder,player,2000-02-18,NaN,Denmark,5adf60vwiw2f2mibyq1k4ex7i,170.0,67.0,right,NaN,2024-07-01Z,active,yes,NaN,Denmark,5adf60vwiw2f2mibyq1k4ex7i,NaN
823p7p1amx8lp445bo6bi01lg,Amin,Chiakha,Amin,Chiakha,Male,A. Chiakha,Algeria,1ayprcriqhb8iv10ch70clppu,Attacker,player,2006-03-12,Copenhagen,Denmark,5adf60vwiw2f2mibyq1k4ex7i,191.0,NaN,right,29.0,2025-08-06Z,active,yes,2026-06-30Z,Denmark,5adf60vwiw2f2mibyq1k4ex7i,NaN
8mcb1hiuk9rzf48cx3vj5i3th,Christian Nikolaj,Sørensen,Christian,Sørensen,Male,C. Sørensen,Denmark,5adf60vwiw2f2mibyq1k4ex7i,Defender,player,1992-08-06,Odense,Denmark,5adf60vwiw2f2mibyq1k4ex7i,180.0,72.0,left,3.0,2025-06-22Z,active,yes,NaN,NaN,NaN,NaN
8w7eh1ukicd4p0vp7kqqrzu38,Abdoulaye,Camara,Abdoulaye,Camara,Male,A. Camara,Guinea,4i9sg55wigitrfx7290f59ceo,Attacker,player,2006-12-21,NaN,Guinea,4i9sg55wigitrfx7290f59ceo,NaN,NaN,NaN,20.0,2025-07-18Z,active,yes,NaN,NaN,NaN,NaN
9mjzy2s8qv0a5qw9pyhs112ol,Lasse,Ladegaard Nielsen,Lasse,Nielsen,Male,L. Nielsen,Denmark,5adf60vwiw2f2mibyq1k4ex7i,Defender,player,1988-01-08,Aalborg,Denmark,5adf60vwiw2f2mibyq1k4ex7i,185.0,80.0,right,4.0,2025-07-01Z,active,yes,NaN,NaN,NaN,NaN
9pnirb3qt48zeui3su8cvu1ka,Jonathan Oluwadara,Amon,Jonathan,Amon,Male,J. Amon,USA,7hr2f89v44y65dyu9k92vprwn,Attacker,player,1999-04-30,Summerville,USA,7hr2f89v44y65dyu9k92vprwn,175.0,64.0,right,11.0,2025-07-01Z,active,yes,NaN,NaN,NaN,NaN
9s85lkd1qi525r4horgbtostl,Luka,Hujber,Luka,Hujber,Male,L. Hujber,Croatia,37hlakrwxyuzovaeoo4sezusp,Defender,player,1999-06-16,Nova Gradiška,Croatia,37hlakrwxyuzovaeoo4sezusp,180.0,73.0,right,25.0,2024-07-08Z,active,yes,NaN,NaN,NaN,NaN
9yiqlgp7rqim6dhszwaog9fdg,Tobias,Lykkebak,Tobias,Lykkebak,Male,T. Lykkebak,Denmark,5adf60vwiw2f2mibyq1k4ex7i,Midfielder,player,2006-07-15,NaN,Denmark,5adf60vwiw2f2mibyq1k4ex7i,177.0,67.0,right,28.0,2023-10-31Z,active,yes,NaN,NaN,NaN,NaN
9yiz575rldkwu7icgqwk1qmdx,Anders,Kvindebjerg Jacobsen,Anders,Jacobsen,Male,A. Jacobsen,Denmark,5adf60vwiw2f2mibyq1k4ex7i,Attacker,player,1989-10-27,Odense,Denmark,5adf60vwiw2f2mibyq1k4ex7i,181.0,77.0,right,NaN,2024-06-15Z,active,yes,NaN,NaN,NaN,NaN
ajk0mbprro09pccglih9y740k,Anders,Sønderskov,Anders,Sønderskov,Male,A. Sønderskov,Denmark,5adf60vwiw2f2mibyq1k4ex7i,Defender,player,2006-04-11,Aarhus,Denmark,5adf60vwiw2f2mibyq1k4ex7i,187.0,76.0,right,22.0,2023-10-31Z,active,yes,NaN,NaN,NaN,NaN
axbf0ym3lm5cvn3jgh1d5rskq,Ivan,Prelec,Ivan,Prelec,Male,I. Prelec,Croatia,37hlakrwxyuzovaeoo4sezusp,NaN,coach,1987-07-24,Zagreb,Croatia,37hlakrwxyuzovaeoo4sezusp,NaN,NaN,NaN,NaN,2025-06-16Z,active,yes,NaN,NaN,NaN,NaN
d1uqdyoqq6vyafeqbnsi6xo2c,Giorgi,Tabatadze,Giorgi,Tabatadze,Male,G. Tabatadze,Georgia,55mqz7j6585f2jhgfhn62lomr,Defender,player,2005-10-29,NaN,Georgia,55mqz7j6585f2jhgfhn62lomr,NaN,NaN,NaN,21.0,2025-08-19Z,active,yes,NaN,NaN,NaN,Giorgi Tabatadze
e9kq60f4sugjddbxnc0pqo60a,Wahidullah,Faghir,Wahid,Faghir,Male,W. Faghir,Denmark,5adf60vwiw2f2mibyq1k4ex7i,Attacker,player,2003-07-29,Vejle,Denmark,5adf60vwiw2f2mibyq1k4ex7i,186.0,83.0,right,19.0,2025-07-12Z,active,yes,NaN,Afghanistan,6xne7xe59eujck02uovziom7p,NaN
f1jk2tqumutelh2ym21v5beuh,Jelle,Duin,Jelle,Duin,Male,J. Duin,Netherlands,6hzi5pltnz67q4la8yli9qfv6,Attacker,player,1999-01-27,Heemstede,Netherlands,6hzi5pltnz67q4la8yli9qfv6,186.0,80.0,left,NaN,2025-01-23Z,active,yes,NaN,NaN,NaN,NaN
f58yr2jmfp8kpgprfxbokt1t6,Mike,Løhde Vestergård,Mike,Vestergård,Male,M. Vestergård,Denmark,5adf60vwiw2f2mibyq1k4ex7i,Midfielder,player,1997-11-19,NaN,Denmark,5adf60vwiw2f2mibyq1k4ex7i,NaN,NaN,NaN,6.0,2025-07-10Z,active,yes,NaN,NaN,NaN,NaN
f5idhghs2f6otps9n9jxzp9be,Alexi Paul,Pitu,Alexi,Pitu,Male,A. Pitu,Romania,17oj2qrzqlkhdjvazum10sx2i,Attacker,player,2002-06-05,Karlsruhe,Germany,36min0qztu8eydwvpv8t1is0m,180.0,62.0,right,80.0,2025-08-07Z,active,yes,NaN,Germany,36min0qztu8eydwvpv8t1is0m,NaN
195o7hchielt14ic49r3k06sq,Sérgio,Pereira Andrade,Sérgio,Pereira Andrade,Male,Serginho,Cabo Verde,7235kgq23bu1v4qwk491u58h0,Attacker,player,2001-01-29,Lisboa,Portugal,1nbm5i9a0403zzvltn17lxinc,183.0,73.0,right,7.0,2023-07-31Z,active,no,2025-08-04Z,Portugal,1nbm5i9a0403zzvltn17lxinc,Serginho
1gvxmoo1twyf8isqq9ekrj6ga,Bilal,Brahimi,Bilal,Brahimi,Male,B. Brahimi,France,7gww28djs405rfga69smki84o,Midfielder,player,2000-03-28,Paris,France,7gww28djs405rfga69smki84o,177.0,70.0,left,21.0,2025-09-01Z,active,yes,NaN,Morocco,2xdcc39z1k79pnjbtn9x31wdh,NaN
2pbwkka0p76s6mh0yaoyvrdw4,Adam,Kleis-Kristoffersen,Adam,Kleis-Kristoffersen,Male,A. Kleis-Kristoffersen,Denmark,5adf60vwiw2f2mibyq1k4ex7i,Attacker,player,2008-07-14,NaN,Denmark,5adf60vwiw2f2mibyq1k4ex7i,NaN,NaN,NaN,NaN,2025-07-01Z,active,yes,NaN,NaN,NaN,NaN
3uwybg2sm5chbusnt5p7cl51x,Pål,Fjelde,Pal,Fjelde,Male,P. Fjelde,Norway,7f16iy4w8u8ogyn6pfooqwv5z,NaN,assistant coach,1994-07-26,Jørpeland,Norway,7f16iy4w8u8ogyn6pfooqwv5z,188.0,78.0,right,NaN,2024-10-05Z,active,yes,NaN,NaN,NaN,NaN
4jve632xnmqujh4ioaxpaovai,Tim,Freriks,Tim,Freriks,Male,T. Freriks,Netherlands,6hzi5pltnz67q4la8yli9qfv6,Attacker,player,1998-10-02,NaN,Netherlands,6hzi5pltnz67q4la8yli9qfv6,NaN,NaN,NaN,9.0,2025-08-04Z,active,yes,NaN,NaN,NaN,NaN
4n3t1p3zn5yzjv4w0clo3xvjd,Daniel Francis,Anyembe,Daniel,Anyembe,Male,D. Anyembe,Kenya,7bj2q2zb0n47lb9g55dnvfr2s,Defender,player,1998-07-22,Esbjerg,Denmark,5adf60vwiw2f2mibyq1k4ex7i,189.0,77.0,right,24.0,2021-07-17Z,active,yes,NaN,Denmark,5adf60vwiw2f2mibyq1k4ex7i,NaN
5f3wfx327z9hef9k9l37c90wl,Jeppe,Nørregaard Grønning,Jeppe,Grønning,Male,J. Grønning,Denmark,5adf60vwiw2f2mibyq1k4ex7i,Midfielder,player,1991-05-24,Odense,Denmark,5adf60vwiw2f2mibyq1k4ex7i,182.0,67.0,right,13.0,2014-07-01Z,active,yes,NaN,NaN,NaN,NaN
5m27f84vvraap8bmfujt1qiok,Anosike Victor,Ementa,Anosike,Ementa,Male,A. Ementa,Denmark,5adf60vwiw2f2mibyq1k4ex7i,Attacker,player,2002-05-03,Annisse,Denmark,5adf60vwiw2f2mibyq1k4ex7i,202.0,85.0,right,14.0,2023-07-10Z,active,no,2025-08-08Z,Nigeria,63pvdwrsiq5b07mzi8igqei9p,NaN
6d8194j12jdzgqk5uwcemecr8,Charly,Ngos Nouck Horneman,Charly,Nouck,Male,C. Nouck,Denmark,5adf60vwiw2f2mibyq1k4ex7i,Attacker,player,2004-03-21,Odense,Denmark,5adf60vwiw2f2mibyq1k4ex7i,184.0,72.0,both,17.0,2024-07-15Z,active,yes,NaN,Cameroon,4eb9feio6u267dd1jcwaf38mt,NaN
6dwyr7oibaopi0ew14ugnh444,Marcus,Sønderstrup Nielsen,Marcus,Nielsen,Male,M. Nielsen,Denmark,5adf60vwiw2f2mibyq1k4ex7i,Midfielder,player,2006-04-19,NaN,Denmark,5adf60vwiw2f2mibyq1k4ex7i,NaN,NaN,NaN,NaN,2025-07-01Z,active,yes,NaN,NaN,NaN,Marcus Nielsen
6ja2xnbktah4mog04g3kmjgmh,Žan,Zaletel,Zan,Zaletel,Male,Ž. Zaletel,Slovenia,63vptz9g2ckqnnlxhd1oqn4xq,Defender,player,1999-09-16,Zagorje ob Savi,Slovenia,63vptz9g2ckqnnlxhd1oqn4xq,185.0,80.0,right,5.0,2022-07-11Z,active,yes,NaN,NaN,NaN,NaN
7teqm9in87c3m8x9tq1ojyyhg,Philip,Keller,Philip,Keller,Male,P. Keller,Denmark,5adf60vwiw2f2mibyq1k4ex7i,Midfielder,player,NaN,NaN,Denmark,5adf60vwiw2f2mibyq1k4ex7i,NaN,NaN,NaN,NaN,2025-07-01Z,active,yes,NaN,NaN,NaN,NaN
8kns1kywrlakjwll1cxs19r3e,Ichnygel Gerzjomir Minguel,Thomas,Nigel,Thomas,Male,N. Thomas,Curaçao,5im58ram567ao2fbnz39sm8vk,Attacker,player,2001-02-01,Rotterdam,Netherlands,6hzi5pltnz67q4la8yli9qfv6,177.0,77.0,right,9.0,2025-07-01Z,active,no,2025-08-08Z,Netherlands,6hzi5pltnz67q4la8yli9qfv6,NaN
8o13oyr0lqkr5sw7j9ekdan6x,Mees,Hoedemakers,Mees,Hoedemakers,Male,M. Hoedemakers,Netherlands,6hzi5pltnz67q4la8yli9qfv6,Midfielder,player,1998-02-18,Zaandam,Netherlands,6hzi5pltnz67q4la8yli9qfv6,181.0,75.0,both,4.0,2025-08-06Z,active,yes,NaN,NaN,NaN,NaN
8wguqb3cajogdggctfl1vj2fo,Nickolai,Kønig Lund,Nickolai,Lund,Male,N. Lund,Denmark,5adf60vwiw2f2mibyq1k4ex7i,NaN,coach,1988-05-28,NaN,Denmark,5adf60vwiw2f2mibyq1k4ex7i,NaN,NaN,NaN,NaN,2025-07-16Z,active,yes,NaN,NaN,NaN,NaN
95nyhb9eanuobgbkdccyrwob8,Frederik,Damkjer,Frederik,Damkjer,Male,F. Damkjer,Denmark,5adf60vwiw2f2mibyq1k4ex7i,Midfielder,player,2007-07-31,NaN,Denmark,5adf60vwiw2f2mibyq1k4ex7i,178.0,68.0,right,33.0,2023-10-01Z,active,yes,NaN,NaN,NaN,NaN
9gep22vxxh7wvnosd020p8bo4,Markus,Søgaard Uglebjerg,Markus,Uglebjerg,Male,M. Uglebjerg,Denmark,5adf60vwiw2f2mibyq1k4ex7i,NaN,assistant coach,1999-03-16,NaN,Denmark,5adf60vwiw2f2mibyq1k4ex7i,NaN,NaN,NaN,NaN,2024-05-14Z,active,yes,NaN,NaN,NaN,NaN
9lgnm175tw163z53b8bmiu5pm,Lucas,Lund Pedersen,Lucas,Lund,Male,L. Lund,Denmark,5adf60vwiw2f2mibyq1k4ex7i,Goalkeeper,player,2000-03-19,Bruunshåb,Denmark,5adf60vwiw2f2mibyq1k4ex7i,195.0,85.0,right,1.0,2017-07-01Z,active,yes,NaN,NaN,NaN,NaN
9qskwuil30g48xr3ax5p9j6j9,Ivan Tarek,Fjellstad Näsberg,Ivan,Näsberg,Male,I. Näsberg,Norway,7f16iy4w8u8ogyn6pfooqwv5z,Defender,player,1996-04-22,Oslo,Norway,7f16iy4w8u8ogyn6pfooqwv5z,187.0,88.0,left,2.0,2024-09-02Z,active,no,2025-09-02Z,NaN,NaN,NaN
9w4k8gszipnfq1cgws1sllv6c,Dorian Junior,Hanza Meha,Dorian Junior,Hanza Meha,Male,Dorian Junior,Equatorial Guinea,4z1n5a2w0i7miu70ot64452ak,Attacker,player,2001-05-12,Fuenlabrada,Spain,49ih1pwv3ahshdf8uzrimi54c,187.0,78.0,NaN,19.0,2025-07-15Z,active,yes,NaN,Spain,49ih1pwv3ahshdf8uzrimi54c,Dorian Junior
a89m6039yb2c4g4rf6xs8zggk,Nicklas,Pedersen,Nicklas,Pedersen,Male,N. Pedersen,Denmark,5adf60vwiw2f2mibyq1k4ex7i,Midfielder,player,2007-07-17,NaN,Denmark,5adf60vwiw2f2mibyq1k4ex7i,176.0,60.0,left,NaN,2025-03-27Z,active,yes,NaN,NaN,NaN,NaN
acp1ba2irpv5wfmxke7ucmaga,Oliver,Bundgaard Kristensen,Oliver,Bundgaard,Male,O. Bundgaard,Denmark,5adf60vwiw2f2mibyq1k4ex7i,Defender,player,2001-06-15,Randers,Denmark,5adf60vwiw2f2mibyq1k4ex7i,182.0,72.0,left,23.0,2022-08-31Z,active,yes,NaN,NaN,NaN,NaN
b6q0tf252xvikt39g8jevju38,Jakob,Vester Nielsen,Jakob,Vester,Male,J. Vester,Denmark,5adf60vwiw2f2mibyq1k4ex7i,Midfielder,player,2004-12-01,Viby,Denmark,5adf60vwiw2f2mibyq1k4ex7i,182.0,70.0,right,37.0,2022-08-30Z,active,yes,NaN,NaN,NaN,NaN
bitixkzgt5p65rlo2bnllcf6x,Jean-Manuel,Mbom,Jean-Manuel,Mbom,Male,J. Mbom,Germany,36min0qztu8eydwvpv8t1is0m,Defender,player,2000-02-24,Göttingen,Germany,36min0qztu8eydwvpv8t1is0m,183.0,80.0,right,18.0,2023-08-24Z,active,yes,NaN,Cameroon,4eb9feio6u267dd1jcwaf38mt,NaN
bp2ellllifbtxgf0p8qlbm1nt,Stipe,Radić,Stipe,Radic,Male,S. Radić,Croatia,37hlakrwxyuzovaeoo4sezusp,Defender,player,2000-06-10,Split,Croatia,37hlakrwxyuzovaeoo4sezusp,191.0,83.0,right,55.0,2024-01-30Z,active,yes,NaN,NaN,NaN,NaN
c9kn2pfftaimeqknbu9p8neok,Yonis Lucien Alexandre,Njoh,Yonis,Njoh,Male,Y. Njoh,France,7gww28djs405rfga69smki84o,Attacker,player,2004-01-17,Toulouse,France,7gww28djs405rfga69smki84o,185.0,75.0,right,27.0,2025-02-03Z,active,yes,NaN,Cameroon,4eb9feio6u267dd1jcwaf38mt,NaN
d9hh01mit4geyadol3gmzco9,Filip,Đukić,Filip,Djukic,Male,F. Đukić,Montenegro,1411jebgwo2ja1erogsq81lg9,Goalkeeper,player,1999-08-06,Hvidovre,Denmark,5adf60vwiw2f2mibyq1k4ex7i,181.0,72.0,NaN,16.0,2025-07-24Z,active,yes,NaN,Denmark,5adf60vwiw2f2mibyq1k4ex7i,NaN
dacr7r8nr09ke3o8dhqmdrklw,Hjalte,Bidstrup,Hjalte,Bidstrup,Male,H. Bidstrup,Denmark,5adf60vwiw2f2mibyq1k4ex7i,Defender,player,2006-02-15,NaN,Denmark,5adf60vwiw2f2mibyq1k4ex7i,178.0,74.0,right,26.0,2025-02-03Z,active,yes,NaN,NaN,NaN,NaN
dk9nlp77b6q38p751f8w3o8np,Oscar Thore,Hedvall,Oscar,Hedvall,Male,O. Hedvall,Denmark,5adf60vwiw2f2mibyq1k4ex7i,Goalkeeper,player,1998-08-09,Silkeborg,Denmark,5adf60vwiw2f2mibyq1k4ex7i,195.0,86.0,left,16.0,2024-06-19Z,active,no,2025-07-23Z,NaN,NaN,NaN
dyzzo6n83rg4fpvmqqa69moes,Asker,Beck Jensen,Asker,Beck,Male,A. Beck,Denmark,5adf60vwiw2f2mibyq1k4ex7i,Midfielder,player,2003-07-07,Skanderborg,Denmark,5adf60vwiw2f2mibyq1k4ex7i,185.0,77.0,right,8.0,2025-01-31Z,active,yes,NaN,NaN,NaN,NaN
ehjqrbqo7ewbztia7k2mrzx90,Mikkel,Bach Løndal,Mikkel,Løndal,Male,M. Løndal,Denmark,5adf60vwiw2f2mibyq1k4ex7i,Defender,player,2006-05-31,NaN,Denmark,5adf60vwiw2f2mibyq1k4ex7i,177.0,66.0,right,31.0,2024-09-03Z,active,yes,NaN,NaN,NaN,NaN
ekx0wotp433tuaw4g93nybjmc,Sami,Jalal Karchoud,Sami,Jalal,Male,S. Jalal,Denmark,5adf60vwiw2f2mibyq1k4ex7i,Midfielder,player,2004-08-08,NaN,Denmark,5adf60vwiw2f2mibyq1k4ex7i,NaN,NaN,NaN,29.0,2025-07-22Z,active,yes,NaN,Tunisia,2um1icx6ftp1auliaxyw0ou6y,NaN
eq7tnnzwq0g9q4eac0o9t9xey,Srđan,Kuzmić,Srdjan,Kuzmic,Male,S. Kuzmić,Slovenia,63vptz9g2ckqnnlxhd1oqn4xq,Defender,player,2004-01-16,NaN,Slovenia,63vptz9g2ckqnnlxhd1oqn4xq,183.0,75.0,right,30.0,2023-07-22Z,active,yes,NaN,NaN,NaN,NaN
vrzye4jqrafujmjw3wakjpxw,Thomas,Jørgensen,Thomas,Jørgensen,Male,T. Jørgensen,Denmark,5adf60vwiw2f2mibyq1k4ex7i,Midfielder,player,2005-09-30,NaN,Denmark,5adf60vwiw2f2mibyq1k4ex7i,177.0,70.0,right,10.0,2024-08-20Z,active,yes,NaN,NaN,NaN,NaN
wnin2353js3p5rh4d7e2ymwa,Mads,Søndergaard Clausen,Mads,Søndergaard,Male,M. Søndergaard,Denmark,5adf60vwiw2f2mibyq1k4ex7i,Midfielder,player,2002-12-26,Viborg,Denmark,5adf60vwiw2f2mibyq1k4ex7i,178.0,65.0,right,6.0,2020-02-27Z,active,yes,NaN,NaN,NaN,NaN
xyt0wq20toh97811t65vu4no,Lukas Emil,Kirkegaard,Lukas,Kirkegaard,Male,L. Kirkegaard,Denmark,5adf60vwiw2f2mibyq1k4ex7i,Defender,player,2005-08-31,NaN,Denmark,5adf60vwiw2f2mibyq1k4ex7i,188.0,81.0,right,32.0,2023-07-23Z,active,yes,NaN,NaN,NaN,NaN
