player_matchName,player_playerId,contestantId,duelLost,aerialLost,player_position,player_positionSide,player_subPosition,successfulOpenPlayPass,totalContest,duelWon,penAreaEntries,accurateBackZonePass,possWonDef3rd,wonContest,accurateFwdZonePass,openPlayPass,totalBackZonePass,minsPlayed,fwdPass,finalThirdEntries,ballRecovery,totalFwdZonePass,successfulFinalThirdPasses,totalFinalThirdPasses,attAssistOpenplay,aerialWon,totalAttAssist,possWonMid3rd,interception,totalCrossNocorner,interceptionWon,attOpenplay,touchesInOppBox,attemptsIbox,totalThroughBall,possWonAtt3rd,accurateCrossNocorner,bigChanceCreated,accurateThroughBall,totalLayoffs,accurateLayoffs,totalFastbreak,shotFastbreak,formationUsed,goals,label,match_id,date
I. Nevistić,e9kodigw308jx81ds56f4jv85,7vyubxg6fnmwwyo2nnyhp6j5d,1,NaN,Goalkeeper,Centre,NaN,69,NaN,NaN,NaN,70,3,NaN,NaN,75,72,90,17,1,8,4,NaN,1,NaN,NaN,NaN,NaN,NaN,NaN,NaN,NaN,NaN,NaN,NaN,NaN,NaN,NaN,NaN,NaN,NaN,NaN,NaN,4231,NaN,Dinamo Zagreb vs Istra 1961,ai7ai1p37qtblqc5vvt0l8fmc,2024-08-02
R. Pierre-Gabriel,9hz4s6zmelmg4ix47xbre3q3t,7vyubxg6fnmwwyo2nnyhp6j5d,4,NaN,Defender,Left,NaN,62,3,4,NaN,31,5,1,32,69,33,90,30,7,8,37,11,12,1,NaN,1,3,2,NaN,2,1,3,1,NaN,NaN,NaN,NaN,NaN,NaN,NaN,NaN,NaN,4231,1,Dinamo Zagreb vs Istra 1961,ai7ai1p37qtblqc5vvt0l8fmc,2024-08-02
S. Mmaee,cq0cto13xxloz8cqit2j24c7p,7vyubxg6fnmwwyo2nnyhp6j5d,1,NaN,Defender,Left/Centre,NaN,66,NaN,1,NaN,64,1,NaN,7,67,65,68,11,3,5,7,3,3,NaN,NaN,NaN,4,2,NaN,2,NaN,1,NaN,NaN,NaN,NaN,NaN,NaN,NaN,NaN,NaN,NaN,4231,NaN,Dinamo Zagreb vs Istra 1961,ai7ai1p37qtblqc5vvt0l8fmc,2024-08-02
K. Théophile-Catherine,ebry9igdjsuzktljtyauqbil1,7vyubxg6fnmwwyo2nnyhp6j5d,3,NaN,Defender,Centre/Right,NaN,79,NaN,5,NaN,61,3,NaN,20,86,63,83,27,6,5,25,2,6,NaN,2,NaN,2,NaN,NaN,NaN,NaN,1,1,NaN,NaN,NaN,NaN,NaN,NaN,NaN,NaN,NaN,4231,1,Dinamo Zagreb vs Istra 1961,ai7ai1p37qtblqc5vvt0l8fmc,2024-08-02
S. Ristovski,52tu1l6c1b7v8ofwbhiurvcnp,7vyubxg6fnmwwyo2nnyhp6j5d,5,1,Defender,Right,NaN,59,2,1,NaN,42,4,NaN,19,72,47,90,28,5,6,28,6,9,NaN,1,NaN,2,2,1,2,1,1,NaN,NaN,NaN,NaN,NaN,NaN,NaN,NaN,NaN,NaN,4231,NaN,Dinamo Zagreb vs Istra 1961,ai7ai1p37qtblqc5vvt0l8fmc,2024-08-02
J. Mišić,96yikwkvaqoblxfn43f4gswr9,7vyubxg6fnmwwyo2nnyhp6j5d,NaN,NaN,Defensive Midfielder,Left/Centre,NaN,35,NaN,2,1,17,2,NaN,20,43,21,80,12,7,4,25,7,9,1,NaN,1,2,1,NaN,1,NaN,NaN,NaN,NaN,NaN,NaN,NaN,NaN,1,1,NaN,NaN,4231,NaN,Dinamo Zagreb vs Istra 1961,ai7ai1p37qtblqc5vvt0l8fmc,2024-08-02
P. Sučić,6u7iuum6kqfwb4pbw5lsoff56,7vyubxg6fnmwwyo2nnyhp6j5d,5,NaN,Defensive Midfielder,Centre/Right,NaN,34,2,4,4,22,NaN,1,12,45,27,90,16,3,3,19,6,11,1,NaN,2,2,NaN,1,NaN,1,3,1,1,1,NaN,NaN,1,6,6,NaN,NaN,4231,NaN,Dinamo Zagreb vs Istra 1961,ai7ai1p37qtblqc5vvt0l8fmc,2024-08-02
A. Hoxha,1j99x774oc7dpglwcyy6l1fc9,7vyubxg6fnmwwyo2nnyhp6j5d,8,1,Attacking Midfielder,Left,NaN,24,8,6,1,7,NaN,4,17,27,7,68,3,1,NaN,21,5,7,1,NaN,1,NaN,1,1,1,2,4,2,NaN,NaN,NaN,NaN,NaN,1,1,NaN,NaN,4231,1,Dinamo Zagreb vs Istra 1961,ai7ai1p37qtblqc5vvt0l8fmc,2024-08-02
M. Baturina,7onr52be14is8cwcfd2k1i784,7vyubxg6fnmwwyo2nnyhp6j5d,3,1,Attacking Midfielder,Centre,NaN,39,5,6,8,15,NaN,4,28,46,16,80,15,8,6,37,13,18,NaN,NaN,5,6,2,2,2,3,3,2,1,NaN,NaN,3,1,NaN,NaN,1,NaN,4231,NaN,Dinamo Zagreb vs Istra 1961,ai7ai1p37qtblqc5vvt0l8fmc,2024-08-02
M. Pjaca,2hbduprkyabq8g1nhe6b4g3bp,7vyubxg6fnmwwyo2nnyhp6j5d,6,NaN,Attacking Midfielder,Right,NaN,38,3,6,4,15,4,2,24,46,18,90,13,6,6,29,10,14,1,NaN,2,2,1,1,1,NaN,4,1,1,NaN,1,1,1,1,1,NaN,NaN,4231,NaN,Dinamo Zagreb vs Istra 1961,ai7ai1p37qtblqc5vvt0l8fmc,2024-08-02
S. Kulenović,2yuntws503qs5o9er31diwmp5,7vyubxg6fnmwwyo2nnyhp6j5d,6,1,Striker,Centre,NaN,20,3,3,NaN,11,NaN,NaN,10,32,17,90,2,NaN,NaN,16,6,8,1,2,1,NaN,NaN,NaN,NaN,4,5,5,NaN,NaN,NaN,NaN,NaN,4,2,1,1,4231,2,Dinamo Zagreb vs Istra 1961,ai7ai1p37qtblqc5vvt0l8fmc,2024-08-02
M. Bernauer,em4emtybky53edbm8z70qlkgl,7vyubxg6fnmwwyo2nnyhp6j5d,NaN,NaN,Substitute,NaN,Defender,NaN,NaN,NaN,NaN,NaN,NaN,NaN,NaN,NaN,NaN,NaN,NaN,NaN,NaN,NaN,NaN,NaN,NaN,NaN,NaN,NaN,NaN,NaN,NaN,NaN,NaN,NaN,NaN,NaN,NaN,NaN,NaN,NaN,NaN,NaN,NaN,4231,NaN,Dinamo Zagreb vs Istra 1961,ai7ai1p37qtblqc5vvt0l8fmc,2024-08-02
I. Filipović,8glds5eomgq4dzlkn4dc1ysb9,7vyubxg6fnmwwyo2nnyhp6j5d,NaN,NaN,Substitute,NaN,Goalkeeper,NaN,NaN,NaN,NaN,NaN,NaN,NaN,NaN,NaN,NaN,NaN,NaN,NaN,NaN,NaN,NaN,NaN,NaN,NaN,NaN,NaN,NaN,NaN,NaN,NaN,NaN,NaN,NaN,NaN,NaN,NaN,NaN,NaN,NaN,NaN,NaN,4231,NaN,Dinamo Zagreb vs Istra 1961,ai7ai1p37qtblqc5vvt0l8fmc,2024-08-02
L. Kačavenda,2zbhh5sasfhsez0bfa1suk8ic,7vyubxg6fnmwwyo2nnyhp6j5d,3,NaN,Substitute,NaN,Midfielder,10,2,3,1,4,NaN,2,6,14,5,22,5,4,2,9,2,4,NaN,NaN,NaN,2,NaN,NaN,NaN,NaN,NaN,NaN,NaN,NaN,NaN,NaN,NaN,NaN,NaN,NaN,NaN,4231,NaN,Dinamo Zagreb vs Istra 1961,ai7ai1p37qtblqc5vvt0l8fmc,2024-08-02
T. Ogiwara,eo5kfco94g7az5x9dn2mtr78q,7vyubxg6fnmwwyo2nnyhp6j5d,1,NaN,Substitute,NaN,Defender,4,NaN,1,1,4,1,NaN,NaN,6,5,22,NaN,NaN,1,2,NaN,1,NaN,NaN,1,NaN,NaN,1,NaN,NaN,1,NaN,NaN,NaN,NaN,1,NaN,NaN,NaN,NaN,NaN,4231,NaN,Dinamo Zagreb vs Istra 1961,ai7ai1p37qtblqc5vvt0l8fmc,2024-08-02
B. Pavić,12qlz44l7n0ma03abxxjxltlg,7vyubxg6fnmwwyo2nnyhp6j5d,1,NaN,Substitute,NaN,Midfielder,6,NaN,NaN,NaN,4,NaN,NaN,2,7,4,10,3,NaN,1,3,NaN,NaN,NaN,NaN,NaN,1,1,NaN,1,NaN,NaN,NaN,NaN,NaN,NaN,NaN,NaN,1,1,NaN,NaN,4231,NaN,Dinamo Zagreb vs Istra 1961,ai7ai1p37qtblqc5vvt0l8fmc,2024-08-02
M. Perković,ct5zx477027zxa1uc67mjjdhw,7vyubxg6fnmwwyo2nnyhp6j5d,NaN,NaN,Substitute,NaN,Defender,NaN,NaN,NaN,NaN,NaN,NaN,NaN,NaN,NaN,NaN,NaN,NaN,NaN,NaN,NaN,NaN,NaN,NaN,NaN,NaN,NaN,NaN,NaN,NaN,NaN,NaN,NaN,NaN,NaN,NaN,NaN,NaN,NaN,NaN,NaN,NaN,4231,NaN,Dinamo Zagreb vs Istra 1961,ai7ai1p37qtblqc5vvt0l8fmc,2024-08-02
B. Petković,9ibfqo6hd2vre5nhkh9e2gnh1,7vyubxg6fnmwwyo2nnyhp6j5d,NaN,NaN,Substitute,NaN,Attacker,NaN,NaN,NaN,NaN,NaN,NaN,NaN,NaN,NaN,NaN,NaN,NaN,NaN,NaN,NaN,NaN,NaN,NaN,NaN,NaN,NaN,NaN,NaN,NaN,NaN,NaN,NaN,NaN,NaN,NaN,NaN,NaN,NaN,NaN,NaN,NaN,4231,NaN,Dinamo Zagreb vs Istra 1961,ai7ai1p37qtblqc5vvt0l8fmc,2024-08-02
M. Rog,8f4dnhlapwc3zd9sz7a6pb651,7vyubxg6fnmwwyo2nnyhp6j5d,NaN,NaN,Substitute,NaN,Midfielder,NaN,NaN,NaN,NaN,NaN,NaN,NaN,NaN,NaN,NaN,NaN,NaN,NaN,NaN,NaN,NaN,NaN,NaN,NaN,NaN,NaN,NaN,NaN,NaN,NaN,NaN,NaN,NaN,NaN,NaN,NaN,NaN,NaN,NaN,NaN,NaN,4231,NaN,Dinamo Zagreb vs Istra 1961,ai7ai1p37qtblqc5vvt0l8fmc,2024-08-02
L. Stojković,ataq08lvaj8i1jg5c5iqz81sk,7vyubxg6fnmwwyo2nnyhp6j5d,NaN,NaN,Substitute,NaN,Midfielder,NaN,NaN,NaN,NaN,NaN,NaN,NaN,NaN,NaN,NaN,NaN,NaN,NaN,NaN,NaN,NaN,NaN,NaN,NaN,NaN,NaN,NaN,NaN,NaN,NaN,NaN,NaN,NaN,NaN,NaN,NaN,NaN,NaN,NaN,NaN,NaN,4231,NaN,Dinamo Zagreb vs Istra 1961,ai7ai1p37qtblqc5vvt0l8fmc,2024-08-02
Raúl Torrente,bcx883fj4ra94k586139a0e8k,7vyubxg6fnmwwyo2nnyhp6j5d,NaN,NaN,Substitute,NaN,Defender,12,NaN,NaN,NaN,13,1,NaN,NaN,14,14,7,7,1,1,1,NaN,1,NaN,NaN,NaN,NaN,NaN,NaN,NaN,NaN,NaN,NaN,NaN,NaN,NaN,NaN,NaN,NaN,NaN,NaN,NaN,4231,NaN,Dinamo Zagreb vs Istra 1961,ai7ai1p37qtblqc5vvt0l8fmc,2024-08-02
L. Vrbančić,9tsa5z27vsqultqqmtglptzis,7vyubxg6fnmwwyo2nnyhp6j5d,1,NaN,Substitute,NaN,Midfielder,9,1,1,2,6,NaN,1,3,11,7,10,3,2,NaN,5,1,2,1,NaN,1,NaN,NaN,NaN,NaN,1,1,1,NaN,NaN,NaN,NaN,NaN,1,1,NaN,NaN,4231,NaN,Dinamo Zagreb vs Istra 1961,ai7ai1p37qtblqc5vvt0l8fmc,2024-08-02
D. Zagorac,8ppp2y3f4kuwad3njqdmmq76d,7vyubxg6fnmwwyo2nnyhp6j5d,NaN,NaN,Substitute,NaN,Goalkeeper,NaN,NaN,NaN,NaN,NaN,NaN,NaN,NaN,NaN,NaN,NaN,NaN,NaN,NaN,NaN,NaN,NaN,NaN,NaN,NaN,NaN,NaN,NaN,NaN,NaN,NaN,NaN,NaN,NaN,NaN,NaN,NaN,NaN,NaN,NaN,NaN,4231,NaN,Dinamo Zagreb vs Istra 1961,ai7ai1p37qtblqc5vvt0l8fmc,2024-08-02
L. Majkić,a7607gv9dvulyvfaj5whbyfl6,4l55eml592p3mmkgaa92v0xbe,NaN,NaN,Goalkeeper,Centre,NaN,5,NaN,NaN,NaN,5,1,NaN,3,9,6,90,10,NaN,3,8,NaN,NaN,NaN,NaN,NaN,NaN,NaN,NaN,NaN,NaN,NaN,NaN,NaN,NaN,NaN,NaN,NaN,NaN,NaN,NaN,NaN,433,NaN,Dinamo Zagreb vs Istra 1961,ai7ai1p37qtblqc5vvt0l8fmc,2024-08-02
I. Iovu,31l72oft24b9b1vl0lcwtgmei,4l55eml592p3mmkgaa92v0xbe,1,NaN,Defender,Left,NaN,14,NaN,4,NaN,10,4,NaN,4,18,11,90,14,3,5,7,3,4,NaN,NaN,NaN,1,1,NaN,1,NaN,NaN,NaN,NaN,NaN,NaN,NaN,NaN,NaN,NaN,NaN,NaN,433,NaN,Dinamo Zagreb vs Istra 1961,ai7ai1p37qtblqc5vvt0l8fmc,2024-08-02
D. Marešić,65aewljrlnaritfgi91zhpnmx,4l55eml592p3mmkgaa92v0xbe,6,1,Defender,Left/Centre,NaN,24,1,6,NaN,17,6,1,10,33,23,90,21,5,9,13,3,6,NaN,1,NaN,3,2,NaN,2,NaN,NaN,NaN,NaN,NaN,NaN,NaN,NaN,NaN,NaN,NaN,NaN,433,NaN,Dinamo Zagreb vs Istra 1961,ai7ai1p37qtblqc5vvt0l8fmc,2024-08-02
A. Kadušić,9wq1v55gctxpe1gb89fs5udhx,4l55eml592p3mmkgaa92v0xbe,5,NaN,Defender,Centre/Right,NaN,13,1,8,2,6,1,NaN,7,22,7,90,16,6,4,15,2,8,NaN,1,NaN,2,NaN,NaN,NaN,NaN,NaN,NaN,1,1,NaN,NaN,NaN,NaN,NaN,NaN,NaN,433,NaN,Dinamo Zagreb vs Istra 1961,ai7ai1p37qtblqc5vvt0l8fmc,2024-08-02
I. Ramić,7u3lo51moi6mqep07uya2232s,4l55eml592p3mmkgaa92v0xbe,3,NaN,Defender,Right,NaN,10,NaN,5,NaN,5,1,NaN,5,10,5,59,3,2,4,5,3,3,NaN,NaN,NaN,3,2,NaN,2,NaN,NaN,NaN,NaN,NaN,NaN,NaN,NaN,NaN,NaN,NaN,NaN,433,NaN,Dinamo Zagreb vs Istra 1961,ai7ai1p37qtblqc5vvt0l8fmc,2024-08-02
M. Vuk,8jpi00d2x13qk1x0i7aw8j71m,4l55eml592p3mmkgaa92v0xbe,3,NaN,Midfielder,Left/Centre,NaN,14,4,6,2,7,3,2,8,20,10,59,8,3,5,11,6,9,NaN,NaN,NaN,1,NaN,NaN,NaN,NaN,NaN,NaN,NaN,1,NaN,NaN,NaN,NaN,NaN,NaN,NaN,433,NaN,Dinamo Zagreb vs Istra 1961,ai7ai1p37qtblqc5vvt0l8fmc,2024-08-02
O. Petrusenko,7zr6hj3p6drolv4lvmrxopnu1,4l55eml592p3mmkgaa92v0xbe,2,NaN,Midfielder,Centre,NaN,18,NaN,3,NaN,12,2,NaN,6,22,14,90,5,NaN,2,8,2,4,NaN,NaN,NaN,NaN,1,NaN,1,NaN,NaN,NaN,NaN,NaN,NaN,NaN,NaN,1,1,NaN,NaN,433,NaN,Dinamo Zagreb vs Istra 1961,ai7ai1p37qtblqc5vvt0l8fmc,2024-08-02
S. Blagojević,3zgymvx4m08bts8cmjw0bttcl,4l55eml592p3mmkgaa92v0xbe,5,1,Midfielder,Centre/Right,NaN,24,1,6,4,19,3,1,7,32,21,90,11,5,5,13,4,9,NaN,1,NaN,2,2,NaN,2,NaN,NaN,NaN,1,NaN,NaN,NaN,1,NaN,NaN,NaN,NaN,433,NaN,Dinamo Zagreb vs Istra 1961,ai7ai1p37qtblqc5vvt0l8fmc,2024-08-02
M. Lisica,90wyta6l6mfp2aa0egoqy5nxm,4l55eml592p3mmkgaa92v0xbe,3,1,Striker,Left/Centre,NaN,10,NaN,1,2,2,1,NaN,8,16,4,72,7,1,4,13,7,10,NaN,NaN,NaN,1,NaN,1,NaN,NaN,3,NaN,NaN,2,NaN,NaN,NaN,1,1,NaN,NaN,433,NaN,Dinamo Zagreb vs Istra 1961,ai7ai1p37qtblqc5vvt0l8fmc,2024-08-02
A. Maurić,1af55z6gocxv178g6ywc8c0lw,4l55eml592p3mmkgaa92v0xbe,2,NaN,Striker,Centre,NaN,10,1,2,1,10,NaN,NaN,5,14,11,59,5,6,5,8,5,7,1,NaN,1,5,1,NaN,1,NaN,NaN,NaN,NaN,NaN,NaN,NaN,NaN,NaN,NaN,NaN,NaN,433,NaN,Dinamo Zagreb vs Istra 1961,ai7ai1p37qtblqc5vvt0l8fmc,2024-08-02
S. Lawal,6vxucvj17fyi50b1ce4k43sb8,4l55eml592p3mmkgaa92v0xbe,5,1,Striker,Centre/Right,NaN,14,5,2,3,6,1,2,8,19,7,80,4,3,3,13,4,7,1,NaN,1,1,NaN,1,NaN,1,4,1,NaN,1,NaN,NaN,NaN,1,1,1,1,433,NaN,Dinamo Zagreb vs Istra 1961,ai7ai1p37qtblqc5vvt0l8fmc,2024-08-02
D. Ahmeti,6d7dv0z12gayrj7ms96wywoic,4l55eml592p3mmkgaa92v0xbe,NaN,NaN,Substitute,NaN,Midfielder,NaN,NaN,NaN,NaN,NaN,NaN,NaN,NaN,NaN,NaN,NaN,NaN,NaN,NaN,NaN,NaN,NaN,NaN,NaN,NaN,NaN,NaN,NaN,NaN,NaN,NaN,NaN,NaN,NaN,NaN,NaN,NaN,NaN,NaN,NaN,NaN,433,NaN,Dinamo Zagreb vs Istra 1961,ai7ai1p37qtblqc5vvt0l8fmc,2024-08-02
A. Ferro,8ohoe37v8k1wex7gxsacwo2ga,4l55eml592p3mmkgaa92v0xbe,NaN,NaN,Substitute,NaN,Defender,NaN,NaN,NaN,NaN,NaN,NaN,NaN,NaN,NaN,NaN,NaN,NaN,NaN,NaN,NaN,NaN,NaN,NaN,NaN,NaN,NaN,NaN,NaN,NaN,NaN,NaN,NaN,NaN,NaN,NaN,NaN,NaN,NaN,NaN,NaN,NaN,433,NaN,Dinamo Zagreb vs Istra 1961,ai7ai1p37qtblqc5vvt0l8fmc,2024-08-02
E. Filet,5c5t927jz7ga1tns77u8i0zkk,4l55eml592p3mmkgaa92v0xbe,3,1,Substitute,NaN,Attacker,7,NaN,3,NaN,4,NaN,NaN,4,9,4,31,4,1,1,6,1,2,NaN,1,NaN,1,NaN,NaN,NaN,1,2,1,NaN,NaN,NaN,NaN,NaN,1,1,NaN,NaN,433,NaN,Dinamo Zagreb vs Istra 1961,ai7ai1p37qtblqc5vvt0l8fmc,2024-08-02
H. Jaganjac,d62k9thj6pxd560a3cgsfn1g4,4l55eml592p3mmkgaa92v0xbe,NaN,NaN,Substitute,NaN,Attacker,1,NaN,NaN,NaN,NaN,NaN,NaN,1,2,NaN,18,2,1,1,2,NaN,1,NaN,NaN,NaN,1,1,NaN,1,NaN,NaN,NaN,NaN,NaN,NaN,NaN,NaN,NaN,NaN,NaN,NaN,433,NaN,Dinamo Zagreb vs Istra 1961,ai7ai1p37qtblqc5vvt0l8fmc,2024-08-02
N. Kocijančić,2mzdsn9o4g1xiezvhhqchak9g,4l55eml592p3mmkgaa92v0xbe,NaN,NaN,Substitute,NaN,Defender,NaN,NaN,NaN,NaN,NaN,NaN,NaN,NaN,NaN,NaN,NaN,NaN,NaN,NaN,NaN,NaN,NaN,NaN,NaN,NaN,NaN,NaN,NaN,NaN,NaN,NaN,NaN,NaN,NaN,NaN,NaN,NaN,NaN,NaN,NaN,NaN,433,NaN,Dinamo Zagreb vs Istra 1961,ai7ai1p37qtblqc5vvt0l8fmc,2024-08-02
V. Koski,5ol17485ecah0trdmkw3byqne,4l55eml592p3mmkgaa92v0xbe,2,NaN,Substitute,NaN,Defender,3,1,NaN,NaN,3,1,NaN,NaN,3,3,10,NaN,NaN,1,NaN,NaN,NaN,NaN,NaN,NaN,NaN,1,NaN,1,NaN,NaN,NaN,NaN,NaN,NaN,NaN,NaN,NaN,NaN,NaN,NaN,433,NaN,Dinamo Zagreb vs Istra 1961,ai7ai1p37qtblqc5vvt0l8fmc,2024-08-02
E. Krivičić,879meisx6s1o06tfgbc1t3d3o,4l55eml592p3mmkgaa92v0xbe,NaN,NaN,Substitute,NaN,Midfielder,NaN,NaN,NaN,NaN,NaN,NaN,NaN,NaN,NaN,NaN,NaN,NaN,NaN,NaN,NaN,NaN,NaN,NaN,NaN,NaN,NaN,NaN,NaN,NaN,NaN,NaN,NaN,NaN,NaN,NaN,NaN,NaN,NaN,NaN,NaN,NaN,433,NaN,Dinamo Zagreb vs Istra 1961,ai7ai1p37qtblqc5vvt0l8fmc,2024-08-02
J. Paus-Kunšt,9sn23ki81kwmjual0ubz0bgus,4l55eml592p3mmkgaa92v0xbe,NaN,NaN,Substitute,NaN,Goalkeeper,NaN,NaN,NaN,NaN,NaN,NaN,NaN,NaN,NaN,NaN,NaN,NaN,NaN,NaN,NaN,NaN,NaN,NaN,NaN,NaN,NaN,NaN,NaN,NaN,NaN,NaN,NaN,NaN,NaN,NaN,NaN,NaN,NaN,NaN,NaN,NaN,433,NaN,Dinamo Zagreb vs Istra 1961,ai7ai1p37qtblqc5vvt0l8fmc,2024-08-02
L. Tomić,4oti69sl0d3lj71mn3odxvitw,4l55eml592p3mmkgaa92v0xbe,NaN,NaN,Substitute,NaN,Defender,NaN,NaN,NaN,NaN,NaN,NaN,NaN,NaN,NaN,NaN,NaN,NaN,NaN,NaN,NaN,NaN,NaN,NaN,NaN,NaN,NaN,NaN,NaN,NaN,NaN,NaN,NaN,NaN,NaN,NaN,NaN,NaN,NaN,NaN,NaN,NaN,433,NaN,Dinamo Zagreb vs Istra 1961,ai7ai1p37qtblqc5vvt0l8fmc,2024-08-02
M. Valinčić,36vtsnz3ifmeyi6m1katae5pm,4l55eml592p3mmkgaa92v0xbe,2,NaN,Substitute,NaN,Defender,10,NaN,1,1,7,NaN,NaN,3,13,7,31,6,1,NaN,6,NaN,1,NaN,NaN,NaN,NaN,3,NaN,3,NaN,NaN,NaN,NaN,NaN,NaN,NaN,NaN,NaN,NaN,NaN,NaN,433,NaN,Dinamo Zagreb vs Istra 1961,ai7ai1p37qtblqc5vvt0l8fmc,2024-08-02
I. Ćalušić,7xcsfz3nobwwefpma0wq0qkiy,4l55eml592p3mmkgaa92v0xbe,1,NaN,Substitute,NaN,Defender,10,1,1,NaN,6,NaN,1,6,12,7,31,4,1,NaN,7,3,3,NaN,NaN,NaN,NaN,1,NaN,1,NaN,NaN,NaN,NaN,NaN,NaN,NaN,NaN,2,2,NaN,NaN,433,NaN,Dinamo Zagreb vs Istra 1961,ai7ai1p37qtblqc5vvt0l8fmc,2024-08-02
M. Ćorić,8opxajyzvx2en8oor0biz6jth,4l55eml592p3mmkgaa92v0xbe,NaN,NaN,Substitute,NaN,Goalkeeper,NaN,NaN,NaN,NaN,NaN,NaN,NaN,NaN,NaN,NaN,NaN,NaN,NaN,NaN,NaN,NaN,NaN,NaN,NaN,NaN,NaN,NaN,NaN,NaN,NaN,NaN,NaN,NaN,NaN,NaN,NaN,NaN,NaN,NaN,NaN,NaN,433,NaN,Dinamo Zagreb vs Istra 1961,ai7ai1p37qtblqc5vvt0l8fmc,2024-08-02
B. Radošević,b9guj6lkzq24gtg3me7m43aol,2lxdu85eno8hnzkzinx44wvjt,NaN,NaN,Goalkeeper,Centre,NaN,16,NaN,1,1,23,1,NaN,3,19,24,90,21,1,10,7,NaN,1,NaN,NaN,NaN,NaN,NaN,NaN,NaN,NaN,NaN,NaN,,NaN,NaN,,,NaN,NaN,,,4141,,HNK Gorica vs Varaždin,ainh23c0g1d95mmgyjd2df3tg,2024-08-03
D. Štiglec,dcqgc791jg5m9ona6uipxu76d,2lxdu85eno8hnzkzinx44wvjt,3,1,Defender,Left,NaN,21,NaN,1,3,11,3,NaN,10,35,15,90,15,8,4,26,7,15,NaN,NaN,NaN,1,3,6,3,NaN,2,NaN,,NaN,NaN,,,NaN,NaN,,,4141,,HNK Gorica vs Varaždin,ainh23c0g1d95mmgyjd2df3tg,2024-08-03
M. Leš,5r73kuy4vdv1epvmzrhb6nskq,2lxdu85eno8hnzkzinx44wvjt,3,1,Defender,Left/Centre,NaN,79,NaN,3,NaN,55,1,NaN,24,82,57,90,35,4,2,25,3,4,NaN,2,NaN,1,3,NaN,3,NaN,NaN,NaN,,NaN,NaN,,,NaN,NaN,,,4141,,HNK Gorica vs Varaždin,ainh23c0g1d95mmgyjd2df3tg,2024-08-03
M. Maloča,dcwscraf84m3ktjug7itfuwut,2lxdu85eno8hnzkzinx44wvjt,5,3,Defender,Centre/Right,NaN,61,NaN,2,NaN,45,3,NaN,20,66,47,90,24,3,6,23,2,3,NaN,2,NaN,3,1,NaN,1,NaN,1,1,,NaN,NaN,,,NaN,NaN,,,4141,,HNK Gorica vs Varaždin,ainh23c0g1d95mmgyjd2df3tg,2024-08-03
D. Mikanović,cn0bkahc8qyvnp7l6i75czemt,2lxdu85eno8hnzkzinx44wvjt,1,NaN,Defender,Right,NaN,4,NaN,1,2,2,NaN,NaN,2,5,2,22,2,1,1,4,2,2,NaN,1,NaN,1,1,1,1,NaN,NaN,NaN,,NaN,NaN,,,NaN,NaN,,,4141,,HNK Gorica vs Varaždin,ainh23c0g1d95mmgyjd2df3tg,2024-08-03
J. Pršir,8nlphjo32zk03s0f96kbx1lnt,2lxdu85eno8hnzkzinx44wvjt,7,2,Defensive Midfielder,Centre,NaN,58,1,8,7,36,NaN,NaN,26,62,37,90,23,11,4,34,8,12,NaN,NaN,1,4,1,2,1,NaN,NaN,NaN,,NaN,1,,,5,5,,,4141,,HNK Gorica vs Varaždin,ainh23c0g1d95mmgyjd2df3tg,2024-08-03
T. Majić,32d9uqfhzw9k6np9qswdmsy6s,2lxdu85eno8hnzkzinx44wvjt,5,2,Midfielder,Left,NaN,4,3,3,NaN,1,NaN,NaN,3,4,1,45,NaN,NaN,NaN,3,NaN,NaN,NaN,1,NaN,NaN,NaN,NaN,NaN,NaN,NaN,NaN,,NaN,NaN,,,NaN,NaN,,,4141,,HNK Gorica vs Varaždin,ainh23c0g1d95mmgyjd2df3tg,2024-08-03
V. Skrbin,c934pf5w0mfnj2wxdz0q9q9zo,2lxdu85eno8hnzkzinx44wvjt,3,1,Midfielder,Left/Centre,NaN,18,1,1,NaN,11,2,NaN,7,26,12,77,5,5,5,14,6,11,NaN,1,NaN,2,NaN,NaN,NaN,NaN,2,NaN,,1,NaN,,,2,2,,,4141,,HNK Gorica vs Varaždin,ainh23c0g1d95mmgyjd2df3tg,2024-08-03
L. Kapulica,cbxju36whh2f6gnbzsy5jaj2s,2lxdu85eno8hnzkzinx44wvjt,4,1,Midfielder,Centre/Right,NaN,30,4,5,1,24,1,3,7,34,25,62,6,3,2,10,3,6,NaN,1,NaN,1,1,NaN,1,NaN,NaN,NaN,,NaN,NaN,,,4,3,,,4141,,HNK Gorica vs Varaždin,ainh23c0g1d95mmgyjd2df3tg,2024-08-03
M. Šlogar,cz2zvjbgkbzlot81506v2fka2,2lxdu85eno8hnzkzinx44wvjt,9,2,Midfielder,Right,NaN,4,3,5,1,NaN,NaN,1,6,6,NaN,62,3,2,NaN,8,2,4,NaN,2,NaN,NaN,NaN,2,NaN,1,2,NaN,,NaN,2,,,NaN,NaN,,,4141,,HNK Gorica vs Varaždin,ainh23c0g1d95mmgyjd2df3tg,2024-08-03
M. Kolar,2g5bstn2kn7odbwe8it84texh,2lxdu85eno8hnzkzinx44wvjt,4,NaN,Striker,Centre,NaN,13,1,5,NaN,3,NaN,NaN,11,16,4,90,2,2,NaN,13,6,6,1,3,1,NaN,1,NaN,1,NaN,5,1,,NaN,NaN,,,2,2,,,4141,,HNK Gorica vs Varaždin,ainh23c0g1d95mmgyjd2df3tg,2024-08-03
I. Banić,9475n76yyu3sg1rev5t91d979,2lxdu85eno8hnzkzinx44wvjt,NaN,NaN,Substitute,NaN,Goalkeeper,NaN,NaN,NaN,NaN,NaN,NaN,NaN,NaN,NaN,NaN,NaN,NaN,NaN,NaN,NaN,NaN,NaN,NaN,NaN,NaN,NaN,NaN,NaN,NaN,NaN,NaN,NaN,,NaN,NaN,,,NaN,NaN,,,4141,,HNK Gorica vs Varaždin,ainh23c0g1d95mmgyjd2df3tg,2024-08-03
J. Gurlica,5flzo34gylxzbhhrbfopzn66s,2lxdu85eno8hnzkzinx44wvjt,NaN,NaN,Substitute,NaN,Defender,NaN,NaN,NaN,NaN,NaN,NaN,NaN,NaN,NaN,NaN,NaN,NaN,NaN,NaN,NaN,NaN,NaN,NaN,NaN,NaN,NaN,NaN,NaN,NaN,NaN,NaN,NaN,,NaN,NaN,,,NaN,NaN,,,4141,,HNK Gorica vs Varaždin,ainh23c0g1d95mmgyjd2df3tg,2024-08-03
A. Jurič,es8ytjnblakzt8ylo2lvbzdhw,2lxdu85eno8hnzkzinx44wvjt,4,2,Substitute,NaN,Attacker,11,NaN,2,NaN,5,2,NaN,6,18,7,45,4,2,3,11,2,5,NaN,1,NaN,1,NaN,NaN,NaN,NaN,3,NaN,,NaN,NaN,,,2,NaN,,,4141,,HNK Gorica vs Varaždin,ainh23c0g1d95mmgyjd2df3tg,2024-08-03
K. Krizmanić,ewlscrjtkjzbw4ki7sj0pkley,2lxdu85eno8hnzkzinx44wvjt,3,NaN,Substitute,NaN,Defender,35,NaN,3,3,22,2,NaN,13,44,25,68,15,7,4,19,5,10,NaN,NaN,NaN,2,NaN,NaN,NaN,NaN,NaN,NaN,,NaN,NaN,,,NaN,NaN,,,4141,,HNK Gorica vs Varaždin,ainh23c0g1d95mmgyjd2df3tg,2024-08-03
A. Lazarov,mlpu1pokq418r882x84gv6ga,2lxdu85eno8hnzkzinx44wvjt,NaN,NaN,Substitute,NaN,Midfielder,4,NaN,3,NaN,3,NaN,NaN,1,5,4,13,1,1,NaN,1,1,1,NaN,NaN,NaN,NaN,NaN,NaN,NaN,NaN,NaN,NaN,,NaN,NaN,,,NaN,NaN,,,4141,,HNK Gorica vs Varaždin,ainh23c0g1d95mmgyjd2df3tg,2024-08-03
V. Majstorović,ai6bc01pud41xlpoz4100f7px,2lxdu85eno8hnzkzinx44wvjt,1,1,Substitute,NaN,Midfielder,9,1,4,1,4,NaN,1,5,12,4,28,1,1,1,9,3,6,1,1,1,1,NaN,1,NaN,1,2,1,,NaN,NaN,,,NaN,NaN,,,4141,,HNK Gorica vs Varaždin,ainh23c0g1d95mmgyjd2df3tg,2024-08-03
M. Matković,abnlg0s99hdankvo1xpcxstn8,2lxdu85eno8hnzkzinx44wvjt,NaN,NaN,Substitute,NaN,Defender,NaN,NaN,NaN,NaN,NaN,NaN,NaN,NaN,NaN,NaN,NaN,NaN,NaN,NaN,NaN,NaN,NaN,NaN,NaN,NaN,NaN,NaN,NaN,NaN,NaN,NaN,NaN,,NaN,NaN,,,NaN,NaN,,,4141,,HNK Gorica vs Varaždin,ainh23c0g1d95mmgyjd2df3tg,2024-08-03
M. Ndockyt,60t68exghgypvg8ez3aa06wa1,2lxdu85eno8hnzkzinx44wvjt,1,NaN,Substitute,NaN,Midfielder,11,2,1,1,3,1,1,8,14,3,28,6,5,2,11,6,7,NaN,NaN,NaN,1,1,NaN,1,1,1,NaN,,NaN,NaN,,,NaN,NaN,,,4141,,HNK Gorica vs Varaždin,ainh23c0g1d95mmgyjd2df3tg,2024-08-03
A. Sušak,ctnoadhr24tqxa8ciqyq5y784,2lxdu85eno8hnzkzinx44wvjt,NaN,NaN,Substitute,NaN,Defender,NaN,NaN,NaN,NaN,NaN,NaN,NaN,NaN,NaN,NaN,NaN,NaN,NaN,NaN,NaN,NaN,NaN,NaN,NaN,NaN,NaN,NaN,NaN,NaN,NaN,NaN,NaN,,NaN,NaN,,,NaN,NaN,,,4141,,HNK Gorica vs Varaždin,ainh23c0g1d95mmgyjd2df3tg,2024-08-03
L. Vrzić,7zl4by24ezs8qi00b9erqe1p0,2lxdu85eno8hnzkzinx44wvjt,NaN,NaN,Substitute,NaN,Midfielder,NaN,NaN,NaN,NaN,NaN,NaN,NaN,NaN,NaN,NaN,NaN,NaN,NaN,NaN,NaN,NaN,NaN,NaN,NaN,NaN,NaN,NaN,NaN,NaN,NaN,NaN,NaN,,NaN,NaN,,,NaN,NaN,,,4141,,HNK Gorica vs Varaždin,ainh23c0g1d95mmgyjd2df3tg,2024-08-03
V. Čaić,dtr4cnzrkqe46rtqhq4l7a2hg,2lxdu85eno8hnzkzinx44wvjt,NaN,NaN,Substitute,NaN,Midfielder,NaN,NaN,NaN,NaN,NaN,NaN,NaN,NaN,NaN,NaN,NaN,NaN,NaN,NaN,NaN,NaN,NaN,NaN,NaN,NaN,NaN,NaN,NaN,NaN,NaN,NaN,NaN,,NaN,NaN,,,NaN,NaN,,,4141,,HNK Gorica vs Varaždin,ainh23c0g1d95mmgyjd2df3tg,2024-08-03
K. Žiger,abjhgtth3syehydrxpmnuzlnu,2lxdu85eno8hnzkzinx44wvjt,NaN,NaN,Substitute,NaN,Goalkeeper,NaN,NaN,NaN,NaN,NaN,NaN,NaN,NaN,NaN,NaN,NaN,NaN,NaN,NaN,NaN,NaN,NaN,NaN,NaN,NaN,NaN,NaN,NaN,NaN,NaN,NaN,NaN,,NaN,NaN,,,NaN,NaN,,,4141,,HNK Gorica vs Varaždin,ainh23c0g1d95mmgyjd2df3tg,2024-08-03
O. Zelenika,5o9nt5yvnq3gysawy4o1fvcnp,auws85cw488audeo1rdgbvs2z,NaN,NaN,Goalkeeper,Centre,NaN,28,NaN,NaN,NaN,31,2,NaN,2,30,33,90,11,NaN,4,2,NaN,NaN,NaN,NaN,NaN,NaN,NaN,NaN,NaN,NaN,NaN,NaN,,NaN,NaN,,,NaN,NaN,,,433,,HNK Gorica vs Varaždin,ainh23c0g1d95mmgyjd2df3tg,2024-08-03
A. Boršić,ess0wq08u7zj6d1hk70btrlyh,auws85cw488audeo1rdgbvs2z,6,1,Defender,Left,NaN,43,NaN,3,5,29,5,NaN,17,58,37,90,25,9,5,26,7,14,2,2,2,NaN,2,2,2,NaN,3,1,,NaN,NaN,,,NaN,NaN,,,433,,HNK Gorica vs Varaždin,ainh23c0g1d95mmgyjd2df3tg,2024-08-03
L. Ba,447rl50fu3zl5y0opdoh7x7u1,auws85cw488audeo1rdgbvs2z,6,5,Defender,Left/Centre,NaN,59,NaN,6,NaN,50,5,NaN,13,65,53,90,23,2,8,16,2,2,NaN,2,NaN,3,1,NaN,1,1,1,1,,NaN,NaN,,,NaN,NaN,,,433,,HNK Gorica vs Varaždin,ainh23c0g1d95mmgyjd2df3tg,2024-08-03
I. Nekić,eswroj7hvnu9po0ni9i6820vd,auws85cw488audeo1rdgbvs2z,2,1,Defender,Centre/Right,NaN,62,NaN,4,2,47,3,NaN,15,71,49,90,26,8,4,22,3,8,NaN,2,NaN,1,1,NaN,1,NaN,1,1,,NaN,NaN,,,NaN,NaN,,,433,,HNK Gorica vs Varaždin,ainh23c0g1d95mmgyjd2df3tg,2024-08-03
L. Škaričić,2yygrlriw07gb0grwhoxasn6y,auws85cw488audeo1rdgbvs2z,3,NaN,Defender,Right,NaN,20,1,7,5,14,NaN,1,9,29,17,90,9,4,NaN,18,7,11,2,4,2,NaN,1,4,1,NaN,1,NaN,,NaN,1,,,NaN,NaN,,,433,,HNK Gorica vs Varaždin,ainh23c0g1d95mmgyjd2df3tg,2024-08-03
K. Lusavec,dfxs5u8rdcxhzp33aks3acdn8,auws85cw488audeo1rdgbvs2z,1,NaN,Midfielder,Left/Centre,NaN,24,NaN,4,NaN,15,3,NaN,10,27,15,90,9,7,6,13,7,9,NaN,2,NaN,2,NaN,NaN,NaN,NaN,NaN,NaN,,1,NaN,,,NaN,NaN,,,433,,HNK Gorica vs Varaždin,ainh23c0g1d95mmgyjd2df3tg,2024-08-03
M. Marina,6ggbuzuqo67ypsg3x4l0dvh05,auws85cw488audeo1rdgbvs2z,6,2,Midfielder,Centre,NaN,24,1,4,NaN,12,NaN,NaN,13,32,13,90,14,9,4,20,6,12,1,NaN,1,3,2,NaN,2,NaN,1,NaN,,1,NaN,,,NaN,NaN,,,433,,HNK Gorica vs Varaždin,ainh23c0g1d95mmgyjd2df3tg,2024-08-03
L. Belcar,9wdn6hgrn4rwuch3jy34u7y1g,auws85cw488audeo1rdgbvs2z,1,NaN,Midfielder,Centre/Right,NaN,12,NaN,3,NaN,8,NaN,NaN,5,13,8,45,2,2,1,6,2,2,NaN,2,NaN,1,NaN,NaN,NaN,NaN,NaN,NaN,,NaN,NaN,,,1,1,,,433,,HNK Gorica vs Varaždin,ainh23c0g1d95mmgyjd2df3tg,2024-08-03
M. Šego,b3fw2tlu6lbj5o6r5vvxakgyx,auws85cw488audeo1rdgbvs2z,5,2,Striker,Left/Centre,NaN,17,3,5,3,11,2,1,8,21,13,80,7,1,3,13,2,2,2,1,3,1,NaN,2,NaN,4,5,3,,NaN,NaN,,,2,2,,,433,,HNK Gorica vs Varaždin,ainh23c0g1d95mmgyjd2df3tg,2024-08-03
M. Dabro,cheiwyrrrla3msdtkh82o9iad,auws85cw488audeo1rdgbvs2z,6,3,Striker,Centre,NaN,4,3,5,NaN,2,NaN,2,2,5,2,88,NaN,NaN,1,3,NaN,1,NaN,1,NaN,NaN,NaN,NaN,NaN,5,6,3,,1,NaN,,,2,2,,,433,,HNK Gorica vs Varaždin,ainh23c0g1d95mmgyjd2df3tg,2024-08-03
D. Mitrovski,cjnsolkuk4hclhswqjuxzky5l,auws85cw488audeo1rdgbvs2z,5,1,Striker,Centre/Right,NaN,22,4,5,7,9,1,3,17,31,11,90,6,7,5,28,13,20,2,NaN,3,3,2,2,2,4,6,3,,1,NaN,,,NaN,NaN,,,433,,HNK Gorica vs Varaždin,ainh23c0g1d95mmgyjd2df3tg,2024-08-03
N. Domjanić,7vfhy7s40ldjo8tyzdgwons44,auws85cw488audeo1rdgbvs2z,NaN,NaN,Substitute,NaN,Attacker,NaN,NaN,NaN,NaN,NaN,NaN,NaN,NaN,NaN,NaN,NaN,NaN,NaN,NaN,NaN,NaN,NaN,NaN,NaN,NaN,NaN,NaN,NaN,NaN,NaN,NaN,NaN,,NaN,NaN,,,NaN,NaN,,,433,,HNK Gorica vs Varaždin,ainh23c0g1d95mmgyjd2df3tg,2024-08-03
T. Duvnjak,2f5biho1yp7savanyjzmyjvxm,auws85cw488audeo1rdgbvs2z,NaN,NaN,Substitute,NaN,Midfielder,NaN,NaN,NaN,NaN,NaN,NaN,NaN,NaN,NaN,NaN,NaN,NaN,NaN,NaN,NaN,NaN,NaN,NaN,NaN,NaN,NaN,NaN,NaN,NaN,NaN,NaN,NaN,,NaN,NaN,,,NaN,NaN,,,433,,HNK Gorica vs Varaždin,ainh23c0g1d95mmgyjd2df3tg,2024-08-03
V. Jovanov,49o5gdbx96m58s2eo1y2sen6x,auws85cw488audeo1rdgbvs2z,1,NaN,Substitute,NaN,Defender,1,1,NaN,1,NaN,NaN,NaN,1,1,NaN,2,1,2,NaN,1,1,1,NaN,NaN,NaN,NaN,NaN,NaN,NaN,NaN,NaN,NaN,,NaN,NaN,,,NaN,NaN,,,433,,HNK Gorica vs Varaždin,ainh23c0g1d95mmgyjd2df3tg,2024-08-03
S. Lesjak,6yq4l6wumd5las5068n6jc00k,auws85cw488audeo1rdgbvs2z,NaN,NaN,Substitute,NaN,Midfielder,NaN,NaN,NaN,NaN,NaN,NaN,NaN,NaN,NaN,NaN,NaN,NaN,NaN,NaN,NaN,NaN,NaN,NaN,NaN,NaN,NaN,NaN,NaN,NaN,NaN,NaN,NaN,,NaN,NaN,,,NaN,NaN,,,433,,HNK Gorica vs Varaždin,ainh23c0g1d95mmgyjd2df3tg,2024-08-03
F. Maglica,8xwrl6e5dru4974kdgj5la8yd,auws85cw488audeo1rdgbvs2z,NaN,NaN,Substitute,NaN,Defender,NaN,NaN,NaN,NaN,NaN,NaN,NaN,NaN,NaN,NaN,NaN,NaN,NaN,NaN,NaN,NaN,NaN,NaN,NaN,NaN,NaN,NaN,NaN,NaN,NaN,NaN,NaN,,NaN,NaN,,,NaN,NaN,,,433,,HNK Gorica vs Varaždin,ainh23c0g1d95mmgyjd2df3tg,2024-08-03
D. Mamic,lhvnqgf0w8rvwal8hm60y51w,auws85cw488audeo1rdgbvs2z,NaN,NaN,Substitute,NaN,Goalkeeper,NaN,NaN,NaN,NaN,NaN,NaN,NaN,NaN,NaN,NaN,NaN,NaN,NaN,NaN,NaN,NaN,NaN,NaN,NaN,NaN,NaN,NaN,NaN,NaN,NaN,NaN,NaN,,NaN,NaN,,,NaN,NaN,,,433,,HNK Gorica vs Varaždin,ainh23c0g1d95mmgyjd2df3tg,2024-08-03
D. Mistrafović,3hax3hy9n2wyp1ovvhd6zdk6i,auws85cw488audeo1rdgbvs2z,NaN,NaN,Substitute,NaN,Midfielder,NaN,NaN,NaN,NaN,NaN,NaN,NaN,NaN,NaN,NaN,NaN,NaN,NaN,NaN,NaN,NaN,NaN,NaN,NaN,NaN,NaN,NaN,NaN,NaN,NaN,NaN,NaN,,NaN,NaN,,,NaN,NaN,,,433,,HNK Gorica vs Varaždin,ainh23c0g1d95mmgyjd2df3tg,2024-08-03
M. Mladenovski,61cd0gl2g5br1vwjcxd0ru8oa,auws85cw488audeo1rdgbvs2z,NaN,NaN,Substitute,NaN,Defender,NaN,NaN,NaN,NaN,NaN,NaN,NaN,NaN,NaN,NaN,NaN,NaN,NaN,NaN,NaN,NaN,NaN,NaN,NaN,NaN,NaN,NaN,NaN,NaN,NaN,NaN,NaN,,NaN,NaN,,,NaN,NaN,,,433,,HNK Gorica vs Varaždin,ainh23c0g1d95mmgyjd2df3tg,2024-08-03
T. Nevers,bw8pvkm187tw573dw4bb3w8kq,auws85cw488audeo1rdgbvs2z,4,NaN,Substitute,NaN,Attacker,11,5,6,1,4,1,2,7,13,5,45,1,1,1,9,3,4,1,NaN,1,NaN,NaN,1,NaN,NaN,2,1,,NaN,NaN,,,NaN,NaN,,,433,,HNK Gorica vs Varaždin,ainh23c0g1d95mmgyjd2df3tg,2024-08-03
J. Poldrugač,11b4b568ukvz1wv00vzafxf8q,auws85cw488audeo1rdgbvs2z,2,NaN,Substitute,NaN,Attacker,1,2,1,2,NaN,NaN,NaN,1,3,NaN,10,NaN,NaN,NaN,4,1,2,NaN,NaN,NaN,NaN,NaN,1,NaN,NaN,1,1,,NaN,NaN,,,1,1,,,433,,HNK Gorica vs Varaždin,ainh23c0g1d95mmgyjd2df3tg,2024-08-03
J. Silić,ahaopr383evss9m591d4u1ilm,auws85cw488audeo1rdgbvs2z,NaN,NaN,Substitute,NaN,Goalkeeper,NaN,NaN,NaN,NaN,NaN,NaN,NaN,NaN,NaN,NaN,NaN,NaN,NaN,NaN,NaN,NaN,NaN,NaN,NaN,NaN,NaN,NaN,NaN,NaN,NaN,NaN,NaN,,NaN,NaN,,,NaN,NaN,,,433,,HNK Gorica vs Varaždin,ainh23c0g1d95mmgyjd2df3tg,2024-08-03
N. Tepšić,dc8ijwgfbwjg7y85l94tbjcpg,auws85cw488audeo1rdgbvs2z,NaN,NaN,Substitute,NaN,Defender,NaN,NaN,NaN,NaN,NaN,NaN,NaN,NaN,NaN,NaN,NaN,NaN,NaN,NaN,NaN,NaN,NaN,NaN,NaN,NaN,NaN,NaN,NaN,NaN,NaN,NaN,NaN,,NaN,NaN,,,NaN,NaN,,,433,,HNK Gorica vs Varaždin,ainh23c0g1d95mmgyjd2df3tg,2024-08-03
J. Posavec,5sh5t0j4c7wfs2j4tv4jdg7v9,1ej3fkeq5d7359enihddsxzae,NaN,NaN,Goalkeeper,Centre,NaN,13,NaN,NaN,NaN,22,2,NaN,5,17,27,90,18,3,10,9,2,3,NaN,NaN,NaN,NaN,NaN,NaN,NaN,NaN,NaN,NaN,NaN,NaN,NaN,NaN,NaN,NaN,NaN,NaN,NaN,4141,NaN,Rijeka vs Lokomotiva Zagreb,aj3q7ax8vcu2lh2rvr4qdb5lg,2024-08-04
B. Bogojević,6xfee6dqsjz1p0v3al6o3rtgp,1ej3fkeq5d7359enihddsxzae,4,2,Defender,Left,NaN,18,NaN,5,2,10,1,NaN,8,24,13,90,11,4,3,13,4,6,1,1,2,2,3,2,3,1,1,NaN,NaN,NaN,NaN,1,NaN,NaN,NaN,1,NaN,4141,NaN,Rijeka vs Lokomotiva Zagreb,aj3q7ax8vcu2lh2rvr4qdb5lg,2024-08-04
S. Radeljić,9jz0dmpw8lnorss1a4qbfanl5,1ej3fkeq5d7359enihddsxzae,2,1,Defender,Left/Centre,NaN,31,NaN,3,3,24,6,NaN,8,43,28,90,21,9,7,16,3,9,NaN,3,NaN,1,1,NaN,1,NaN,NaN,NaN,NaN,NaN,NaN,NaN,NaN,NaN,NaN,NaN,NaN,4141,NaN,Rijeka vs Lokomotiva Zagreb,aj3q7ax8vcu2lh2rvr4qdb5lg,2024-08-04
N. Galešić,aa39qmdltst984nw5q0pr8j8q,1ej3fkeq5d7359enihddsxzae,NaN,NaN,Defender,Centre/Right,NaN,32,NaN,3,1,28,3,NaN,5,39,33,90,10,4,5,7,3,4,NaN,NaN,NaN,2,1,NaN,1,NaN,NaN,NaN,1,NaN,NaN,NaN,1,NaN,NaN,NaN,NaN,4141,NaN,Rijeka vs Lokomotiva Zagreb,aj3q7ax8vcu2lh2rvr4qdb5lg,2024-08-04
I. Smolčić,94qw1jp87gqyvae89n11z05ey,1ej3fkeq5d7359enihddsxzae,2,NaN,Defender,Right,NaN,21,NaN,6,6,15,6,NaN,8,40,24,90,29,11,7,19,6,14,2,2,2,NaN,2,1,2,NaN,2,NaN,NaN,1,1,NaN,NaN,NaN,NaN,NaN,NaN,4141,NaN,Rijeka vs Lokomotiva Zagreb,aj3q7ax8vcu2lh2rvr4qdb5lg,2024-08-04
L. Selahi,4ao81gb9391cj85udgyfyg38q,1ej3fkeq5d7359enihddsxzae,NaN,NaN,Defensive Midfielder,Centre,NaN,18,NaN,1,1,11,2,NaN,7,23,12,63,12,4,5,12,5,5,NaN,1,NaN,3,NaN,1,NaN,1,NaN,NaN,NaN,NaN,NaN,NaN,NaN,1,1,NaN,NaN,4141,NaN,Rijeka vs Lokomotiva Zagreb,aj3q7ax8vcu2lh2rvr4qdb5lg,2024-08-04
N. Janković,4ag3shqnvofzt7j0ze0ltekx6,1ej3fkeq5d7359enihddsxzae,4,4,Midfielder,Left,NaN,17,1,5,3,4,1,1,14,20,5,74,9,1,3,17,9,10,2,NaN,2,1,NaN,1,NaN,1,2,NaN,NaN,1,NaN,NaN,NaN,NaN,NaN,NaN,NaN,4141,NaN,Rijeka vs Lokomotiva Zagreb,aj3q7ax8vcu2lh2rvr4qdb5lg,2024-08-04
T. Fruk,6vlk7n6m7g38n5wa5zuvbsbxm,1ej3fkeq5d7359enihddsxzae,4,NaN,Midfielder,Left/Centre,NaN,11,NaN,2,2,2,NaN,NaN,10,16,3,63,10,6,4,15,6,9,2,1,3,3,1,1,1,2,1,1,NaN,1,NaN,NaN,NaN,NaN,NaN,1,NaN,4141,1,Rijeka vs Lokomotiva Zagreb,aj3q7ax8vcu2lh2rvr4qdb5lg,2024-08-04
D. Petrovič,7bp6bd64tdvt0r3osm26qxtcl,1ej3fkeq5d7359enihddsxzae,2,NaN,Midfielder,Centre/Right,NaN,13,NaN,3,1,11,1,NaN,3,21,13,90,7,3,3,9,1,4,NaN,1,NaN,2,3,NaN,3,NaN,NaN,NaN,NaN,NaN,NaN,NaN,NaN,NaN,NaN,NaN,NaN,4141,NaN,Rijeka vs Lokomotiva Zagreb,aj3q7ax8vcu2lh2rvr4qdb5lg,2024-08-04
Marco Pašalić,71w4o1g2v04rp4l4j0dygnre2,1ej3fkeq5d7359enihddsxzae,1,NaN,Midfielder,Right,NaN,12,3,5,3,1,NaN,2,12,15,1,73,3,6,1,18,8,11,NaN,NaN,NaN,1,1,2,1,3,4,2,NaN,NaN,NaN,NaN,NaN,NaN,NaN,1,1,4141,NaN,Rijeka vs Lokomotiva Zagreb,aj3q7ax8vcu2lh2rvr4qdb5lg,2024-08-04
F. Ivanović,amuqk3xvo87ppk7fz39cg0pre,1ej3fkeq5d7359enihddsxzae,5,NaN,Striker,Centre,NaN,7,5,6,NaN,4,NaN,3,4,11,6,85,2,1,2,6,2,4,NaN,1,1,1,1,NaN,1,8,16,8,NaN,1,NaN,NaN,NaN,NaN,NaN,2,2,4141,1,Rijeka vs Lokomotiva Zagreb,aj3q7ax8vcu2lh2rvr4qdb5lg,2024-08-04
A. Babić,9rsdkjn16mbp3eacqgkk1xtsk,1ej3fkeq5d7359enihddsxzae,NaN,NaN,Substitute,NaN,Midfielder,NaN,NaN,NaN,NaN,NaN,NaN,NaN,NaN,NaN,NaN,NaN,NaN,NaN,NaN,NaN,NaN,NaN,NaN,NaN,NaN,NaN,NaN,NaN,NaN,NaN,NaN,NaN,NaN,NaN,NaN,NaN,NaN,NaN,NaN,NaN,NaN,4141,NaN,Rijeka vs Lokomotiva Zagreb,aj3q7ax8vcu2lh2rvr4qdb5lg,2024-08-04
B. Burčul,ch2r55ue6l0xp5c00rhwah3is,1ej3fkeq5d7359enihddsxzae,NaN,NaN,Substitute,NaN,Defender,NaN,NaN,NaN,NaN,NaN,NaN,NaN,NaN,NaN,NaN,NaN,NaN,NaN,NaN,NaN,NaN,NaN,NaN,NaN,NaN,NaN,NaN,NaN,NaN,NaN,NaN,NaN,NaN,NaN,NaN,NaN,NaN,NaN,NaN,NaN,NaN,4141,NaN,Rijeka vs Lokomotiva Zagreb,aj3q7ax8vcu2lh2rvr4qdb5lg,2024-08-04
Š. Butić,4qc4nurxsbudqmjbzr9dnq80k,1ej3fkeq5d7359enihddsxzae,1,NaN,Substitute,NaN,Midfielder,1,NaN,1,NaN,NaN,NaN,NaN,1,2,NaN,17,NaN,NaN,NaN,2,1,2,NaN,NaN,NaN,NaN,NaN,NaN,NaN,1,3,1,NaN,NaN,NaN,NaN,NaN,NaN,NaN,NaN,NaN,4141,1,Rijeka vs Lokomotiva Zagreb,aj3q7ax8vcu2lh2rvr4qdb5lg,2024-08-04
N. Djouahra,56rmdrb8cf96r2e6c8bt5fug9,1ej3fkeq5d7359enihddsxzae,NaN,NaN,Substitute,NaN,Midfielder,4,NaN,NaN,NaN,NaN,NaN,NaN,4,4,NaN,5,2,NaN,1,4,3,3,1,NaN,1,1,NaN,NaN,NaN,1,2,1,NaN,NaN,NaN,NaN,NaN,NaN,NaN,NaN,NaN,4141,NaN,Rijeka vs Lokomotiva Zagreb,aj3q7ax8vcu2lh2rvr4qdb5lg,2024-08-04
V. Hodža,d8s56im7967mt4kfz1jzbozu2,1ej3fkeq5d7359enihddsxzae,3,2,Substitute,NaN,Midfielder,6,NaN,NaN,2,1,NaN,NaN,5,6,1,27,2,NaN,NaN,5,5,5,1,NaN,1,NaN,NaN,NaN,NaN,2,3,2,NaN,NaN,NaN,NaN,NaN,NaN,NaN,1,1,4141,1,Rijeka vs Lokomotiva Zagreb,aj3q7ax8vcu2lh2rvr4qdb5lg,2024-08-04
S. Ilinković,awt6b27t2f6oa9lyagyyj6mi2,1ej3fkeq5d7359enihddsxzae,NaN,NaN,Substitute,NaN,Midfielder,2,1,2,2,NaN,NaN,1,3,2,NaN,16,1,1,NaN,3,2,2,NaN,NaN,1,NaN,NaN,NaN,NaN,NaN,1,NaN,NaN,NaN,NaN,NaN,NaN,NaN,NaN,NaN,NaN,4141,NaN,Rijeka vs Lokomotiva Zagreb,aj3q7ax8vcu2lh2rvr4qdb5lg,2024-08-04
N. Jakac,3ocitiv3oxjqp2l2f1e52o55g,1ej3fkeq5d7359enihddsxzae,NaN,NaN,Substitute,NaN,Attacker,NaN,NaN,NaN,NaN,NaN,NaN,NaN,NaN,NaN,NaN,NaN,NaN,NaN,NaN,NaN,NaN,NaN,NaN,NaN,NaN,NaN,NaN,NaN,NaN,NaN,NaN,NaN,NaN,NaN,NaN,NaN,NaN,NaN,NaN,NaN,NaN,4141,NaN,Rijeka vs Lokomotiva Zagreb,aj3q7ax8vcu2lh2rvr4qdb5lg,2024-08-04
A. Majstorović,9hq2uyvs644x2343owzuhxfbp,1ej3fkeq5d7359enihddsxzae,NaN,NaN,Substitute,NaN,Defender,NaN,NaN,NaN,NaN,NaN,NaN,NaN,NaN,NaN,NaN,NaN,NaN,NaN,NaN,NaN,NaN,NaN,NaN,NaN,NaN,NaN,NaN,NaN,NaN,NaN,NaN,NaN,NaN,NaN,NaN,NaN,NaN,NaN,NaN,NaN,NaN,4141,NaN,Rijeka vs Lokomotiva Zagreb,aj3q7ax8vcu2lh2rvr4qdb5lg,2024-08-04
G. Rukavina,ctrru8tf68ltajgculumzdel0,1ej3fkeq5d7359enihddsxzae,1,NaN,Substitute,NaN,Attacker,9,NaN,1,4,NaN,1,NaN,10,11,1,27,2,NaN,2,11,8,9,2,1,2,1,NaN,1,NaN,NaN,4,NaN,NaN,NaN,1,1,NaN,NaN,NaN,NaN,NaN,4141,NaN,Rijeka vs Lokomotiva Zagreb,aj3q7ax8vcu2lh2rvr4qdb5lg,2024-08-04
A. Todorović,1d965xsfn74agwk8smg0at6y2,1ej3fkeq5d7359enihddsxzae,NaN,NaN,Substitute,NaN,Goalkeeper,NaN,NaN,NaN,NaN,NaN,NaN,NaN,NaN,NaN,NaN,NaN,NaN,NaN,NaN,NaN,NaN,NaN,NaN,NaN,NaN,NaN,NaN,NaN,NaN,NaN,NaN,NaN,NaN,NaN,NaN,NaN,NaN,NaN,NaN,NaN,NaN,4141,NaN,Rijeka vs Lokomotiva Zagreb,aj3q7ax8vcu2lh2rvr4qdb5lg,2024-08-04
M. Čabraja,5f1erzxtvzncvf1wtqnv3fgmh,1ej3fkeq5d7359enihddsxzae,NaN,NaN,Substitute,NaN,Defender,NaN,NaN,NaN,NaN,NaN,NaN,NaN,NaN,NaN,NaN,NaN,NaN,NaN,NaN,NaN,NaN,NaN,NaN,NaN,NaN,NaN,NaN,NaN,NaN,NaN,NaN,NaN,NaN,NaN,NaN,NaN,NaN,NaN,NaN,NaN,NaN,4141,NaN,Rijeka vs Lokomotiva Zagreb,aj3q7ax8vcu2lh2rvr4qdb5lg,2024-08-04
Z. Šubarić,3qlq5els7fba4s68yv1x7k4x5,7nk3gfpmnuay3xe6v58zsvp0y,NaN,NaN,Goalkeeper,Centre,NaN,10,NaN,NaN,NaN,16,2,NaN,4,12,16,90,13,3,12,8,1,3,NaN,NaN,NaN,NaN,NaN,NaN,NaN,NaN,NaN,NaN,NaN,NaN,NaN,NaN,NaN,NaN,NaN,NaN,NaN,4231,NaN,Rijeka vs Lokomotiva Zagreb,aj3q7ax8vcu2lh2rvr4qdb5lg,2024-08-04
M. Leovac,4t6dsx435tb97l41smmzt7iz9,7nk3gfpmnuay3xe6v58zsvp0y,5,NaN,Defender,Left,NaN,22,NaN,2,3,12,1,NaN,12,31,14,90,18,7,5,19,5,9,3,NaN,3,3,1,2,1,NaN,NaN,NaN,NaN,1,2,1,NaN,NaN,NaN,NaN,NaN,4231,NaN,Rijeka vs Lokomotiva Zagreb,aj3q7ax8vcu2lh2rvr4qdb5lg,2024-08-04
J. Mersinaj,828zwk02b3vmbuamleomgzp7u,7nk3gfpmnuay3xe6v58zsvp0y,5,1,Defender,Left/Centre,NaN,42,NaN,2,1,38,5,NaN,6,52,41,90,16,6,6,14,1,6,NaN,NaN,NaN,1,3,NaN,3,NaN,NaN,NaN,NaN,NaN,NaN,NaN,NaN,NaN,NaN,NaN,NaN,4231,NaN,Rijeka vs Lokomotiva Zagreb,aj3q7ax8vcu2lh2rvr4qdb5lg,2024-08-04
M. Živković,6bv3aso9wybjffk2md4gr026s,7nk3gfpmnuay3xe6v58zsvp0y,4,2,Defender,Centre/Right,NaN,47,NaN,3,5,40,1,NaN,9,57,40,90,21,12,1,19,4,14,NaN,3,NaN,NaN,1,NaN,1,NaN,NaN,NaN,NaN,NaN,NaN,NaN,NaN,NaN,NaN,NaN,NaN,4231,NaN,Rijeka vs Lokomotiva Zagreb,aj3q7ax8vcu2lh2rvr4qdb5lg,2024-08-04
F. Karačić,771esqj42l5e5lzrqqshj28yx,7nk3gfpmnuay3xe6v58zsvp0y,2,1,Defender,Right,NaN,27,2,4,12,16,1,1,12,36,19,90,19,5,2,24,4,8,NaN,2,NaN,1,1,5,1,NaN,NaN,NaN,NaN,NaN,NaN,NaN,NaN,NaN,NaN,NaN,NaN,4231,NaN,Rijeka vs Lokomotiva Zagreb,aj3q7ax8vcu2lh2rvr4qdb5lg,2024-08-04
A. Smakaj,2hrw7annfsep6pwvfmosllyc4,7nk3gfpmnuay3xe6v58zsvp0y,2,NaN,Defensive Midfielder,Left/Centre,NaN,15,NaN,2,NaN,10,2,NaN,6,28,12,70,12,5,4,17,3,9,NaN,NaN,NaN,2,3,NaN,3,1,NaN,NaN,NaN,NaN,NaN,NaN,NaN,NaN,NaN,NaN,NaN,4231,NaN,Rijeka vs Lokomotiva Zagreb,aj3q7ax8vcu2lh2rvr4qdb5lg,2024-08-04
A. Baždarić,6x92etecq26qwuk9cmptvndas,7nk3gfpmnuay3xe6v58zsvp0y,5,4,Defensive Midfielder,Centre/Right,NaN,14,NaN,4,NaN,7,2,NaN,7,19,8,80,9,3,2,11,4,7,1,1,1,NaN,1,NaN,1,1,2,2,NaN,NaN,NaN,NaN,NaN,1,1,NaN,NaN,4231,NaN,Rijeka vs Lokomotiva Zagreb,aj3q7ax8vcu2lh2rvr4qdb5lg,2024-08-04
S. Goričan,f2jitddxqol27k8dgny4ojq0a,7nk3gfpmnuay3xe6v58zsvp0y,7,1,Attacking Midfielder,Left,NaN,13,4,3,5,2,NaN,NaN,11,18,3,90,4,3,1,21,8,9,1,NaN,1,1,NaN,3,NaN,2,2,1,NaN,NaN,NaN,NaN,NaN,2,1,1,1,4231,NaN,Rijeka vs Lokomotiva Zagreb,aj3q7ax8vcu2lh2rvr4qdb5lg,2024-08-04
R. Mudražija,3dlspwk1hmy10sakswrwz7zyt,7nk3gfpmnuay3xe6v58zsvp0y,2,NaN,Attacking Midfielder,Centre,NaN,20,2,3,NaN,8,2,NaN,12,22,8,90,12,5,8,14,7,9,1,NaN,1,5,1,NaN,1,NaN,3,NaN,1,1,NaN,1,1,1,1,NaN,NaN,4231,NaN,Rijeka vs Lokomotiva Zagreb,aj3q7ax8vcu2lh2rvr4qdb5lg,2024-08-04
M. Sušak,c0z3fmu0gss39ngvnyvqvxyxg,7nk3gfpmnuay3xe6v58zsvp0y,3,1,Attacking Midfielder,Right,NaN,5,1,1,NaN,3,NaN,NaN,2,5,3,45,1,NaN,2,2,1,1,NaN,1,NaN,2,NaN,NaN,NaN,NaN,3,1,NaN,NaN,NaN,NaN,NaN,1,1,NaN,NaN,4231,NaN,Rijeka vs Lokomotiva Zagreb,aj3q7ax8vcu2lh2rvr4qdb5lg,2024-08-04
D. Čop,ddnkboo7e8sjz6w45wht05z2t,7nk3gfpmnuay3xe6v58zsvp0y,3,1,Striker,Centre,NaN,5,NaN,1,1,4,NaN,NaN,4,12,4,80,1,2,1,12,3,8,NaN,NaN,NaN,1,NaN,1,NaN,NaN,2,NaN,NaN,NaN,NaN,NaN,NaN,1,NaN,NaN,NaN,4231,NaN,Rijeka vs Lokomotiva Zagreb,aj3q7ax8vcu2lh2rvr4qdb5lg,2024-08-04
B. Bošković,ei16hiclm02z4njppojjd49ka,7nk3gfpmnuay3xe6v58zsvp0y,2,NaN,Substitute,NaN,Midfielder,4,NaN,NaN,1,2,NaN,NaN,2,6,2,10,1,NaN,NaN,4,1,3,NaN,NaN,NaN,NaN,NaN,NaN,NaN,NaN,NaN,NaN,NaN,NaN,NaN,NaN,NaN,NaN,NaN,NaN,NaN,4231,NaN,Rijeka vs Lokomotiva Zagreb,aj3q7ax8vcu2lh2rvr4qdb5lg,2024-08-04
L. Dajčer,1ot2k98clncvef8w6nf7se1as,7nk3gfpmnuay3xe6v58zsvp0y,NaN,NaN,Substitute,NaN,Midfielder,NaN,NaN,NaN,NaN,NaN,NaN,NaN,NaN,NaN,NaN,NaN,NaN,NaN,NaN,NaN,NaN,NaN,NaN,NaN,NaN,NaN,NaN,NaN,NaN,NaN,NaN,NaN,NaN,NaN,NaN,NaN,NaN,NaN,NaN,NaN,NaN,4231,NaN,Rijeka vs Lokomotiva Zagreb,aj3q7ax8vcu2lh2rvr4qdb5lg,2024-08-04
F. Fetai,bu9pjk71n8dzvtddno11pve38,7nk3gfpmnuay3xe6v58zsvp0y,NaN,NaN,Substitute,NaN,Midfielder,9,1,3,NaN,4,NaN,1,5,10,4,20,3,1,4,6,2,3,NaN,1,NaN,3,NaN,NaN,NaN,1,NaN,NaN,NaN,1,NaN,NaN,NaN,NaN,NaN,NaN,NaN,4231,NaN,Rijeka vs Lokomotiva Zagreb,aj3q7ax8vcu2lh2rvr4qdb5lg,2024-08-04
K. Hendija,anwyv6atorknagoji7hitip5h,7nk3gfpmnuay3xe6v58zsvp0y,NaN,NaN,Substitute,NaN,Goalkeeper,NaN,NaN,NaN,NaN,NaN,NaN,NaN,NaN,NaN,NaN,NaN,NaN,NaN,NaN,NaN,NaN,NaN,NaN,NaN,NaN,NaN,NaN,NaN,NaN,NaN,NaN,NaN,NaN,NaN,NaN,NaN,NaN,NaN,NaN,NaN,NaN,4231,NaN,Rijeka vs Lokomotiva Zagreb,aj3q7ax8vcu2lh2rvr4qdb5lg,2024-08-04
I. Kukavica,bgqkzs4p57krleupbrsi64650,7nk3gfpmnuay3xe6v58zsvp0y,NaN,NaN,Substitute,NaN,Defender,NaN,NaN,NaN,NaN,NaN,NaN,NaN,NaN,NaN,NaN,NaN,NaN,NaN,NaN,NaN,NaN,NaN,NaN,NaN,NaN,NaN,NaN,NaN,NaN,NaN,NaN,NaN,NaN,NaN,NaN,NaN,NaN,NaN,NaN,NaN,NaN,4231,NaN,Rijeka vs Lokomotiva Zagreb,aj3q7ax8vcu2lh2rvr4qdb5lg,2024-08-04
F. Markanović,2xwuav1gqfrxiin3rsxk2q6ms,7nk3gfpmnuay3xe6v58zsvp0y,NaN,NaN,Substitute,NaN,Defender,NaN,NaN,NaN,NaN,NaN,NaN,NaN,NaN,NaN,NaN,NaN,NaN,NaN,NaN,NaN,NaN,NaN,NaN,NaN,NaN,NaN,NaN,NaN,NaN,NaN,NaN,NaN,NaN,NaN,NaN,NaN,NaN,NaN,NaN,NaN,NaN,4231,NaN,Rijeka vs Lokomotiva Zagreb,aj3q7ax8vcu2lh2rvr4qdb5lg,2024-08-04
I. Mašić,bg87626x43yo70hsn774ugsiy,7nk3gfpmnuay3xe6v58zsvp0y,NaN,NaN,Substitute,NaN,Defender,NaN,NaN,NaN,NaN,NaN,NaN,NaN,NaN,NaN,NaN,NaN,NaN,NaN,NaN,NaN,NaN,NaN,NaN,NaN,NaN,NaN,NaN,NaN,NaN,NaN,NaN,NaN,NaN,NaN,NaN,NaN,NaN,NaN,NaN,NaN,NaN,4231,NaN,Rijeka vs Lokomotiva Zagreb,aj3q7ax8vcu2lh2rvr4qdb5lg,2024-08-04
B. Tošković,9a3z6tc282sjof1m7swsi625m,7nk3gfpmnuay3xe6v58zsvp0y,2,NaN,Substitute,NaN,Attacker,8,1,1,3,NaN,1,NaN,8,14,NaN,45,8,7,1,15,7,12,1,1,1,NaN,NaN,1,NaN,1,1,1,NaN,NaN,NaN,NaN,NaN,1,1,NaN,NaN,4231,NaN,Rijeka vs Lokomotiva Zagreb,aj3q7ax8vcu2lh2rvr4qdb5lg,2024-08-04
M. Vranjković,48fntlw6fwvo4lvin2csoegdm,7nk3gfpmnuay3xe6v58zsvp0y,NaN,NaN,Substitute,NaN,Attacker,NaN,NaN,NaN,NaN,NaN,NaN,NaN,NaN,NaN,NaN,NaN,NaN,NaN,NaN,NaN,NaN,NaN,NaN,NaN,NaN,NaN,NaN,NaN,NaN,NaN,NaN,NaN,NaN,NaN,NaN,NaN,NaN,NaN,NaN,NaN,NaN,4231,NaN,Rijeka vs Lokomotiva Zagreb,aj3q7ax8vcu2lh2rvr4qdb5lg,2024-08-04
F. Čuić,dii4qplqyo40o2zi8o98sojro,7nk3gfpmnuay3xe6v58zsvp0y,1,NaN,Substitute,NaN,Attacker,2,NaN,NaN,NaN,2,NaN,NaN,1,3,2,10,NaN,NaN,NaN,2,NaN,1,NaN,NaN,NaN,NaN,NaN,NaN,NaN,NaN,2,NaN,NaN,NaN,NaN,NaN,NaN,NaN,NaN,NaN,NaN,4231,NaN,Rijeka vs Lokomotiva Zagreb,aj3q7ax8vcu2lh2rvr4qdb5lg,2024-08-04
F. Žilinski,8sfl7wmd6e659aox61bzl7bbo,7nk3gfpmnuay3xe6v58zsvp0y,NaN,NaN,Substitute,NaN,Defender,NaN,NaN,NaN,NaN,NaN,NaN,NaN,NaN,NaN,NaN,NaN,NaN,NaN,NaN,NaN,NaN,NaN,NaN,NaN,NaN,NaN,NaN,NaN,NaN,NaN,NaN,NaN,NaN,NaN,NaN,NaN,NaN,NaN,NaN,NaN,NaN,4231,NaN,Rijeka vs Lokomotiva Zagreb,aj3q7ax8vcu2lh2rvr4qdb5lg,2024-08-04
N. Čavlina,95970d8pyp4eg8h6c0e7jr23u,c2it9800m1rcfbyhmwtxnp0vu,1,1,Goalkeeper,Centre,NaN,9,NaN,NaN,NaN,12,2,NaN,NaN,11,13,90,9,1,5,1,NaN,1,NaN,NaN,NaN,NaN,NaN,NaN,NaN,NaN,NaN,NaN,NaN,NaN,NaN,NaN,NaN,NaN,NaN,NaN,NaN,4231,NaN,Osijek vs Šibenik,ahnw6i12k0o8atx7o8difxpg4,2024-08-04
R. Jurišić,9umh99q51xm5fg8exex3lmb1m,c2it9800m1rcfbyhmwtxnp0vu,5,2,Defender,Left,NaN,84,2,4,4,22,3,NaN,69,96,25,90,34,19,8,82,31,37,2,2,3,5,1,6,1,1,1,NaN,NaN,NaN,2,NaN,NaN,NaN,NaN,NaN,NaN,4231,NaN,Osijek vs Šibenik,ahnw6i12k0o8atx7o8difxpg4,2024-08-04
André Duarte,epthyqu8q1zhe9xwl8j83ss89,c2it9800m1rcfbyhmwtxnp0vu,3,1,Defender,Left/Centre,NaN,82,NaN,5,1,28,3,NaN,56,89,30,90,33,15,6,61,14,18,NaN,4,NaN,3,NaN,NaN,NaN,NaN,1,NaN,NaN,NaN,NaN,NaN,NaN,NaN,NaN,NaN,NaN,4231,NaN,Osijek vs Šibenik,ahnw6i12k0o8atx7o8difxpg4,2024-08-04
L. Jelenić,1o47wjociihmi2mepaw1mgacq,c2it9800m1rcfbyhmwtxnp0vu,5,4,Defender,Centre/Right,NaN,73,2,4,NaN,22,3,1,52,76,23,90,26,13,6,54,16,18,NaN,1,NaN,3,NaN,NaN,NaN,1,NaN,NaN,NaN,NaN,NaN,NaN,NaN,NaN,NaN,NaN,NaN,4231,NaN,Osijek vs Šibenik,ahnw6i12k0o8atx7o8difxpg4,2024-08-04
Renan Guedes,cfrpp8kjcpr4a73agsm8ge25m,c2it9800m1rcfbyhmwtxnp0vu,1,1,Defender,Right,NaN,8,NaN,NaN,4,4,NaN,NaN,7,10,4,27,5,1,2,11,3,4,NaN,NaN,NaN,2,NaN,4,NaN,NaN,NaN,NaN,NaN,NaN,2,NaN,NaN,NaN,NaN,NaN,NaN,4231,NaN,Osijek vs Šibenik,ahnw6i12k0o8atx7o8difxpg4,2024-08-04
Š. Mikolčić,ey7hw41hs05di8j2yfb5vhr10,c2it9800m1rcfbyhmwtxnp0vu,5,4,Defensive Midfielder,Left/Centre,NaN,67,NaN,6,15,16,1,NaN,58,77,18,90,21,15,5,75,30,38,NaN,2,1,4,NaN,3,NaN,5,2,2,NaN,NaN,1,NaN,NaN,1,1,1,1,4231,NaN,Osijek vs Šibenik,ahnw6i12k0o8atx7o8difxpg4,2024-08-04
M. Soldo,41dpaf86yifqltfknko0ow9yi,c2it9800m1rcfbyhmwtxnp0vu,8,2,Defensive Midfielder,Centre/Right,NaN,31,2,5,5,7,NaN,NaN,26,37,7,64,11,7,2,32,13,18,3,2,3,2,1,2,1,1,1,1,NaN,NaN,2,NaN,NaN,1,1,NaN,NaN,4231,1,Osijek vs Šibenik,ahnw6i12k0o8atx7o8difxpg4,2024-08-04
A. Matković,2brqv5u308bnnevhaqhxjfmdw,c2it9800m1rcfbyhmwtxnp0vu,5,NaN,Attacking Midfielder,Left,NaN,18,6,9,5,1,1,3,17,23,1,80,3,1,3,28,10,15,NaN,2,NaN,1,NaN,6,NaN,1,7,2,NaN,1,NaN,NaN,NaN,NaN,NaN,NaN,NaN,4231,NaN,Osijek vs Šibenik,ahnw6i12k0o8atx7o8difxpg4,2024-08-04
V. Jugović,amn8vn07f3zhf172wwyz9f0et,c2it9800m1rcfbyhmwtxnp0vu,7,4,Attacking Midfielder,Centre,NaN,23,NaN,NaN,1,4,NaN,NaN,19,26,4,45,6,6,NaN,23,7,10,NaN,NaN,NaN,NaN,NaN,1,NaN,NaN,1,NaN,NaN,NaN,NaN,NaN,NaN,NaN,NaN,NaN,NaN,4231,NaN,Osijek vs Šibenik,ahnw6i12k0o8atx7o8difxpg4,2024-08-04
P. Pušić,7lc9kv6j8ubytzrf3bb2m1lgp,c2it9800m1rcfbyhmwtxnp0vu,2,1,Attacking Midfielder,Right,NaN,73,NaN,1,12,9,NaN,NaN,67,78,9,90,25,17,4,78,49,54,4,NaN,5,3,NaN,3,NaN,3,2,1,NaN,1,1,NaN,NaN,NaN,NaN,NaN,NaN,4231,NaN,Osijek vs Šibenik,ahnw6i12k0o8atx7o8difxpg4,2024-08-04
R. Mierez,dwe6jwf7g7iocf81zut0f5jhl,c2it9800m1rcfbyhmwtxnp0vu,5,4,Striker,Centre,NaN,14,1,5,3,6,NaN,NaN,11,22,6,90,3,1,1,19,8,15,2,4,2,1,NaN,NaN,NaN,3,16,5,NaN,NaN,NaN,NaN,NaN,4,4,NaN,NaN,4231,NaN,Osijek vs Šibenik,ahnw6i12k0o8atx7o8difxpg4,2024-08-04
K. Ademi,as4jvedixvsykxbhle6qetzvt,c2it9800m1rcfbyhmwtxnp0vu,1,1,Substitute,NaN,Attacker,1,NaN,NaN,NaN,NaN,NaN,NaN,1,3,NaN,10,NaN,NaN,1,3,NaN,2,NaN,NaN,NaN,NaN,NaN,NaN,NaN,NaN,1,NaN,NaN,1,NaN,NaN,NaN,NaN,NaN,NaN,NaN,4231,NaN,Osijek vs Šibenik,ahnw6i12k0o8atx7o8difxpg4,2024-08-04
D. Bukvić,b5o4vzbns7xgj4p566ltn5i50,c2it9800m1rcfbyhmwtxnp0vu,5,2,Substitute,NaN,Attacker,15,2,3,4,2,2,1,13,16,2,45,1,NaN,4,17,5,6,NaN,NaN,NaN,1,NaN,3,NaN,3,4,1,NaN,1,NaN,NaN,NaN,1,1,NaN,NaN,4231,NaN,Osijek vs Šibenik,ahnw6i12k0o8atx7o8difxpg4,2024-08-04
I. Cvijanović,ia0gbmz8j5hdx14agb7p1ck,c2it9800m1rcfbyhmwtxnp0vu,NaN,NaN,Substitute,NaN,Defender,NaN,NaN,NaN,NaN,NaN,NaN,NaN,NaN,NaN,NaN,NaN,NaN,NaN,NaN,NaN,NaN,NaN,NaN,NaN,NaN,NaN,NaN,NaN,NaN,NaN,NaN,NaN,NaN,NaN,NaN,NaN,NaN,NaN,NaN,NaN,NaN,4231,NaN,Osijek vs Šibenik,ahnw6i12k0o8atx7o8difxpg4,2024-08-04
N. Farkaš,czcf1wuv1mkuttmmec85i82s4,c2it9800m1rcfbyhmwtxnp0vu,NaN,NaN,Substitute,NaN,Defender,NaN,NaN,NaN,NaN,NaN,NaN,NaN,NaN,NaN,NaN,NaN,NaN,NaN,NaN,NaN,NaN,NaN,NaN,NaN,NaN,NaN,NaN,NaN,NaN,NaN,NaN,NaN,NaN,NaN,NaN,NaN,NaN,NaN,NaN,NaN,NaN,4231,NaN,Osijek vs Šibenik,ahnw6i12k0o8atx7o8difxpg4,2024-08-04
R. Kewal,8i6cjao5lwxzaomilei61kbxm,c2it9800m1rcfbyhmwtxnp0vu,NaN,NaN,Substitute,NaN,Attacker,NaN,NaN,NaN,NaN,NaN,NaN,NaN,NaN,NaN,NaN,NaN,NaN,NaN,NaN,NaN,NaN,NaN,NaN,NaN,NaN,NaN,NaN,NaN,NaN,NaN,NaN,NaN,NaN,NaN,NaN,NaN,NaN,NaN,NaN,NaN,NaN,4231,NaN,Osijek vs Šibenik,ahnw6i12k0o8atx7o8difxpg4,2024-08-04
Pedro Lima,aeq5j9up9xf65v3nktsbzc8pg,c2it9800m1rcfbyhmwtxnp0vu,3,2,Substitute,NaN,Midfielder,11,NaN,3,1,1,NaN,NaN,10,14,1,26,3,1,NaN,13,5,7,NaN,2,NaN,NaN,1,NaN,1,2,3,2,NaN,NaN,NaN,NaN,NaN,NaN,NaN,NaN,NaN,4231,NaN,Osijek vs Šibenik,ahnw6i12k0o8atx7o8difxpg4,2024-08-04
M. Malenica,69szgsi2dingj12ras4c0tfpx,c2it9800m1rcfbyhmwtxnp0vu,NaN,NaN,Substitute,NaN,Goalkeeper,NaN,NaN,NaN,NaN,NaN,NaN,NaN,NaN,NaN,NaN,NaN,NaN,NaN,NaN,NaN,NaN,NaN,NaN,NaN,NaN,NaN,NaN,NaN,NaN,NaN,NaN,NaN,NaN,NaN,NaN,NaN,NaN,NaN,NaN,NaN,NaN,4231,NaN,Osijek vs Šibenik,ahnw6i12k0o8atx7o8difxpg4,2024-08-04
S. Mkrtchyan,e36vq0hj7nf11yryjeyzv56,c2it9800m1rcfbyhmwtxnp0vu,NaN,NaN,Substitute,NaN,Defender,NaN,NaN,NaN,NaN,NaN,NaN,NaN,NaN,NaN,NaN,NaN,NaN,NaN,NaN,NaN,NaN,NaN,NaN,NaN,NaN,NaN,NaN,NaN,NaN,NaN,NaN,NaN,NaN,NaN,NaN,NaN,NaN,NaN,NaN,NaN,NaN,4231,NaN,Osijek vs Šibenik,ahnw6i12k0o8atx7o8difxpg4,2024-08-04
N. Omerović,ac4ouoa1te0amymnflpgkbf9w,c2it9800m1rcfbyhmwtxnp0vu,2,1,Substitute,NaN,Defender,42,3,5,17,4,1,3,42,47,4,63,13,9,6,59,31,35,3,1,3,4,3,15,3,NaN,1,NaN,NaN,1,3,NaN,NaN,NaN,NaN,NaN,NaN,4231,NaN,Osijek vs Šibenik,ahnw6i12k0o8atx7o8difxpg4,2024-08-04
T. Sajko,8ihhnktdwp52p8ew65bgxw2l0,c2it9800m1rcfbyhmwtxnp0vu,NaN,NaN,Substitute,NaN,Goalkeeper,NaN,NaN,NaN,NaN,NaN,NaN,NaN,NaN,NaN,NaN,NaN,NaN,NaN,NaN,NaN,NaN,NaN,NaN,NaN,NaN,NaN,NaN,NaN,NaN,NaN,NaN,NaN,NaN,NaN,NaN,NaN,NaN,NaN,NaN,NaN,NaN,4231,NaN,Osijek vs Šibenik,ahnw6i12k0o8atx7o8difxpg4,2024-08-04
K. Vrbanac,apdpezlk1a3tg8wzdv8axk6c4,c2it9800m1rcfbyhmwtxnp0vu,NaN,NaN,Substitute,NaN,Defender,NaN,NaN,NaN,NaN,NaN,NaN,NaN,NaN,NaN,NaN,NaN,NaN,NaN,NaN,NaN,NaN,NaN,NaN,NaN,NaN,NaN,NaN,NaN,NaN,NaN,NaN,NaN,NaN,NaN,NaN,NaN,NaN,NaN,NaN,NaN,NaN,4231,NaN,Osijek vs Šibenik,ahnw6i12k0o8atx7o8difxpg4,2024-08-04
F. Živković,25dvrlk761wv7ikzp7ulnbk7o,c2it9800m1rcfbyhmwtxnp0vu,NaN,NaN,Substitute,NaN,Attacker,NaN,NaN,NaN,NaN,NaN,NaN,NaN,NaN,NaN,NaN,NaN,NaN,NaN,NaN,NaN,NaN,NaN,NaN,NaN,NaN,NaN,NaN,NaN,NaN,NaN,NaN,NaN,NaN,NaN,NaN,NaN,NaN,NaN,NaN,NaN,NaN,4231,NaN,Osijek vs Šibenik,ahnw6i12k0o8atx7o8difxpg4,2024-08-04
A. Đaković,d918dkp84ny17wzdj5ufjhm,3ekhwyrfgdwta79vv97bgyi83,NaN,NaN,Goalkeeper,Centre,NaN,1,NaN,1,NaN,6,NaN,NaN,9,2,9,90,19,4,10,16,1,4,NaN,1,NaN,NaN,NaN,NaN,NaN,NaN,NaN,NaN,NaN,NaN,NaN,NaN,NaN,NaN,NaN,NaN,NaN,532,NaN,Osijek vs Šibenik,ahnw6i12k0o8atx7o8difxpg4,2024-08-04
R. Punčec,1c13zuow4k4g4tnvc2hexkiqd,3ekhwyrfgdwta79vv97bgyi83,1,NaN,Defender,Left/Centre,NaN,9,NaN,4,NaN,7,1,NaN,3,13,10,90,7,1,1,5,1,1,NaN,3,NaN,NaN,NaN,NaN,NaN,NaN,NaN,NaN,NaN,NaN,NaN,NaN,NaN,NaN,NaN,NaN,NaN,532,NaN,Osijek vs Šibenik,ahnw6i12k0o8atx7o8difxpg4,2024-08-04
M. Agyemang,b15d6e6kd0srp3nl1jnlrmot0,3ekhwyrfgdwta79vv97bgyi83,2,2,Defender,Centre,NaN,5,NaN,6,NaN,4,1,NaN,1,11,8,90,7,NaN,1,3,NaN,NaN,NaN,4,NaN,NaN,1,NaN,1,NaN,1,1,NaN,NaN,NaN,NaN,NaN,NaN,NaN,NaN,NaN,532,1,Osijek vs Šibenik,ahnw6i12k0o8atx7o8difxpg4,2024-08-04
S. Perić,2kedgspgw4g8cinoapsc6bufp,3ekhwyrfgdwta79vv97bgyi83,5,2,Defender,Centre/Right,NaN,7,1,6,NaN,6,3,NaN,1,11,9,90,9,1,3,3,NaN,1,NaN,2,NaN,NaN,NaN,NaN,NaN,NaN,1,NaN,NaN,NaN,NaN,NaN,NaN,NaN,NaN,NaN,NaN,532,NaN,Osijek vs Šibenik,ahnw6i12k0o8atx7o8difxpg4,2024-08-04
L. Zuta,41imdq837fapbgvnrkimw6e39,3ekhwyrfgdwta79vv97bgyi83,4,2,Wing Back,Left,NaN,11,1,1,2,8,3,NaN,4,15,12,88,11,1,3,6,NaN,1,NaN,1,NaN,NaN,NaN,2,NaN,NaN,NaN,NaN,NaN,NaN,1,NaN,NaN,NaN,NaN,NaN,NaN,532,NaN,Osijek vs Šibenik,ahnw6i12k0o8atx7o8difxpg4,2024-08-04
T. Kolega,3dr5q6tyt6f6ha4abcwwa9izu,3ekhwyrfgdwta79vv97bgyi83,4,1,Wing Back,Right,NaN,10,2,4,4,5,4,1,6,19,9,90,14,3,5,11,2,4,1,NaN,1,1,NaN,1,NaN,NaN,NaN,NaN,NaN,NaN,1,1,NaN,NaN,NaN,NaN,NaN,532,NaN,Osijek vs Šibenik,ahnw6i12k0o8atx7o8difxpg4,2024-08-04
J. Majić,cyopnr0qxvd5qjo9cyx7dynkl,3ekhwyrfgdwta79vv97bgyi83,4,NaN,Midfielder,Left/Centre,NaN,7,2,2,3,4,1,1,3,14,5,59,8,4,2,11,2,4,NaN,1,NaN,1,NaN,1,NaN,1,1,1,1,NaN,NaN,NaN,1,NaN,NaN,NaN,NaN,532,NaN,Osijek vs Šibenik,ahnw6i12k0o8atx7o8difxpg4,2024-08-04
I. Roca,6vn0b5xpa6hzcjl3foab2giqx,3ekhwyrfgdwta79vv97bgyi83,6,2,Midfielder,Centre,NaN,10,2,5,NaN,8,4,NaN,2,19,11,90,7,2,6,8,1,3,NaN,1,NaN,2,5,NaN,5,NaN,2,NaN,NaN,NaN,NaN,NaN,NaN,NaN,NaN,NaN,NaN,532,NaN,Osijek vs Šibenik,ahnw6i12k0o8atx7o8difxpg4,2024-08-04
O. Bakić,7xwvdys6c6bo8os3iqa7pzgbu,3ekhwyrfgdwta79vv97bgyi83,1,NaN,Midfielder,Centre/Right,NaN,15,NaN,4,3,8,6,NaN,7,18,9,73,7,4,7,10,3,5,1,2,1,1,2,NaN,2,NaN,NaN,NaN,NaN,NaN,NaN,NaN,NaN,NaN,NaN,NaN,NaN,532,NaN,Osijek vs Šibenik,ahnw6i12k0o8atx7o8difxpg4,2024-08-04
I. Božić,9w3q681elsct1odntvkctt621,3ekhwyrfgdwta79vv97bgyi83,5,2,Striker,Left/Centre,NaN,3,1,2,1,2,2,1,3,8,3,73,5,NaN,2,8,2,4,NaN,NaN,NaN,NaN,NaN,1,NaN,1,1,NaN,NaN,NaN,NaN,NaN,NaN,NaN,NaN,1,1,532,1,Osijek vs Šibenik,ahnw6i12k0o8atx7o8difxpg4,2024-08-04
I. Santini,2va7gchp87sb2d67udpdn37px,3ekhwyrfgdwta79vv97bgyi83,11,6,Striker,Centre/Right,NaN,13,NaN,12,NaN,8,3,NaN,5,20,11,88,6,3,3,9,3,5,NaN,10,NaN,NaN,1,NaN,1,NaN,2,NaN,NaN,NaN,NaN,NaN,NaN,1,1,NaN,NaN,532,NaN,Osijek vs Šibenik,ahnw6i12k0o8atx7o8difxpg4,2024-08-04
I. Baković,e0i0a2pt7mslz2gsxtqmplas,3ekhwyrfgdwta79vv97bgyi83,NaN,NaN,Substitute,NaN,Attacker,NaN,NaN,NaN,NaN,NaN,NaN,NaN,NaN,NaN,NaN,NaN,NaN,NaN,NaN,NaN,NaN,NaN,NaN,NaN,NaN,NaN,NaN,NaN,NaN,NaN,NaN,NaN,NaN,NaN,NaN,NaN,NaN,NaN,NaN,NaN,NaN,532,NaN,Osijek vs Šibenik,ahnw6i12k0o8atx7o8difxpg4,2024-08-04
B. Brajković,r11ks15ja54xw4380k9odkpg,3ekhwyrfgdwta79vv97bgyi83,NaN,NaN,Substitute,NaN,Defender,NaN,NaN,NaN,NaN,NaN,NaN,NaN,NaN,NaN,NaN,NaN,NaN,NaN,NaN,NaN,NaN,NaN,NaN,NaN,NaN,NaN,NaN,NaN,NaN,NaN,NaN,NaN,NaN,NaN,NaN,NaN,NaN,NaN,NaN,NaN,NaN,532,NaN,Osijek vs Šibenik,ahnw6i12k0o8atx7o8difxpg4,2024-08-04
I. Delić,u1zjtb4cgomawf6srfm6o2jt,3ekhwyrfgdwta79vv97bgyi83,NaN,NaN,Substitute,NaN,Attacker,NaN,NaN,NaN,NaN,NaN,NaN,NaN,NaN,NaN,NaN,NaN,NaN,NaN,NaN,NaN,NaN,NaN,NaN,NaN,NaN,NaN,NaN,NaN,NaN,NaN,NaN,NaN,NaN,NaN,NaN,NaN,NaN,NaN,NaN,NaN,NaN,532,NaN,Osijek vs Šibenik,ahnw6i12k0o8atx7o8difxpg4,2024-08-04
D. Dujmović,4ev1ag4fi2mcty2dhjrqxte6s,3ekhwyrfgdwta79vv97bgyi83,NaN,NaN,Substitute,NaN,Defender,NaN,NaN,NaN,NaN,NaN,NaN,NaN,NaN,NaN,NaN,2,NaN,NaN,NaN,NaN,NaN,NaN,NaN,NaN,NaN,NaN,NaN,NaN,NaN,NaN,NaN,NaN,NaN,NaN,NaN,NaN,NaN,NaN,NaN,NaN,NaN,532,NaN,Osijek vs Šibenik,ahnw6i12k0o8atx7o8difxpg4,2024-08-04
J. Gačić,815isesulwr4563pqj5azbd62,3ekhwyrfgdwta79vv97bgyi83,1,NaN,Substitute,NaN,Defender,NaN,NaN,NaN,NaN,NaN,NaN,NaN,NaN,1,1,2,1,NaN,NaN,NaN,NaN,NaN,NaN,NaN,NaN,NaN,NaN,NaN,NaN,NaN,NaN,NaN,NaN,NaN,NaN,NaN,NaN,NaN,NaN,NaN,NaN,532,NaN,Osijek vs Šibenik,ahnw6i12k0o8atx7o8difxpg4,2024-08-04
J. Iyendjock,6wgrf5haut0ua4d155sf9u7f8,3ekhwyrfgdwta79vv97bgyi83,2,2,Substitute,NaN,Midfielder,3,NaN,3,NaN,1,NaN,NaN,2,5,3,17,4,NaN,NaN,2,NaN,NaN,NaN,NaN,NaN,NaN,NaN,NaN,NaN,NaN,NaN,NaN,NaN,NaN,NaN,NaN,NaN,NaN,NaN,NaN,NaN,532,NaN,Osijek vs Šibenik,ahnw6i12k0o8atx7o8difxpg4,2024-08-04
L. Kulušić,dbmlud83n9r5mq1otkk80u238,3ekhwyrfgdwta79vv97bgyi83,1,1,Substitute,NaN,Attacker,4,NaN,5,NaN,4,2,NaN,1,6,5,17,5,2,2,2,1,2,NaN,4,NaN,NaN,NaN,NaN,NaN,1,NaN,NaN,NaN,NaN,NaN,NaN,NaN,NaN,NaN,NaN,NaN,532,NaN,Osijek vs Šibenik,ahnw6i12k0o8atx7o8difxpg4,2024-08-04
I. Laća,e73wxkou6339n86zqou4kn97u,3ekhwyrfgdwta79vv97bgyi83,NaN,NaN,Substitute,NaN,Attacker,NaN,NaN,NaN,NaN,NaN,NaN,NaN,NaN,NaN,NaN,NaN,NaN,NaN,NaN,NaN,NaN,NaN,NaN,NaN,NaN,NaN,NaN,NaN,NaN,NaN,NaN,NaN,NaN,NaN,NaN,NaN,NaN,NaN,NaN,NaN,NaN,532,NaN,Osijek vs Šibenik,ahnw6i12k0o8atx7o8difxpg4,2024-08-04
L. Mišević,5onmh5qexnhrveifpx9tfdz4k,3ekhwyrfgdwta79vv97bgyi83,NaN,NaN,Substitute,NaN,Goalkeeper,NaN,NaN,NaN,NaN,NaN,NaN,NaN,NaN,NaN,NaN,NaN,NaN,NaN,NaN,NaN,NaN,NaN,NaN,NaN,NaN,NaN,NaN,NaN,NaN,NaN,NaN,NaN,NaN,NaN,NaN,NaN,NaN,NaN,NaN,NaN,NaN,532,NaN,Osijek vs Šibenik,ahnw6i12k0o8atx7o8difxpg4,2024-08-04
P. Mohorović,5ko516sgn578kbaybzhs6pcoa,3ekhwyrfgdwta79vv97bgyi83,NaN,NaN,Substitute,NaN,Goalkeeper,NaN,NaN,NaN,NaN,NaN,NaN,NaN,NaN,NaN,NaN,NaN,NaN,NaN,NaN,NaN,NaN,NaN,NaN,NaN,NaN,NaN,NaN,NaN,NaN,NaN,NaN,NaN,NaN,NaN,NaN,NaN,NaN,NaN,NaN,NaN,NaN,532,NaN,Osijek vs Šibenik,ahnw6i12k0o8atx7o8difxpg4,2024-08-04
C. Torres,6xm5m7dczsqxwinh5trlixst0,3ekhwyrfgdwta79vv97bgyi83,3,NaN,Substitute,NaN,Attacker,5,2,3,NaN,4,2,2,1,8,6,31,3,NaN,2,2,1,2,1,1,1,NaN,NaN,NaN,NaN,NaN,3,1,NaN,NaN,NaN,NaN,NaN,NaN,NaN,NaN,NaN,532,NaN,Osijek vs Šibenik,ahnw6i12k0o8atx7o8difxpg4,2024-08-04
J. Vasilj,9vw3ptqh7422tggc844720tbe,3ekhwyrfgdwta79vv97bgyi83,NaN,NaN,Substitute,NaN,Midfielder,NaN,NaN,NaN,NaN,NaN,NaN,NaN,NaN,NaN,NaN,NaN,NaN,NaN,NaN,NaN,NaN,NaN,NaN,NaN,NaN,NaN,NaN,NaN,NaN,NaN,NaN,NaN,NaN,NaN,NaN,NaN,NaN,NaN,NaN,NaN,NaN,532,NaN,Osijek vs Šibenik,ahnw6i12k0o8atx7o8difxpg4,2024-08-04
L. Kalinić,fnuoc0rg4hy4u3o2liu9rl5h,6ouaoxrghzeqpzqk02xn3t4r9,NaN,NaN,Goalkeeper,Centre,NaN,12,NaN,NaN,NaN,13,2,NaN,1,17,15,90,14,3,11,6,NaN,3,NaN,NaN,NaN,NaN,NaN,NaN,NaN,NaN,NaN,NaN,NaN,NaN,NaN,NaN,,NaN,NaN,NaN,NaN,4231,NaN,Hajduk Split vs Slaven Koprivnica,ajjy8jz6aaq1s16a0ggrdbnro,2024-08-04
D. Melnjak,a96zxags19ar98mllxetuk4b9,6ouaoxrghzeqpzqk02xn3t4r9,2,NaN,Defender,Left,NaN,28,1,3,5,16,1,NaN,13,36,16,90,15,12,4,24,7,15,1,1,1,3,2,3,2,NaN,1,NaN,NaN,NaN,1,NaN,,1,1,NaN,NaN,4231,NaN,Hajduk Split vs Slaven Koprivnica,ajjy8jz6aaq1s16a0ggrdbnro,2024-08-04
Z. Šarlija,70g1fjgekjzh0i5bm69nh5wix,6ouaoxrghzeqpzqk02xn3t4r9,1,NaN,Defender,Left/Centre,NaN,28,1,4,1,18,NaN,1,10,33,19,36,10,2,NaN,14,NaN,3,NaN,2,NaN,NaN,NaN,NaN,NaN,NaN,2,1,NaN,NaN,NaN,NaN,,NaN,NaN,NaN,NaN,4231,NaN,Hajduk Split vs Slaven Koprivnica,ajjy8jz6aaq1s16a0ggrdbnro,2024-08-04
F. Uremović,1zo6iikznwkd2vuhqykt7jw7p,6ouaoxrghzeqpzqk02xn3t4r9,4,1,Defender,Centre/Right,NaN,53,NaN,3,NaN,35,1,NaN,21,59,38,90,21,3,1,24,2,3,NaN,2,NaN,NaN,2,NaN,2,NaN,NaN,NaN,NaN,NaN,NaN,NaN,,NaN,NaN,NaN,NaN,4231,NaN,Hajduk Split vs Slaven Koprivnica,ajjy8jz6aaq1s16a0ggrdbnro,2024-08-04
F. Moufi,6gmfcfqd1o54zyepd9587nlqt,6ouaoxrghzeqpzqk02xn3t4r9,6,1,Defender,Right,NaN,18,2,3,NaN,9,2,NaN,10,25,11,90,9,4,6,15,2,5,NaN,1,NaN,4,NaN,NaN,NaN,NaN,2,NaN,NaN,NaN,NaN,NaN,,NaN,NaN,NaN,NaN,4231,NaN,Hajduk Split vs Slaven Koprivnica,ajjy8jz6aaq1s16a0ggrdbnro,2024-08-04
I. Rakitić,depu0zp8jqcyv0jzf5r9yums5,6ouaoxrghzeqpzqk02xn3t4r9,4,1,Defensive Midfielder,Left/Centre,NaN,74,NaN,3,8,31,NaN,NaN,48,80,32,82,28,16,4,57,15,20,1,NaN,1,3,NaN,2,NaN,NaN,NaN,NaN,1,1,1,NaN,,NaN,NaN,NaN,NaN,4231,NaN,Hajduk Split vs Slaven Koprivnica,ajjy8jz6aaq1s16a0ggrdbnro,2024-08-04
R. Pukštas,akxjvb02zugb5ytlw2jz1ku3u,6ouaoxrghzeqpzqk02xn3t4r9,8,4,Defensive Midfielder,Centre/Right,NaN,24,3,12,1,14,NaN,3,11,28,14,90,7,6,2,16,5,8,NaN,2,NaN,1,NaN,1,NaN,2,1,NaN,NaN,1,NaN,NaN,,NaN,NaN,NaN,NaN,4231,NaN,Hajduk Split vs Slaven Koprivnica,ajjy8jz6aaq1s16a0ggrdbnro,2024-08-04
I. Perišić,2gsq05yyxwe4f8t79j6d49q6t,6ouaoxrghzeqpzqk02xn3t4r9,NaN,NaN,Attacking Midfielder,Left,NaN,12,NaN,2,1,2,1,NaN,10,16,3,68,5,NaN,2,13,3,5,2,1,2,NaN,NaN,NaN,NaN,1,2,NaN,NaN,1,NaN,NaN,,NaN,NaN,NaN,NaN,4231,NaN,Hajduk Split vs Slaven Koprivnica,ajjy8jz6aaq1s16a0ggrdbnro,2024-08-04
A. Kalik,124myttw2y8hq8rf1t971mfh1,6ouaoxrghzeqpzqk02xn3t4r9,5,2,Attacking Midfielder,Centre,NaN,11,NaN,4,1,8,1,NaN,3,16,9,90,4,3,2,7,2,6,NaN,NaN,NaN,1,NaN,NaN,NaN,1,1,1,NaN,NaN,NaN,NaN,,2,1,NaN,NaN,4231,NaN,Hajduk Split vs Slaven Koprivnica,ajjy8jz6aaq1s16a0ggrdbnro,2024-08-04
A. Sanyang,3pmxeo3dvepq6a1s6dxvjeoh6,6ouaoxrghzeqpzqk02xn3t4r9,7,NaN,Attacking Midfielder,Right,NaN,16,5,7,5,3,1,2,13,21,3,90,7,5,4,20,7,12,2,NaN,2,3,NaN,1,NaN,2,3,2,NaN,NaN,NaN,NaN,,NaN,NaN,NaN,NaN,4231,1,Hajduk Split vs Slaven Koprivnica,ajjy8jz6aaq1s16a0ggrdbnro,2024-08-04
M. Livaja,1c7tr11lak5xwdw7s8b93zw7p,6ouaoxrghzeqpzqk02xn3t4r9,6,1,Striker,Centre,NaN,9,3,4,NaN,5,NaN,NaN,6,13,5,90,2,2,3,10,4,8,NaN,2,1,1,NaN,NaN,NaN,NaN,5,1,NaN,2,NaN,1,,4,3,NaN,NaN,4231,1,Hajduk Split vs Slaven Koprivnica,ajjy8jz6aaq1s16a0ggrdbnro,2024-08-04
M. Antunović,axz61rnxy3k8eah7v9h87jklw,6ouaoxrghzeqpzqk02xn3t4r9,NaN,NaN,Substitute,NaN,Attacker,NaN,NaN,NaN,NaN,NaN,NaN,NaN,NaN,NaN,NaN,NaN,NaN,NaN,NaN,NaN,NaN,NaN,NaN,NaN,NaN,NaN,NaN,NaN,NaN,NaN,NaN,NaN,NaN,NaN,NaN,NaN,,NaN,NaN,NaN,NaN,4231,NaN,Hajduk Split vs Slaven Koprivnica,ajjy8jz6aaq1s16a0ggrdbnro,2024-08-04
M. Capan,2g5q9zvme411ot0rnwz92svtg,6ouaoxrghzeqpzqk02xn3t4r9,NaN,NaN,Substitute,NaN,Midfielder,NaN,NaN,NaN,NaN,NaN,NaN,NaN,NaN,NaN,NaN,NaN,NaN,NaN,NaN,NaN,NaN,NaN,NaN,NaN,NaN,NaN,NaN,NaN,NaN,NaN,NaN,NaN,NaN,NaN,NaN,NaN,,NaN,NaN,NaN,NaN,4231,NaN,Hajduk Split vs Slaven Koprivnica,ajjy8jz6aaq1s16a0ggrdbnro,2024-08-04
B. Durdov,4qlsf99qrs3u0te0tgw6q6fis,6ouaoxrghzeqpzqk02xn3t4r9,NaN,NaN,Substitute,NaN,Attacker,NaN,NaN,NaN,NaN,NaN,NaN,NaN,NaN,NaN,NaN,NaN,NaN,NaN,NaN,NaN,NaN,NaN,NaN,NaN,NaN,NaN,NaN,NaN,NaN,NaN,NaN,NaN,NaN,NaN,NaN,NaN,,NaN,NaN,NaN,NaN,4231,NaN,Hajduk Split vs Slaven Koprivnica,ajjy8jz6aaq1s16a0ggrdbnro,2024-08-04
J. Elez,69nyua713wmputebb4ifj0amt,6ouaoxrghzeqpzqk02xn3t4r9,NaN,NaN,Substitute,NaN,Defender,NaN,NaN,NaN,NaN,NaN,NaN,NaN,NaN,NaN,NaN,NaN,NaN,NaN,NaN,NaN,NaN,NaN,NaN,NaN,NaN,NaN,NaN,NaN,NaN,NaN,NaN,NaN,NaN,NaN,NaN,NaN,,NaN,NaN,NaN,NaN,4231,NaN,Hajduk Split vs Slaven Koprivnica,ajjy8jz6aaq1s16a0ggrdbnro,2024-08-04
Š. Hrgović,2jak0xxn0306bv6vv1z5vdjbo,6ouaoxrghzeqpzqk02xn3t4r9,NaN,NaN,Substitute,NaN,Defender,NaN,NaN,NaN,NaN,NaN,NaN,NaN,NaN,NaN,NaN,NaN,NaN,NaN,NaN,NaN,NaN,NaN,NaN,NaN,NaN,NaN,NaN,NaN,NaN,NaN,NaN,NaN,NaN,NaN,NaN,NaN,,NaN,NaN,NaN,NaN,4231,NaN,Hajduk Split vs Slaven Koprivnica,ajjy8jz6aaq1s16a0ggrdbnro,2024-08-04
L. Jurak,eg7a54zuoulku6nho6pctnkt0,6ouaoxrghzeqpzqk02xn3t4r9,NaN,NaN,Substitute,NaN,Midfielder,NaN,NaN,NaN,NaN,NaN,NaN,NaN,NaN,NaN,NaN,NaN,NaN,NaN,NaN,NaN,NaN,NaN,NaN,NaN,NaN,NaN,NaN,NaN,NaN,NaN,NaN,NaN,NaN,NaN,NaN,NaN,,NaN,NaN,NaN,NaN,4231,NaN,Hajduk Split vs Slaven Koprivnica,ajjy8jz6aaq1s16a0ggrdbnro,2024-08-04
F. Krovinović,bhtidrz3x054kpi4q0zqjo0r9,6ouaoxrghzeqpzqk02xn3t4r9,NaN,NaN,Substitute,NaN,Midfielder,3,NaN,1,NaN,1,1,NaN,4,4,1,8,2,NaN,1,5,1,2,NaN,NaN,NaN,NaN,1,NaN,1,NaN,NaN,NaN,NaN,NaN,NaN,NaN,,NaN,NaN,NaN,NaN,4231,NaN,Hajduk Split vs Slaven Koprivnica,ajjy8jz6aaq1s16a0ggrdbnro,2024-08-04
I. Lučić,c2akf8cn1t0uqjoqbf601cu6t,6ouaoxrghzeqpzqk02xn3t4r9,NaN,NaN,Substitute,NaN,Goalkeeper,NaN,NaN,NaN,NaN,NaN,NaN,NaN,NaN,NaN,NaN,NaN,NaN,NaN,NaN,NaN,NaN,NaN,NaN,NaN,NaN,NaN,NaN,NaN,NaN,NaN,NaN,NaN,NaN,NaN,NaN,NaN,,NaN,NaN,NaN,NaN,4231,NaN,Hajduk Split vs Slaven Koprivnica,ajjy8jz6aaq1s16a0ggrdbnro,2024-08-04
D. Prpić,8f9u7fu8gti4bjyrgapo9c6qc,6ouaoxrghzeqpzqk02xn3t4r9,2,1,Substitute,NaN,Defender,34,NaN,2,1,23,1,NaN,12,36,23,54,10,4,1,14,3,4,NaN,1,NaN,NaN,NaN,NaN,NaN,1,NaN,NaN,NaN,NaN,NaN,NaN,,NaN,NaN,NaN,NaN,4231,NaN,Hajduk Split vs Slaven Koprivnica,ajjy8jz6aaq1s16a0ggrdbnro,2024-08-04
E. Sahiti,8sp01319vyxst4lfxjjp91ii1,6ouaoxrghzeqpzqk02xn3t4r9,NaN,NaN,Substitute,NaN,Attacker,4,NaN,NaN,NaN,1,NaN,NaN,3,7,2,22,1,NaN,1,5,1,2,NaN,NaN,NaN,NaN,1,NaN,1,NaN,NaN,NaN,NaN,1,NaN,NaN,,NaN,NaN,NaN,NaN,4231,NaN,Hajduk Split vs Slaven Koprivnica,ajjy8jz6aaq1s16a0ggrdbnro,2024-08-04
N. Sigur,7uw88nwfgndw5rwjdf3ok89hw,6ouaoxrghzeqpzqk02xn3t4r9,NaN,NaN,Substitute,NaN,Midfielder,NaN,NaN,NaN,NaN,NaN,NaN,NaN,NaN,NaN,NaN,NaN,NaN,NaN,NaN,NaN,NaN,NaN,NaN,NaN,NaN,NaN,NaN,NaN,NaN,NaN,NaN,NaN,NaN,NaN,NaN,NaN,,NaN,NaN,NaN,NaN,4231,NaN,Hajduk Split vs Slaven Koprivnica,ajjy8jz6aaq1s16a0ggrdbnro,2024-08-04
A. Trajkovski,6m2uqbr8e3v4hcg8r02ee1ec5,6ouaoxrghzeqpzqk02xn3t4r9,NaN,NaN,Substitute,NaN,Attacker,NaN,NaN,NaN,NaN,NaN,NaN,NaN,NaN,NaN,NaN,NaN,NaN,NaN,NaN,NaN,NaN,NaN,NaN,NaN,NaN,NaN,NaN,NaN,NaN,NaN,NaN,NaN,NaN,NaN,NaN,NaN,,NaN,NaN,NaN,NaN,4231,NaN,Hajduk Split vs Slaven Koprivnica,ajjy8jz6aaq1s16a0ggrdbnro,2024-08-04
I. Čović,8usoj500juhjeijoxqicqcyqd,ahpwadw516qqa39whahl0o939,NaN,NaN,Goalkeeper,Centre,NaN,6,NaN,1,NaN,13,NaN,NaN,1,10,14,90,13,4,5,7,NaN,4,NaN,NaN,NaN,NaN,NaN,NaN,NaN,NaN,NaN,NaN,NaN,NaN,NaN,NaN,,NaN,NaN,NaN,NaN,541,NaN,Hajduk Split vs Slaven Koprivnica,ajjy8jz6aaq1s16a0ggrdbnro,2024-08-04
B. Pllana,21kx918rf82xsvq8jf1ccn7my,ahpwadw516qqa39whahl0o939,3,NaN,Defender,Left/Centre,NaN,16,2,4,NaN,11,2,1,6,18,13,74,10,2,2,6,2,2,NaN,NaN,NaN,NaN,NaN,NaN,NaN,NaN,1,1,NaN,NaN,NaN,NaN,,NaN,NaN,NaN,NaN,541,NaN,Hajduk Split vs Slaven Koprivnica,ajjy8jz6aaq1s16a0ggrdbnro,2024-08-04
T. Božić,cqwcrwtwcbs9p0p85r7jmc7v9,ahpwadw516qqa39whahl0o939,6,2,Defender,Centre,NaN,26,NaN,1,1,23,2,NaN,3,29,24,90,14,3,2,6,NaN,3,NaN,NaN,NaN,NaN,NaN,NaN,NaN,NaN,NaN,NaN,NaN,NaN,NaN,NaN,,NaN,NaN,NaN,NaN,541,NaN,Hajduk Split vs Slaven Koprivnica,ajjy8jz6aaq1s16a0ggrdbnro,2024-08-04
M. Boras,8z7r3whz85ck1c357fbjw9lre,ahpwadw516qqa39whahl0o939,5,3,Defender,Centre/Right,NaN,25,NaN,2,1,20,1,NaN,7,39,26,90,23,5,3,15,NaN,5,NaN,2,NaN,2,NaN,NaN,NaN,NaN,NaN,NaN,NaN,NaN,NaN,NaN,,NaN,NaN,NaN,NaN,541,NaN,Hajduk Split vs Slaven Koprivnica,ajjy8jz6aaq1s16a0ggrdbnro,2024-08-04
L. Lučić,2ehr8108qu2cltqkicscz3fmd,ahpwadw516qqa39whahl0o939,5,1,Wing Back,Left,NaN,21,NaN,3,3,12,NaN,NaN,12,31,14,89,13,10,2,22,4,9,NaN,1,NaN,2,1,2,1,NaN,NaN,NaN,NaN,NaN,NaN,NaN,,NaN,NaN,NaN,NaN,541,NaN,Hajduk Split vs Slaven Koprivnica,ajjy8jz6aaq1s16a0ggrdbnro,2024-08-04
A. Bosec,3cib29fyaavdzkkuu7a9472ll,ahpwadw516qqa39whahl0o939,2,1,Wing Back,Right,NaN,12,1,2,2,7,NaN,NaN,5,15,7,90,8,2,NaN,8,NaN,3,NaN,NaN,NaN,NaN,NaN,NaN,NaN,NaN,NaN,NaN,NaN,NaN,NaN,NaN,,NaN,NaN,NaN,NaN,541,NaN,Hajduk Split vs Slaven Koprivnica,ajjy8jz6aaq1s16a0ggrdbnro,2024-08-04
M. Šakota,6ftiz4cm0gf65myazepnit0k4,ahpwadw516qqa39whahl0o939,4,NaN,Midfielder,Left,NaN,3,3,4,4,NaN,NaN,1,4,6,NaN,89,3,1,1,9,1,4,NaN,1,NaN,1,NaN,3,NaN,2,3,2,NaN,NaN,1,NaN,,NaN,NaN,1,1,541,1,Hajduk Split vs Slaven Koprivnica,ajjy8jz6aaq1s16a0ggrdbnro,2024-08-04
I. Jelić Balta,4ws81wv8sdepalorjf7u7faax,ahpwadw516qqa39whahl0o939,5,1,Midfielder,Left/Centre,NaN,18,4,5,2,11,3,2,7,32,16,89,17,6,6,16,4,10,1,2,1,3,4,NaN,4,1,1,NaN,NaN,NaN,NaN,NaN,,1,1,NaN,NaN,541,NaN,Hajduk Split vs Slaven Koprivnica,ajjy8jz6aaq1s16a0ggrdbnro,2024-08-04
M. Agbekpornu,62hp7bk1fk5jlhlo3ipkzdlre,ahpwadw516qqa39whahl0o939,6,1,Midfielder,Centre/Right,NaN,17,1,6,NaN,10,1,1,7,20,11,66,7,4,3,9,3,5,2,4,2,2,NaN,NaN,NaN,NaN,1,NaN,NaN,NaN,NaN,NaN,,NaN,NaN,NaN,NaN,541,NaN,Hajduk Split vs Slaven Koprivnica,ajjy8jz6aaq1s16a0ggrdbnro,2024-08-04
M. Caimacov,bp23apnegi2ypci9rshsx8c89,ahpwadw516qqa39whahl0o939,4,1,Midfielder,Right,NaN,25,1,10,7,15,2,1,15,32,17,90,12,4,4,24,6,8,NaN,1,1,2,1,2,1,NaN,NaN,NaN,NaN,NaN,1,NaN,,1,1,NaN,NaN,541,NaN,Hajduk Split vs Slaven Koprivnica,ajjy8jz6aaq1s16a0ggrdbnro,2024-08-04
K. Butić,3ebbinbrmvd0h0ildavulm8dl,ahpwadw516qqa39whahl0o939,4,1,Striker,Centre,NaN,3,NaN,2,1,2,NaN,NaN,2,6,3,89,3,1,NaN,4,1,3,NaN,NaN,NaN,NaN,NaN,NaN,NaN,NaN,2,1,NaN,NaN,NaN,NaN,,NaN,NaN,NaN,NaN,541,NaN,Hajduk Split vs Slaven Koprivnica,ajjy8jz6aaq1s16a0ggrdbnro,2024-08-04
L. Crepulja,ai5cnyn9zjkdlzma3goj7m7yt,ahpwadw516qqa39whahl0o939,NaN,NaN,Substitute,NaN,Midfielder,7,NaN,1,1,3,1,NaN,4,9,3,1,6,3,1,6,2,3,NaN,NaN,NaN,NaN,NaN,NaN,NaN,NaN,NaN,NaN,NaN,NaN,NaN,NaN,,NaN,NaN,NaN,NaN,541,NaN,Hajduk Split vs Slaven Koprivnica,ajjy8jz6aaq1s16a0ggrdbnro,2024-08-04
Lucas Fernandes,a5zyt8pcynsuk0jyi0wku04r8,ahpwadw516qqa39whahl0o939,NaN,NaN,Substitute,NaN,Attacker,NaN,NaN,NaN,NaN,NaN,NaN,NaN,NaN,NaN,NaN,NaN,NaN,NaN,NaN,NaN,NaN,NaN,NaN,NaN,NaN,NaN,NaN,NaN,NaN,NaN,NaN,NaN,NaN,NaN,NaN,NaN,,NaN,NaN,NaN,NaN,541,NaN,Hajduk Split vs Slaven Koprivnica,ajjy8jz6aaq1s16a0ggrdbnro,2024-08-04
A. Jagušić,8e0f4d0nke8zpryrnvlo93rbo,ahpwadw516qqa39whahl0o939,NaN,NaN,Substitute,NaN,Defender,NaN,NaN,NaN,NaN,NaN,NaN,NaN,NaN,NaN,NaN,NaN,NaN,NaN,NaN,NaN,NaN,NaN,NaN,NaN,NaN,NaN,NaN,NaN,NaN,NaN,NaN,NaN,NaN,NaN,NaN,NaN,,NaN,NaN,NaN,NaN,541,NaN,Hajduk Split vs Slaven Koprivnica,ajjy8jz6aaq1s16a0ggrdbnro,2024-08-04
Z. Katalinić,2yl9v5sa2ym64tlvz2yf58zdg,ahpwadw516qqa39whahl0o939,NaN,NaN,Substitute,NaN,Defender,NaN,NaN,NaN,NaN,NaN,NaN,NaN,NaN,NaN,NaN,NaN,NaN,NaN,NaN,NaN,NaN,NaN,NaN,NaN,NaN,NaN,NaN,NaN,NaN,NaN,NaN,NaN,NaN,NaN,NaN,NaN,,NaN,NaN,NaN,NaN,541,NaN,Hajduk Split vs Slaven Koprivnica,ajjy8jz6aaq1s16a0ggrdbnro,2024-08-04
I. Lepinjica,6e22x46gqvnavi481aabpuqdw,ahpwadw516qqa39whahl0o939,NaN,NaN,Substitute,NaN,Midfielder,NaN,NaN,NaN,NaN,NaN,NaN,NaN,NaN,NaN,NaN,NaN,NaN,NaN,NaN,NaN,NaN,NaN,NaN,NaN,NaN,NaN,NaN,NaN,NaN,NaN,NaN,NaN,NaN,NaN,NaN,NaN,,NaN,NaN,NaN,NaN,541,NaN,Hajduk Split vs Slaven Koprivnica,ajjy8jz6aaq1s16a0ggrdbnro,2024-08-04
A. Liber,71eiaf3c37jpcqmcds6kbg4q,ahpwadw516qqa39whahl0o939,NaN,NaN,Substitute,NaN,Midfielder,NaN,NaN,NaN,NaN,NaN,NaN,NaN,NaN,NaN,NaN,NaN,NaN,NaN,NaN,NaN,NaN,NaN,NaN,NaN,NaN,NaN,NaN,NaN,NaN,NaN,NaN,NaN,NaN,NaN,NaN,NaN,,NaN,NaN,NaN,NaN,541,NaN,Hajduk Split vs Slaven Koprivnica,ajjy8jz6aaq1s16a0ggrdbnro,2024-08-04
P. Marić,aw3vuft1la8psn1nc2xut82z8,ahpwadw516qqa39whahl0o939,NaN,NaN,Substitute,NaN,Attacker,NaN,NaN,NaN,NaN,NaN,NaN,NaN,NaN,NaN,NaN,NaN,NaN,NaN,NaN,NaN,NaN,NaN,NaN,NaN,NaN,NaN,NaN,NaN,NaN,NaN,NaN,NaN,NaN,NaN,NaN,NaN,,NaN,NaN,NaN,NaN,541,NaN,Hajduk Split vs Slaven Koprivnica,ajjy8jz6aaq1s16a0ggrdbnro,2024-08-04
D. Martinović,4846b6wupzwh9pj4fa0627fmd,ahpwadw516qqa39whahl0o939,2,NaN,Substitute,NaN,Attacker,2,1,3,NaN,NaN,NaN,NaN,2,5,NaN,16,NaN,NaN,1,5,1,2,NaN,NaN,NaN,NaN,NaN,NaN,NaN,NaN,1,NaN,NaN,1,NaN,NaN,,NaN,NaN,NaN,NaN,541,NaN,Hajduk Split vs Slaven Koprivnica,ajjy8jz6aaq1s16a0ggrdbnro,2024-08-04
R. Murić,ch0c8tvqno4y4k1vlw8uh2311,ahpwadw516qqa39whahl0o939,NaN,NaN,Substitute,NaN,Midfielder,3,NaN,NaN,2,2,NaN,NaN,2,3,2,24,1,1,NaN,3,1,1,NaN,NaN,NaN,NaN,NaN,NaN,NaN,NaN,NaN,NaN,NaN,NaN,NaN,NaN,,NaN,NaN,NaN,NaN,541,NaN,Hajduk Split vs Slaven Koprivnica,ajjy8jz6aaq1s16a0ggrdbnro,2024-08-04
I. Sušak,3eaqhkcm5om70ugd18y6smw9,ahpwadw516qqa39whahl0o939,NaN,NaN,Substitute,NaN,Goalkeeper,NaN,NaN,NaN,NaN,NaN,NaN,NaN,NaN,NaN,NaN,NaN,NaN,NaN,NaN,NaN,NaN,NaN,NaN,NaN,NaN,NaN,NaN,NaN,NaN,NaN,NaN,NaN,NaN,NaN,NaN,NaN,,NaN,NaN,NaN,NaN,541,NaN,Hajduk Split vs Slaven Koprivnica,ajjy8jz6aaq1s16a0ggrdbnro,2024-08-04
L. Ćurković,9zf4c9cmchggo5ogh82ecxwd0,ahpwadw516qqa39whahl0o939,NaN,NaN,Substitute,NaN,Defender,NaN,NaN,NaN,NaN,NaN,NaN,NaN,NaN,NaN,NaN,NaN,NaN,NaN,NaN,NaN,NaN,NaN,NaN,NaN,NaN,NaN,NaN,NaN,NaN,NaN,NaN,NaN,NaN,NaN,NaN,NaN,,NaN,NaN,NaN,NaN,541,NaN,Hajduk Split vs Slaven Koprivnica,ajjy8jz6aaq1s16a0ggrdbnro,2024-08-04
A. Šuto,4an8xrcoiz0th7347aradjo5w,ahpwadw516qqa39whahl0o939,2,1,Substitute,NaN,Attacker,1,1,1,NaN,NaN,1,NaN,1,1,NaN,1,NaN,NaN,1,1,NaN,NaN,NaN,NaN,NaN,NaN,NaN,NaN,NaN,NaN,NaN,NaN,NaN,NaN,NaN,NaN,,NaN,NaN,NaN,NaN,541,NaN,Hajduk Split vs Slaven Koprivnica,ajjy8jz6aaq1s16a0ggrdbnro,2024-08-04
