id,firstName,lastName,shortFirstName,shortLastName,gender,matchName,nationality,nationalityId,type,dateOfBirth,placeOfBirth,countryOfBirth,countryOfBirthId,status,active,position,shirtNumber,secondNationality,secondNationalityId,height,weight,foot,knownName
11203u9usp5y7fpbqmvhno0r9,Sergej,Jakirović,Sergej,Jakirovic,Male,S. Jakirović,Bosnia and Herzegovina,4fue8u54361o79fbiu9qwxjer,coach,1976-12-23,Mostar,Bosnia and Herzegovina,4fue8u54361o79fbiu9qwxjer,active,no,NaN,NaN,NaN,NaN,NaN,NaN,NaN,NaN
12qlz44l7n0ma03abxxjxltlg,Branko,Pavić,Branko,Pavic,Male,B. Pavić,Croatia,37hlakrwxyuzovaeoo4sezusp,player,2006-11-07,Zagreb,Croatia,37hlakrwxyuzovaeoo4sezusp,active,yes,Midfielder,66.0,NaN,NaN,NaN,NaN,NaN,NaN
1j99x774oc7dpglwcyy6l1fc9,Arbër,Hoxha,Arbër,Hoxha,Male,A. Hoxha,Albania,17zsm8shejejls2on1ffil3op,player,1998-10-06,Pejë,Germany,36min0qztu8eydwvpv8t1is0m,active,yes,Attacker,11.0,Kosovo,86u6edbqifdjsn49mbp2anw7p,185.0,77.0,right,NaN
243p3fetnvhsfztuz7z8i1yc4,Juan José,Córdoba Zapata,Juan,Córdoba,Male,J. Córdoba,Colombia,6kby8rq1p01fg5ds38ckkrcs5,player,2003-07-11,Medellín,Colombia,6kby8rq1p01fg5ds38ckkrcs5,active,yes,Attacker,19.0,NaN,NaN,171.0,68.0,NaN,NaN
2ennswybg2gmzcmvy61q4s5ck,Antonio,Rajić,Antonio,Rajic,Male,A. Rajić,Croatia,37hlakrwxyuzovaeoo4sezusp,player,2007-03-04,NaN,Croatia,37hlakrwxyuzovaeoo4sezusp,active,no,Goalkeeper,12.0,NaN,NaN,NaN,NaN,NaN,NaN
2hbduprkyabq8g1nhe6b4g3bp,Marko,Pjaca,Marko,Pjaca,Male,M. Pjaca,Croatia,37hlakrwxyuzovaeoo4sezusp,player,1995-05-06,Zagreb,Croatia,37hlakrwxyuzovaeoo4sezusp,active,yes,Attacker,20.0,NaN,NaN,186.0,83.0,right,NaN
2wbvg562g7b0n0qs0olc1mk89,Dario,Špikić,Dario,Spikic,Male,D. Špikić,Croatia,37hlakrwxyuzovaeoo4sezusp,player,1999-03-22,Zagreb,Croatia,37hlakrwxyuzovaeoo4sezusp,active,yes,Attacker,77.0,NaN,NaN,183.0,79.0,NaN,NaN
2yuntws503qs5o9er31diwmp5,Sandro,Kulenović,Sandro,Kulenovic,Male,S. Kulenović,Croatia,37hlakrwxyuzovaeoo4sezusp,player,1999-12-04,Zagreb,Croatia,37hlakrwxyuzovaeoo4sezusp,active,yes,Attacker,17.0,NaN,NaN,188.0,76.0,right,NaN
2zbhh5sasfhsez0bfa1suk8ic,Lukas,Kačavenda,Lukas,Kacavenda,Male,L. Kačavenda,Croatia,37hlakrwxyuzovaeoo4sezusp,player,2003-03-02,NaN,Croatia,37hlakrwxyuzovaeoo4sezusp,active,yes,Midfielder,8.0,NaN,NaN,NaN,NaN,NaN,NaN
3b90uigs1uhevht6emjjwuluc,Borna,Graonić,Borna,Graonic,Male,B. Graonić,Croatia,37hlakrwxyuzovaeoo4sezusp,player,2005-01-31,NaN,Croatia,37hlakrwxyuzovaeoo4sezusp,active,no,Midfielder,NaN,NaN,NaN,NaN,NaN,NaN,NaN
3cx8twi5atgd2s4j7mna3arit,Alen,Peternac,Alen,Peternac,Male,A. Peternac,Croatia,37hlakrwxyuzovaeoo4sezusp,assistant coach,1972-01-16,NaN,Croatia,37hlakrwxyuzovaeoo4sezusp,active,yes,NaN,NaN,NaN,NaN,NaN,NaN,NaN,NaN
3jqxaa2l6gqwxl2mr8w0yiiy2,Nathanaël,Mbuku,Nathanaël,Mbuku,Male,N. Mbuku,Congo DR,6xq2smnxqvc5bh7vzza9ljiy9,player,2002-03-16,Villeneuve-Saint-Georges,France,7gww28djs405rfga69smki84o,active,yes,Attacker,21.0,France,7gww28djs405rfga69smki84o,170.0,65.0,left,NaN
3wyqo8jkjt41b45ui1vadl2qc,Jan,Oliveras Codina,Jan,Oliveras,Male,Jan Oliveras,Spain,49ih1pwv3ahshdf8uzrimi54c,player,2004-07-07,Manresa,Spain,49ih1pwv3ahshdf8uzrimi54c,active,yes,Defender,14.0,NaN,NaN,NaN,NaN,NaN,NaN
43f74sam1smyx05y7ydg4xec,Tin,Miljak,Tin,Miljak,Male,T. Miljak,Croatia,37hlakrwxyuzovaeoo4sezusp,player,2006-09-17,Zagreb,Croatia,37hlakrwxyuzovaeoo4sezusp,active,yes,Midfielder,NaN,NaN,NaN,190.0,NaN,left,NaN
4jnxys8qlg4busx87d2ssgnbo,Leon,Jakirović,Leon,Jakirovic,Male,L. Jakirović,Croatia,37hlakrwxyuzovaeoo4sezusp,player,2008-01-16,NaN,Croatia,37hlakrwxyuzovaeoo4sezusp,active,yes,Defender,86.0,NaN,NaN,NaN,NaN,NaN,NaN
52tu1l6c1b7v8ofwbhiurvcnp,Stefan,Ristovski,Stefan,Ristovski,Male,S. Ristovski,North Macedonia,1lesyxylc5eza0a4z87t9azcc,player,1992-02-12,Skopje,North Macedonia,1lesyxylc5eza0a4z87t9azcc,active,yes,Defender,22.0,NaN,NaN,181.0,73.0,right,NaN
59xj48aye2j1zgz3wqm6tteqd,Danijel,Jumić,Danijel,Jumic,Male,D. Jumić,Croatia,37hlakrwxyuzovaeoo4sezusp,assistant coach,1986-06-27,Osijek,Croatia,37hlakrwxyuzovaeoo4sezusp,active,yes,NaN,NaN,NaN,NaN,174.0,NaN,NaN,NaN
5flzo34gylxzbhhrbfopzn66s,Jakov,Gurlica,Jakov,Gurlica,Male,J. Gurlica,Croatia,37hlakrwxyuzovaeoo4sezusp,player,2004-01-10,Zadar,Croatia,37hlakrwxyuzovaeoo4sezusp,active,no,Defender,NaN,NaN,NaN,NaN,NaN,NaN,NaN
6u7iuum6kqfwb4pbw5lsoff56,Petar,Sučić,Petar,Sucic,Male,P. Sučić,Croatia,37hlakrwxyuzovaeoo4sezusp,player,2003-10-25,Livno,Bosnia and Herzegovina,4fue8u54361o79fbiu9qwxjer,active,yes,Midfielder,25.0,Bosnia and Herzegovina,4fue8u54361o79fbiu9qwxjer,NaN,NaN,right,Petar Sucic
7onr52be14is8cwcfd2k1i784,Martin,Baturina,Martin,Baturina,Male,M. Baturina,Croatia,37hlakrwxyuzovaeoo4sezusp,player,2003-02-16,Split,Croatia,37hlakrwxyuzovaeoo4sezusp,active,yes,Midfielder,10.0,NaN,NaN,172.0,68.0,right,NaN
8f4dnhlapwc3zd9sz7a6pb651,Marko,Rog,Marko,Rog,Male,M. Rog,Croatia,37hlakrwxyuzovaeoo4sezusp,player,1995-07-19,Varaždin,Croatia,37hlakrwxyuzovaeoo4sezusp,active,yes,Midfielder,30.0,NaN,NaN,180.0,73.0,right,NaN
8glds5eomgq4dzlkn4dc1ysb9,Ivan,Filipović,Ivan,Filipovic,Male,I. Filipović,Croatia,37hlakrwxyuzovaeoo4sezusp,player,1994-11-13,Slavonski brod,Croatia,37hlakrwxyuzovaeoo4sezusp,active,yes,Goalkeeper,23.0,NaN,NaN,197.0,92.0,right,NaN
8ppp2y3f4kuwad3njqdmmq76d,Danijel,Zagorac,Danijel,Zagorac,Male,D. Zagorac,Croatia,37hlakrwxyuzovaeoo4sezusp,player,1987-02-07,Drniš,Croatia,37hlakrwxyuzovaeoo4sezusp,active,yes,Goalkeeper,1.0,NaN,NaN,186.0,80.0,right,NaN
96yikwkvaqoblxfn43f4gswr9,Josip,Mišić,Josip,Misic,Male,J. Mišić,Croatia,37hlakrwxyuzovaeoo4sezusp,player,1994-06-28,Vinkovci,Croatia,37hlakrwxyuzovaeoo4sezusp,active,yes,Midfielder,27.0,NaN,NaN,178.0,71.0,right,NaN
9hz4s6zmelmg4ix47xbre3q3t,Ronaël Julien,Pierre-Gabriel,Ronaël,Pierre-Gabriel,Male,R. Pierre-Gabriel,France,7gww28djs405rfga69smki84o,player,1998-06-13,Paris,France,7gww28djs405rfga69smki84o,active,yes,Defender,18.0,Martinique,1eb70pvuqssbbg3yamdba5ie5,177.0,76.0,right,NaN
9ibfqo6hd2vre5nhkh9e2gnh1,Bruno,Petković,Bruno,Petkovic,Male,B. Petković,Croatia,37hlakrwxyuzovaeoo4sezusp,player,1994-09-16,Metković,Croatia,37hlakrwxyuzovaeoo4sezusp,active,yes,Attacker,9.0,NaN,NaN,193.0,88.0,right,NaN
9tsa5z27vsqultqqmtglptzis,Luka,Vrbančić,Luka,Vrbancic,Male,L. Vrbančić,Croatia,37hlakrwxyuzovaeoo4sezusp,player,2005-07-04,NaN,Croatia,37hlakrwxyuzovaeoo4sezusp,active,no,Midfielder,36.0,NaN,NaN,NaN,NaN,NaN,NaN
ataq08lvaj8i1jg5c5iqz81sk,Luka,Stojković,Luka,Stojkovic,Male,L. Stojković,Croatia,37hlakrwxyuzovaeoo4sezusp,player,2003-10-28,Zagreb,Croatia,37hlakrwxyuzovaeoo4sezusp,active,yes,Midfielder,7.0,NaN,NaN,NaN,NaN,NaN,NaN
bcx883fj4ra94k586139a0e8k,Raúl,Torrente Navarro,Raúl,Torrente,Male,Raúl Torrente,Spain,49ih1pwv3ahshdf8uzrimi54c,player,2001-09-11,San Javier,Spain,49ih1pwv3ahshdf8uzrimi54c,active,yes,Defender,4.0,NaN,NaN,193.0,79.0,left,NaN
c1ebf5rijq4wtt6ge42iant1x,Dino,Perić,Dino,Peric,Male,D. Perić,Croatia,37hlakrwxyuzovaeoo4sezusp,player,1994-07-12,Osijek,Croatia,37hlakrwxyuzovaeoo4sezusp,active,yes,Defender,55.0,NaN,NaN,197.0,84.0,left,NaN
c9vkaaxhkmmkce4ah7wkfmqd,Arijan,Ademi,Arijan,Ademi,Male,A. Ademi,North Macedonia,1lesyxylc5eza0a4z87t9azcc,player,1991-05-29,Šibenik,Croatia,37hlakrwxyuzovaeoo4sezusp,active,yes,Midfielder,5.0,Croatia,37hlakrwxyuzovaeoo4sezusp,185.0,79.0,right,NaN
cq0cto13xxloz8cqit2j24c7p,Samy,Mmaee Nwambeben,Samy,Mmaee,Male,S. Mmaee,Morocco,2xdcc39z1k79pnjbtn9x31wdh,player,1996-09-08,Halle,Belgium,4wbzjcclyefma1ourvjsu4q2j,active,yes,Defender,13.0,Belgium,4wbzjcclyefma1ourvjsu4q2j,185.0,82.0,right,NaN
ct5zx477027zxa1uc67mjjdhw,Mauro,Perković,Mauro,Perkovic,Male,M. Perković,Croatia,37hlakrwxyuzovaeoo4sezusp,player,2003-03-22,Pula,Croatia,37hlakrwxyuzovaeoo4sezusp,active,yes,Defender,39.0,NaN,NaN,NaN,NaN,NaN,NaN
dtxu3juo6vmg4cfp99exxyxud,Nenad,Bjelica,Nenad,Bjelica,Male,N. Bjelica,Croatia,37hlakrwxyuzovaeoo4sezusp,coach,1971-08-20,Osijek,Croatia,37hlakrwxyuzovaeoo4sezusp,active,yes,NaN,NaN,NaN,NaN,181.0,NaN,NaN,NaN
dvn2nx0wh25ms50pl1kkf2qcp,Luka,Menalo,Luka,Menalo,Male,L. Menalo,Bosnia and Herzegovina,4fue8u54361o79fbiu9qwxjer,player,1996-07-22,Opuzen,Croatia,37hlakrwxyuzovaeoo4sezusp,active,yes,Attacker,NaN,Croatia,37hlakrwxyuzovaeoo4sezusp,181.0,72.0,right,NaN
e9kodigw308jx81ds56f4jv85,Ivan,Nevistić,Ivan,Nevistic,Male,I. Nevistić,Croatia,37hlakrwxyuzovaeoo4sezusp,player,1998-07-31,Đakovo,Croatia,37hlakrwxyuzovaeoo4sezusp,active,yes,Goalkeeper,33.0,NaN,NaN,195.0,85.0,right,NaN
ebry9igdjsuzktljtyauqbil1,Kévin,Théophile-Catherine,Kévin,Théophile-Catherine,Male,K. Théophile-Catherine,France,7gww28djs405rfga69smki84o,player,1989-10-28,Saint-Brieuc,France,7gww28djs405rfga69smki84o,active,yes,Defender,28.0,Martinique,1eb70pvuqssbbg3yamdba5ie5,183.0,86.0,right,NaN
em4emtybky53edbm8z70qlkgl,Maxime,Bernauer,Maxime,Bernauer,Male,M. Bernauer,France,7gww28djs405rfga69smki84o,player,1998-07-01,Hennebont,France,7gww28djs405rfga69smki84o,active,yes,Defender,6.0,NaN,NaN,186.0,77.0,right,NaN
en1u9fsa4r3dkh5k1orbwfbx0,Mislav,Ćutuk,Mislav,Cutuk,Male,M. Ćutuk,Croatia,37hlakrwxyuzovaeoo4sezusp,player,2007-01-25,NaN,Croatia,37hlakrwxyuzovaeoo4sezusp,active,yes,Attacker,49.0,NaN,NaN,NaN,NaN,NaN,NaN
eo5kfco94g7az5x9dn2mtr78q,Takuya,Ogiwara,Takuya,Ogiwara,Male,T. Ogiwara,Japan,lxyibh89lpdc0bfian1nx0xq,player,1999-11-23,Kawagoe,Japan,lxyibh89lpdc0bfian1nx0xq,active,yes,Defender,3.0,NaN,NaN,175.0,69.0,left,NaN
eqz0ued9p4n9x1aibcgzqbemt,Sadegh,Moharrami Getgasari,Sadegh,Moharrami,Male,S. Moharrami,Iran,e53g9hr2d3kasm34uumbg8r4,player,1996-03-01,Hashtpar,Iran,e53g9hr2d3kasm34uumbg8r4,active,yes,Defender,2.0,NaN,NaN,174.0,73.0,right,NaN
o5l3q1ezpymhoao6ww2b3m6s,Noa,Mikić,Noa,Mikic,Male,N. Mikić,Croatia,37hlakrwxyuzovaeoo4sezusp,player,2007-01-27,Varaždin,Croatia,37hlakrwxyuzovaeoo4sezusp,active,yes,Defender,35.0,NaN,NaN,175.0,NaN,right,NaN
ujmhztbvxpaqfzzuy4nyl3v9,Sandro,Perković,Sandro,Perkovic,Male,S. Perković,Croatia,37hlakrwxyuzovaeoo4sezusp,assistant coach,1984-04-15,NaN,Croatia,37hlakrwxyuzovaeoo4sezusp,active,yes,NaN,NaN,NaN,NaN,NaN,NaN,NaN,NaN
19lpewjx7suoipstxo0x2smc4,Đuro-Giulio,Đekić,Djuro-Giulio,Djekic,Male,Đ. Đekić,Serbia,5w4ve503bjdsshwx9ho6jxzx0,player,2005-06-30,Zagreb,Serbia,5w4ve503bjdsshwx9ho6jxzx0,active,yes,Defender,40.0,Croatia,37hlakrwxyuzovaeoo4sezusp,NaN,NaN,NaN,NaN
2ade0f9vpbbcbjf09dzimi7tg,Zvonimir,Josić,NaN,NaN,Male,Z. Josić,Croatia,37hlakrwxyuzovaeoo4sezusp,player,2006-08-29,Zagreb,Croatia,37hlakrwxyuzovaeoo4sezusp,active,yes,Defender,35.0,NaN,NaN,NaN,NaN,NaN,NaN
2g5bstn2kn7odbwe8it84texh,Marko,Kolar,Marko,Kolar,Male,M. Kolar,Croatia,37hlakrwxyuzovaeoo4sezusp,player,1995-05-31,Zabok,Croatia,37hlakrwxyuzovaeoo4sezusp,active,yes,Attacker,21.0,NaN,NaN,185.0,77.0,right,NaN
32d9uqfhzw9k6np9qswdmsy6s,Toni,Majić,Toni,Majic,Male,T. Majić,Croatia,37hlakrwxyuzovaeoo4sezusp,player,2006-05-03,Zagreb,Croatia,37hlakrwxyuzovaeoo4sezusp,active,yes,Attacker,24.0,NaN,NaN,NaN,NaN,right,NaN
3pa5qvt7g73pcnra2k4g9owr9,Matthew Rudolf Maria,Steenvoorden,Matthew,Steenvoorden,Male,M. Steenvoorden,Netherlands,6hzi5pltnz67q4la8yli9qfv6,player,1993-01-09,Leidschendam,Netherlands,6hzi5pltnz67q4la8yli9qfv6,active,yes,Defender,4.0,NaN,NaN,188.0,81.0,right,NaN
51wfpntyi5ijp2fj2hui8o00k,Patrik,Jug,NaN,NaN,Male,P. Jug,Croatia,37hlakrwxyuzovaeoo4sezusp,player,2002-02-04,Zagreb,Croatia,37hlakrwxyuzovaeoo4sezusp,active,no,Midfielder,NaN,NaN,NaN,NaN,NaN,NaN,NaN
5356pzfoebmfrbloag47495w4,Sekou Matar,Sagna,NaN,NaN,Male,S. Sagna,Senegal,6hhqyhr5cwq2pfprlazyposyk,player,2004-01-06,Koubalan,Senegal,6hhqyhr5cwq2pfprlazyposyk,active,yes,Midfielder,88.0,NaN,NaN,171.0,NaN,right,NaN
5flzo34gylxzbhhrbfopzn66s,Jakov,Gurlica,Jakov,Gurlica,Male,J. Gurlica,Croatia,37hlakrwxyuzovaeoo4sezusp,player,2004-01-10,Zadar,Croatia,37hlakrwxyuzovaeoo4sezusp,active,yes,Defender,6.0,NaN,NaN,NaN,NaN,NaN,NaN
5r73kuy4vdv1epvmzrhb6nskq,Mateo,Leš,Mateo,Les,Male,M. Leš,Croatia,37hlakrwxyuzovaeoo4sezusp,player,2000-03-25,Virovitica,Croatia,37hlakrwxyuzovaeoo4sezusp,active,yes,Defender,5.0,NaN,NaN,182.0,75.0,left,NaN
5tmutcvdeqhlbzpnpf8jvdudw,Caio,Da Cruz Oliveira Queiroz,NaN,NaN,Male,Caio Cruz,Brazil,2vufyvpoxd9lfl9f6vpp7tz6y,player,2002-03-13,Serra,Brazil,2vufyvpoxd9lfl9f6vpp7tz6y,active,no,Attacker,NaN,NaN,NaN,NaN,NaN,NaN,NaN
60t68exghgypvg8ez3aa06wa1,Merveil Valthy Streeker,Ndockyt,Merveil,Ndockyt,Male,M. Ndockyt,Congo,1s2y6o0lwj69dj5ib5pid8f6r,player,1998-07-20,Brazzaville,Congo,1s2y6o0lwj69dj5ib5pid8f6r,active,yes,Midfielder,8.0,NaN,NaN,182.0,63.0,left,NaN
64w1vt9268hrgij44dox135zo,Arona,Fall,Arona,Fall,Male,A. Fall,Senegal,6hhqyhr5cwq2pfprlazyposyk,player,2005-01-05,Boune,Senegal,6hhqyhr5cwq2pfprlazyposyk,active,yes,Attacker,19.0,NaN,NaN,175.0,NaN,right,NaN
6nzv388p0t41i7uqx6p95f66s,Marko,Krnjić,NaN,NaN,Male,M. Krnjić,Croatia,37hlakrwxyuzovaeoo4sezusp,assistant coach,NaN,NaN,Croatia,37hlakrwxyuzovaeoo4sezusp,active,yes,NaN,NaN,NaN,NaN,NaN,NaN,NaN,NaN
7zl4by24ezs8qi00b9erqe1p0,Luka,Vrzić,Luka,Vrzic,Male,L. Vrzić,Croatia,37hlakrwxyuzovaeoo4sezusp,player,2007-01-05,Zagreb,Croatia,37hlakrwxyuzovaeoo4sezusp,active,yes,Midfielder,20.0,NaN,NaN,NaN,NaN,NaN,NaN
8dst4h2lg2arn41rpqku6jld5,Meritan,Shabani,Meritan,Shabani,Male,M. Shabani,Germany,36min0qztu8eydwvpv8t1is0m,player,1999-03-15,München,Germany,36min0qztu8eydwvpv8t1is0m,active,yes,Midfielder,37.0,NaN,NaN,185.0,78.0,right,NaN
8nlphjo32zk03s0f96kbx1lnt,Jurica,Pršir,Jurica,Prsir,Male,J. Pršir,Croatia,37hlakrwxyuzovaeoo4sezusp,player,2000-05-29,NaN,Croatia,37hlakrwxyuzovaeoo4sezusp,active,yes,Midfielder,10.0,NaN,NaN,NaN,NaN,NaN,NaN
9475n76yyu3sg1rev5t91d979,Ivan,Banić,NaN,NaN,Male,I. Banić,Croatia,37hlakrwxyuzovaeoo4sezusp,player,1994-07-18,Sinj,Croatia,37hlakrwxyuzovaeoo4sezusp,active,yes,Goalkeeper,31.0,NaN,NaN,187.0,NaN,NaN,NaN
9e4tjj5u9oxvnbhyqc2bhjjf8,Nathan,Cruce-Corcy,NaN,NaN,Male,N. Cruce-Corcy,France,7gww28djs405rfga69smki84o,player,2004-03-22,Reims,France,7gww28djs405rfga69smki84o,active,no,Defender,NaN,NaN,NaN,NaN,NaN,NaN,NaN
9kju0phqku5d9z9kddjkzajv8,Medin,Gashi,NaN,NaN,Male,M. Gashi,Kosovo,86u6edbqifdjsn49mbp2anw7p,player,2006-02-01,NaN,Kosovo,86u6edbqifdjsn49mbp2anw7p,active,yes,Midfielder,99.0,NaN,NaN,NaN,NaN,NaN,NaN
abjhgtth3syehydrxpmnuzlnu,Karlo,Žiger,Karlo,Ziger,Male,K. Žiger,Croatia,37hlakrwxyuzovaeoo4sezusp,player,2001-05-11,Zagreb,Croatia,37hlakrwxyuzovaeoo4sezusp,active,yes,Goalkeeper,1.0,NaN,NaN,NaN,NaN,NaN,NaN
abnlg0s99hdankvo1xpcxstn8,Mario,Matković,NaN,NaN,Male,M. Matković,Croatia,37hlakrwxyuzovaeoo4sezusp,player,2003-04-02,Zagreb,Croatia,37hlakrwxyuzovaeoo4sezusp,active,yes,Defender,34.0,NaN,NaN,195.0,NaN,NaN,NaN
ai6bc01pud41xlpoz4100f7px,Valentino,Majstorović,NaN,NaN,Male,V. Majstorović,Croatia,37hlakrwxyuzovaeoo4sezusp,player,1995-11-11,NaN,Croatia,37hlakrwxyuzovaeoo4sezusp,active,yes,Midfielder,77.0,NaN,NaN,NaN,NaN,NaN,NaN
aie09n600h7ozeg6zl6anithx,Tibor,Halilović,Tibor,Halilovic,Male,T. Halilović,Croatia,37hlakrwxyuzovaeoo4sezusp,player,1995-03-18,Zagreb,Croatia,37hlakrwxyuzovaeoo4sezusp,active,yes,Midfielder,32.0,NaN,NaN,176.0,70.0,right,NaN
at9h763tgwqw93jnu37as7pih,Mésaque,Geremias Dju,Mésaque,Geremias Dju,Male,Mesaque Dju,Portugal,1nbm5i9a0403zzvltn17lxinc,player,1999-03-18,Bissau,Guinea-Bissau,5ikz7810612v7a6l5u6gxa6vm,active,yes,Attacker,12.0,Guinea-Bissau,5ikz7810612v7a6l5u6gxa6vm,181.0,75.0,right,Mesaque Dju
b9guj6lkzq24gtg3me7m43aol,Božidar,Radošević,Bozidar,Radosevic,Male,B. Radošević,Croatia,37hlakrwxyuzovaeoo4sezusp,player,1989-04-04,Split,Croatia,37hlakrwxyuzovaeoo4sezusp,active,yes,Goalkeeper,44.0,NaN,NaN,187.0,86.0,right,NaN
bd52544djk7t61roc813rewdm,Damjan,Pavlović,Damjan,Pavlovic,Male,D. Pavlović,Serbia,5w4ve503bjdsshwx9ho6jxzx0,player,2001-07-09,Eupen,Belgium,4wbzjcclyefma1ourvjsu4q2j,active,yes,Midfielder,47.0,Belgium,4wbzjcclyefma1ourvjsu4q2j,179.0,76.0,right,NaN
c934pf5w0mfnj2wxdz0q9q9zo,Vinko,Skrbin,NaN,NaN,Male,V. Skrbin,Croatia,37hlakrwxyuzovaeoo4sezusp,player,2003-04-24,NaN,Croatia,37hlakrwxyuzovaeoo4sezusp,active,yes,Midfielder,17.0,NaN,NaN,NaN,NaN,NaN,NaN
cbxju36whh2f6gnbzsy5jaj2s,Luka,Kapulica,Luka,Kapulica,Male,L. Kapulica,Croatia,37hlakrwxyuzovaeoo4sezusp,player,2005-01-18,NaN,Croatia,37hlakrwxyuzovaeoo4sezusp,active,yes,Midfielder,23.0,NaN,NaN,NaN,NaN,NaN,NaN
cn0bkahc8qyvnp7l6i75czemt,Dino,Mikanović,Dino,Mikanovic,Male,D. Mikanović,Croatia,37hlakrwxyuzovaeoo4sezusp,player,1994-05-07,Nova Gradiška,Croatia,37hlakrwxyuzovaeoo4sezusp,active,yes,Defender,2.0,NaN,NaN,174.0,70.0,right,NaN
cs59s6zf7aff0k36b2hhkvnu2,Adrion,Pajaziti,Adrion,Pajaziti,Male,A. Pajaziti,Albania,17zsm8shejejls2on1ffil3op,player,2002-11-16,London,England,1fk5l4hkqk12i7zske6mcqju6,active,yes,Midfielder,7.0,Kosovo,86u6edbqifdjsn49mbp2anw7p,180.0,NaN,left,NaN
ctnoadhr24tqxa8ciqyq5y784,Ante,Sušak,Ante,Susak,Male,A. Sušak,Croatia,37hlakrwxyuzovaeoo4sezusp,player,2006-01-20,Metković,Croatia,37hlakrwxyuzovaeoo4sezusp,active,yes,Defender,66.0,NaN,NaN,NaN,NaN,NaN,NaN
cz2zvjbgkbzlot81506v2fka2,Martin,Šlogar,Martin,Slogar,Male,M. Šlogar,Croatia,37hlakrwxyuzovaeoo4sezusp,player,2000-09-21,Zabok,Croatia,37hlakrwxyuzovaeoo4sezusp,active,yes,Midfielder,11.0,NaN,NaN,NaN,NaN,NaN,NaN
d1400j5m4favg8zd5njoe139x,Rajko,Vidović,NaN,NaN,Male,R. Vidović,Croatia,37hlakrwxyuzovaeoo4sezusp,coach,1975-03-04,Zavidovići,Bosnia and Herzegovina,4fue8u54361o79fbiu9qwxjer,active,no,NaN,NaN,Bosnia and Herzegovina,4fue8u54361o79fbiu9qwxjer,184.0,79.0,left,NaN
dcqgc791jg5m9ona6uipxu76d,Dino,Štiglec,Dino,Stiglec,Male,D. Štiglec,Croatia,37hlakrwxyuzovaeoo4sezusp,player,1990-10-03,Zagreb,Croatia,37hlakrwxyuzovaeoo4sezusp,active,yes,Defender,90.0,NaN,NaN,188.0,82.0,left,NaN
dcwscraf84m3ktjug7itfuwut,Mario,Maloča,Mario,Maloca,Male,M. Maloča,Croatia,37hlakrwxyuzovaeoo4sezusp,player,1989-05-04,Zagreb,Croatia,37hlakrwxyuzovaeoo4sezusp,active,yes,Defender,22.0,NaN,NaN,190.0,82.0,right,NaN
dtr4cnzrkqe46rtqhq4l7a2hg,Vito,Čaić,Vito,Caic,Male,V. Čaić,Croatia,37hlakrwxyuzovaeoo4sezusp,player,2005-04-01,NaN,Croatia,37hlakrwxyuzovaeoo4sezusp,active,yes,Midfielder,55.0,NaN,NaN,NaN,NaN,NaN,NaN
es8ytjnblakzt8ylo2lvbzdhw,Ante Matej,Jurič,Ante,Juric,Male,A. Jurič,Croatia,37hlakrwxyuzovaeoo4sezusp,player,2002-11-26,Osijek,Croatia,37hlakrwxyuzovaeoo4sezusp,active,no,Attacker,7.0,NaN,NaN,190.0,NaN,right,NaN
ewlscrjtkjzbw4ki7sj0pkley,Krešimir,Krizmanić,Kresimir,Krizmanic,Male,K. Krizmanić,Croatia,37hlakrwxyuzovaeoo4sezusp,player,2000-07-03,Zagreb,Croatia,37hlakrwxyuzovaeoo4sezusp,active,yes,Defender,25.0,NaN,NaN,NaN,NaN,NaN,NaN
expwmepvc35rhxd8ldb2v326t,Mario,Carević,NaN,NaN,Male,M. Carević,Croatia,37hlakrwxyuzovaeoo4sezusp,coach,1982-03-29,Makarska,Croatia,37hlakrwxyuzovaeoo4sezusp,active,yes,NaN,NaN,NaN,NaN,186.0,85.0,right,NaN
mlpu1pokq418r882x84gv6ga,Andrej,Lazarov,NaN,NaN,Male,A. Lazarov,North Macedonia,1lesyxylc5eza0a4z87t9azcc,player,1999-09-08,NaN,North Macedonia,1lesyxylc5eza0a4z87t9azcc,active,no,Midfielder,16.0,NaN,NaN,NaN,NaN,NaN,NaN
124myttw2y8hq8rf1t971mfh1,Anthony,Kalik,Anthony,Kalik,Male,A. Kalik,Australia,u5ieemi69z72c3bgczyy68lo,player,1997-11-05,Sydney,Australia,u5ieemi69z72c3bgczyy68lo,active,yes,Midfielder,7.0,Croatia,37hlakrwxyuzovaeoo4sezusp,176.0,72.0,right,NaN
1c7tr11lak5xwdw7s8b93zw7p,Marko,Livaja,Marko,Livaja,Male,M. Livaja,Croatia,37hlakrwxyuzovaeoo4sezusp,player,1993-08-26,Split,Croatia,37hlakrwxyuzovaeoo4sezusp,active,yes,Attacker,10.0,NaN,NaN,182.0,80.0,both,NaN
1e77it93nx78uu157mmksd71l,Ismaël Jean Chester,Diallo,Ismaël,Diallo,Male,I. Diallo,Côte d'Ivoire,tin6kf561ywonqan0mettr98,player,1997-01-29,Abidjan,Côte d'Ivoire,tin6kf561ywonqan0mettr98,active,yes,Defender,5.0,NaN,NaN,178.0,74.0,left,NaN
1zo6iikznwkd2vuhqykt7jw7p,Filip,Uremović,Filip,Uremovic,Male,F. Uremović,Croatia,37hlakrwxyuzovaeoo4sezusp,player,1997-02-11,Požega,Croatia,37hlakrwxyuzovaeoo4sezusp,active,yes,Defender,25.0,NaN,NaN,184.0,81.0,right,NaN
2g5q9zvme411ot0rnwz92svtg,Marko,Capan,Marko,Capan,Male,M. Capan,Croatia,37hlakrwxyuzovaeoo4sezusp,player,2004-02-24,NaN,Croatia,37hlakrwxyuzovaeoo4sezusp,active,yes,Midfielder,26.0,NaN,NaN,NaN,NaN,NaN,NaN
2gsq05yyxwe4f8t79j6d49q6t,Ivan,Perišić,Ivan,Perisic,Male,I. Perišić,Croatia,37hlakrwxyuzovaeoo4sezusp,player,1989-02-02,Split,Croatia,37hlakrwxyuzovaeoo4sezusp,active,no,Attacker,4.0,NaN,NaN,186.0,80.0,both,NaN
2jak0xxn0306bv6vv1z5vdjbo,Šimun,Hrgović,Simun,Hrgovic,Male,Š. Hrgović,Croatia,37hlakrwxyuzovaeoo4sezusp,player,2004-03-20,NaN,Croatia,37hlakrwxyuzovaeoo4sezusp,active,yes,Defender,32.0,NaN,NaN,NaN,NaN,NaN,NaN
31pehpmhelkgj06bivkkbxhm2,Madžid,Šošić,Madzid,Sosic,Male,M. Šošić,Bosnia and Herzegovina,4fue8u54361o79fbiu9qwxjer,player,2002-08-12,NaN,Bosnia and Herzegovina,4fue8u54361o79fbiu9qwxjer,active,yes,Midfielder,16.0,NaN,NaN,NaN,NaN,NaN,NaN
3pmxeo3dvepq6a1s6dxvjeoh6,Abdoulie,Sanyang,Abdoulie,Sanyang,Male,A. Sanyang,Gambia,4ix3ulx7h2a09r16jo9qdbuvp,player,1999-05-08,Serekunda,Gambia,4ix3ulx7h2a09r16jo9qdbuvp,active,yes,Attacker,24.0,NaN,NaN,173.0,69.0,left,NaN
47cjl0i2130tlp7g5eaqjqqz8,Roko,Brajković,Roko,Brajkovic,Male,R. Brajković,Croatia,37hlakrwxyuzovaeoo4sezusp,player,2005-07-03,NaN,Croatia,37hlakrwxyuzovaeoo4sezusp,active,yes,Midfielder,28.0,NaN,NaN,NaN,NaN,NaN,NaN
4dufp5jq50z8ynbqag7hevswk,Tomislav,Arković,Tomislav,Arkovic,Male,T. Arković,Croatia,37hlakrwxyuzovaeoo4sezusp,player,2005-09-21,NaN,Croatia,37hlakrwxyuzovaeoo4sezusp,active,no,Defender,NaN,NaN,NaN,NaN,NaN,NaN,NaN
4gwn6uusz1t8p21kwhkm0bhn8,Toni,Silić,Toni,Silic,Male,T. Silić,Croatia,37hlakrwxyuzovaeoo4sezusp,player,2004-05-07,Split,Croatia,37hlakrwxyuzovaeoo4sezusp,active,no,Goalkeeper,1.0,NaN,NaN,NaN,NaN,NaN,NaN
4qlsf99qrs3u0te0tgw6q6fis,Bruno,Durdov,Bruno,Durdov,Male,B. Durdov,Croatia,37hlakrwxyuzovaeoo4sezusp,player,2007-12-11,NaN,Croatia,37hlakrwxyuzovaeoo4sezusp,active,yes,Attacker,34.0,NaN,NaN,NaN,NaN,NaN,NaN
4u5r1xxpted2mw8dyu1ryesk4,Noa,Skoko,Noa,Skoko,Male,N. Skoko,Croatia,37hlakrwxyuzovaeoo4sezusp,player,2006-01-12,NaN,Croatia,37hlakrwxyuzovaeoo4sezusp,active,yes,Midfielder,37.0,NaN,NaN,NaN,NaN,NaN,NaN
5dbc4z6crdygjznxmw76od33d,Yassine Otmane,Benrahou,Yassine,Benrahou,Male,Y. Benrahou,Morocco,2xdcc39z1k79pnjbtn9x31wdh,player,1999-01-24,Blanc-Mesnil,France,7gww28djs405rfga69smki84o,active,yes,Midfielder,45.0,France,7gww28djs405rfga69smki84o,170.0,68.0,right,NaN
69nyua713wmputebb4ifj0amt,Josip,Elez,Josip,Elez,Male,J. Elez,Croatia,37hlakrwxyuzovaeoo4sezusp,player,1994-04-25,Split,Croatia,37hlakrwxyuzovaeoo4sezusp,active,yes,Defender,19.0,NaN,NaN,189.0,89.0,right,NaN
6gmfcfqd1o54zyepd9587nlqt,Fahd,Moufi,Fahd,Moufi,Male,F. Moufi,Morocco,2xdcc39z1k79pnjbtn9x31wdh,player,1996-05-05,Mulhouse,France,7gww28djs405rfga69smki84o,active,yes,Defender,18.0,France,7gww28djs405rfga69smki84o,179.0,70.0,right,NaN
6m2uqbr8e3v4hcg8r02ee1ec5,Aleksandar,Trajkovski,Aleksandar,Trajkovski,Male,A. Trajkovski,North Macedonia,1lesyxylc5eza0a4z87t9azcc,player,1992-09-05,Skopje,North Macedonia,1lesyxylc5eza0a4z87t9azcc,active,yes,Attacker,9.0,NaN,NaN,179.0,78.0,both,NaN
70g1fjgekjzh0i5bm69nh5wix,Zvonimir,Šarlija,Zvonimir,Sarlija,Male,Z. Šarlija,Croatia,37hlakrwxyuzovaeoo4sezusp,player,1996-08-29,Koprivnica,Croatia,37hlakrwxyuzovaeoo4sezusp,active,yes,Defender,31.0,NaN,NaN,189.0,80.0,right,NaN
7uw88nwfgndw5rwjdf3ok89hw,Niko Kristian,Sigur,Niko,Sigur,Male,N. Sigur,Canada,1iaoypzp6syf32cz9l15pzp7e,player,2003-09-09,Burnaby,Canada,1iaoypzp6syf32cz9l15pzp7e,active,yes,Midfielder,8.0,Croatia,37hlakrwxyuzovaeoo4sezusp,180.0,NaN,right,NaN
8f9u7fu8gti4bjyrgapo9c6qc,Dominik,Prpić,Dominik,Prpic,Male,D. Prpić,Croatia,37hlakrwxyuzovaeoo4sezusp,player,2004-05-19,NaN,Croatia,37hlakrwxyuzovaeoo4sezusp,active,yes,Defender,3.0,NaN,NaN,NaN,NaN,NaN,NaN
8sp01319vyxst4lfxjjp91ii1,Emir,Sahiti,Emir,Sahiti,Male,E. Sahiti,Kosovo,86u6edbqifdjsn49mbp2anw7p,player,1998-11-29,Zemun,Serbia,5w4ve503bjdsshwx9ho6jxzx0,active,no,Attacker,77.0,Albania,17zsm8shejejls2on1ffil3op,174.0,65.0,NaN,NaN
9k2wyu8eigfg9o2pn5cs95kyy,Leon,Dajaku,Leon,Dajaku,Male,L. Dajaku,Germany,36min0qztu8eydwvpv8t1is0m,player,2001-04-12,Waiblingen,Germany,36min0qztu8eydwvpv8t1is0m,active,yes,Attacker,22.0,Kosovo,86u6edbqifdjsn49mbp2anw7p,182.0,75.0,right,NaN
a96zxags19ar98mllxetuk4b9,Dario,Melnjak,Dario,Melnjak,Male,D. Melnjak,Croatia,37hlakrwxyuzovaeoo4sezusp,player,1992-10-31,Varaždin,Croatia,37hlakrwxyuzovaeoo4sezusp,active,yes,Defender,17.0,NaN,NaN,179.0,NaN,left,NaN
aimd6wz2viggg0f3m8xxss7h1,Adnan,Čustović,Adnan,Custovic,Male,A. Čustović,Bosnia and Herzegovina,4fue8u54361o79fbiu9qwxjer,assistant coach,1978-04-16,Mostar,Bosnia and Herzegovina,4fue8u54361o79fbiu9qwxjer,active,yes,NaN,NaN,NaN,NaN,185.0,81.0,right,NaN
akxjvb02zugb5ytlw2jz1ku3u,Rokas,Pukštas,Rokas,Pukstas,Male,R. Pukštas,USA,7hr2f89v44y65dyu9k92vprwn,player,2004-08-25,Stillwater,USA,7hr2f89v44y65dyu9k92vprwn,active,yes,Midfielder,21.0,Lithuania,366yd1wf1hzvvjb5u6r59rl1w,181.0,75.0,right,NaN
axz61rnxy3k8eah7v9h87jklw,Mate,Antunović,Mate,Antunovic,Male,M. Antunović,Croatia,37hlakrwxyuzovaeoo4sezusp,player,2004-03-03,NaN,Croatia,37hlakrwxyuzovaeoo4sezusp,active,yes,Attacker,39.0,NaN,NaN,NaN,NaN,NaN,NaN
bbkcyugnxnw3urijhbnq27ytw,Borna,Buljan,Borna,Buljan,Male,B. Buljan,Croatia,37hlakrwxyuzovaeoo4sezusp,player,2005-04-05,NaN,Croatia,37hlakrwxyuzovaeoo4sezusp,active,yes,Goalkeeper,40.0,NaN,NaN,NaN,NaN,NaN,NaN
bhtidrz3x054kpi4q0zqjo0r9,Filip,Krovinović,Filip,Krovinovic,Male,F. Krovinović,Croatia,37hlakrwxyuzovaeoo4sezusp,player,1995-08-29,Zagreb,Croatia,37hlakrwxyuzovaeoo4sezusp,active,yes,Midfielder,23.0,NaN,NaN,175.0,69.0,right,NaN
bz25hdnyf6wslzyy2zpie025l,Mihael,Žaper,Mihael,Zaper,Male,M. Žaper,Croatia,37hlakrwxyuzovaeoo4sezusp,player,1998-08-11,Osijek,Croatia,37hlakrwxyuzovaeoo4sezusp,active,yes,Midfielder,6.0,NaN,NaN,NaN,NaN,NaN,NaN
c2akf8cn1t0uqjoqbf601cu6t,Ivan,Lučić,Ivan,Lucic,Male,I. Lučić,Austria,hcs1bd49qliqqity6o268jyt,player,1995-03-23,Wien,Austria,hcs1bd49qliqqity6o268jyt,active,yes,Goalkeeper,13.0,Croatia,37hlakrwxyuzovaeoo4sezusp,194.0,98.0,right,NaN
depu0zp8jqcyv0jzf5r9yums5,Ivan,Rakitić,Ivan,Rakitic,Male,I. Rakitić,Croatia,37hlakrwxyuzovaeoo4sezusp,player,1988-03-10,Rheinfelden,Switzerland,3bh70jgvc5mn58x0byjkuda17,active,yes,Midfielder,11.0,Switzerland,3bh70jgvc5mn58x0byjkuda17,184.0,78.0,right,NaN
e3xygujqh3vcfsmbppuqyc3dg,Jere,Vrcić,Jere,Vrcic,Male,J. Vrcić,Croatia,37hlakrwxyuzovaeoo4sezusp,player,2004-09-30,NaN,Croatia,37hlakrwxyuzovaeoo4sezusp,active,no,Attacker,NaN,NaN,NaN,NaN,NaN,NaN,NaN
e4p46n7ffr0u9l5kptgec2tjo,Niko,Đolonga,Niko,Djolonga,Male,N. Đolonga,Croatia,37hlakrwxyuzovaeoo4sezusp,player,2004-05-24,NaN,Croatia,37hlakrwxyuzovaeoo4sezusp,active,yes,Defender,43.0,NaN,NaN,NaN,NaN,NaN,NaN
eg7a54zuoulku6nho6pctnkt0,Luka,Jurak,Luka,Jurak,Male,L. Jurak,Croatia,37hlakrwxyuzovaeoo4sezusp,player,2005-07-21,Zagreb,Croatia,37hlakrwxyuzovaeoo4sezusp,active,yes,Midfielder,35.0,NaN,NaN,NaN,NaN,NaN,NaN
ekz6v26gdjjrx2ys7oh2obpjo,Ante,Kavelj,Ante,Kavelj,Male,A. Kavelj,Croatia,37hlakrwxyuzovaeoo4sezusp,player,2005-08-26,NaN,Croatia,37hlakrwxyuzovaeoo4sezusp,active,no,Midfielder,42.0,NaN,NaN,NaN,NaN,NaN,NaN
eoxsyfrsq1x9xa2zxvw8ui0ru,Stipe,Biuk,Stipe,Biuk,Male,S. Biuk,Croatia,37hlakrwxyuzovaeoo4sezusp,player,2002-12-26,Split,Croatia,37hlakrwxyuzovaeoo4sezusp,active,yes,Attacker,27.0,NaN,NaN,NaN,NaN,NaN,NaN
eq8omfom9lanxegolqxpi8f6d,Ivan Gennaro,Gattuso,Gennaro,Gattuso,Male,G. Gattuso,Italy,25f2cmb2r8mk5rj92tzer6kvv,coach,1978-01-09,Corigliano Calabro,Italy,25f2cmb2r8mk5rj92tzer6kvv,active,yes,NaN,NaN,NaN,NaN,177.0,77.0,right,NaN
et3kmcduq447ai5xlmu7k0h04,Luka,Hodak,Luka,Hodak,Male,L. Hodak,Croatia,37hlakrwxyuzovaeoo4sezusp,player,2006-06-10,NaN,Croatia,37hlakrwxyuzovaeoo4sezusp,active,yes,Defender,38.0,NaN,NaN,NaN,NaN,NaN,NaN
fnuoc0rg4hy4u3o2liu9rl5h,Lovre,Kalinić,Lovre,Kalinic,Male,L. Kalinić,Croatia,37hlakrwxyuzovaeoo4sezusp,player,1990-04-03,Split,Croatia,37hlakrwxyuzovaeoo4sezusp,active,yes,Goalkeeper,91.0,NaN,NaN,201.0,96.0,right,NaN
rngjqv2x2vfm5ggs1j3kcetw,Marino,Skelin,Marino,Skelin,Male,M. Skelin,Croatia,37hlakrwxyuzovaeoo4sezusp,player,2006-09-18,Split,Croatia,37hlakrwxyuzovaeoo4sezusp,active,yes,Defender,36.0,NaN,NaN,190.0,NaN,right,NaN
1d965xsfn74agwk8smg0at6y2,Aleksa,Todorović,Aleksa,Todorovic,Male,A. Todorović,Serbia,5w4ve503bjdsshwx9ho6jxzx0,player,2004-01-25,NaN,Serbia,5w4ve503bjdsshwx9ho6jxzx0,active,yes,Goalkeeper,99.0,NaN,NaN,NaN,NaN,NaN,NaN
233vl3xtuvy0n8rb6w4u6vtg5,Željko,Sopić,Zeljko,Sopic,Male,Ž. Sopić,Croatia,37hlakrwxyuzovaeoo4sezusp,coach,1974-07-26,Zagreb,Croatia,37hlakrwxyuzovaeoo4sezusp,active,no,NaN,NaN,NaN,NaN,188.0,88.0,NaN,NaN
35ptnccu64bgejzpkpg2l72ms,Domagoj Ivan,Marić,Domagoj,Maric,Male,D. Marić,Croatia,37hlakrwxyuzovaeoo4sezusp,player,2006-02-03,Zagreb,Croatia,37hlakrwxyuzovaeoo4sezusp,active,yes,Goalkeeper,25.0,NaN,NaN,NaN,NaN,NaN,NaN
3ct3yy0236jrcdd2qeox5d7mx,Mladen,Devetak,Mladen,Devetak,Male,M. Devetak,Serbia,5w4ve503bjdsshwx9ho6jxzx0,player,1999-03-12,Novi Sad,Serbia,5w4ve503bjdsshwx9ho6jxzx0,active,yes,Defender,34.0,Croatia,37hlakrwxyuzovaeoo4sezusp,NaN,NaN,NaN,NaN
3ocitiv3oxjqp2l2f1e52o55g,Noel,Jakac,Noel,Jakac,Male,N. Jakac,Croatia,37hlakrwxyuzovaeoo4sezusp,player,2006-02-11,Rijeka,Croatia,37hlakrwxyuzovaeoo4sezusp,active,yes,Attacker,22.0,NaN,NaN,185.0,NaN,NaN,NaN
3p2ogpoplqaz93ijkcaez5qll,Martin,Zlomislić,Martin,Zlomislic,Male,M. Zlomislić,Bosnia and Herzegovina,4fue8u54361o79fbiu9qwxjer,player,1998-08-16,Posušje,Bosnia and Herzegovina,4fue8u54361o79fbiu9qwxjer,active,yes,Goalkeeper,13.0,Croatia,37hlakrwxyuzovaeoo4sezusp,NaN,NaN,right,NaN
3xbgtth9h7ywlkpdzy8rwkbth,Komnen,Andrić,Komnen,Andric,Male,K. Andrić,Serbia,5w4ve503bjdsshwx9ho6jxzx0,player,1995-07-01,Novi Pazar,Serbia,5w4ve503bjdsshwx9ho6jxzx0,active,yes,Attacker,9.0,NaN,NaN,189.0,84.0,both,NaN
4ag3shqnvofzt7j0ze0ltekx6,Niko,Janković,Niko,Jankovic,Male,N. Janković,Croatia,37hlakrwxyuzovaeoo4sezusp,player,2001-08-25,Zagreb,Croatia,37hlakrwxyuzovaeoo4sezusp,active,yes,Midfielder,4.0,NaN,NaN,186.0,NaN,right,NaN
4ao81gb9391cj85udgyfyg38q,Lindon,Selahi,Lindon,Selahi,Male,L. Selahi,Albania,17zsm8shejejls2on1ffil3op,player,1999-02-26,Namur,Belgium,4wbzjcclyefma1ourvjsu4q2j,active,yes,Midfielder,18.0,Belgium,4wbzjcclyefma1ourvjsu4q2j,180.0,NaN,right,NaN
4qc4nurxsbudqmjbzr9dnq80k,Šimun,Butić,Simun,Butic,Male,Š. Butić,Croatia,37hlakrwxyuzovaeoo4sezusp,player,2006-04-07,NaN,Croatia,37hlakrwxyuzovaeoo4sezusp,active,yes,Midfielder,27.0,NaN,NaN,NaN,NaN,NaN,NaN
56rmdrb8cf96r2e6c8bt5fug9,Näis,Djouahra,Näis,Djouahra,Male,N. Djouahra,France,7gww28djs405rfga69smki84o,player,1999-11-23,Bourgoin-Jallieu,France,7gww28djs405rfga69smki84o,active,yes,Midfielder,7.0,Algeria,1ayprcriqhb8iv10ch70clppu,171.0,67.0,right,NaN
5f1erzxtvzncvf1wtqnv3fgmh,Marijan,Čabraja,Marijan,Cabraja,Male,M. Čabraja,Croatia,37hlakrwxyuzovaeoo4sezusp,player,1997-02-25,Pula,Croatia,37hlakrwxyuzovaeoo4sezusp,active,yes,Defender,32.0,NaN,NaN,NaN,NaN,left,NaN
5sh5t0j4c7wfs2j4tv4jdg7v9,Josip,Posavec,Josip,Posavec,Male,J. Posavec,Croatia,37hlakrwxyuzovaeoo4sezusp,player,1996-03-10,Varaždin,Croatia,37hlakrwxyuzovaeoo4sezusp,active,yes,Goalkeeper,1.0,NaN,NaN,190.0,85.0,right,NaN
63yryum0813b58ypffxkmzfu1,Emmanuel Justine Rabby,Banda,Emmanuel,Banda,Male,E. Banda,Zambia,2dlu3zrfid7nl6ppmb04hjgot,player,1997-09-29,Chililabombwe,Zambia,2dlu3zrfid7nl6ppmb04hjgot,active,no,Midfielder,12.0,NaN,NaN,178.0,73.0,left,NaN
6a0e28nxlyyw7ghe4wzumlzh1,Stipe,Perica,Stipe,Perica,Male,S. Perica,Croatia,37hlakrwxyuzovaeoo4sezusp,player,1995-07-07,Zadar,Croatia,37hlakrwxyuzovaeoo4sezusp,active,yes,Attacker,77.0,NaN,NaN,192.0,76.0,right,NaN
6j0eifvmvd8pobhaiek7532wa,Dominik,Dogan,Dominik,Dogan,Male,D. Dogan,Croatia,37hlakrwxyuzovaeoo4sezusp,player,1999-06-09,Vinkovci,Croatia,37hlakrwxyuzovaeoo4sezusp,active,yes,Attacker,20.0,NaN,NaN,NaN,NaN,NaN,NaN
6vlk7n6m7g38n5wa5zuvbsbxm,Toni,Fruk,Toni,Fruk,Male,T. Fruk,Croatia,37hlakrwxyuzovaeoo4sezusp,player,2001-03-09,NaN,Croatia,37hlakrwxyuzovaeoo4sezusp,active,yes,Midfielder,10.0,NaN,NaN,NaN,NaN,NaN,NaN
6xfee6dqsjz1p0v3al6o3rtgp,Bruno,Bogojević,Bruno,Bogojevic,Male,B. Bogojević,Croatia,37hlakrwxyuzovaeoo4sezusp,player,1998-06-29,Koprivnica,Croatia,37hlakrwxyuzovaeoo4sezusp,active,yes,Midfielder,30.0,NaN,NaN,186.0,72.0,right,NaN
71w4o1g2v04rp4l4j0dygnre2,Marco,Pašalić,Marco,Pasalic,Male,M. Pašalić,Croatia,37hlakrwxyuzovaeoo4sezusp,player,2000-09-14,Karlsruhe,Germany,36min0qztu8eydwvpv8t1is0m,active,yes,Midfielder,87.0,Germany,36min0qztu8eydwvpv8t1is0m,177.0,74.0,left,Marco Pasalic
7bp6bd64tdvt0r3osm26qxtcl,Dejan,Petrovič,Dejan,Petrovic,Male,D. Petrovič,Slovenia,63vptz9g2ckqnnlxhd1oqn4xq,player,1998-01-12,NaN,Slovenia,63vptz9g2ckqnnlxhd1oqn4xq,active,yes,Midfielder,8.0,NaN,NaN,179.0,78.0,right,NaN
81ugn04dq218l3yximasj6kmh,Bruno,Goda,Bruno,Goda,Male,B. Goda,Croatia,37hlakrwxyuzovaeoo4sezusp,player,1998-04-17,Vinkovci,Croatia,37hlakrwxyuzovaeoo4sezusp,active,yes,Defender,3.0,NaN,NaN,182.0,83.0,left,NaN
93urt7r1m44u5cjok4or1h889,Jorge Leonardo,Obregón Rojas,Jorge,Obregón,Male,J. Obregón,Colombia,6kby8rq1p01fg5ds38ckkrcs5,player,1997-03-29,Puerto Tejada,Colombia,6kby8rq1p01fg5ds38ckkrcs5,active,no,Attacker,NaN,NaN,NaN,182.0,80.0,NaN,NaN
94qw1jp87gqyvae89n11z05ey,Ivan,Smolčić,Ivan,Smolcic,Male,I. Smolčić,Croatia,37hlakrwxyuzovaeoo4sezusp,player,2000-08-17,Gospić,Croatia,37hlakrwxyuzovaeoo4sezusp,active,yes,Defender,28.0,NaN,NaN,NaN,NaN,NaN,NaN
9hq2uyvs644x2343owzuhxfbp,Ante,Majstorović,Ante,Majstorovic,Male,A. Majstorović,Croatia,37hlakrwxyuzovaeoo4sezusp,player,1993-11-06,Zagreb,Croatia,37hlakrwxyuzovaeoo4sezusp,active,yes,Defender,45.0,NaN,NaN,185.0,78.0,right,NaN
9jz0dmpw8lnorss1a4qbfanl5,Stjepan,Radeljić,Stjepan,Radeljic,Male,S. Radeljić,Bosnia and Herzegovina,4fue8u54361o79fbiu9qwxjer,player,1997-09-05,NaN,Bosnia and Herzegovina,4fue8u54361o79fbiu9qwxjer,active,yes,Defender,6.0,Croatia,37hlakrwxyuzovaeoo4sezusp,189.0,NaN,left,NaN
9rsdkjn16mbp3eacqgkk1xtsk,Andro,Babić,Andro,Babic,Male,A. Babić,Croatia,37hlakrwxyuzovaeoo4sezusp,player,2004-09-08,Rijeka,Croatia,37hlakrwxyuzovaeoo4sezusp,active,yes,Midfielder,29.0,NaN,NaN,NaN,NaN,NaN,NaN
aa39qmdltst984nw5q0pr8j8q,Niko,Galešić,Niko,Galesic,Male,N. Galešić,Croatia,37hlakrwxyuzovaeoo4sezusp,player,2001-03-26,NaN,Germany,36min0qztu8eydwvpv8t1is0m,active,yes,Defender,5.0,Germany,36min0qztu8eydwvpv8t1is0m,182.0,NaN,NaN,NaN
amuqk3xvo87ppk7fz39cg0pre,Franjo,Ivanović,Franjo,Ivanovic,Male,F. Ivanović,Croatia,37hlakrwxyuzovaeoo4sezusp,player,2003-10-01,Schwaz,Austria,hcs1bd49qliqqity6o268jyt,active,no,Attacker,11.0,Austria,hcs1bd49qliqqity6o268jyt,185.0,NaN,right,NaN
awt6b27t2f6oa9lyagyyj6mi2,Silvio,Ilinković,Silvio,Ilinkovic,Male,S. Ilinković,Bosnia and Herzegovina,4fue8u54361o79fbiu9qwxjer,player,2002-10-05,Nova Bila,Bosnia and Herzegovina,4fue8u54361o79fbiu9qwxjer,active,yes,Midfielder,21.0,Croatia,37hlakrwxyuzovaeoo4sezusp,NaN,NaN,right,NaN
c1jr3o09e9ptdttm6efe9yl7t,Darko,Raić Sudar,Darko,Raic-Sudar,Male,D. Raić,Croatia,37hlakrwxyuzovaeoo4sezusp,coach,1972-11-07,Buchsalm,Germany,36min0qztu8eydwvpv8t1is0m,active,no,NaN,NaN,NaN,NaN,NaN,NaN,NaN,NaN
ch2r55ue6l0xp5c00rhwah3is,Bruno,Burčul,Bruno,Burcul,Male,B. Burčul,Croatia,37hlakrwxyuzovaeoo4sezusp,player,2004-11-20,NaN,Croatia,37hlakrwxyuzovaeoo4sezusp,active,yes,Defender,24.0,NaN,NaN,NaN,NaN,NaN,NaN
cr7kl1fbbrofodwdfh0ufnv85,Radomir,Đalović,Radomir,Djalovic,Male,R. Đalović,Montenegro,1411jebgwo2ja1erogsq81lg9,coach,1982-10-29,Bijelo Polje,Montenegro,1411jebgwo2ja1erogsq81lg9,active,yes,NaN,NaN,NaN,NaN,186.0,82.0,right,NaN
ctrru8tf68ltajgculumzdel0,Gabriel,Rukavina,Gabriel,Rukavina,Male,G. Rukavina,Croatia,37hlakrwxyuzovaeoo4sezusp,player,2004-01-16,Zagreb,Croatia,37hlakrwxyuzovaeoo4sezusp,active,yes,Attacker,41.0,NaN,NaN,NaN,NaN,NaN,NaN
d8s56im7967mt4kfz1jzbozu2,Veldin,Hodža,Veldin,Hodza,Male,V. Hodža,Croatia,37hlakrwxyuzovaeoo4sezusp,player,2002-10-15,Rijeka,Croatia,37hlakrwxyuzovaeoo4sezusp,active,no,Midfielder,25.0,NaN,NaN,183.0,NaN,NaN,NaN
e2vhgeqrw3uy0tstydc5nldxx,Amer,Gojak,Amer,Gojak,Male,A. Gojak,Bosnia and Herzegovina,4fue8u54361o79fbiu9qwxjer,player,1997-02-13,Sarajevo,Bosnia and Herzegovina,4fue8u54361o79fbiu9qwxjer,active,yes,Midfielder,14.0,NaN,NaN,184.0,78.0,NaN,NaN
ewm977x9zr1c6lj0s73429us4,Lovro,Kitin,Lovro,Kitin,Male,L. Kitin,Croatia,37hlakrwxyuzovaeoo4sezusp,player,2007-02-03,NaN,Croatia,37hlakrwxyuzovaeoo4sezusp,active,yes,Defender,2.0,NaN,NaN,NaN,NaN,NaN,NaN
144hwfhp22n747a8few6pc8b8,Ante,Grbelja,NaN,NaN,Male,A. Grbelja,Croatia,37hlakrwxyuzovaeoo4sezusp,player,2006-09-05,NaN,Croatia,37hlakrwxyuzovaeoo4sezusp,active,yes,Midfielder,NaN,NaN,NaN,NaN,NaN,NaN,NaN
1c13zuow4k4g4tnvc2hexkiqd,Roberto,Punčec,Roberto,Puncec,Male,R. Punčec,Croatia,37hlakrwxyuzovaeoo4sezusp,player,1991-10-27,Varaždin,Croatia,37hlakrwxyuzovaeoo4sezusp,active,yes,Defender,24.0,NaN,NaN,186.0,80.0,right,NaN
2kedgspgw4g8cinoapsc6bufp,Stefan,Perić,Stefan,Peric,Male,S. Perić,Austria,hcs1bd49qliqqity6o268jyt,player,1997-02-13,Salzburg,Austria,hcs1bd49qliqqity6o268jyt,active,yes,Defender,55.0,NaN,NaN,185.0,80.0,right,NaN
2va7gchp87sb2d67udpdn37px,Ivan,Santini,Ivan,Santini,Male,I. Santini,Croatia,37hlakrwxyuzovaeoo4sezusp,player,1989-05-21,Zadar,Croatia,37hlakrwxyuzovaeoo4sezusp,active,yes,Attacker,18.0,NaN,NaN,190.0,91.0,right,NaN
3dr5q6tyt6f6ha4abcwwa9izu,Toni,Kolega,Toni,Kolega,Male,T. Kolega,Croatia,37hlakrwxyuzovaeoo4sezusp,player,1998-10-10,Zadar,Croatia,37hlakrwxyuzovaeoo4sezusp,active,yes,Attacker,22.0,NaN,NaN,NaN,NaN,NaN,NaN
3km8f9pgk9abjkui4orim8178,Sven,Sopić,NaN,NaN,Male,S. Sopić,Croatia,37hlakrwxyuzovaeoo4sezusp,player,2006-07-07,Osijek,Croatia,37hlakrwxyuzovaeoo4sezusp,active,yes,Defender,NaN,NaN,NaN,NaN,NaN,NaN,NaN
41imdq837fapbgvnrkimw6e39,Leonard,Zuta,Leonard,Zuta,Male,L. Zuta,North Macedonia,1lesyxylc5eza0a4z87t9azcc,player,1992-08-09,Göteborg,Sweden,1z6l2c33w2kyz9rdefs1d68nb,active,yes,Defender,44.0,Sweden,1z6l2c33w2kyz9rdefs1d68nb,183.0,72.0,left,NaN
49br3gmn71y8pd5wqkfkvrbah,Lucas Bradley,Falcão Cini,Lucas,Falcão Cini,Male,Lucas Falcão,Brazil,2vufyvpoxd9lfl9f6vpp7tz6y,player,1999-10-21,Cuiabá,Brazil,2vufyvpoxd9lfl9f6vpp7tz6y,active,yes,Attacker,17.0,Italy,25f2cmb2r8mk5rj92tzer6kvv,175.0,69.0,both,Falcao
4ev1ag4fi2mcty2dhjrqxte6s,Duje,Dujmović,Duje,Dujmovic,Male,D. Dujmović,Croatia,37hlakrwxyuzovaeoo4sezusp,player,2003-12-15,Split,Croatia,37hlakrwxyuzovaeoo4sezusp,active,yes,Defender,5.0,NaN,NaN,NaN,NaN,NaN,NaN
4wqyizece7yzpbshqw18gaga1,Iker,Pozo La Rosa,Iker,Pozo,Male,Iker Pozo,Spain,49ih1pwv3ahshdf8uzrimi54c,player,2000-08-06,Fuengirola,Spain,49ih1pwv3ahshdf8uzrimi54c,active,yes,Midfielder,21.0,NaN,NaN,173.0,NaN,NaN,NaN
5ko516sgn578kbaybzhs6pcoa,Patrik,Mohorović,NaN,NaN,Male,P. Mohorović,Croatia,37hlakrwxyuzovaeoo4sezusp,player,1999-05-24,NaN,Croatia,37hlakrwxyuzovaeoo4sezusp,active,yes,Goalkeeper,25.0,NaN,NaN,NaN,NaN,NaN,NaN
5onmh5qexnhrveifpx9tfdz4k,Luigi,Mišević,Luigi,Misevic,Male,L. Mišević,Croatia,37hlakrwxyuzovaeoo4sezusp,player,2004-07-08,Split,Croatia,37hlakrwxyuzovaeoo4sezusp,active,yes,Goalkeeper,74.0,NaN,NaN,NaN,NaN,NaN,NaN
5tt1b9whd0yy6syvb3nspfcic,Zlatan,Košćević,Zlatan,Koscevic,Male,Z. Košćević,Croatia,37hlakrwxyuzovaeoo4sezusp,player,2005-02-12,NaN,Croatia,37hlakrwxyuzovaeoo4sezusp,active,no,Attacker,NaN,NaN,NaN,NaN,NaN,NaN,NaN
6s27l2biqq3oabzdyqca3oded,Josip,Belamarić,NaN,NaN,Male,J. Belamarić,Croatia,37hlakrwxyuzovaeoo4sezusp,assistant coach,1961-02-24,Šibenik,Croatia,37hlakrwxyuzovaeoo4sezusp,active,yes,NaN,NaN,NaN,NaN,NaN,NaN,NaN,NaN
6vn0b5xpa6hzcjl3foab2giqx,Ivan,Roca,Ivan,Roca,Male,I. Roca,Croatia,37hlakrwxyuzovaeoo4sezusp,player,1996-03-31,Šibenik,Croatia,37hlakrwxyuzovaeoo4sezusp,active,yes,Midfielder,28.0,NaN,NaN,184.0,77.0,NaN,NaN
6wgrf5haut0ua4d155sf9u7f8,Joseph,Iyendjock,Joseph,Iyendjock,Male,J. Iyendjock,Cameroon,4eb9feio6u267dd1jcwaf38mt,player,2003-05-29,NaN,Cameroon,4eb9feio6u267dd1jcwaf38mt,active,yes,Midfielder,6.0,NaN,NaN,NaN,NaN,NaN,NaN
6xm5m7dczsqxwinh5trlixst0,Carlos,Torres,NaN,NaN,Male,C. Torres,Colombia,6kby8rq1p01fg5ds38ckkrcs5,player,2002-10-20,NaN,Colombia,6kby8rq1p01fg5ds38ckkrcs5,active,yes,Attacker,23.0,NaN,NaN,NaN,NaN,NaN,NaN
7xwvdys6c6bo8os3iqa7pzgbu,Ognjen,Bakić,Ognjen,Bakic,Male,O. Bakić,Montenegro,1411jebgwo2ja1erogsq81lg9,player,2003-01-06,NaN,Montenegro,1411jebgwo2ja1erogsq81lg9,active,yes,Midfielder,8.0,Croatia,37hlakrwxyuzovaeoo4sezusp,NaN,NaN,NaN,NaN
815isesulwr4563pqj5azbd62,Josip,Gačić,NaN,NaN,Male,J. Gačić,Croatia,37hlakrwxyuzovaeoo4sezusp,player,1998-03-02,Osijek,Croatia,37hlakrwxyuzovaeoo4sezusp,active,yes,Defender,4.0,NaN,NaN,NaN,NaN,NaN,NaN
8jqlnpyv677e6sjx6qvg63f11,Marko,Kartelo,NaN,NaN,Male,M. Kartelo,Croatia,37hlakrwxyuzovaeoo4sezusp,coach,1981-02-16,Šibenik,Croatia,37hlakrwxyuzovaeoo4sezusp,active,yes,NaN,NaN,NaN,NaN,188.0,79.0,NaN,NaN
8klw2c50cevu3056sxj3zy9zo,Dominik,Čeko,NaN,NaN,Male,D. Čeko,Bosnia and Herzegovina,4fue8u54361o79fbiu9qwxjer,player,2004-01-24,Livno,Bosnia and Herzegovina,4fue8u54361o79fbiu9qwxjer,active,no,Defender,31.0,Croatia,37hlakrwxyuzovaeoo4sezusp,NaN,NaN,NaN,NaN
9j0tcqjfbmlei596ngr45isk4,Stipe,Silov,NaN,NaN,Male,S. Silov,Croatia,37hlakrwxyuzovaeoo4sezusp,player,2003-01-24,Šibenik,Croatia,37hlakrwxyuzovaeoo4sezusp,active,yes,Midfielder,NaN,NaN,NaN,NaN,NaN,NaN,NaN
9vw3ptqh7422tggc844720tbe,Jakov-Anton,Vasilj,Jakov-Anton,Vasilj,Male,J. Vasilj,Croatia,37hlakrwxyuzovaeoo4sezusp,player,2002-06-02,Zadar,Croatia,37hlakrwxyuzovaeoo4sezusp,active,yes,Midfielder,92.0,NaN,NaN,NaN,NaN,NaN,NaN
9w3q681elsct1odntvkctt621,Ivan,Božić,Ivan,Bozic,Male,I. Božić,Croatia,37hlakrwxyuzovaeoo4sezusp,player,1997-06-08,Vinkovci,Croatia,37hlakrwxyuzovaeoo4sezusp,active,yes,Attacker,9.0,NaN,NaN,NaN,NaN,right,NaN
b15d6e6kd0srp3nl1jnlrmot0,Morrison,Agyemang,NaN,NaN,Male,M. Agyemang,Ghana,2q2sw72utw5gu9t5y4knckwba,player,2004-12-21,Accra,Ghana,2q2sw72utw5gu9t5y4knckwba,active,yes,Defender,14.0,NaN,NaN,NaN,NaN,NaN,NaN
cdek5kozj3b41d9ft07vkz55h,Šime,Gržan,Sime,Grzan,Male,Š. Gržan,Croatia,37hlakrwxyuzovaeoo4sezusp,player,1994-04-06,Zadar,Croatia,37hlakrwxyuzovaeoo4sezusp,active,yes,Midfielder,43.0,NaN,NaN,NaN,NaN,NaN,NaN
cfo5415dk4tbc7845ogf5uxhw,Kayky,Alves Schtscherbak,Kayky,Alves Schtscherbak,Male,Kayky Alves,Brazil,2vufyvpoxd9lfl9f6vpp7tz6y,player,2003-06-02,NaN,Brazil,2vufyvpoxd9lfl9f6vpp7tz6y,active,no,Midfielder,NaN,NaN,NaN,NaN,NaN,NaN,Kayky Alves
cjhdwdgmajac004g4nsr85jis,Marin,Prekodravac,Marin,Prekodravac,Male,M. Prekodravac,Croatia,37hlakrwxyuzovaeoo4sezusp,player,2005-03-03,NaN,Croatia,37hlakrwxyuzovaeoo4sezusp,active,yes,Midfielder,88.0,NaN,NaN,NaN,NaN,NaN,NaN
cnyawkb96gnait98zwp9gbxzp,Denis,Mojstrovič,NaN,NaN,Male,D. Mojstrovič,Slovenia,63vptz9g2ckqnnlxhd1oqn4xq,assistant coach,1986-10-17,NaN,Slovenia,63vptz9g2ckqnnlxhd1oqn4xq,active,yes,NaN,NaN,NaN,NaN,NaN,NaN,NaN,NaN
cyopnr0qxvd5qjo9cyx7dynkl,Josip,Majić,Josip,Majic,Male,J. Majić,Croatia,37hlakrwxyuzovaeoo4sezusp,player,1994-07-05,Zadar,Croatia,37hlakrwxyuzovaeoo4sezusp,active,yes,Midfielder,7.0,NaN,NaN,187.0,80.0,NaN,NaN
d1tdlseg3w13wucv8xrwhc55g,Ransford,Appah,NaN,NaN,Male,R. Appah,Ghana,2q2sw72utw5gu9t5y4knckwba,player,2003-01-22,Ashaiman,Ghana,2q2sw72utw5gu9t5y4knckwba,active,no,Midfielder,NaN,NaN,NaN,NaN,NaN,NaN,NaN
d918dkp84ny17wzdj5ufjhm,Antonio,Đaković,NaN,NaN,Male,A. Đaković,Croatia,37hlakrwxyuzovaeoo4sezusp,player,2001-06-12,Šibenik,Croatia,37hlakrwxyuzovaeoo4sezusp,active,yes,Goalkeeper,1.0,NaN,NaN,190.0,77.0,NaN,NaN
dbmlud83n9r5mq1otkk80u238,Lovre,Kulušić,NaN,NaN,Male,L. Kulušić,Croatia,37hlakrwxyuzovaeoo4sezusp,player,2006-11-15,Šibenik,Croatia,37hlakrwxyuzovaeoo4sezusp,active,yes,Attacker,27.0,NaN,NaN,NaN,NaN,NaN,NaN
dja80yb56229l9c6i8cr9tb3e,Bruno,Zdunić,Bruno,Zdunic,Male,B. Zdunić,Croatia,37hlakrwxyuzovaeoo4sezusp,player,2001-02-06,NaN,Croatia,37hlakrwxyuzovaeoo4sezusp,active,yes,Attacker,30.0,NaN,NaN,NaN,NaN,NaN,NaN
e0i0a2pt7mslz2gsxtqmplas,Ivan,Baković,NaN,NaN,Male,I. Baković,Croatia,37hlakrwxyuzovaeoo4sezusp,player,2003-01-18,Osijek,Croatia,37hlakrwxyuzovaeoo4sezusp,active,yes,Attacker,77.0,NaN,NaN,NaN,NaN,NaN,NaN
e73wxkou6339n86zqou4kn97u,Ivan,Laća,NaN,NaN,Male,I. Laća,Croatia,37hlakrwxyuzovaeoo4sezusp,player,2003-02-15,Šibenik,Croatia,37hlakrwxyuzovaeoo4sezusp,active,yes,Attacker,11.0,NaN,NaN,NaN,NaN,NaN,NaN
ekz6v26gdjjrx2ys7oh2obpjo,Ante,Kavelj,Ante,Kavelj,Male,A. Kavelj,Croatia,37hlakrwxyuzovaeoo4sezusp,player,2005-08-26,NaN,Croatia,37hlakrwxyuzovaeoo4sezusp,active,yes,Midfielder,36.0,NaN,NaN,NaN,NaN,NaN,NaN
expwmepvc35rhxd8ldb2v326t,Mario,Carević,NaN,NaN,Male,M. Carević,Croatia,37hlakrwxyuzovaeoo4sezusp,coach,1982-03-29,Makarska,Croatia,37hlakrwxyuzovaeoo4sezusp,active,no,NaN,NaN,NaN,NaN,186.0,85.0,right,NaN
f3lra0vq08qu1lm1yhym6lp7t,Ivo,Šupe,NaN,NaN,Male,I. Šupe,Croatia,37hlakrwxyuzovaeoo4sezusp,assistant coach,1973-08-05,Šibenik,Croatia,37hlakrwxyuzovaeoo4sezusp,active,yes,NaN,NaN,NaN,NaN,NaN,NaN,NaN,NaN
r11ks15ja54xw4380k9odkpg,Bruno,Brajković,Bruno,Brajkovic,Male,B. Brajković,Croatia,37hlakrwxyuzovaeoo4sezusp,player,2001-04-16,Zadar,Croatia,37hlakrwxyuzovaeoo4sezusp,active,yes,Defender,2.0,NaN,NaN,NaN,NaN,NaN,NaN
u1zjtb4cgomawf6srfm6o2jt,Ivan,Delić,Ivan,Delic,Male,I. Delić,Croatia,37hlakrwxyuzovaeoo4sezusp,player,1998-09-29,Split,Croatia,37hlakrwxyuzovaeoo4sezusp,active,yes,Attacker,19.0,NaN,NaN,186.0,83.0,left,NaN
12198ym7w99a8ckjrr6p734t0,Stephane Paul,Keller,Stephane Paul,Keller,Male,S. Keller,Cameroon,4eb9feio6u267dd1jcwaf38mt,player,2001-08-20,NaN,Cameroon,4eb9feio6u267dd1jcwaf38mt,active,yes,Defender,17.0,NaN,NaN,NaN,NaN,NaN,NaN
1af55z6gocxv178g6ywc8c0lw,Antonio,Maurić,NaN,NaN,Male,A. Maurić,Croatia,37hlakrwxyuzovaeoo4sezusp,player,2003-11-04,NaN,Croatia,37hlakrwxyuzovaeoo4sezusp,active,yes,Defender,8.0,NaN,NaN,NaN,NaN,NaN,NaN
224vb7g84v22isj89r7th0bu1,Paolo,Tramezzani,Paolo,Tramezzani,Male,P. Tramezzani,Italy,25f2cmb2r8mk5rj92tzer6kvv,coach,1970-07-30,NaN,Italy,25f2cmb2r8mk5rj92tzer6kvv,active,yes,NaN,NaN,NaN,NaN,NaN,NaN,NaN,NaN
2mzdsn9o4g1xiezvhhqchak9g,Noel,Kocijančić,NaN,NaN,Male,N. Kocijančić,Croatia,37hlakrwxyuzovaeoo4sezusp,player,2006-06-09,NaN,Croatia,37hlakrwxyuzovaeoo4sezusp,active,yes,Defender,33.0,NaN,NaN,NaN,NaN,NaN,NaN
2uwdb45ouv0xo9lre0mimz5sk,Israel Isaac,Ayuma,NaN,NaN,Male,I. Ayuma,Nigeria,63pvdwrsiq5b07mzi8igqei9p,player,2005-08-08,NaN,Nigeria,63pvdwrsiq5b07mzi8igqei9p,active,yes,Midfielder,18.0,NaN,NaN,NaN,NaN,NaN,NaN
31l72oft24b9b1vl0lcwtgmei,Iurie,Iovu,Iurie,Iovu,Male,I. Iovu,Moldova,389mdnq78a55g2gr040a3mmtj,player,2002-07-06,NaN,Moldova,389mdnq78a55g2gr040a3mmtj,active,yes,Defender,20.0,Romania,17oj2qrzqlkhdjvazum10sx2i,NaN,NaN,NaN,NaN
36vtsnz3ifmeyi6m1katae5pm,Moris,Valinčić,NaN,NaN,Male,M. Valinčić,Croatia,37hlakrwxyuzovaeoo4sezusp,player,2002-11-17,NaN,Croatia,37hlakrwxyuzovaeoo4sezusp,active,yes,Defender,23.0,NaN,NaN,NaN,NaN,NaN,NaN
3zgymvx4m08bts8cmjw0bttcl,Slavko,Blagojević,Slavko,Blagojevic,Male,S. Blagojević,Croatia,37hlakrwxyuzovaeoo4sezusp,player,1987-03-21,Otok,Croatia,37hlakrwxyuzovaeoo4sezusp,active,yes,Midfielder,7.0,NaN,NaN,178.0,74.0,both,NaN
470emj7e89jyufk9ftw4tj9xw,Marin,Žgomba,NaN,NaN,Male,M. Žgomba,Croatia,37hlakrwxyuzovaeoo4sezusp,player,2005-05-30,Pula,Croatia,37hlakrwxyuzovaeoo4sezusp,active,yes,Attacker,41.0,NaN,NaN,NaN,NaN,NaN,NaN
4fvgqwfpl4eezh867r1y53zai,Giorgi,Gagua,Giorgi,Gagua,Male,G. Gagua,Georgia,55mqz7j6585f2jhgfhn62lomr,player,2001-10-10,Tiflis,Georgia,55mqz7j6585f2jhgfhn62lomr,active,yes,Attacker,29.0,NaN,NaN,193.0,NaN,NaN,NaN
4oti69sl0d3lj71mn3odxvitw,Luka,Tomić,Luka,Tomic,Male,L. Tomić,Croatia,37hlakrwxyuzovaeoo4sezusp,player,2007-03-21,NaN,Croatia,37hlakrwxyuzovaeoo4sezusp,active,yes,Defender,39.0,NaN,NaN,NaN,NaN,NaN,NaN
4yf5vg3qrpiy5l98ntvg5sj4l,Luka,Bogdan,Luka,Bogdan,Male,L. Bogdan,Croatia,37hlakrwxyuzovaeoo4sezusp,player,1996-03-26,Split,Croatia,37hlakrwxyuzovaeoo4sezusp,active,yes,Defender,16.0,NaN,NaN,195.0,76.0,right,NaN
5c5t927jz7ga1tns77u8i0zkk,Elias,Filet,Elias,Filet,Male,E. Filet,France,7gww28djs405rfga69smki84o,player,2002-03-06,Paris,France,7gww28djs405rfga69smki84o,active,yes,Attacker,75.0,Martinique,1eb70pvuqssbbg3yamdba5ie5,NaN,NaN,NaN,NaN
5ol17485ecah0trdmkw3byqne,Ville Aleksi Jukanpoika,Koski,Ville,Koski,Male,V. Koski,Finland,2u07e54v5dprsugdvddpq5ync,player,2002-01-27,NaN,Finland,2u07e54v5dprsugdvddpq5ync,active,yes,Defender,5.0,NaN,NaN,NaN,NaN,NaN,NaN
65aewljrlnaritfgi91zhpnmx,Dario,Marešić,Dario,Maresic,Male,D. Marešić,Austria,hcs1bd49qliqqity6o268jyt,player,1999-09-29,Graz,Austria,hcs1bd49qliqqity6o268jyt,active,yes,Defender,13.0,Croatia,37hlakrwxyuzovaeoo4sezusp,183.0,74.0,right,NaN
6d7dv0z12gayrj7ms96wywoic,Dukan,Ahmeti,Dukan,Ahmeti,Male,D. Ahmeti,Croatia,37hlakrwxyuzovaeoo4sezusp,player,2007-10-26,Pula,Croatia,37hlakrwxyuzovaeoo4sezusp,active,yes,Midfielder,10.0,NaN,NaN,NaN,NaN,NaN,NaN
6h5nb6smul96u3zsfuxdwxdec,Jovan,Ivanisevic,Jovan,Ivanisevic,Male,J. Ivanisevic,Canada,1iaoypzp6syf32cz9l15pzp7e,player,2005-01-19,NaN,Canada,1iaoypzp6syf32cz9l15pzp7e,active,yes,Midfielder,15.0,Croatia,37hlakrwxyuzovaeoo4sezusp,NaN,NaN,NaN,NaN
6vxucvj17fyi50b1ce4k43sb8,Salim Fago,Lawal,Salim,Lawal,Male,S. Lawal,Nigeria,63pvdwrsiq5b07mzi8igqei9p,player,2003-01-15,NaN,Nigeria,63pvdwrsiq5b07mzi8igqei9p,active,yes,Attacker,70.0,NaN,NaN,171.0,NaN,NaN,NaN
7q7awmtwv66htmei0xy1hzdn9,André Ivan,Biyogo Poko,André,Biyogo Poko,Male,A. Biyogo Poko,Gabon,6jfjrlsdz5ns00g4gvk9a6xav,player,1993-03-07,Bitam,Gabon,6jfjrlsdz5ns00g4gvk9a6xav,active,yes,Midfielder,71.0,NaN,NaN,179.0,70.0,right,NaN
7u3lo51moi6mqep07uya2232s,Irfan,Ramić,Irfan,Ramic,Male,I. Ramić,Bosnia and Herzegovina,4fue8u54361o79fbiu9qwxjer,player,2004-03-05,Sarajevo,Bosnia and Herzegovina,4fue8u54361o79fbiu9qwxjer,active,yes,Attacker,36.0,NaN,NaN,NaN,NaN,NaN,NaN
7xcsfz3nobwwefpma0wq0qkiy,Ivan,Ćalušić,Ivan,Calusic,Male,I. Ćalušić,Croatia,37hlakrwxyuzovaeoo4sezusp,player,1999-09-12,Split,Croatia,37hlakrwxyuzovaeoo4sezusp,active,yes,Defender,27.0,NaN,NaN,187.0,82.0,right,NaN
7y16xbee5n8udyyjoxxtn67f8,Albert,Malaj,NaN,NaN,Male,A. Malaj,Albania,17zsm8shejejls2on1ffil3op,player,2006-08-23,NaN,Canada,1iaoypzp6syf32cz9l15pzp7e,active,yes,Midfielder,42.0,NaN,NaN,NaN,NaN,NaN,NaN
7zr6hj3p6drolv4lvmrxopnu1,Oleksandr,Petrusenko,Oleksandr,Petrusenko,Male,O. Petrusenko,Ukraine,315w6fk6umfzf4qvba3t55u61,player,1998-03-26,NaN,Ukraine,315w6fk6umfzf4qvba3t55u61,active,no,Midfielder,16.0,NaN,NaN,181.0,71.0,NaN,NaN
879meisx6s1o06tfgbc1t3d3o,Eric,Krivičić,NaN,NaN,Male,E. Krivičić,Croatia,37hlakrwxyuzovaeoo4sezusp,player,2007-05-19,Pula,Croatia,37hlakrwxyuzovaeoo4sezusp,active,yes,Midfielder,32.0,NaN,NaN,NaN,NaN,NaN,NaN
8jpi00d2x13qk1x0i7aw8j71m,Matej,Vuk,Matej,Vuk,Male,M. Vuk,Croatia,37hlakrwxyuzovaeoo4sezusp,player,2000-06-10,Čakovec,Croatia,37hlakrwxyuzovaeoo4sezusp,active,yes,Attacker,22.0,NaN,NaN,182.0,75.0,right,NaN
8ohoe37v8k1wex7gxsacwo2ga,Andrés Enrique,Ferro Peña,Andrés,Ferro,Male,A. Ferro,Venezuela,1er0616j12s9yghuzvsx76d5v,player,2001-08-02,Caracas,Venezuela,1er0616j12s9yghuzvsx76d5v,active,yes,Defender,44.0,NaN,NaN,185.0,76.0,right,NaN
8opxajyzvx2en8oor0biz6jth,Marijan,Ćorić,Marijan,Coric,Male,M. Ćorić,Croatia,37hlakrwxyuzovaeoo4sezusp,player,1995-02-06,Čapljina,Bosnia and Herzegovina,4fue8u54361o79fbiu9qwxjer,active,yes,Goalkeeper,1.0,NaN,NaN,204.0,NaN,right,NaN
90wyta6l6mfp2aa0egoqy5nxm,Mateo,Lisica,NaN,NaN,Male,M. Lisica,Croatia,37hlakrwxyuzovaeoo4sezusp,player,2003-07-09,Pula,Croatia,37hlakrwxyuzovaeoo4sezusp,active,yes,Attacker,11.0,NaN,NaN,NaN,NaN,NaN,NaN
9sn23ki81kwmjual0ubz0bgus,Jan,Paus-Kunšt,Jan,Paus-Kunst,Male,J. Paus-Kunšt,Croatia,37hlakrwxyuzovaeoo4sezusp,player,2001-08-17,Pula,Croatia,37hlakrwxyuzovaeoo4sezusp,active,yes,Goalkeeper,40.0,NaN,NaN,NaN,NaN,NaN,NaN
9wq1v55gctxpe1gb89fs5udhx,Advan,Kadušić,Advan,Kadusic,Male,A. Kadušić,Bosnia and Herzegovina,4fue8u54361o79fbiu9qwxjer,player,1997-10-14,Zenica,Bosnia and Herzegovina,4fue8u54361o79fbiu9qwxjer,active,yes,Defender,97.0,NaN,NaN,178.0,NaN,both,NaN
9yswu310jfpqogiznn1vvrjf8,Beyatt,Lekoueiry,Beyatt,Lekoueiry,Male,B. Lekoueiry,Mauritania,fddgtcs6irg28x9oqietkb6x,player,2005-04-11,NaN,Mauritania,fddgtcs6irg28x9oqietkb6x,active,yes,Midfielder,31.0,NaN,NaN,NaN,NaN,NaN,NaN
a7607gv9dvulyvfaj5whbyfl6,Lovro,Majkić,NaN,NaN,Male,L. Majkić,Croatia,37hlakrwxyuzovaeoo4sezusp,player,1999-10-08,Zagreb,Croatia,37hlakrwxyuzovaeoo4sezusp,active,yes,Goalkeeper,21.0,NaN,NaN,190.0,NaN,NaN,NaN
bs7437j7ysd09nc7lsl7d2p5h,Marcel,Heister,Marcel,Heister,Male,M. Heister,Germany,36min0qztu8eydwvpv8t1is0m,player,1992-07-29,Albstadt-Ebingen,Germany,36min0qztu8eydwvpv8t1is0m,active,yes,Defender,26.0,Croatia,37hlakrwxyuzovaeoo4sezusp,182.0,74.0,left,NaN
cjrlr2xr333xb2j25yy54jzhm,Mario,Čuić,Mario,Cuic,Male,M. Čuić,Croatia,37hlakrwxyuzovaeoo4sezusp,player,2001-04-22,Split,Croatia,37hlakrwxyuzovaeoo4sezusp,active,yes,Midfielder,77.0,Bosnia and Herzegovina,4fue8u54361o79fbiu9qwxjer,NaN,NaN,NaN,NaN
d5wx0o2yssqqx5l5891y14aac,Kristijan,Gojani,NaN,NaN,Male,K. Gojani,Croatia,37hlakrwxyuzovaeoo4sezusp,player,2007-12-15,Pula,Croatia,37hlakrwxyuzovaeoo4sezusp,active,yes,Defender,43.0,NaN,NaN,NaN,NaN,NaN,NaN
d62k9thj6pxd560a3cgsfn1g4,Hamza,Jaganjac,Hamza,Jaganjac,Male,H. Jaganjac,Bosnia and Herzegovina,4fue8u54361o79fbiu9qwxjer,player,2004-02-27,Sarajevo,Bosnia and Herzegovina,4fue8u54361o79fbiu9qwxjer,active,yes,Attacker,9.0,NaN,NaN,192.0,NaN,right,NaN
ma3my4q4wln06xyl1z3v9fmy,Terrence John,Douglas,Terrence,Douglas,Male,T. Douglas,Netherlands,6hzi5pltnz67q4la8yli9qfv6,player,2001-09-14,Amsterdam,Netherlands,6hzi5pltnz67q4la8yli9qfv6,active,no,Defender,NaN,Suriname,31vay1njxmbs7vtbfp1wo2dx1,186.0,72.0,left,NaN
1gjdc0foqnir1vqbf1gmqqsr8,Duje,Biuk,NaN,NaN,Male,D. Biuk,Croatia,37hlakrwxyuzovaeoo4sezusp,player,2001-06-25,NaN,Croatia,37hlakrwxyuzovaeoo4sezusp,active,yes,Goalkeeper,NaN,NaN,NaN,NaN,NaN,NaN,NaN
1ot2k98clncvef8w6nf7se1as,Luka,Dajčer,Luka,Dajcer,Male,L. Dajčer,Croatia,37hlakrwxyuzovaeoo4sezusp,player,2001-06-06,Zagreb,Croatia,37hlakrwxyuzovaeoo4sezusp,active,yes,Midfielder,16.0,NaN,NaN,NaN,NaN,NaN,NaN
1yejqfq11x9qsg4sgurutctn8,Joško,Rendulić,NaN,NaN,Male,J. Rendulić,Croatia,37hlakrwxyuzovaeoo4sezusp,player,2003-12-25,Karlovac,Croatia,37hlakrwxyuzovaeoo4sezusp,active,yes,Attacker,NaN,NaN,NaN,NaN,NaN,NaN,NaN
26psso15p0v72h4lw53865y7e,Gabriel,Groznica,Gabriel,Groznica,Male,G. Groznica,Croatia,37hlakrwxyuzovaeoo4sezusp,player,2002-03-12,Zagreb,Croatia,37hlakrwxyuzovaeoo4sezusp,active,no,Defender,NaN,NaN,NaN,NaN,NaN,NaN,NaN
2hrw7annfsep6pwvfmosllyc4,Art,Smakaj,Art,Smakaj,Male,A. Smakaj,Kosovo,86u6edbqifdjsn49mbp2anw7p,player,2003-02-04,Zagreb,Croatia,37hlakrwxyuzovaeoo4sezusp,active,yes,Midfielder,15.0,Croatia,37hlakrwxyuzovaeoo4sezusp,NaN,NaN,NaN,NaN
2xwuav1gqfrxiin3rsxk2q6ms,Filip,Markanović,NaN,NaN,Male,F. Markanović,Croatia,37hlakrwxyuzovaeoo4sezusp,player,2005-01-13,NaN,Croatia,37hlakrwxyuzovaeoo4sezusp,active,yes,Defender,3.0,NaN,NaN,NaN,NaN,NaN,NaN
322mja6wrn1ddr4v5qp7y5edw,Noel,Đurković,NaN,NaN,Male,N. Đurković,Croatia,37hlakrwxyuzovaeoo4sezusp,player,2006-11-30,Vinkovci,Croatia,37hlakrwxyuzovaeoo4sezusp,active,yes,Midfielder,NaN,NaN,NaN,NaN,NaN,NaN,NaN
3dlspwk1hmy10sakswrwz7zyt,Robert,Mudražija,Robert,Mudrazija,Male,R. Mudražija,Croatia,37hlakrwxyuzovaeoo4sezusp,player,1997-05-05,Zagreb,Croatia,37hlakrwxyuzovaeoo4sezusp,active,yes,Midfielder,8.0,NaN,NaN,177.0,NaN,NaN,NaN
3qlq5els7fba4s68yv1x7k4x5,Zvonimir,Šubarić,Zvonimir,Subaric,Male,Z. Šubarić,Croatia,37hlakrwxyuzovaeoo4sezusp,player,1997-05-25,Vinkovci,Croatia,37hlakrwxyuzovaeoo4sezusp,active,yes,Goalkeeper,31.0,NaN,NaN,187.0,79.0,NaN,NaN
3ux0y3sgqoidc6vkct9dzlnqi,Ivan,Krolo,Ivan,Krolo,Male,I. Krolo,Croatia,37hlakrwxyuzovaeoo4sezusp,player,2003-01-23,NaN,Croatia,37hlakrwxyuzovaeoo4sezusp,active,yes,Midfielder,19.0,NaN,NaN,NaN,NaN,NaN,NaN
43zkrend635nitbtab4xekpnt,Silvijo,Čabraja,Silvijo,Cabraja,Male,S. Čabraja,Croatia,37hlakrwxyuzovaeoo4sezusp,coach,1968-06-04,Zagreb,Croatia,37hlakrwxyuzovaeoo4sezusp,active,yes,NaN,NaN,NaN,NaN,NaN,NaN,NaN,NaN
48fntlw6fwvo4lvin2csoegdm,Marko,Vranjković,Marko,Vranjkovic,Male,M. Vranjković,Croatia,37hlakrwxyuzovaeoo4sezusp,player,1999-02-05,NaN,Croatia,37hlakrwxyuzovaeoo4sezusp,active,yes,Attacker,27.0,NaN,NaN,NaN,NaN,NaN,NaN
4fbaxgikw7z9sfhuz6vvnfmxh,Gedion,Zelalem,Gedion,Zelalem,Male,G. Zelalem,USA,7hr2f89v44y65dyu9k92vprwn,player,1997-01-26,Berlin,Germany,36min0qztu8eydwvpv8t1is0m,active,yes,Midfielder,29.0,Germany,36min0qztu8eydwvpv8t1is0m,180.0,74.0,right,NaN
4gwn6uusz1t8p21kwhkm0bhn8,Toni,Silić,Toni,Silic,Male,T. Silić,Croatia,37hlakrwxyuzovaeoo4sezusp,player,2004-05-07,Split,Croatia,37hlakrwxyuzovaeoo4sezusp,active,yes,Goalkeeper,1.0,NaN,NaN,NaN,NaN,NaN,NaN
4t6dsx435tb97l41smmzt7iz9,Marin,Leovac,Marin,Leovac,Male,M. Leovac,Croatia,37hlakrwxyuzovaeoo4sezusp,player,1988-08-07,Jajce,Bosnia and Herzegovina,4fue8u54361o79fbiu9qwxjer,active,yes,Defender,22.0,Austria,hcs1bd49qliqqity6o268jyt,180.0,71.0,left,NaN
6bv3aso9wybjffk2md4gr026s,Moreno,Živković,Moreno,Zivkovic,Male,M. Živković,Croatia,37hlakrwxyuzovaeoo4sezusp,player,2004-05-22,Zagreb,Croatia,37hlakrwxyuzovaeoo4sezusp,active,yes,Defender,14.0,NaN,NaN,NaN,NaN,NaN,NaN
6x92etecq26qwuk9cmptvndas,Antonio,Baždarić,NaN,NaN,Male,A. Baždarić,Croatia,37hlakrwxyuzovaeoo4sezusp,player,2006-01-08,Ljubljana,Slovenia,63vptz9g2ckqnnlxhd1oqn4xq,active,yes,Midfielder,18.0,NaN,NaN,NaN,NaN,NaN,NaN
6xijebzgsvrp9cir9e9sg4xgq,Vinko,Bičanić,Vinko,Bicanic,Male,V. Bičanić,Croatia,37hlakrwxyuzovaeoo4sezusp,player,2001-04-16,NaN,Croatia,37hlakrwxyuzovaeoo4sezusp,active,no,Defender,NaN,NaN,NaN,NaN,NaN,NaN,NaN
756ve59maeflzu6rap8hdi784,Lovro,Stanić,NaN,NaN,Male,L. Stanić,Croatia,37hlakrwxyuzovaeoo4sezusp,player,2004-04-06,Slavonski Brod,Croatia,37hlakrwxyuzovaeoo4sezusp,active,yes,Attacker,NaN,NaN,NaN,NaN,NaN,NaN,NaN
771esqj42l5e5lzrqqshj28yx,Fran,Karačić,Fran,Karacic,Male,F. Karačić,Australia,u5ieemi69z72c3bgczyy68lo,player,1996-05-12,Zagreb,Croatia,37hlakrwxyuzovaeoo4sezusp,active,yes,Defender,13.0,Croatia,37hlakrwxyuzovaeoo4sezusp,181.0,75.0,right,NaN
828zwk02b3vmbuamleomgzp7u,Jon,Mersinaj,Jon,Mersinaj,Male,J. Mersinaj,Albania,17zsm8shejejls2on1ffil3op,player,1999-02-08,Tiranë,Albania,17zsm8shejejls2on1ffil3op,active,yes,Defender,5.0,NaN,NaN,NaN,NaN,NaN,NaN
8lcxi0m7b35jp5pdyw8vrivbo,Ivor,Ribar,NaN,NaN,Male,I. Ribar,Croatia,37hlakrwxyuzovaeoo4sezusp,player,2002-11-25,Karlovac,Croatia,37hlakrwxyuzovaeoo4sezusp,active,no,Defender,21.0,NaN,NaN,NaN,NaN,NaN,NaN
8sfl7wmd6e659aox61bzl7bbo,Fran,Žilinski,Fran,Zilinski,Male,F. Žilinski,Croatia,37hlakrwxyuzovaeoo4sezusp,player,2003-04-04,NaN,Croatia,37hlakrwxyuzovaeoo4sezusp,active,yes,Defender,26.0,NaN,NaN,NaN,NaN,NaN,NaN
902jmc2xafide5kx5f6e9o2qd,Marko,Pajač,Marko,Pajac,Male,M. Pajač,Croatia,37hlakrwxyuzovaeoo4sezusp,player,1993-05-11,Zagreb,Croatia,37hlakrwxyuzovaeoo4sezusp,active,yes,Defender,17.0,NaN,NaN,185.0,70.0,left,NaN
9a3z6tc282sjof1m7swsi625m,Balša,Tošković,NaN,NaN,Male,B. Tošković,Montenegro,1411jebgwo2ja1erogsq81lg9,player,2003-04-10,NaN,Montenegro,1411jebgwo2ja1erogsq81lg9,active,yes,Attacker,24.0,Serbia,5w4ve503bjdsshwx9ho6jxzx0,NaN,NaN,NaN,NaN
9r6op9gcbp3jjoy7emai42904,Mody,Boune,NaN,NaN,Male,M. Boune,France,7gww28djs405rfga69smki84o,player,2002-03-08,Paris,France,7gww28djs405rfga69smki84o,active,yes,Defender,2.0,NaN,NaN,NaN,NaN,NaN,NaN
9trixhh7nc58ustceg2w7dous,Pedro Henrique,Oliveira da Dalto,NaN,NaN,Male,Pedro Henrique,Brazil,2vufyvpoxd9lfl9f6vpp7tz6y,player,2003-03-23,NaN,Brazil,2vufyvpoxd9lfl9f6vpp7tz6y,active,yes,Midfielder,4.0,NaN,NaN,186.0,80.0,right,NaN
9tsa5z27vsqultqqmtglptzis,Luka,Vrbančić,Luka,Vrbancic,Male,L. Vrbančić,Croatia,37hlakrwxyuzovaeoo4sezusp,player,2005-07-04,NaN,Croatia,37hlakrwxyuzovaeoo4sezusp,active,yes,Midfielder,21.0,NaN,NaN,NaN,NaN,NaN,NaN
a9g461rp6okildaajf5cxy39w,Vito,Matijević,NaN,NaN,Male,V. Matijević,Croatia,37hlakrwxyuzovaeoo4sezusp,player,2004-01-07,Zagreb,Croatia,37hlakrwxyuzovaeoo4sezusp,active,no,Attacker,NaN,NaN,NaN,NaN,NaN,NaN,NaN
aas9wlsr1lq236ppmnvgzp1ck,Ivan,Canjuga,Ivan,Canjuga,Male,I. Canjuga,Croatia,37hlakrwxyuzovaeoo4sezusp,player,2005-11-30,Varaždin,Croatia,37hlakrwxyuzovaeoo4sezusp,active,yes,Attacker,28.0,NaN,NaN,NaN,NaN,NaN,NaN
adq3bdee2d6btj0vl2r29os9g,Luka,Išlić,Luka,Islic,Male,L. Išlić,Croatia,37hlakrwxyuzovaeoo4sezusp,player,2003-01-27,Zagreb,Croatia,37hlakrwxyuzovaeoo4sezusp,active,no,Midfielder,NaN,Canada,1iaoypzp6syf32cz9l15pzp7e,NaN,NaN,NaN,NaN
anwyv6atorknagoji7hitip5h,Krunoslav,Hendija,Krunoslav,Hendija,Male,K. Hendija,Croatia,37hlakrwxyuzovaeoo4sezusp,player,1989-03-19,Zagreb,Croatia,37hlakrwxyuzovaeoo4sezusp,active,yes,Goalkeeper,12.0,NaN,NaN,NaN,NaN,NaN,NaN
bg87626x43yo70hsn774ugsiy,Ilija,Mašić,Ilija,Masic,Male,I. Mašić,Bosnia and Herzegovina,4fue8u54361o79fbiu9qwxjer,player,1999-04-08,Tomislavgrad,Bosnia and Herzegovina,4fue8u54361o79fbiu9qwxjer,active,no,Defender,4.0,Croatia,37hlakrwxyuzovaeoo4sezusp,NaN,NaN,NaN,NaN
bgqkzs4p57krleupbrsi64650,Ivan,Kukavica,Ivan,Kukavica,Male,I. Kukavica,Croatia,37hlakrwxyuzovaeoo4sezusp,player,2004-02-02,Split,Croatia,37hlakrwxyuzovaeoo4sezusp,active,yes,Defender,NaN,NaN,NaN,NaN,NaN,NaN,NaN
bu9pjk71n8dzvtddno11pve38,Feta,Fetai,Feta,Fetai,Male,F. Fetai,Albania,17zsm8shejejls2on1ffil3op,player,2005-05-11,Skopje,North Macedonia,1lesyxylc5eza0a4z87t9azcc,active,yes,Midfielder,23.0,North Macedonia,1lesyxylc5eza0a4z87t9azcc,172.0,NaN,right,NaN
c0z3fmu0gss39ngvnyvqvxyxg,Mirko,Sušak,NaN,NaN,Male,M. Sušak,Croatia,37hlakrwxyuzovaeoo4sezusp,player,2004-06-15,Metković,Croatia,37hlakrwxyuzovaeoo4sezusp,active,yes,Midfielder,25.0,NaN,NaN,NaN,NaN,NaN,NaN
ci59nfb6e2ruyr60hmtcup5hw,Kristijan,Čabrajić,Kristijan,Cabrajic,Male,K. Čabrajić,Croatia,37hlakrwxyuzovaeoo4sezusp,player,2004-06-12,Zagreb,Croatia,37hlakrwxyuzovaeoo4sezusp,active,yes,Defender,NaN,NaN,NaN,NaN,NaN,NaN,NaN
db4zz1wfrrkxgkl5mwce73q50,Fabijan,Krivak,Fabijan,Krivak,Male,F. Krivak,Croatia,37hlakrwxyuzovaeoo4sezusp,player,2005-02-24,NaN,Croatia,37hlakrwxyuzovaeoo4sezusp,active,yes,Midfielder,NaN,NaN,NaN,NaN,NaN,NaN,NaN
dce6dm0li1ntghkf1au7neoes,Marko,Batur,Marko,Batur,Male,M. Batur,Croatia,37hlakrwxyuzovaeoo4sezusp,player,2004-06-26,Zagreb,Croatia,37hlakrwxyuzovaeoo4sezusp,active,yes,Attacker,NaN,NaN,NaN,NaN,NaN,NaN,NaN
ddf6fy7cnco7hp5f0vxrktc2y,Tino,Agić,Tino,Agic,Male,T. Agić,Croatia,37hlakrwxyuzovaeoo4sezusp,player,2002-04-30,Rijeka,Croatia,37hlakrwxyuzovaeoo4sezusp,active,yes,Defender,NaN,NaN,NaN,NaN,NaN,NaN,NaN
ddnkboo7e8sjz6w45wht05z2t,Duje,Čop,Duje,Cop,Male,D. Čop,Croatia,37hlakrwxyuzovaeoo4sezusp,player,1990-02-01,Vinkovci,Croatia,37hlakrwxyuzovaeoo4sezusp,active,yes,Attacker,9.0,NaN,NaN,184.0,72.0,right,NaN
dii4qplqyo40o2zi8o98sojro,Filip,Čuić,Filip,Cuic,Male,F. Čuić,Bosnia and Herzegovina,4fue8u54361o79fbiu9qwxjer,player,2003-02-22,Split,Croatia,37hlakrwxyuzovaeoo4sezusp,active,yes,Attacker,11.0,Croatia,37hlakrwxyuzovaeoo4sezusp,NaN,NaN,NaN,NaN
dsnzjzdfvk40qzb5ij3jzt0d0,Luka,Savatović,NaN,NaN,Male,L. Savatović,Croatia,37hlakrwxyuzovaeoo4sezusp,player,2004-07-06,NaN,Croatia,37hlakrwxyuzovaeoo4sezusp,active,yes,Goalkeeper,NaN,NaN,NaN,NaN,NaN,NaN,NaN
dvhascbjoe2j7xraw7o6y7fv8,Bartol,Kardum,Bartol,Kardum,Male,B. Kardum,Croatia,37hlakrwxyuzovaeoo4sezusp,player,2006-07-18,Zagreb,Croatia,37hlakrwxyuzovaeoo4sezusp,active,no,Attacker,NaN,NaN,NaN,NaN,NaN,NaN,NaN
dxv0c2ngspqu75o8lq5xllnca,Dušan,Vuković,Dusan,Vukovic,Male,D. Vuković,Montenegro,1411jebgwo2ja1erogsq81lg9,player,2002-08-06,NaN,Montenegro,1411jebgwo2ja1erogsq81lg9,active,yes,Attacker,30.0,NaN,NaN,NaN,NaN,NaN,NaN
ei16hiclm02z4njppojjd49ka,Blaž,Bošković,Blaz,Boskovic,Male,B. Bošković,Bosnia and Herzegovina,4fue8u54361o79fbiu9qwxjer,player,2001-12-15,NaN,Bosnia and Herzegovina,4fue8u54361o79fbiu9qwxjer,active,yes,Midfielder,6.0,Croatia,37hlakrwxyuzovaeoo4sezusp,NaN,NaN,NaN,NaN
ejeagwkwh1ijuwgfpiya8cel1,Denis,Kolinger,Denis,Kolinger,Male,D. Kolinger,Croatia,37hlakrwxyuzovaeoo4sezusp,player,1994-01-14,NaN,Germany,36min0qztu8eydwvpv8t1is0m,active,yes,Defender,20.0,Germany,36min0qztu8eydwvpv8t1is0m,199.0,92.0,right,NaN
evyk938tt0eebkhxrwejaonv9,Domagoj,Antolić,Domagoj,Antolic,Male,D. Antolić,Croatia,37hlakrwxyuzovaeoo4sezusp,player,1990-06-30,Zagreb,Croatia,37hlakrwxyuzovaeoo4sezusp,active,yes,Midfielder,10.0,NaN,NaN,174.0,72.0,right,NaN
f2jitddxqol27k8dgny4ojq0a,Silvio,Goričan,Silvio,Gorican,Male,S. Goričan,Croatia,37hlakrwxyuzovaeoo4sezusp,player,2000-02-27,NaN,Croatia,37hlakrwxyuzovaeoo4sezusp,active,yes,Attacker,7.0,NaN,NaN,NaN,NaN,NaN,NaN
ncjhzo101vx03otarw1h3s44,Ante,Utrobičić,Ante,Utrobicic,Male,A. Utrobičić,Croatia,37hlakrwxyuzovaeoo4sezusp,player,2006-07-12,Zagreb,Croatia,37hlakrwxyuzovaeoo4sezusp,active,yes,Defender,NaN,NaN,NaN,NaN,NaN,NaN,NaN
tvj0v96atajghnm8yn78tnxm,Viktor,Kanižaj,Viktor,Kanizaj,Male,V. Kanižaj,Croatia,37hlakrwxyuzovaeoo4sezusp,player,2003-02-02,Čakovec,Croatia,37hlakrwxyuzovaeoo4sezusp,active,no,Attacker,NaN,NaN,NaN,NaN,NaN,NaN,NaN
1gl82ymzh9vpitix6v645awa,Darko,Nejašmić,Darko,Nejasmic,Male,D. Nejašmić,Croatia,37hlakrwxyuzovaeoo4sezusp,player,1999-01-25,Split,Croatia,37hlakrwxyuzovaeoo4sezusp,active,no,Midfielder,6.0,NaN,NaN,183.0,74.0,NaN,NaN
1o47wjociihmi2mepaw1mgacq,Luka,Jelenić,Luka,Jelenic,Male,L. Jelenić,Croatia,37hlakrwxyuzovaeoo4sezusp,player,2000-05-24,Zagreb,Croatia,37hlakrwxyuzovaeoo4sezusp,active,yes,Defender,26.0,NaN,NaN,187.0,NaN,right,NaN
25dvrlk761wv7ikzp7ulnbk7o,Filip,Živković,Filip,Zivkovic,Male,F. Živković,Croatia,37hlakrwxyuzovaeoo4sezusp,player,2006-08-01,NaN,Croatia,37hlakrwxyuzovaeoo4sezusp,active,yes,Attacker,24.0,NaN,NaN,NaN,NaN,NaN,NaN
2brqv5u308bnnevhaqhxjfmdw,Anton,Matković,Anton,Matkovic,Male,A. Matković,Croatia,37hlakrwxyuzovaeoo4sezusp,player,2006-02-19,NaN,Croatia,37hlakrwxyuzovaeoo4sezusp,active,yes,Attacker,34.0,NaN,NaN,NaN,NaN,NaN,NaN
2kdhtc8edoric7mds710ogu6t,Kristijan,Lovrić,Kristijan,Lovric,Male,K. Lovrić,Croatia,37hlakrwxyuzovaeoo4sezusp,player,1995-12-01,Ogulin,Croatia,37hlakrwxyuzovaeoo4sezusp,active,no,Attacker,44.0,NaN,NaN,NaN,NaN,NaN,NaN
3i1kpv2tubyml2vwhvongbz3e,Kristian,Fućak,Kristian,Fucak,Male,K. Fućak,Croatia,37hlakrwxyuzovaeoo4sezusp,player,1998-11-14,Rijeka,Croatia,37hlakrwxyuzovaeoo4sezusp,active,no,Attacker,8.0,NaN,NaN,NaN,NaN,NaN,NaN
41dpaf86yifqltfknko0ow9yi,Marko,Soldo,Marko,Soldo,Male,M. Soldo,Croatia,37hlakrwxyuzovaeoo4sezusp,player,2003-11-22,NaN,Bosnia and Herzegovina,4fue8u54361o79fbiu9qwxjer,active,yes,Midfielder,14.0,Bosnia and Herzegovina,4fue8u54361o79fbiu9qwxjer,NaN,NaN,right,NaN
44g3gj1lpougjwjpq9houab4l,Alessandro,Tuia,Alessandro,Tuia,Male,A. Tuia,Italy,25f2cmb2r8mk5rj92tzer6kvv,player,1990-06-08,Civitacastellana,Italy,25f2cmb2r8mk5rj92tzer6kvv,active,yes,Defender,13.0,NaN,NaN,184.0,78.0,right,NaN
67oqlfraqrq5b8bsxrsnwoglw,Luka,Zebec,Luka,Zebec,Male,L. Zebec,Croatia,37hlakrwxyuzovaeoo4sezusp,player,2000-09-11,NaN,Croatia,37hlakrwxyuzovaeoo4sezusp,active,no,Defender,35.0,NaN,NaN,NaN,NaN,NaN,NaN
69szgsi2dingj12ras4c0tfpx,Marko,Malenica,Marko,Malenica,Male,M. Malenica,Croatia,37hlakrwxyuzovaeoo4sezusp,player,1994-02-08,Nova Gradiška,Croatia,37hlakrwxyuzovaeoo4sezusp,active,yes,Goalkeeper,31.0,NaN,NaN,192.0,84.0,right,NaN
6yut93jq3pmmtje7tzzwqxous,Dominik,Babić,Dominik,Babic,Male,D. Babić,Croatia,37hlakrwxyuzovaeoo4sezusp,player,2006-09-05,Bjelovar,Croatia,37hlakrwxyuzovaeoo4sezusp,active,yes,Attacker,NaN,NaN,NaN,NaN,NaN,right,NaN
7lc9kv6j8ubytzrf3bb2m1lgp,Petar,Pušić,Petar,Pusic,Male,P. Pušić,Switzerland,3bh70jgvc5mn58x0byjkuda17,player,1999-01-25,Schaffhausen,Switzerland,3bh70jgvc5mn58x0byjkuda17,active,yes,Midfielder,66.0,Croatia,37hlakrwxyuzovaeoo4sezusp,169.0,63.0,left,NaN
8i6cjao5lwxzaomilei61kbxm,Ricuenio,Kewal,Ricuenio,Kewal,Male,R. Kewal,Netherlands,6hzi5pltnz67q4la8yli9qfv6,player,2002-06-06,Amsterdam,Netherlands,6hzi5pltnz67q4la8yli9qfv6,active,yes,Attacker,11.0,Suriname,31vay1njxmbs7vtbfp1wo2dx1,175.0,68.0,both,NaN
8ihhnktdwp52p8ew65bgxw2l0,Tin,Sajko,Tin,Sajko,Male,T. Sajko,Croatia,37hlakrwxyuzovaeoo4sezusp,player,2004-03-07,Koprivnica,Croatia,37hlakrwxyuzovaeoo4sezusp,active,yes,Goalkeeper,15.0,NaN,NaN,NaN,NaN,NaN,NaN
95970d8pyp4eg8h6c0e7jr23u,Nikola,Čavlina,Nikola,Cavlina,Male,N. Čavlina,Croatia,37hlakrwxyuzovaeoo4sezusp,player,2002-06-02,NaN,Croatia,37hlakrwxyuzovaeoo4sezusp,active,yes,Goalkeeper,1.0,NaN,NaN,NaN,NaN,NaN,NaN
9tjpmvcgtk66mt6t57mp9clqs,Ivano,Kolarik,Ivano,Kolarik,Male,I. Kolarik,Croatia,37hlakrwxyuzovaeoo4sezusp,player,2007-05-20,NaN,Croatia,37hlakrwxyuzovaeoo4sezusp,active,yes,Defender,49.0,NaN,NaN,NaN,NaN,NaN,NaN
9umh99q51xm5fg8exex3lmb1m,Roko,Jurišić,Roko,Jurisic,Male,R. Jurišić,Croatia,37hlakrwxyuzovaeoo4sezusp,player,2001-09-28,Zagreb,Croatia,37hlakrwxyuzovaeoo4sezusp,active,yes,Defender,22.0,NaN,NaN,173.0,NaN,NaN,NaN
a93cs6sqqb6hj95qayyq2ib1m,Tiago Filipe,Oliveira Dantas,Tiago Filipe,Oliveira Dantas,Male,Tiago Dantas,Portugal,1nbm5i9a0403zzvltn17lxinc,player,2000-12-24,Lisboa,Portugal,1nbm5i9a0403zzvltn17lxinc,active,yes,Midfielder,20.0,NaN,NaN,170.0,58.0,right,Tiago Dantas
ac4ouoa1te0amymnflpgkbf9w,Nail,Omerović,Nail,Omerovic,Male,N. Omerović,Bosnia and Herzegovina,4fue8u54361o79fbiu9qwxjer,player,2002-10-20,Tutla,Bosnia and Herzegovina,4fue8u54361o79fbiu9qwxjer,active,yes,Defender,36.0,NaN,NaN,NaN,NaN,NaN,NaN
aeq5j9up9xf65v3nktsbzc8pg,Pedro,Lima Barros,Pedro,Lima Barros,Male,Pedro Lima,Brazil,2vufyvpoxd9lfl9f6vpp7tz6y,player,2003-03-27,Brasília,Brazil,2vufyvpoxd9lfl9f6vpp7tz6y,active,yes,Midfielder,10.0,NaN,NaN,185.0,79.0,left,Pedro Lima
aki1uxiiixvn17gsuy2h08i96,Federico,Coppitelli,Federico,Coppitelli,Male,F. Coppitelli,Italy,25f2cmb2r8mk5rj92tzer6kvv,coach,1984-10-14,NaN,Italy,25f2cmb2r8mk5rj92tzer6kvv,active,yes,NaN,NaN,NaN,NaN,NaN,NaN,NaN,NaN
amn8vn07f3zhf172wwyz9f0et,Vedran,Jugović,Vedran,Jugovic,Male,V. Jugović,Croatia,37hlakrwxyuzovaeoo4sezusp,player,1989-09-10,Osijek,Croatia,37hlakrwxyuzovaeoo4sezusp,active,yes,Midfielder,7.0,NaN,NaN,178.0,69.0,NaN,NaN
apdpezlk1a3tg8wzdv8axk6c4,Krešimir,Vrbanac,Kresimir,Vrbanac,Male,K. Vrbanac,Croatia,37hlakrwxyuzovaeoo4sezusp,player,2005-04-24,NaN,Croatia,37hlakrwxyuzovaeoo4sezusp,active,yes,Defender,4.0,NaN,NaN,NaN,NaN,NaN,NaN
apjgf0d7fwwdsb06vdlsjyc45,Hernâni Jorge,Santos Fortes,Hernâni Jorge,Santos Fortes,Male,Hernâni,Portugal,1nbm5i9a0403zzvltn17lxinc,player,1991-08-20,Lisboa,Portugal,1nbm5i9a0403zzvltn17lxinc,active,yes,Attacker,27.0,Cabo Verde,7235kgq23bu1v4qwk491u58h0,179.0,72.0,left,Hernâni
as4jvedixvsykxbhle6qetzvt,Kemal,Ademi,Kemal,Ademi,Male,K. Ademi,Switzerland,3bh70jgvc5mn58x0byjkuda17,player,1996-01-23,Villingen-Schweningen,Germany,36min0qztu8eydwvpv8t1is0m,active,yes,Attacker,9.0,Germany,36min0qztu8eydwvpv8t1is0m,197.0,90.0,right,NaN
b5o4vzbns7xgj4p566ltn5i50,Domagoj,Bukvić,Domagoj,Bukvic,Male,D. Bukvić,Croatia,37hlakrwxyuzovaeoo4sezusp,player,2004-02-22,Osijek,Croatia,37hlakrwxyuzovaeoo4sezusp,active,yes,Attacker,39.0,NaN,NaN,NaN,NaN,NaN,NaN
b6jprfgeba37jbn8wqyt614b8,Ivan,Barić,Ivan,Baric,Male,I. Barić,Croatia,37hlakrwxyuzovaeoo4sezusp,player,2007-01-10,NaN,Croatia,37hlakrwxyuzovaeoo4sezusp,active,yes,Attacker,46.0,NaN,NaN,NaN,NaN,NaN,NaN
cfrpp8kjcpr4a73agsm8ge25m,Renan,Guedes Borges,Renan,Guedes Borges,Male,Renan Guedes,Brazil,2vufyvpoxd9lfl9f6vpp7tz6y,player,1998-01-19,São Paulo,Brazil,2vufyvpoxd9lfl9f6vpp7tz6y,active,yes,Defender,42.0,NaN,NaN,177.0,69.0,right,Renan Guedes
chc75apbz82r6alzet0ws33vu,Emin,Hasić,Emin,Hasic,Male,E. Hasić,Sweden,1z6l2c33w2kyz9rdefs1d68nb,player,2003-02-08,NaN,Sweden,1z6l2c33w2kyz9rdefs1d68nb,active,yes,Defender,33.0,Bosnia and Herzegovina,4fue8u54361o79fbiu9qwxjer,191.0,NaN,right,NaN
cjhdwdgmajac004g4nsr85jis,Marin,Prekodravac,Marin,Prekodravac,Male,M. Prekodravac,Croatia,37hlakrwxyuzovaeoo4sezusp,player,2005-03-03,NaN,Croatia,37hlakrwxyuzovaeoo4sezusp,active,no,Midfielder,20.0,NaN,NaN,NaN,NaN,NaN,NaN
czcf1wuv1mkuttmmec85i82s4,Niko,Farkaš,Niko,Farkas,Male,N. Farkaš,Croatia,37hlakrwxyuzovaeoo4sezusp,player,2006-11-29,NaN,Croatia,37hlakrwxyuzovaeoo4sezusp,active,yes,Defender,18.0,NaN,NaN,NaN,NaN,NaN,NaN
dg3p9qjatikgj69258fitrwiy,Franko,Kolić,Franko,Kolic,Male,F. Kolić,Croatia,37hlakrwxyuzovaeoo4sezusp,player,2003-02-07,Pula,Croatia,37hlakrwxyuzovaeoo4sezusp,active,no,Goalkeeper,NaN,NaN,NaN,NaN,NaN,NaN,NaN
dn83ihv2nin325b79pfgzlp05,Arnel,Jakupovic,Arnel,Jakupovic,Male,A. Jakupovic,Austria,hcs1bd49qliqqity6o268jyt,player,1998-05-29,NaN,Austria,hcs1bd49qliqqity6o268jyt,active,yes,Attacker,17.0,Bosnia and Herzegovina,4fue8u54361o79fbiu9qwxjer,186.0,81.0,left,NaN
drmylh22to3psgrr293uxd5hw,Jan,Hlapčić,Jan,Hlapcic,Male,J. Hlapčić,Croatia,37hlakrwxyuzovaeoo4sezusp,player,2006-04-07,NaN,Croatia,37hlakrwxyuzovaeoo4sezusp,active,yes,Goalkeeper,38.0,NaN,NaN,NaN,NaN,NaN,NaN
dwe6jwf7g7iocf81zut0f5jhl,Ramón Nazareno,Miérez,Ramón,Miérez,Male,R. Miérez,Argentina,2vovxa97k7v7ofa85dah2xktb,player,1997-05-13,Resistencia,Argentina,2vovxa97k7v7ofa85dah2xktb,active,no,Attacker,13.0,NaN,NaN,182.0,78.0,right,NaN
dwtp161u3kvml1axfn7x1kj1m,Luka,Branšteter,Luka,Bransteter,Male,L. Branšteter,Croatia,37hlakrwxyuzovaeoo4sezusp,player,2002-06-19,Slavonski Brod,Croatia,37hlakrwxyuzovaeoo4sezusp,active,yes,Attacker,37.0,NaN,NaN,NaN,NaN,NaN,NaN
e36vq0hj7nf11yryjeyzv56,Styopa,Mkrtchyan,Styopa,Mkrtchyan,Male,S. Mkrtchyan,Armenia,687vx665s4d88stgnq72a84k6,player,2003-02-17,NaN,Armenia,687vx665s4d88stgnq72a84k6,active,yes,Defender,5.0,NaN,NaN,190.0,NaN,left,NaN
epthyqu8q1zhe9xwl8j83ss89,André,Lourenço Duarte,André,Lourenço Duarte,Male,André Duarte,Portugal,1nbm5i9a0403zzvltn17lxinc,player,1997-09-12,NaN,Portugal,1nbm5i9a0403zzvltn17lxinc,active,no,Defender,3.0,NaN,NaN,195.0,70.0,NaN,André Duarte
ey7hw41hs05di8j2yfb5vhr10,Šimun,Mikolčić,Simun,Mikolcic,Male,Š. Mikolčić,Croatia,37hlakrwxyuzovaeoo4sezusp,player,2004-01-21,Vinkovci,Croatia,37hlakrwxyuzovaeoo4sezusp,active,yes,Midfielder,98.0,NaN,NaN,NaN,NaN,NaN,NaN
ia0gbmz8j5hdx14agb7p1ck,Ivan,Cvijanović,Ivan,Cvijanovic,Male,I. Cvijanović,Croatia,37hlakrwxyuzovaeoo4sezusp,player,2003-10-09,Zagreb,Croatia,37hlakrwxyuzovaeoo4sezusp,active,yes,Defender,55.0,NaN,NaN,NaN,NaN,NaN,NaN
15r55ma7s8vur0wzg5jonap5h,Marko,Lešković,Marko,Leskovic,Male,M. Lešković,Croatia,37hlakrwxyuzovaeoo4sezusp,player,1991-04-27,Našice,Croatia,37hlakrwxyuzovaeoo4sezusp,active,yes,Defender,13.0,NaN,NaN,188.0,86.0,NaN,NaN
1civr1l0vrwp3rao9jt0x1xih,Filip,Hlevnjak,NaN,NaN,Male,F. Hlevnjak,Croatia,37hlakrwxyuzovaeoo4sezusp,player,2000-08-05,Koprivnica,Croatia,37hlakrwxyuzovaeoo4sezusp,active,yes,Defender,20.0,NaN,NaN,186.0,75.0,right,NaN
1lmmj72kbw2j2fwqy1n4ifwlx,Alen,Grgić,Alen,Grgic,Male,A. Grgić,Croatia,37hlakrwxyuzovaeoo4sezusp,player,1994-08-10,Nova Gradiška,Croatia,37hlakrwxyuzovaeoo4sezusp,active,yes,Defender,27.0,NaN,NaN,187.0,NaN,NaN,NaN
21kx918rf82xsvq8jf1ccn7my,Bujar,Pllana,Bujar,Pllana,Male,B. Pllana,Kosovo,86u6edbqifdjsn49mbp2anw7p,player,2001-10-29,Mitrovica,Kosovo,86u6edbqifdjsn49mbp2anw7p,active,no,Defender,5.0,NaN,NaN,190.0,73.0,right,NaN
2ehr8108qu2cltqkicscz3fmd,Luka,Lučić,NaN,NaN,Male,L. Lučić,Croatia,37hlakrwxyuzovaeoo4sezusp,player,1995-01-02,Split,Croatia,37hlakrwxyuzovaeoo4sezusp,active,yes,Defender,35.0,Bosnia and Herzegovina,4fue8u54361o79fbiu9qwxjer,182.0,NaN,NaN,NaN
2fg3nirn8jevg7d0942w1x7f9,Ivan,Radeljić,NaN,NaN,Male,I. Radeljić,Bosnia and Herzegovina,4fue8u54361o79fbiu9qwxjer,coach,1980-09-14,Imotski,Croatia,37hlakrwxyuzovaeoo4sezusp,active,no,NaN,NaN,NaN,NaN,189.0,88.0,NaN,NaN
2uoqktyygd6quotp195rvo6lm,Ivan,Ćubelić,Ivan,Cubelic,Male,I. Ćubelić,Croatia,37hlakrwxyuzovaeoo4sezusp,player,2003-06-02,Split,Croatia,37hlakrwxyuzovaeoo4sezusp,active,yes,Midfielder,15.0,NaN,NaN,NaN,NaN,NaN,NaN
2yl9v5sa2ym64tlvz2yf58zdg,Zvonimir,Katalinić,Zvonimir,Katalinic,Male,Z. Katalinić,Croatia,37hlakrwxyuzovaeoo4sezusp,player,2004-04-15,NaN,Croatia,37hlakrwxyuzovaeoo4sezusp,active,yes,Defender,2.0,NaN,NaN,NaN,NaN,NaN,NaN
3cib29fyaavdzkkuu7a9472ll,Antonio,Bosec,NaN,NaN,Male,A. Bosec,Croatia,37hlakrwxyuzovaeoo4sezusp,player,1997-08-28,Zagreb,Croatia,37hlakrwxyuzovaeoo4sezusp,active,yes,Defender,33.0,NaN,NaN,178.0,73.0,NaN,NaN
3eaqhkcm5om70ugd18y6smw9,Ivan,Sušak,NaN,NaN,Male,I. Sušak,Croatia,37hlakrwxyuzovaeoo4sezusp,player,1997-10-06,Metković,Croatia,37hlakrwxyuzovaeoo4sezusp,active,yes,Goalkeeper,25.0,NaN,NaN,NaN,NaN,NaN,NaN
3ebbinbrmvd0h0ildavulm8dl,Karlo,Butić,Karlo,Butic,Male,K. Butić,Croatia,37hlakrwxyuzovaeoo4sezusp,player,1998-08-21,Zadar,Croatia,37hlakrwxyuzovaeoo4sezusp,active,yes,Attacker,45.0,NaN,NaN,187.0,78.0,left,NaN
4846b6wupzwh9pj4fa0627fmd,Dominik,Martinović,Dominik,Martinovic,Male,D. Martinović,Croatia,37hlakrwxyuzovaeoo4sezusp,player,1997-03-25,Stuttgart,Germany,36min0qztu8eydwvpv8t1is0m,active,yes,Attacker,17.0,Germany,36min0qztu8eydwvpv8t1is0m,179.0,81.0,right,NaN
4an8xrcoiz0th7347aradjo5w,Ante,Šuto,NaN,NaN,Male,A. Šuto,Croatia,37hlakrwxyuzovaeoo4sezusp,player,2000-06-19,Split,Croatia,37hlakrwxyuzovaeoo4sezusp,active,yes,Attacker,22.0,NaN,NaN,185.0,NaN,left,NaN
4ws81wv8sdepalorjf7u7faax,Ivan Borna,Jelić Balta,Ivan,Jelic Balta,Male,I. Jelić Balta,Croatia,37hlakrwxyuzovaeoo4sezusp,player,1992-09-17,Zagreb,Croatia,37hlakrwxyuzovaeoo4sezusp,active,yes,Midfielder,88.0,Bosnia and Herzegovina,4fue8u54361o79fbiu9qwxjer,196.0,85.0,left,NaN
4ye96njeqqi0ij6xpd4wrw0lw,Fabijan,Šašek,NaN,NaN,Male,F. Šašek,Croatia,37hlakrwxyuzovaeoo4sezusp,player,2005-09-17,Koprivnica,Croatia,37hlakrwxyuzovaeoo4sezusp,active,no,Goalkeeper,NaN,NaN,NaN,NaN,NaN,NaN,NaN
5kz5l0eoz0z5cd3d3q6urro,Jakov,Krstanović,NaN,NaN,Male,J. Krstanović,Croatia,37hlakrwxyuzovaeoo4sezusp,player,2005-07-21,Koprivnica,Croatia,37hlakrwxyuzovaeoo4sezusp,active,no,Defender,NaN,NaN,NaN,NaN,NaN,NaN,NaN
62hp7bk1fk5jlhlo3ipkzdlre,Michael,Agbekpornu,Michael,Agbekpornu,Male,M. Agbekpornu,Ghana,2q2sw72utw5gu9t5y4knckwba,player,1998-08-31,NaN,Ghana,2q2sw72utw5gu9t5y4knckwba,active,yes,Midfielder,30.0,NaN,NaN,177.0,65.0,NaN,NaN
6e22x46gqvnavi481aabpuqdw,Igor,Lepinjica,NaN,NaN,Male,I. Lepinjica,Croatia,37hlakrwxyuzovaeoo4sezusp,player,1999-07-09,Rijeka,Croatia,37hlakrwxyuzovaeoo4sezusp,active,yes,Midfielder,23.0,NaN,NaN,NaN,NaN,NaN,NaN
6ftiz4cm0gf65myazepnit0k4,Matej,Šakota,Matej,Sakota,Male,M. Šakota,Bosnia and Herzegovina,4fue8u54361o79fbiu9qwxjer,player,2004-08-16,NaN,Bosnia and Herzegovina,4fue8u54361o79fbiu9qwxjer,active,yes,Attacker,7.0,Croatia,37hlakrwxyuzovaeoo4sezusp,NaN,NaN,right,NaN
6vy1ci3n2w1hkep8jrxytujca,Ivan,Dolček,Ivan,Dolcek,Male,I. Dolček,Croatia,37hlakrwxyuzovaeoo4sezusp,player,2000-04-24,Koprivnica,Croatia,37hlakrwxyuzovaeoo4sezusp,active,yes,Attacker,19.0,NaN,NaN,181.0,76.0,left,NaN
71eiaf3c37jpcqmcds6kbg4q,Adrian,Liber,Adrian,Liber,Male,A. Liber,Croatia,37hlakrwxyuzovaeoo4sezusp,player,2001-01-09,Zabok,Croatia,37hlakrwxyuzovaeoo4sezusp,active,yes,Midfielder,14.0,NaN,NaN,171.0,70.0,NaN,NaN
7h86xjrkn4ohicw191no593vt,Vinko,Međimorec,Vinko,Medimorec,Male,V. Međimorec,Croatia,37hlakrwxyuzovaeoo4sezusp,player,1996-06-01,Koprivnica,Croatia,37hlakrwxyuzovaeoo4sezusp,active,no,Defender,NaN,NaN,NaN,189.0,82.0,right,NaN
8e0f4d0nke8zpryrnvlo93rbo,Adriano,Jagušić,NaN,NaN,Male,A. Jagušić,Croatia,37hlakrwxyuzovaeoo4sezusp,player,2005-09-06,Koprivnica,Croatia,37hlakrwxyuzovaeoo4sezusp,active,yes,Defender,8.0,NaN,NaN,174.0,NaN,left,NaN
8ejwntr5v9rjhxs8ysi140owk,Ivan,Ganžulić,NaN,NaN,Male,I. Ganžulić,Croatia,37hlakrwxyuzovaeoo4sezusp,player,2003-06-13,NaN,Croatia,37hlakrwxyuzovaeoo4sezusp,active,no,Defender,NaN,NaN,NaN,NaN,NaN,NaN,NaN
8usoj500juhjeijoxqicqcyqd,Ivan,Čović,NaN,NaN,Male,I. Čović,Croatia,37hlakrwxyuzovaeoo4sezusp,player,1990-09-17,Zagreb,Croatia,37hlakrwxyuzovaeoo4sezusp,active,yes,Goalkeeper,32.0,NaN,NaN,194.0,89.0,right,NaN
8z7r3whz85ck1c357fbjw9lre,Marco,Boras,Marco,Boras,Male,M. Boras,Croatia,37hlakrwxyuzovaeoo4sezusp,player,2001-09-28,NaN,Germany,36min0qztu8eydwvpv8t1is0m,active,yes,Defender,55.0,Germany,36min0qztu8eydwvpv8t1is0m,NaN,NaN,NaN,NaN
9a1f1avsg4f7pa0sm6pkdm95h,Dominik,Kovačić,Dominik,Kovacic,Male,D. Kovačić,Croatia,37hlakrwxyuzovaeoo4sezusp,player,1994-01-05,Zagreb,Croatia,37hlakrwxyuzovaeoo4sezusp,active,yes,Defender,4.0,NaN,NaN,192.0,86.0,NaN,NaN
9zf4c9cmchggo5ogh82ecxwd0,Luka,Ćurković,NaN,NaN,Male,L. Ćurković,Croatia,37hlakrwxyuzovaeoo4sezusp,player,2005-08-26,Zagreb,Croatia,37hlakrwxyuzovaeoo4sezusp,active,yes,Defender,16.0,NaN,NaN,NaN,NaN,NaN,NaN
a5zyt8pcynsuk0jyi0wku04r8,Lucas,Fernandes dos Passos,NaN,NaN,Male,Lucas Fernandes,Brazil,2vufyvpoxd9lfl9f6vpp7tz6y,player,1999-12-27,Campos Belos,Brazil,2vufyvpoxd9lfl9f6vpp7tz6y,active,yes,Attacker,11.0,NaN,NaN,NaN,NaN,NaN,NaN
adi7y3gapyhprscch2g8xebfu,Frane,Barbić,NaN,NaN,Male,F. Barbić,Croatia,37hlakrwxyuzovaeoo4sezusp,player,2000-07-23,NaN,Croatia,37hlakrwxyuzovaeoo4sezusp,active,no,Goalkeeper,NaN,NaN,NaN,NaN,NaN,NaN,NaN
ai5cnyn9zjkdlzma3goj7m7yt,Ljuban,Crepulja,Ljuban,Crepulja,Male,L. Crepulja,Croatia,37hlakrwxyuzovaeoo4sezusp,player,1993-09-02,Čapljina,Bosnia and Herzegovina,4fue8u54361o79fbiu9qwxjer,active,yes,Midfielder,21.0,Bosnia and Herzegovina,4fue8u54361o79fbiu9qwxjer,178.0,72.0,right,NaN
aw3vuft1la8psn1nc2xut82z8,Patrik,Marić,Patrik,Maric,Male,P. Marić,Croatia,37hlakrwxyuzovaeoo4sezusp,player,2007-07-27,NaN,Croatia,37hlakrwxyuzovaeoo4sezusp,active,yes,Attacker,3.0,NaN,NaN,NaN,NaN,NaN,NaN
b8wrjw1i69z34piznueqtyl79,Marijo,Dodik,NaN,NaN,Male,M. Dodik,Bosnia and Herzegovina,4fue8u54361o79fbiu9qwxjer,assistant coach,1974-02-18,NaN,Bosnia and Herzegovina,4fue8u54361o79fbiu9qwxjer,active,yes,NaN,NaN,NaN,NaN,NaN,NaN,NaN,NaN
bp23apnegi2ypci9rshsx8c89,Mihail,Caimacov,Mihail,Caimacov,Male,M. Caimacov,Moldova,389mdnq78a55g2gr040a3mmtj,player,1998-07-22,Tiraspol,Moldova,389mdnq78a55g2gr040a3mmtj,active,yes,Midfielder,10.0,Russia,7kfg68kh6n16fs4ap3xjiudr,183.0,69.0,left,NaN
c0l4ollpl6wza36xqniwwbsgl,Mario,Kovačević,NaN,NaN,Male,M. Kovačević,Croatia,37hlakrwxyuzovaeoo4sezusp,coach,1975-05-17,Jablanica,Croatia,37hlakrwxyuzovaeoo4sezusp,active,yes,NaN,NaN,NaN,NaN,NaN,NaN,NaN,NaN
cfce50c7ttr6atefhdnj09pn8,Erik,Riđan,NaN,NaN,Male,E. Riđan,Croatia,37hlakrwxyuzovaeoo4sezusp,player,2005-10-24,Zagreb,Croatia,37hlakrwxyuzovaeoo4sezusp,active,yes,Defender,NaN,NaN,NaN,NaN,NaN,NaN,NaN
ch0c8tvqno4y4k1vlw8uh2311,Robert,Murić,Robert,Muric,Male,R. Murić,Croatia,37hlakrwxyuzovaeoo4sezusp,player,1996-03-12,Varaždin,Croatia,37hlakrwxyuzovaeoo4sezusp,active,yes,Midfielder,9.0,NaN,NaN,180.0,76.0,left,NaN
ckq0dtia7jr348milai45n9hx,Antun,Marković,NaN,NaN,Male,A. Marković,Croatia,37hlakrwxyuzovaeoo4sezusp,player,1992-07-04,Gnjilane,Yugoslavia,4tbxaicghm9l9p07quja51vfu,active,no,Goalkeeper,NaN,NaN,NaN,193.0,84.0,right,NaN
cl2tll2ywoc6ausomuxuoyz2s,Ernis,Qestaj,NaN,NaN,Male,E. Qestaj,Kosovo,86u6edbqifdjsn49mbp2anw7p,player,2006-07-17,NaN,Kosovo,86u6edbqifdjsn49mbp2anw7p,active,yes,Attacker,NaN,NaN,NaN,NaN,NaN,NaN,NaN
cn7tmvfvncpptd4vacbouszu2,Matija,Jesenović,Matija,Jesenovic,Male,M. Jesenović,Croatia,37hlakrwxyuzovaeoo4sezusp,player,1997-12-19,Čakovec,Croatia,37hlakrwxyuzovaeoo4sezusp,active,yes,Goalkeeper,1.0,NaN,NaN,NaN,NaN,NaN,NaN
cqwcrwtwcbs9p0p85r7jmc7v9,Tomislav,Božić,NaN,NaN,Male,T. Božić,Croatia,37hlakrwxyuzovaeoo4sezusp,player,1987-11-01,Požega,Croatia,37hlakrwxyuzovaeoo4sezusp,active,yes,Defender,6.0,NaN,NaN,184.0,77.0,right,NaN
ewt8nxg2m27fj0n7dr9hbul05,Ilija,Nestorovski,Ilija,Nestorovski,Male,I. Nestorovski,North Macedonia,1lesyxylc5eza0a4z87t9azcc,player,1990-03-12,Prilep,North Macedonia,1lesyxylc5eza0a4z87t9azcc,active,yes,Attacker,90.0,NaN,NaN,183.0,74.0,left,NaN
f1wwsk64a72nbj4uygwrpoxsk,Filip,Krušelj,NaN,NaN,Male,F. Krušelj,Croatia,37hlakrwxyuzovaeoo4sezusp,player,2005-05-30,Koprivnica,Croatia,37hlakrwxyuzovaeoo4sezusp,active,yes,Defender,18.0,NaN,NaN,178.0,NaN,right,NaN
f2wo2ju2b28i5wkysd1j8k104,Leon,Bošnjak,NaN,NaN,Male,L. Bošnjak,Croatia,37hlakrwxyuzovaeoo4sezusp,player,2006-01-23,Virovitica,Croatia,37hlakrwxyuzovaeoo4sezusp,active,yes,Midfielder,24.0,NaN,NaN,NaN,NaN,NaN,NaN
t8nnkyx38auba6c45piuj1uc,Marko,Aščić,NaN,NaN,Male,M. Aščić,Croatia,37hlakrwxyuzovaeoo4sezusp,player,2007-04-14,Zagreb,Croatia,37hlakrwxyuzovaeoo4sezusp,active,yes,Attacker,NaN,NaN,NaN,NaN,NaN,right,NaN
11b4b568ukvz1wv00vzafxf8q,Jurica,Poldrugač,Jurica,Poldrugac,Male,J. Poldrugač,Croatia,37hlakrwxyuzovaeoo4sezusp,player,1997-08-10,Koprivnica,Croatia,37hlakrwxyuzovaeoo4sezusp,active,yes,Attacker,7.0,NaN,NaN,NaN,NaN,left,NaN
2f5biho1yp7savanyjzmyjvxm,Tomislav,Duvnjak,Tomislav,Duvnjak,Male,T. Duvnjak,Croatia,37hlakrwxyuzovaeoo4sezusp,player,2003-02-05,Zagreb,Croatia,37hlakrwxyuzovaeoo4sezusp,active,yes,Midfielder,8.0,NaN,NaN,NaN,NaN,NaN,NaN
2yygrlriw07gb0grwhoxasn6y,Luka,Škaričić,Luka,Skaricic,Male,L. Škaričić,Croatia,37hlakrwxyuzovaeoo4sezusp,player,2002-01-28,NaN,Croatia,37hlakrwxyuzovaeoo4sezusp,active,yes,Defender,28.0,NaN,NaN,NaN,NaN,NaN,NaN
3hax3hy9n2wyp1ovvhd6zdk6i,David,Mistrafović,David,Mistrafovic,Male,D. Mistrafović,Switzerland,3bh70jgvc5mn58x0byjkuda17,player,2001-05-25,Luzern,Switzerland,3bh70jgvc5mn58x0byjkuda17,active,yes,Midfielder,20.0,Croatia,37hlakrwxyuzovaeoo4sezusp,188.0,78.0,left,NaN
3ljn7cu5epdmnxtterz14qeol,Domagoj,Drožđek,Domagoj,Drozdek,Male,D. Drožđek,Croatia,37hlakrwxyuzovaeoo4sezusp,player,1996-03-20,Varaždin,Croatia,37hlakrwxyuzovaeoo4sezusp,active,no,Attacker,NaN,NaN,NaN,180.0,NaN,right,NaN
3wvgcuqqnnntkrxxj6uuz1n2s,Nick,Ocvirek,NaN,NaN,Male,N. Ocvirek,Croatia,37hlakrwxyuzovaeoo4sezusp,player,2004-10-12,Zabok,Croatia,37hlakrwxyuzovaeoo4sezusp,active,no,Attacker,NaN,NaN,NaN,179.0,NaN,right,NaN
447rl50fu3zl5y0opdoh7x7u1,Lamine,Ba,Lamine,Ba,Male,L. Ba,Mauritania,fddgtcs6irg28x9oqietkb6x,player,1997-08-24,Villepinte,France,7gww28djs405rfga69smki84o,active,yes,Defender,5.0,France,7gww28djs405rfga69smki84o,188.0,75.0,right,NaN
49o5gdbx96m58s2eo1y2sen6x,Vane,Jovanov,Vane,Jovanov,Male,V. Jovanov,North Macedonia,1lesyxylc5eza0a4z87t9azcc,player,1998-12-28,Shtip,North Macedonia,1lesyxylc5eza0a4z87t9azcc,active,yes,Defender,3.0,NaN,NaN,177.0,NaN,NaN,NaN
57mo7ca6b4buo23ee57meeb6c,Filip,Kirić,NaN,NaN,Male,F. Kirić,Croatia,37hlakrwxyuzovaeoo4sezusp,player,2004-07-26,Čakovec,Croatia,37hlakrwxyuzovaeoo4sezusp,active,no,Goalkeeper,32.0,NaN,NaN,NaN,NaN,NaN,NaN
5cu1ao2p4b04sye8emmzrvllg,Vito,Težak,NaN,NaN,Male,V. Težak,Croatia,37hlakrwxyuzovaeoo4sezusp,player,2005-03-31,Varaždin,Croatia,37hlakrwxyuzovaeoo4sezusp,active,no,Defender,NaN,NaN,NaN,NaN,NaN,NaN,NaN
5jg7vbd98ggggt2c9st5muicq,Aleksa,Latković,NaN,NaN,Male,A. Latković,Montenegro,1411jebgwo2ja1erogsq81lg9,player,2000-10-30,Cetinje,Montenegro,1411jebgwo2ja1erogsq81lg9,active,yes,Midfielder,27.0,NaN,NaN,NaN,NaN,NaN,NaN
5o9nt5yvnq3gysawy4o1fvcnp,Oliver,Zelenika,NaN,NaN,Male,O. Zelenika,Croatia,37hlakrwxyuzovaeoo4sezusp,player,1993-05-14,Zagreb,Croatia,37hlakrwxyuzovaeoo4sezusp,active,yes,Goalkeeper,1.0,NaN,NaN,192.0,82.0,left,NaN
5xd60sjwntdoxximf4byu20pg,Luka,Mamić,NaN,NaN,Male,L. Mamić,Croatia,37hlakrwxyuzovaeoo4sezusp,player,2002-08-02,Split,Croatia,37hlakrwxyuzovaeoo4sezusp,active,yes,Attacker,22.0,NaN,NaN,NaN,NaN,NaN,NaN
61cd0gl2g5br1vwjcxd0ru8oa,Mario,Mladenovski,Mario,Mladenovski,Male,M. Mladenovski,North Macedonia,1lesyxylc5eza0a4z87t9azcc,player,2000-09-16,Skopje,North Macedonia,1lesyxylc5eza0a4z87t9azcc,active,yes,Defender,13.0,NaN,NaN,NaN,NaN,NaN,NaN
6ggbuzuqo67ypsg3x4l0dvh05,Mario,Marina,NaN,NaN,Male,M. Marina,Bosnia and Herzegovina,4fue8u54361o79fbiu9qwxjer,player,1989-08-03,Bugojno,Bosnia and Herzegovina,4fue8u54361o79fbiu9qwxjer,active,yes,Midfielder,24.0,Croatia,37hlakrwxyuzovaeoo4sezusp,184.0,NaN,right,NaN
6is6mq27ny6cglz5rwt5swonp,Leonard,Vuk,NaN,NaN,Male,L. Vuk,Croatia,37hlakrwxyuzovaeoo4sezusp,player,1995-05-23,Čakovec,Croatia,37hlakrwxyuzovaeoo4sezusp,active,no,Midfielder,NaN,NaN,NaN,NaN,NaN,NaN,NaN
6yq4l6wumd5las5068n6jc00k,Sven,Lesjak,Sven,Lesjak,Male,S. Lesjak,Croatia,37hlakrwxyuzovaeoo4sezusp,player,2006-08-23,NaN,Croatia,37hlakrwxyuzovaeoo4sezusp,active,yes,Midfielder,2.0,NaN,NaN,NaN,NaN,NaN,NaN
7vfhy7s40ldjo8tyzdgwons44,Niko,Domjanić,NaN,NaN,Male,N. Domjanić,Croatia,37hlakrwxyuzovaeoo4sezusp,player,2003-02-19,NaN,Croatia,37hlakrwxyuzovaeoo4sezusp,active,yes,Attacker,29.0,NaN,NaN,NaN,NaN,NaN,NaN
7ys2ojn7lv1wouhximlo4mkno,Enes,Alić,Enes,Alic,Male,E. Alić,Bosnia and Herzegovina,4fue8u54361o79fbiu9qwxjer,player,1999-09-03,Sarajevo,Bosnia and Herzegovina,4fue8u54361o79fbiu9qwxjer,active,yes,Defender,30.0,NaN,NaN,NaN,NaN,NaN,NaN
8i2wrncbim4qz8cu0dopwch78,Tin,Levanić,NaN,NaN,Male,T. Levanić,Bosnia and Herzegovina,4fue8u54361o79fbiu9qwxjer,player,2005-05-05,Varaždin,Croatia,37hlakrwxyuzovaeoo4sezusp,active,no,Midfielder,NaN,Croatia,37hlakrwxyuzovaeoo4sezusp,170.0,NaN,right,NaN
8ltuva2qr84a09rjwox5l4t05,Nikola,Šafarić,NaN,NaN,Male,N. Šafarić,Croatia,37hlakrwxyuzovaeoo4sezusp,coach,1981-03-11,Čakovec,Croatia,37hlakrwxyuzovaeoo4sezusp,active,yes,NaN,NaN,NaN,NaN,166.0,69.0,NaN,NaN
8xwrl6e5dru4974kdgj5la8yd,Frane,Maglica,Frane,Maglica,Male,F. Maglica,Croatia,37hlakrwxyuzovaeoo4sezusp,player,1997-07-02,Split,Croatia,37hlakrwxyuzovaeoo4sezusp,active,yes,Defender,23.0,Bosnia and Herzegovina,4fue8u54361o79fbiu9qwxjer,190.0,NaN,NaN,NaN
9mrdnuhkbxgckl0t51325xl3o,Vito,Šegović,NaN,NaN,Male,V. Šegović,Croatia,37hlakrwxyuzovaeoo4sezusp,player,2007-02-07,NaN,Croatia,37hlakrwxyuzovaeoo4sezusp,active,yes,Midfielder,NaN,NaN,NaN,NaN,NaN,NaN,NaN
9wdn6hgrn4rwuch3jy34u7y1g,Leon,Belcar,Leon,Belcar,Male,L. Belcar,Croatia,37hlakrwxyuzovaeoo4sezusp,player,2002-01-04,Varaždin,Croatia,37hlakrwxyuzovaeoo4sezusp,active,yes,Midfielder,10.0,NaN,NaN,NaN,NaN,NaN,NaN
ahaopr383evss9m591d4u1ilm,Josip,Silić,NaN,NaN,Male,J. Silić,Croatia,37hlakrwxyuzovaeoo4sezusp,player,1999-12-16,NaN,Croatia,37hlakrwxyuzovaeoo4sezusp,active,yes,Goalkeeper,12.0,NaN,NaN,NaN,NaN,NaN,NaN
b3fw2tlu6lbj5o6r5vvxakgyx,Michele,Šego,Michele,Sego,Male,M. Šego,Croatia,37hlakrwxyuzovaeoo4sezusp,player,2000-08-05,Split,Croatia,37hlakrwxyuzovaeoo4sezusp,active,yes,Attacker,11.0,NaN,NaN,178.0,74.0,NaN,NaN
bw8pvkm187tw573dw4bb3w8kq,Thierry Odaine,Nevers,Thierry,Nevers,Male,T. Nevers,England,1fk5l4hkqk12i7zske6mcqju6,player,2002-03-26,NaN,England,1fk5l4hkqk12i7zske6mcqju6,active,yes,Attacker,19.0,Jamaica,gimxu1vjwoa2xrecyd9gtyoc,NaN,NaN,NaN,NaN
cheiwyrrrla3msdtkh82o9iad,Marko,Dabro,Marko,Dabro,Male,M. Dabro,Croatia,37hlakrwxyuzovaeoo4sezusp,player,1997-03-28,Vinkovci,Croatia,37hlakrwxyuzovaeoo4sezusp,active,yes,Attacker,9.0,NaN,NaN,178.0,70.0,left,NaN
cjnsolkuk4hclhswqjuxzky5l,Dimitar,Mitrovski,Dimitar,Mitrovski,Male,D. Mitrovski,North Macedonia,1lesyxylc5eza0a4z87t9azcc,player,1999-01-28,NaN,North Macedonia,1lesyxylc5eza0a4z87t9azcc,active,yes,Midfielder,17.0,NaN,NaN,NaN,NaN,NaN,NaN
dc8ijwgfbwjg7y85l94tbjcpg,Novak,Tepšić,NaN,NaN,Male,N. Tepšić,Croatia,37hlakrwxyuzovaeoo4sezusp,player,2002-03-16,Beograd,Serbia,5w4ve503bjdsshwx9ho6jxzx0,active,yes,Defender,16.0,Serbia,5w4ve503bjdsshwx9ho6jxzx0,185.0,75.0,right,NaN
dfxs5u8rdcxhzp33aks3acdn8,Karlo,Lusavec,NaN,NaN,Male,K. Lusavec,Croatia,37hlakrwxyuzovaeoo4sezusp,player,2003-10-30,Varaždin,Croatia,37hlakrwxyuzovaeoo4sezusp,active,no,Midfielder,NaN,NaN,NaN,NaN,NaN,NaN,NaN
eciv5o810t9wzxu6mfdc829jp,Ante,Ćorić,Ante,Coric,Male,A. Ćorić,Croatia,37hlakrwxyuzovaeoo4sezusp,player,1997-04-14,Zagreb,Croatia,37hlakrwxyuzovaeoo4sezusp,active,yes,Midfielder,14.0,NaN,NaN,172.0,68.0,both,NaN
ess0wq08u7zj6d1hk70btrlyh,Antonio,Boršić,NaN,NaN,Male,A. Boršić,Croatia,37hlakrwxyuzovaeoo4sezusp,player,1995-09-19,Zagreb,Croatia,37hlakrwxyuzovaeoo4sezusp,active,yes,Defender,25.0,NaN,NaN,NaN,NaN,NaN,NaN
eswroj7hvnu9po0ni9i6820vd,Ivan,Nekić,NaN,NaN,Male,I. Nekić,Croatia,37hlakrwxyuzovaeoo4sezusp,player,2000-12-24,Zadar,Croatia,37hlakrwxyuzovaeoo4sezusp,active,yes,Defender,6.0,NaN,NaN,184.0,72.0,NaN,NaN
lhvnqgf0w8rvwal8hm60y51w,Domagoj,Mamic,Domagoj,Mamic,Male,D. Mamic,Croatia,37hlakrwxyuzovaeoo4sezusp,player,2006-02-05,Varaždin,Croatia,37hlakrwxyuzovaeoo4sezusp,active,yes,Goalkeeper,21.0,NaN,NaN,NaN,NaN,NaN,Domagoj Mamic
