playerName,team_name,label,date,318.0
A. Ademi,Dinamo Zagreb,Dinamo Zagreb vs Šibenik,2024-08-16,0.04302706
A. Ademi,Dinamo Zagreb,Osijek vs Dinamo Zagreb,2024-08-11,0.01009494
A. Baždarić,Lokomotiva Zagreb,Lokomotiva Zagreb vs Hajduk Split,2024-08-11,0.00430249
A. Baždarić,Lokomotiva Zagreb,Lokomotiva Zagreb vs Šibenik,2024-08-23,0.02519698
A. Baždarić,Lokomotiva Zagreb,Rijeka vs Lokomotiva Zagreb,2024-08-04,0.03658942
A. Baždarić,Lokomotiva Zagreb,Slaven Koprivnica vs Lokomotiva Zagreb,2024-08-17,0.02851648
A. Boršić,Varaždin,HNK Gorica vs Varaždin,2024-08-03,0.11585992
A. Boršić,Varaždin,Hajduk Split vs Varaždin,2024-08-18,0.06875328
A. Boršić,Varaždin,Varaždin vs Rijeka,2024-08-11,0.03949498
A. Boršić,Varaždin,Varaždin vs Slaven Koprivnica,2024-08-24,0.01087075
A. Bosec,Slaven Koprivnica,Hajduk Split vs Slaven Koprivnica,2024-08-04,0.00933726
A. Bosec,Slaven Koprivnica,Slaven Koprivnica vs Lokomotiva Zagreb,2024-08-17,0.18183151999999997
A. Bosec,Slaven Koprivnica,Varaždin vs Slaven Koprivnica,2024-08-24,0.014218970000000001
A. Bosec,Slaven Koprivnica,Šibenik vs Slaven Koprivnica,2024-08-09,0.08923528
A. Ferro,Istra 1961,Rijeka vs Istra 1961,2024-08-18,0.00319556
A. Grgić,Slaven Koprivnica,Varaždin vs Slaven Koprivnica,2024-08-24,0.02268801
A. Hoxha,Dinamo Zagreb,Dinamo Zagreb vs HNK Gorica,2024-08-24,0.02602399
A. Hoxha,Dinamo Zagreb,Dinamo Zagreb vs Istra 1961,2024-08-02,0.02296819
A. Hoxha,Dinamo Zagreb,Dinamo Zagreb vs Šibenik,2024-08-16,0.0070704
A. Hoxha,Dinamo Zagreb,Osijek vs Dinamo Zagreb,2024-08-11,0.01320088
A. Jagušić,Slaven Koprivnica,Slaven Koprivnica vs Lokomotiva Zagreb,2024-08-17,0.01647437
A. Jagušić,Slaven Koprivnica,Varaždin vs Slaven Koprivnica,2024-08-24,0.012757870000000001
A. Jagušić,Slaven Koprivnica,Šibenik vs Slaven Koprivnica,2024-08-09,0.020368670000000002
A. Jurič,HNK Gorica,HNK Gorica vs Varaždin,2024-08-03,0.0037719800000000003
A. Kadušić,Istra 1961,Dinamo Zagreb vs Istra 1961,2024-08-02,0.00404513
A. Kadušić,Istra 1961,Istra 1961 vs HNK Gorica,2024-08-10,0.6185234999999999
A. Kadušić,Istra 1961,Rijeka vs Istra 1961,2024-08-18,0.22587229000000003
A. Kalik,Hajduk Split,Hajduk Split vs Slaven Koprivnica,2024-08-04,0.00967798
A. Kalik,Hajduk Split,Hajduk Split vs Varaždin,2024-08-18,0.07873562
A. Kalik,Hajduk Split,Lokomotiva Zagreb vs Hajduk Split,2024-08-11,0.08921278
A. Lazarov,HNK Gorica,HNK Gorica vs Varaždin,2024-08-03,0.00273628
A. Liber,Slaven Koprivnica,Slaven Koprivnica vs Lokomotiva Zagreb,2024-08-17,0.0031525900000000003
A. Liber,Slaven Koprivnica,Varaždin vs Slaven Koprivnica,2024-08-24,0.011801369999999999
A. Majstorović,Rijeka,Rijeka vs Istra 1961,2024-08-18,0.0006536199999999999
A. Majstorović,Rijeka,Varaždin vs Rijeka,2024-08-11,0.00607573
A. Matković,Osijek,HNK Gorica vs Osijek,2024-08-18,0.08057270000000001
A. Matković,Osijek,Osijek vs Dinamo Zagreb,2024-08-11,0.00066391
A. Matković,Osijek,Osijek vs Šibenik,2024-08-04,0.02458354
A. Maurić,Istra 1961,Dinamo Zagreb vs Istra 1961,2024-08-02,0.00674611
A. Sanyang,Hajduk Split,Hajduk Split vs Slaven Koprivnica,2024-08-04,0.16699778
A. Sanyang,Hajduk Split,Lokomotiva Zagreb vs Hajduk Split,2024-08-11,0.01750826
A. Smakaj,Lokomotiva Zagreb,Lokomotiva Zagreb vs Hajduk Split,2024-08-11,0.02170152
A. Smakaj,Lokomotiva Zagreb,Lokomotiva Zagreb vs Šibenik,2024-08-23,0.21052777
A. Smakaj,Lokomotiva Zagreb,Rijeka vs Lokomotiva Zagreb,2024-08-04,0.01126802
A. Smakaj,Lokomotiva Zagreb,Slaven Koprivnica vs Lokomotiva Zagreb,2024-08-17,0.02554143
A. Sušak,HNK Gorica,Dinamo Zagreb vs HNK Gorica,2024-08-24,0.05350784
A. Trajkovski,Hajduk Split,Hajduk Split vs Varaždin,2024-08-18,0.13416150999999998
A. Trajkovski,Hajduk Split,Lokomotiva Zagreb vs Hajduk Split,2024-08-11,0.01703018
A. Đaković,Šibenik,Dinamo Zagreb vs Šibenik,2024-08-16,0.00025819
A. Đaković,Šibenik,Lokomotiva Zagreb vs Šibenik,2024-08-23,0.00133281
A. Đaković,Šibenik,Osijek vs Šibenik,2024-08-04,0.00103189
A. Đaković,Šibenik,Šibenik vs Slaven Koprivnica,2024-08-09,0.0010073999999999999
A. Šuto,Slaven Koprivnica,Hajduk Split vs Slaven Koprivnica,2024-08-04,6.796e-05
A. Šuto,Slaven Koprivnica,Šibenik vs Slaven Koprivnica,2024-08-09,0.00014933
André Duarte,Osijek,Osijek vs Šibenik,2024-08-04,0.04643634
B. Bogojević,Rijeka,Rijeka vs Istra 1961,2024-08-18,0.031017970000000002
B. Bogojević,Rijeka,Rijeka vs Lokomotiva Zagreb,2024-08-04,0.22054779
B. Bogojević,Rijeka,Varaždin vs Rijeka,2024-08-11,2.093e-05
B. Bošković,Lokomotiva Zagreb,Rijeka vs Lokomotiva Zagreb,2024-08-04,0.00070473
B. Brajković,Šibenik,Dinamo Zagreb vs Šibenik,2024-08-16,0.0
B. Durdov,Hajduk Split,Lokomotiva Zagreb vs Hajduk Split,2024-08-11,0.0
B. Lekoueiry,Istra 1961,Istra 1961 vs HNK Gorica,2024-08-10,0.21905721
B. Lekoueiry,Istra 1961,Rijeka vs Istra 1961,2024-08-18,0.04085201
B. Pavić,Dinamo Zagreb,Dinamo Zagreb vs HNK Gorica,2024-08-24,0.0259903
B. Pavić,Dinamo Zagreb,Dinamo Zagreb vs Istra 1961,2024-08-02,0.0006734800000000001
B. Petković,Dinamo Zagreb,Dinamo Zagreb vs Šibenik,2024-08-16,0.10863074
B. Petković,Dinamo Zagreb,Osijek vs Dinamo Zagreb,2024-08-11,0.09044276
B. Pllana,Slaven Koprivnica,Hajduk Split vs Slaven Koprivnica,2024-08-04,0.00132919
B. Radošević,HNK Gorica,Dinamo Zagreb vs HNK Gorica,2024-08-24,0.00094222
B. Radošević,HNK Gorica,HNK Gorica vs Osijek,2024-08-18,0.00122783
B. Radošević,HNK Gorica,HNK Gorica vs Varaždin,2024-08-03,0.0006258699999999999
B. Radošević,HNK Gorica,Istra 1961 vs HNK Gorica,2024-08-10,0.00262027
B. Tošković,Lokomotiva Zagreb,Rijeka vs Lokomotiva Zagreb,2024-08-04,0.05524527
B. Zdunić,Šibenik,Dinamo Zagreb vs Šibenik,2024-08-16,0.01567126
B. Zdunić,Šibenik,Lokomotiva Zagreb vs Šibenik,2024-08-23,0.0
C. Torres,Šibenik,Dinamo Zagreb vs Šibenik,2024-08-16,0.00044730000000000003
C. Torres,Šibenik,Osijek vs Šibenik,2024-08-04,0.0127364
C. Torres,Šibenik,Šibenik vs Slaven Koprivnica,2024-08-09,6.1e-06
D. Bukvić,Osijek,HNK Gorica vs Osijek,2024-08-18,0.44923143
D. Bukvić,Osijek,Osijek vs Dinamo Zagreb,2024-08-11,0.01002718
D. Bukvić,Osijek,Osijek vs Šibenik,2024-08-04,0.01432182
D. Dujmović,Šibenik,Osijek vs Šibenik,2024-08-04,0.0
D. Dujmović,Šibenik,Šibenik vs Slaven Koprivnica,2024-08-09,4.23e-06
D. Kolinger,Lokomotiva Zagreb,Lokomotiva Zagreb vs Šibenik,2024-08-23,0.13924974
D. Marešić,Istra 1961,Dinamo Zagreb vs Istra 1961,2024-08-02,0.02412384
D. Marešić,Istra 1961,Istra 1961 vs HNK Gorica,2024-08-10,0.04958932
D. Marešić,Istra 1961,Rijeka vs Istra 1961,2024-08-18,0.02510459
D. Martinović,Slaven Koprivnica,Hajduk Split vs Slaven Koprivnica,2024-08-04,0.00723922
D. Martinović,Slaven Koprivnica,Slaven Koprivnica vs Lokomotiva Zagreb,2024-08-17,0.09473059
D. Martinović,Slaven Koprivnica,Varaždin vs Slaven Koprivnica,2024-08-24,0.00254038
D. Martinović,Slaven Koprivnica,Šibenik vs Slaven Koprivnica,2024-08-09,0.04728776
D. Melnjak,Hajduk Split,Hajduk Split vs Slaven Koprivnica,2024-08-04,0.06351104
D. Melnjak,Hajduk Split,Hajduk Split vs Varaždin,2024-08-18,0.00115359
D. Melnjak,Hajduk Split,Lokomotiva Zagreb vs Hajduk Split,2024-08-11,0.00458581
D. Mikanović,HNK Gorica,Dinamo Zagreb vs HNK Gorica,2024-08-24,0.01608063
D. Mikanović,HNK Gorica,HNK Gorica vs Osijek,2024-08-18,0.07801841
D. Mikanović,HNK Gorica,HNK Gorica vs Varaždin,2024-08-03,0.00440588
D. Mitrovski,Varaždin,HNK Gorica vs Varaždin,2024-08-03,0.16399442
D. Mitrovski,Varaždin,Hajduk Split vs Varaždin,2024-08-18,0.008633159999999999
D. Mitrovski,Varaždin,Varaždin vs Rijeka,2024-08-11,0.04529636
D. Mitrovski,Varaždin,Varaždin vs Slaven Koprivnica,2024-08-24,0.0351751
D. Nejašmić,Osijek,HNK Gorica vs Osijek,2024-08-18,0.08254746
D. Nejašmić,Osijek,Osijek vs Dinamo Zagreb,2024-08-11,0.0026553699999999998
D. Pavlović,HNK Gorica,HNK Gorica vs Osijek,2024-08-18,0.0044839400000000005
D. Petrovič,Rijeka,Rijeka vs Istra 1961,2024-08-18,0.00628043
D. Petrovič,Rijeka,Rijeka vs Lokomotiva Zagreb,2024-08-04,0.038441140000000006
D. Petrovič,Rijeka,Varaždin vs Rijeka,2024-08-11,0.00084152
D. Prpić,Hajduk Split,Hajduk Split vs Slaven Koprivnica,2024-08-04,0.01044163
D. Prpić,Hajduk Split,Hajduk Split vs Varaždin,2024-08-18,0.04436809
D. Prpić,Hajduk Split,Lokomotiva Zagreb vs Hajduk Split,2024-08-11,0.0
D. Čop,Lokomotiva Zagreb,Lokomotiva Zagreb vs Hajduk Split,2024-08-11,0.3713356
D. Čop,Lokomotiva Zagreb,Lokomotiva Zagreb vs Šibenik,2024-08-23,0.05335965
D. Čop,Lokomotiva Zagreb,Rijeka vs Lokomotiva Zagreb,2024-08-04,0.013141539999999998
D. Čop,Lokomotiva Zagreb,Slaven Koprivnica vs Lokomotiva Zagreb,2024-08-17,0.65772883
D. Špikić,Dinamo Zagreb,Dinamo Zagreb vs HNK Gorica,2024-08-24,0.0396591
D. Špikić,Dinamo Zagreb,Dinamo Zagreb vs Šibenik,2024-08-16,0.02339842
D. Špikić,Dinamo Zagreb,Osijek vs Dinamo Zagreb,2024-08-11,0.00168015
D. Štiglec,HNK Gorica,Dinamo Zagreb vs HNK Gorica,2024-08-24,0.00263544
D. Štiglec,HNK Gorica,HNK Gorica vs Osijek,2024-08-18,0.0485515
D. Štiglec,HNK Gorica,HNK Gorica vs Varaždin,2024-08-03,0.02565419
D. Štiglec,HNK Gorica,Istra 1961 vs HNK Gorica,2024-08-10,0.07663853
E. Banda,Rijeka,Varaždin vs Rijeka,2024-08-11,0.0085816
E. Filet,Istra 1961,Dinamo Zagreb vs Istra 1961,2024-08-02,0.0024185
E. Hasić,Osijek,HNK Gorica vs Osijek,2024-08-18,0.00948421
E. Sahiti,Hajduk Split,Hajduk Split vs Slaven Koprivnica,2024-08-04,0.00061593
E. Sahiti,Hajduk Split,Hajduk Split vs Varaždin,2024-08-18,0.15587984
E. Sahiti,Hajduk Split,Lokomotiva Zagreb vs Hajduk Split,2024-08-11,0.16516962
F. Fetai,Lokomotiva Zagreb,Lokomotiva Zagreb vs Hajduk Split,2024-08-11,0.00917013
F. Fetai,Lokomotiva Zagreb,Rijeka vs Lokomotiva Zagreb,2024-08-04,0.00485764
F. Fetai,Lokomotiva Zagreb,Slaven Koprivnica vs Lokomotiva Zagreb,2024-08-17,0.09160077
F. Ivanović,Rijeka,Rijeka vs Istra 1961,2024-08-18,0.06440928
F. Ivanović,Rijeka,Rijeka vs Lokomotiva Zagreb,2024-08-04,0.0018391100000000001
F. Ivanović,Rijeka,Varaždin vs Rijeka,2024-08-11,0.01328727
F. Karačić,Lokomotiva Zagreb,Lokomotiva Zagreb vs Hajduk Split,2024-08-11,0.035523
F. Karačić,Lokomotiva Zagreb,Lokomotiva Zagreb vs Šibenik,2024-08-23,0.43278877
F. Karačić,Lokomotiva Zagreb,Rijeka vs Lokomotiva Zagreb,2024-08-04,0.00672511
F. Karačić,Lokomotiva Zagreb,Slaven Koprivnica vs Lokomotiva Zagreb,2024-08-17,0.009777039999999999
F. Krovinović,Hajduk Split,Hajduk Split vs Slaven Koprivnica,2024-08-04,0.00090005
F. Krovinović,Hajduk Split,Hajduk Split vs Varaždin,2024-08-18,0.12171931999999999
F. Krovinović,Hajduk Split,Lokomotiva Zagreb vs Hajduk Split,2024-08-11,0.02473821
F. Maglica,Varaždin,Hajduk Split vs Varaždin,2024-08-18,0.00475717
F. Maglica,Varaždin,Varaždin vs Rijeka,2024-08-11,0.00933537
F. Maglica,Varaždin,Varaždin vs Slaven Koprivnica,2024-08-24,0.010750870000000001
F. Markanović,Lokomotiva Zagreb,Slaven Koprivnica vs Lokomotiva Zagreb,2024-08-17,0.00489938
F. Moufi,Hajduk Split,Hajduk Split vs Slaven Koprivnica,2024-08-04,0.00599117
F. Moufi,Hajduk Split,Hajduk Split vs Varaždin,2024-08-18,0.02480369
F. Moufi,Hajduk Split,Lokomotiva Zagreb vs Hajduk Split,2024-08-11,0.02289765
F. Uremović,Hajduk Split,Hajduk Split vs Slaven Koprivnica,2024-08-04,0.00635502
F. Uremović,Hajduk Split,Hajduk Split vs Varaždin,2024-08-18,0.06046906
F. Uremović,Hajduk Split,Lokomotiva Zagreb vs Hajduk Split,2024-08-11,0.08133449000000001
F. Čuić,Lokomotiva Zagreb,Lokomotiva Zagreb vs Šibenik,2024-08-23,0.00246511
F. Čuić,Lokomotiva Zagreb,Rijeka vs Lokomotiva Zagreb,2024-08-04,0.00031572
F. Žilinski,Lokomotiva Zagreb,Lokomotiva Zagreb vs Šibenik,2024-08-23,0.00827932
F. Žilinski,Lokomotiva Zagreb,Slaven Koprivnica vs Lokomotiva Zagreb,2024-08-17,0.016753129999999998
F. Živković,Osijek,HNK Gorica vs Osijek,2024-08-18,0.00449849
G. Gagua,Istra 1961,Istra 1961 vs HNK Gorica,2024-08-10,0.21087797
G. Gagua,Istra 1961,Rijeka vs Istra 1961,2024-08-18,0.01845323
G. Rukavina,Rijeka,Rijeka vs Istra 1961,2024-08-18,0.09613860999999999
G. Rukavina,Rijeka,Rijeka vs Lokomotiva Zagreb,2024-08-04,0.38867762
H. Jaganjac,Istra 1961,Dinamo Zagreb vs Istra 1961,2024-08-02,0.00012611
I. Baković,Šibenik,Lokomotiva Zagreb vs Šibenik,2024-08-23,0.0
I. Barić,Osijek,HNK Gorica vs Osijek,2024-08-18,0.00016364
I. Božić,Šibenik,Dinamo Zagreb vs Šibenik,2024-08-16,0.05323616
I. Božić,Šibenik,Lokomotiva Zagreb vs Šibenik,2024-08-23,0.00105165
I. Božić,Šibenik,Osijek vs Šibenik,2024-08-04,0.0033839300000000003
I. Božić,Šibenik,Šibenik vs Slaven Koprivnica,2024-08-09,0.00046845
I. Cvijanović,Osijek,Osijek vs Dinamo Zagreb,2024-08-11,0.06164303
I. Delić,Šibenik,Dinamo Zagreb vs Šibenik,2024-08-16,0.0
I. Diallo,Hajduk Split,Hajduk Split vs Varaždin,2024-08-18,0.11020205
I. Dolček,Slaven Koprivnica,Varaždin vs Slaven Koprivnica,2024-08-24,0.00577882
I. Iovu,Istra 1961,Dinamo Zagreb vs Istra 1961,2024-08-02,0.00346172
I. Iovu,Istra 1961,Istra 1961 vs HNK Gorica,2024-08-10,0.00789363
I. Iovu,Istra 1961,Rijeka vs Istra 1961,2024-08-18,0.00138919
I. Jelić Balta,Slaven Koprivnica,Hajduk Split vs Slaven Koprivnica,2024-08-04,0.01607681
I. Jelić Balta,Slaven Koprivnica,Slaven Koprivnica vs Lokomotiva Zagreb,2024-08-17,0.00254187
I. Jelić Balta,Slaven Koprivnica,Šibenik vs Slaven Koprivnica,2024-08-09,0.05245676
I. Lučić,Hajduk Split,Lokomotiva Zagreb vs Hajduk Split,2024-08-11,0.00377921
I. Nekić,Varaždin,HNK Gorica vs Varaždin,2024-08-03,0.00474394
I. Nekić,Varaždin,Hajduk Split vs Varaždin,2024-08-18,0.01085644
I. Nekić,Varaždin,Varaždin vs Rijeka,2024-08-11,0.00284571
I. Nekić,Varaždin,Varaždin vs Slaven Koprivnica,2024-08-24,0.007432049999999999
I. Nevistić,Dinamo Zagreb,Dinamo Zagreb vs HNK Gorica,2024-08-24,6.658e-05
I. Nevistić,Dinamo Zagreb,Dinamo Zagreb vs Istra 1961,2024-08-02,0.000182
I. Nevistić,Dinamo Zagreb,Dinamo Zagreb vs Šibenik,2024-08-16,4.9319999999999995e-05
I. Nevistić,Dinamo Zagreb,Osijek vs Dinamo Zagreb,2024-08-11,0.00034813
I. Perišić,Hajduk Split,Hajduk Split vs Slaven Koprivnica,2024-08-04,0.10223019
I. Rakitić,Hajduk Split,Hajduk Split vs Slaven Koprivnica,2024-08-04,0.09018153
I. Rakitić,Hajduk Split,Hajduk Split vs Varaždin,2024-08-18,0.5763394900000001
I. Rakitić,Hajduk Split,Lokomotiva Zagreb vs Hajduk Split,2024-08-11,0.14211265999999997
I. Ramić,Istra 1961,Dinamo Zagreb vs Istra 1961,2024-08-02,0.00603268
I. Roca,Šibenik,Dinamo Zagreb vs Šibenik,2024-08-16,0.0018673
I. Roca,Šibenik,Lokomotiva Zagreb vs Šibenik,2024-08-23,0.00204907
I. Roca,Šibenik,Osijek vs Šibenik,2024-08-04,0.0032066399999999998
I. Roca,Šibenik,Šibenik vs Slaven Koprivnica,2024-08-09,0.12210422
I. Santini,Šibenik,Lokomotiva Zagreb vs Šibenik,2024-08-23,0.0138482
I. Santini,Šibenik,Osijek vs Šibenik,2024-08-04,0.01800531
I. Santini,Šibenik,Šibenik vs Slaven Koprivnica,2024-08-09,0.00804791
I. Smolčić,Rijeka,Rijeka vs Lokomotiva Zagreb,2024-08-04,0.15668721
I. Smolčić,Rijeka,Varaždin vs Rijeka,2024-08-11,0.03599512
I. Ćalušić,Istra 1961,Dinamo Zagreb vs Istra 1961,2024-08-02,0.00749178
I. Ćalušić,Istra 1961,Istra 1961 vs HNK Gorica,2024-08-10,0.11137842
I. Ćalušić,Istra 1961,Rijeka vs Istra 1961,2024-08-18,0.01982202
I. Ćubelić,Slaven Koprivnica,Slaven Koprivnica vs Lokomotiva Zagreb,2024-08-17,0.0
I. Ćubelić,Slaven Koprivnica,Varaždin vs Slaven Koprivnica,2024-08-24,0.00407296
I. Čović,Slaven Koprivnica,Hajduk Split vs Slaven Koprivnica,2024-08-04,0.00019389
I. Čović,Slaven Koprivnica,Slaven Koprivnica vs Lokomotiva Zagreb,2024-08-17,0.00350905
I. Čović,Slaven Koprivnica,Varaždin vs Slaven Koprivnica,2024-08-24,0.00130691
I. Čović,Slaven Koprivnica,Šibenik vs Slaven Koprivnica,2024-08-09,0.00021484
J. Córdoba,Dinamo Zagreb,Dinamo Zagreb vs HNK Gorica,2024-08-24,0.30087681
J. Córdoba,Dinamo Zagreb,Dinamo Zagreb vs Šibenik,2024-08-16,0.2545679
J. Gačić,Šibenik,Lokomotiva Zagreb vs Šibenik,2024-08-23,0.0
J. Gačić,Šibenik,Osijek vs Šibenik,2024-08-04,0.0
J. Iyendjock,Šibenik,Osijek vs Šibenik,2024-08-04,0.00036887000000000004
J. Majić,Šibenik,Dinamo Zagreb vs Šibenik,2024-08-16,0.00352249
J. Majić,Šibenik,Lokomotiva Zagreb vs Šibenik,2024-08-23,0.1357104
J. Majić,Šibenik,Osijek vs Šibenik,2024-08-04,0.1128943
J. Majić,Šibenik,Šibenik vs Slaven Koprivnica,2024-08-09,0.24315982000000003
J. Mersinaj,Lokomotiva Zagreb,Lokomotiva Zagreb vs Hajduk Split,2024-08-11,0.01770938
J. Mersinaj,Lokomotiva Zagreb,Rijeka vs Lokomotiva Zagreb,2024-08-04,0.00233044
J. Mersinaj,Lokomotiva Zagreb,Slaven Koprivnica vs Lokomotiva Zagreb,2024-08-17,0.00302176
J. Mišić,Dinamo Zagreb,Dinamo Zagreb vs Istra 1961,2024-08-02,0.01977204
J. Mišić,Dinamo Zagreb,Dinamo Zagreb vs Šibenik,2024-08-16,0.29300835000000003
J. Mišić,Dinamo Zagreb,Osijek vs Dinamo Zagreb,2024-08-11,0.06213494
J. Poldrugač,Varaždin,HNK Gorica vs Varaždin,2024-08-03,0.0011237
J. Poldrugač,Varaždin,Hajduk Split vs Varaždin,2024-08-18,0.09383867
J. Poldrugač,Varaždin,Varaždin vs Rijeka,2024-08-11,0.00599347
J. Poldrugač,Varaždin,Varaždin vs Slaven Koprivnica,2024-08-24,0.02844195
J. Posavec,Rijeka,Rijeka vs Lokomotiva Zagreb,2024-08-04,0.00234812
J. Pršir,HNK Gorica,Dinamo Zagreb vs HNK Gorica,2024-08-24,0.11715181
J. Pršir,HNK Gorica,HNK Gorica vs Osijek,2024-08-18,0.12187627000000001
J. Pršir,HNK Gorica,HNK Gorica vs Varaždin,2024-08-03,0.05182294
J. Pršir,HNK Gorica,Istra 1961 vs HNK Gorica,2024-08-10,0.11205870000000001
J. Vasilj,Šibenik,Dinamo Zagreb vs Šibenik,2024-08-16,0.00166958
J. Vasilj,Šibenik,Šibenik vs Slaven Koprivnica,2024-08-09,0.0
K. Ademi,Osijek,HNK Gorica vs Osijek,2024-08-18,0.03719041
K. Ademi,Osijek,Osijek vs Dinamo Zagreb,2024-08-11,0.00096152
K. Ademi,Osijek,Osijek vs Šibenik,2024-08-04,0.00025669
K. Andrić,Rijeka,Rijeka vs Istra 1961,2024-08-18,0.00016085
K. Andrić,Rijeka,Varaždin vs Rijeka,2024-08-11,0.00084155
K. Butić,Slaven Koprivnica,Hajduk Split vs Slaven Koprivnica,2024-08-04,0.0018279099999999999
K. Butić,Slaven Koprivnica,Slaven Koprivnica vs Lokomotiva Zagreb,2024-08-17,0.01872933
K. Butić,Slaven Koprivnica,Varaždin vs Slaven Koprivnica,2024-08-24,0.01255813
K. Butić,Slaven Koprivnica,Šibenik vs Slaven Koprivnica,2024-08-09,0.014036570000000002
K. Krizmanić,HNK Gorica,Dinamo Zagreb vs HNK Gorica,2024-08-24,0.00360023
K. Krizmanić,HNK Gorica,HNK Gorica vs Osijek,2024-08-18,0.010751370000000001
K. Krizmanić,HNK Gorica,HNK Gorica vs Varaždin,2024-08-03,0.01152777
K. Krizmanić,HNK Gorica,Istra 1961 vs HNK Gorica,2024-08-10,0.0826378
K. Lusavec,Varaždin,HNK Gorica vs Varaždin,2024-08-03,0.01588521
K. Lusavec,Varaždin,Hajduk Split vs Varaždin,2024-08-18,0.00902158
K. Lusavec,Varaždin,Varaždin vs Rijeka,2024-08-11,0.01511475
K. Lusavec,Varaždin,Varaždin vs Slaven Koprivnica,2024-08-24,0.03787826
K. Théophile-Catherine,Dinamo Zagreb,Dinamo Zagreb vs Istra 1961,2024-08-02,0.00549996
K. Théophile-Catherine,Dinamo Zagreb,Osijek vs Dinamo Zagreb,2024-08-11,0.020894529999999998
L. Ba,Varaždin,HNK Gorica vs Varaždin,2024-08-03,0.06996181
L. Ba,Varaždin,Hajduk Split vs Varaždin,2024-08-18,0.00018397
L. Ba,Varaždin,Varaždin vs Rijeka,2024-08-11,0.00177355
L. Ba,Varaždin,Varaždin vs Slaven Koprivnica,2024-08-24,0.005008169999999999
L. Belcar,Varaždin,HNK Gorica vs Varaždin,2024-08-03,0.00372917
L. Belcar,Varaždin,Hajduk Split vs Varaždin,2024-08-18,0.019216479999999998
L. Belcar,Varaždin,Varaždin vs Rijeka,2024-08-11,0.00282724
L. Belcar,Varaždin,Varaždin vs Slaven Koprivnica,2024-08-24,0.18772242
L. Crepulja,Slaven Koprivnica,Hajduk Split vs Slaven Koprivnica,2024-08-04,0.0021179199999999997
L. Crepulja,Slaven Koprivnica,Varaždin vs Slaven Koprivnica,2024-08-24,0.05017296
L. Crepulja,Slaven Koprivnica,Šibenik vs Slaven Koprivnica,2024-08-09,0.01495604
L. Dajčer,Lokomotiva Zagreb,Lokomotiva Zagreb vs Šibenik,2024-08-23,0.1045653
L. Dajčer,Lokomotiva Zagreb,Slaven Koprivnica vs Lokomotiva Zagreb,2024-08-17,0.17258353
L. Jelenić,Osijek,HNK Gorica vs Osijek,2024-08-18,0.00287384
L. Jelenić,Osijek,Osijek vs Dinamo Zagreb,2024-08-11,0.00424157
L. Jelenić,Osijek,Osijek vs Šibenik,2024-08-04,0.047979179999999996
L. Kalinić,Hajduk Split,Hajduk Split vs Slaven Koprivnica,2024-08-04,0.00031331
L. Kalinić,Hajduk Split,Hajduk Split vs Varaždin,2024-08-18,0.0008069
L. Kapulica,HNK Gorica,Dinamo Zagreb vs HNK Gorica,2024-08-24,0.00935922
L. Kapulica,HNK Gorica,HNK Gorica vs Osijek,2024-08-18,0.0026635400000000003
L. Kapulica,HNK Gorica,HNK Gorica vs Varaždin,2024-08-03,0.00309142
L. Kapulica,HNK Gorica,Istra 1961 vs HNK Gorica,2024-08-10,0.00885043
L. Kačavenda,Dinamo Zagreb,Dinamo Zagreb vs HNK Gorica,2024-08-24,0.00878957
L. Kačavenda,Dinamo Zagreb,Dinamo Zagreb vs Istra 1961,2024-08-02,0.01305111
L. Kačavenda,Dinamo Zagreb,Dinamo Zagreb vs Šibenik,2024-08-16,0.01896078
L. Kačavenda,Dinamo Zagreb,Osijek vs Dinamo Zagreb,2024-08-11,0.0
L. Kulušić,Šibenik,Osijek vs Šibenik,2024-08-04,0.0005364
L. Lučić,Slaven Koprivnica,Hajduk Split vs Slaven Koprivnica,2024-08-04,0.00776691
L. Lučić,Slaven Koprivnica,Slaven Koprivnica vs Lokomotiva Zagreb,2024-08-17,0.0102322
L. Lučić,Slaven Koprivnica,Varaždin vs Slaven Koprivnica,2024-08-24,0.0050251900000000006
L. Majkić,Istra 1961,Dinamo Zagreb vs Istra 1961,2024-08-02,0.0003166
L. Majkić,Istra 1961,Istra 1961 vs HNK Gorica,2024-08-10,0.00051134
L. Majkić,Istra 1961,Rijeka vs Istra 1961,2024-08-18,0.0014192599999999999
L. Mamić,Varaždin,Hajduk Split vs Varaždin,2024-08-18,0.00765772
L. Mamić,Varaždin,Varaždin vs Slaven Koprivnica,2024-08-24,0.23987168
L. Selahi,Rijeka,Rijeka vs Lokomotiva Zagreb,2024-08-04,0.00736443
L. Selahi,Rijeka,Varaždin vs Rijeka,2024-08-11,0.01357225
L. Vrbančić,Dinamo Zagreb,Dinamo Zagreb vs HNK Gorica,2024-08-24,0.05110589
L. Vrbančić,Dinamo Zagreb,Dinamo Zagreb vs Istra 1961,2024-08-02,0.059163520000000004
L. Vrzić,HNK Gorica,HNK Gorica vs Osijek,2024-08-18,0.00109554
L. Vrzić,HNK Gorica,Istra 1961 vs HNK Gorica,2024-08-10,0.00048388
L. Zuta,Šibenik,Dinamo Zagreb vs Šibenik,2024-08-16,0.0538553
L. Zuta,Šibenik,Lokomotiva Zagreb vs Šibenik,2024-08-23,0.00201303
L. Zuta,Šibenik,Osijek vs Šibenik,2024-08-04,0.0187731
L. Zuta,Šibenik,Šibenik vs Slaven Koprivnica,2024-08-09,0.00206741
L. Škaričić,Varaždin,HNK Gorica vs Varaždin,2024-08-03,0.08752156
L. Škaričić,Varaždin,Hajduk Split vs Varaždin,2024-08-18,0.00069835
L. Škaričić,Varaždin,Varaždin vs Rijeka,2024-08-11,0.00682291
M. Agbekpornu,Slaven Koprivnica,Hajduk Split vs Slaven Koprivnica,2024-08-04,0.01733593
M. Agbekpornu,Slaven Koprivnica,Slaven Koprivnica vs Lokomotiva Zagreb,2024-08-17,0.00370654
M. Agbekpornu,Slaven Koprivnica,Šibenik vs Slaven Koprivnica,2024-08-09,0.01046218
M. Agyemang,Šibenik,Dinamo Zagreb vs Šibenik,2024-08-16,0.00054625
M. Agyemang,Šibenik,Lokomotiva Zagreb vs Šibenik,2024-08-23,0.00039035
M. Agyemang,Šibenik,Osijek vs Šibenik,2024-08-04,0.000203
M. Agyemang,Šibenik,Šibenik vs Slaven Koprivnica,2024-08-09,0.0031243
M. Antunović,Hajduk Split,Hajduk Split vs Varaždin,2024-08-18,9.4e-06
M. Baturina,Dinamo Zagreb,Dinamo Zagreb vs Istra 1961,2024-08-02,0.35254775
M. Baturina,Dinamo Zagreb,Dinamo Zagreb vs Šibenik,2024-08-16,0.056480499999999996
M. Baturina,Dinamo Zagreb,Osijek vs Dinamo Zagreb,2024-08-11,0.10587596
M. Bernauer,Dinamo Zagreb,Dinamo Zagreb vs HNK Gorica,2024-08-24,0.02161275
M. Bernauer,Dinamo Zagreb,Dinamo Zagreb vs Istra 1961,2024-08-02,0.0
M. Bernauer,Dinamo Zagreb,Dinamo Zagreb vs Šibenik,2024-08-16,0.01443693
M. Boras,Slaven Koprivnica,Hajduk Split vs Slaven Koprivnica,2024-08-04,0.00113339
M. Boras,Slaven Koprivnica,Slaven Koprivnica vs Lokomotiva Zagreb,2024-08-17,0.00124763
M. Boras,Slaven Koprivnica,Varaždin vs Slaven Koprivnica,2024-08-24,0.00532109
M. Boras,Slaven Koprivnica,Šibenik vs Slaven Koprivnica,2024-08-09,0.00912954
M. Boune,Lokomotiva Zagreb,Lokomotiva Zagreb vs Hajduk Split,2024-08-11,0.00176129
M. Caimacov,Slaven Koprivnica,Hajduk Split vs Slaven Koprivnica,2024-08-04,0.04227089
M. Caimacov,Slaven Koprivnica,Slaven Koprivnica vs Lokomotiva Zagreb,2024-08-17,0.01812512
M. Caimacov,Slaven Koprivnica,Varaždin vs Slaven Koprivnica,2024-08-24,0.02426535
M. Caimacov,Slaven Koprivnica,Šibenik vs Slaven Koprivnica,2024-08-09,0.05400399
M. Capan,Hajduk Split,Hajduk Split vs Varaždin,2024-08-18,0.00042877000000000003
M. Dabro,Varaždin,HNK Gorica vs Varaždin,2024-08-03,0.02510112
M. Dabro,Varaždin,Hajduk Split vs Varaždin,2024-08-18,0.01062503
M. Dabro,Varaždin,Varaždin vs Rijeka,2024-08-11,0.00923631
M. Dabro,Varaždin,Varaždin vs Slaven Koprivnica,2024-08-24,0.02002714
M. Devetak,Rijeka,Rijeka vs Istra 1961,2024-08-18,0.00087603
M. Devetak,Rijeka,Varaždin vs Rijeka,2024-08-11,0.01176202
M. Heister,Istra 1961,Rijeka vs Istra 1961,2024-08-18,0.00083207
M. Kolar,HNK Gorica,Dinamo Zagreb vs HNK Gorica,2024-08-24,0.05976897
M. Kolar,HNK Gorica,HNK Gorica vs Osijek,2024-08-18,0.18061855000000002
M. Kolar,HNK Gorica,HNK Gorica vs Varaždin,2024-08-03,0.01403673
M. Kolar,HNK Gorica,Istra 1961 vs HNK Gorica,2024-08-10,0.00419628
M. Leovac,Lokomotiva Zagreb,Lokomotiva Zagreb vs Hajduk Split,2024-08-11,0.03804858
M. Leovac,Lokomotiva Zagreb,Rijeka vs Lokomotiva Zagreb,2024-08-04,0.30487243999999997
M. Leš,HNK Gorica,Dinamo Zagreb vs HNK Gorica,2024-08-24,0.00406529
M. Leš,HNK Gorica,HNK Gorica vs Osijek,2024-08-18,0.01559789
M. Leš,HNK Gorica,HNK Gorica vs Varaždin,2024-08-03,0.02802934
M. Leš,HNK Gorica,Istra 1961 vs HNK Gorica,2024-08-10,0.33065017
M. Lešković,Slaven Koprivnica,Slaven Koprivnica vs Lokomotiva Zagreb,2024-08-17,0.0
M. Lisica,Istra 1961,Dinamo Zagreb vs Istra 1961,2024-08-02,0.17924483000000002
M. Lisica,Istra 1961,Istra 1961 vs HNK Gorica,2024-08-10,0.49310897
M. Lisica,Istra 1961,Rijeka vs Istra 1961,2024-08-18,0.02082586
M. Livaja,Hajduk Split,Hajduk Split vs Slaven Koprivnica,2024-08-04,0.16468612000000002
M. Livaja,Hajduk Split,Hajduk Split vs Varaždin,2024-08-18,0.15326504
M. Livaja,Hajduk Split,Lokomotiva Zagreb vs Hajduk Split,2024-08-11,0.6019273500000001
M. Maloča,HNK Gorica,Dinamo Zagreb vs HNK Gorica,2024-08-24,0.011937099999999999
M. Maloča,HNK Gorica,HNK Gorica vs Osijek,2024-08-18,0.010292230000000001
M. Maloča,HNK Gorica,HNK Gorica vs Varaždin,2024-08-03,0.00545927
M. Maloča,HNK Gorica,Istra 1961 vs HNK Gorica,2024-08-10,0.00127565
M. Marina,Varaždin,HNK Gorica vs Varaždin,2024-08-03,0.15341457
M. Marina,Varaždin,Hajduk Split vs Varaždin,2024-08-18,0.00513019
M. Marina,Varaždin,Varaždin vs Rijeka,2024-08-11,0.00332334
M. Marina,Varaždin,Varaždin vs Slaven Koprivnica,2024-08-24,0.00938265
M. Matković,HNK Gorica,Istra 1961 vs HNK Gorica,2024-08-10,0.00039201000000000004
M. Ndockyt,HNK Gorica,Dinamo Zagreb vs HNK Gorica,2024-08-24,0.01867829
M. Ndockyt,HNK Gorica,HNK Gorica vs Osijek,2024-08-18,0.01357323
M. Ndockyt,HNK Gorica,HNK Gorica vs Varaždin,2024-08-03,0.6616222800000001
M. Ndockyt,HNK Gorica,Istra 1961 vs HNK Gorica,2024-08-10,0.00123354
M. Pjaca,Dinamo Zagreb,Dinamo Zagreb vs HNK Gorica,2024-08-24,0.22956741
M. Pjaca,Dinamo Zagreb,Dinamo Zagreb vs Istra 1961,2024-08-02,0.26045521
M. Pjaca,Dinamo Zagreb,Osijek vs Dinamo Zagreb,2024-08-11,0.16228105
M. Prekodravac,Šibenik,Dinamo Zagreb vs Šibenik,2024-08-16,1.533e-05
M. Prekodravac,Šibenik,Lokomotiva Zagreb vs Šibenik,2024-08-23,0.0
M. Prekodravac,Šibenik,Šibenik vs Slaven Koprivnica,2024-08-09,5.535e-05
M. Rog,Dinamo Zagreb,Dinamo Zagreb vs HNK Gorica,2024-08-24,0.32675078
M. Rog,Dinamo Zagreb,Dinamo Zagreb vs Šibenik,2024-08-16,0.10830123
M. Rog,Dinamo Zagreb,Osijek vs Dinamo Zagreb,2024-08-11,0.00059165
M. Soldo,Osijek,HNK Gorica vs Osijek,2024-08-18,0.0222565
M. Soldo,Osijek,Osijek vs Dinamo Zagreb,2024-08-11,0.09367705999999999
M. Soldo,Osijek,Osijek vs Šibenik,2024-08-04,0.26713179
M. Sušak,Lokomotiva Zagreb,Lokomotiva Zagreb vs Hajduk Split,2024-08-11,0.27501681
M. Sušak,Lokomotiva Zagreb,Lokomotiva Zagreb vs Šibenik,2024-08-23,0.0010329199999999999
M. Sušak,Lokomotiva Zagreb,Rijeka vs Lokomotiva Zagreb,2024-08-04,0.0014486500000000001
M. Sušak,Lokomotiva Zagreb,Slaven Koprivnica vs Lokomotiva Zagreb,2024-08-17,0.01096882
M. Valinčić,Istra 1961,Dinamo Zagreb vs Istra 1961,2024-08-02,0.00162232
M. Valinčić,Istra 1961,Istra 1961 vs HNK Gorica,2024-08-10,0.03240355
M. Vranjković,Lokomotiva Zagreb,Lokomotiva Zagreb vs Šibenik,2024-08-23,0.7902486799999999
M. Vranjković,Lokomotiva Zagreb,Slaven Koprivnica vs Lokomotiva Zagreb,2024-08-17,0.01775271
M. Vuk,Istra 1961,Dinamo Zagreb vs Istra 1961,2024-08-02,0.016144139999999998
M. Vuk,Istra 1961,Istra 1961 vs HNK Gorica,2024-08-10,0.09421762
M. Vuk,Istra 1961,Rijeka vs Istra 1961,2024-08-18,0.023702599999999997
M. Zlomislić,Rijeka,Rijeka vs Istra 1961,2024-08-18,0.0039357
M. Zlomislić,Rijeka,Varaždin vs Rijeka,2024-08-11,0.00059401
M. Ćutuk,Dinamo Zagreb,Dinamo Zagreb vs HNK Gorica,2024-08-24,0.0
M. Čabraja,Rijeka,Varaždin vs Rijeka,2024-08-11,0.0077166000000000005
M. Čuić,Istra 1961,Istra 1961 vs HNK Gorica,2024-08-10,0.04534713
M. Čuić,Istra 1961,Rijeka vs Istra 1961,2024-08-18,0.00550246
M. Šakota,Slaven Koprivnica,Hajduk Split vs Slaven Koprivnica,2024-08-04,0.0103354
M. Šakota,Slaven Koprivnica,Slaven Koprivnica vs Lokomotiva Zagreb,2024-08-17,0.01693956
M. Šakota,Slaven Koprivnica,Varaždin vs Slaven Koprivnica,2024-08-24,0.0036928
M. Šakota,Slaven Koprivnica,Šibenik vs Slaven Koprivnica,2024-08-09,0.16325671
M. Šego,Varaždin,HNK Gorica vs Varaždin,2024-08-03,0.03249581
M. Šego,Varaždin,Hajduk Split vs Varaždin,2024-08-18,0.01925571
M. Šego,Varaždin,Varaždin vs Rijeka,2024-08-11,0.014579559999999998
M. Šego,Varaždin,Varaždin vs Slaven Koprivnica,2024-08-24,0.08076151000000001
M. Šlogar,HNK Gorica,Dinamo Zagreb vs HNK Gorica,2024-08-24,0.32639010999999996
M. Šlogar,HNK Gorica,HNK Gorica vs Osijek,2024-08-18,0.01829416
M. Šlogar,HNK Gorica,HNK Gorica vs Varaždin,2024-08-03,0.12004004
M. Šlogar,HNK Gorica,Istra 1961 vs HNK Gorica,2024-08-10,0.00391604
M. Živković,Lokomotiva Zagreb,Lokomotiva Zagreb vs Hajduk Split,2024-08-11,0.007700439999999999
M. Živković,Lokomotiva Zagreb,Lokomotiva Zagreb vs Šibenik,2024-08-23,0.07990747000000001
M. Živković,Lokomotiva Zagreb,Rijeka vs Lokomotiva Zagreb,2024-08-04,0.01510476
M. Živković,Lokomotiva Zagreb,Slaven Koprivnica vs Lokomotiva Zagreb,2024-08-17,0.01485735
Marco Pašalić,Rijeka,Rijeka vs Istra 1961,2024-08-18,0.11027688000000001
Marco Pašalić,Rijeka,Rijeka vs Lokomotiva Zagreb,2024-08-04,0.04665071
Marco Pašalić,Rijeka,Varaždin vs Rijeka,2024-08-11,0.18554546
N. Djouahra,Rijeka,Rijeka vs Lokomotiva Zagreb,2024-08-04,0.03756675
N. Galešić,Rijeka,Rijeka vs Istra 1961,2024-08-18,0.00312488
N. Galešić,Rijeka,Rijeka vs Lokomotiva Zagreb,2024-08-04,0.09917216999999999
N. Galešić,Rijeka,Varaždin vs Rijeka,2024-08-11,0.03443259
N. Janković,Rijeka,Rijeka vs Istra 1961,2024-08-18,0.46493539
N. Janković,Rijeka,Rijeka vs Lokomotiva Zagreb,2024-08-04,0.30234299000000003
N. Janković,Rijeka,Varaždin vs Rijeka,2024-08-11,0.51328493
N. Mikić,Dinamo Zagreb,Dinamo Zagreb vs HNK Gorica,2024-08-24,0.0
N. Omerović,Osijek,HNK Gorica vs Osijek,2024-08-18,0.07001387
N. Omerović,Osijek,Osijek vs Dinamo Zagreb,2024-08-11,0.00576669
N. Omerović,Osijek,Osijek vs Šibenik,2024-08-04,0.23305420999999998
N. Sigur,Hajduk Split,Lokomotiva Zagreb vs Hajduk Split,2024-08-11,1.522e-05
N. Tepšić,Varaždin,Hajduk Split vs Varaždin,2024-08-18,0.00276935
N. Tepšić,Varaždin,Varaždin vs Rijeka,2024-08-11,0.09490386
N. Tepšić,Varaždin,Varaždin vs Slaven Koprivnica,2024-08-24,0.00050541
N. Čavlina,Osijek,HNK Gorica vs Osijek,2024-08-18,0.0009512500000000001
N. Čavlina,Osijek,Osijek vs Dinamo Zagreb,2024-08-11,0.0033817
N. Čavlina,Osijek,Osijek vs Šibenik,2024-08-04,0.00012068
NaN,Dinamo Zagreb,Dinamo Zagreb vs HNK Gorica,2024-08-24,0.0
NaN,Dinamo Zagreb,Dinamo Zagreb vs Istra 1961,2024-08-02,0.0
NaN,Dinamo Zagreb,Dinamo Zagreb vs Šibenik,2024-08-16,0.0
NaN,Dinamo Zagreb,Osijek vs Dinamo Zagreb,2024-08-11,0.0
NaN,HNK Gorica,Dinamo Zagreb vs HNK Gorica,2024-08-24,0.0
NaN,HNK Gorica,HNK Gorica vs Osijek,2024-08-18,0.0
NaN,HNK Gorica,HNK Gorica vs Varaždin,2024-08-03,0.0
NaN,HNK Gorica,Istra 1961 vs HNK Gorica,2024-08-10,0.0
NaN,Hajduk Split,Hajduk Split vs Slaven Koprivnica,2024-08-04,0.0
NaN,Hajduk Split,Hajduk Split vs Varaždin,2024-08-18,0.0
NaN,Hajduk Split,Lokomotiva Zagreb vs Hajduk Split,2024-08-11,0.0
NaN,Istra 1961,Dinamo Zagreb vs Istra 1961,2024-08-02,0.0
NaN,Istra 1961,Istra 1961 vs HNK Gorica,2024-08-10,0.0
NaN,Istra 1961,Rijeka vs Istra 1961,2024-08-18,0.0
NaN,Lokomotiva Zagreb,Lokomotiva Zagreb vs Hajduk Split,2024-08-11,0.0
NaN,Lokomotiva Zagreb,Lokomotiva Zagreb vs Šibenik,2024-08-23,0.0
NaN,Lokomotiva Zagreb,Rijeka vs Lokomotiva Zagreb,2024-08-04,0.0
NaN,Lokomotiva Zagreb,Slaven Koprivnica vs Lokomotiva Zagreb,2024-08-17,0.0
NaN,Osijek,HNK Gorica vs Osijek,2024-08-18,0.0
NaN,Osijek,Osijek vs Dinamo Zagreb,2024-08-11,0.0
NaN,Osijek,Osijek vs Šibenik,2024-08-04,0.0
NaN,Rijeka,Rijeka vs Istra 1961,2024-08-18,0.0
NaN,Rijeka,Rijeka vs Lokomotiva Zagreb,2024-08-04,0.0
NaN,Rijeka,Varaždin vs Rijeka,2024-08-11,0.0
NaN,Slaven Koprivnica,Hajduk Split vs Slaven Koprivnica,2024-08-04,0.0
NaN,Slaven Koprivnica,Slaven Koprivnica vs Lokomotiva Zagreb,2024-08-17,0.0
NaN,Slaven Koprivnica,Varaždin vs Slaven Koprivnica,2024-08-24,0.0
NaN,Slaven Koprivnica,Šibenik vs Slaven Koprivnica,2024-08-09,0.0
NaN,Varaždin,HNK Gorica vs Varaždin,2024-08-03,0.0
NaN,Varaždin,Hajduk Split vs Varaždin,2024-08-18,0.0
NaN,Varaždin,Varaždin vs Rijeka,2024-08-11,0.0
NaN,Varaždin,Varaždin vs Slaven Koprivnica,2024-08-24,0.0
NaN,Šibenik,Dinamo Zagreb vs Šibenik,2024-08-16,0.0
NaN,Šibenik,Lokomotiva Zagreb vs Šibenik,2024-08-23,0.0
NaN,Šibenik,Osijek vs Šibenik,2024-08-04,0.0
NaN,Šibenik,Šibenik vs Slaven Koprivnica,2024-08-09,0.0
O. Bakić,Šibenik,Dinamo Zagreb vs Šibenik,2024-08-16,0.00438732
O. Bakić,Šibenik,Lokomotiva Zagreb vs Šibenik,2024-08-23,0.0011291299999999999
O. Bakić,Šibenik,Osijek vs Šibenik,2024-08-04,0.08509975
O. Bakić,Šibenik,Šibenik vs Slaven Koprivnica,2024-08-09,0.014471129999999999
O. Petrusenko,Istra 1961,Dinamo Zagreb vs Istra 1961,2024-08-02,0.0056228599999999995
O. Petrusenko,Istra 1961,Istra 1961 vs HNK Gorica,2024-08-10,0.2857906
O. Petrusenko,Istra 1961,Rijeka vs Istra 1961,2024-08-18,0.05940745
O. Zelenika,Varaždin,HNK Gorica vs Varaždin,2024-08-03,0.00041987000000000003
O. Zelenika,Varaždin,Hajduk Split vs Varaždin,2024-08-18,0.00261724
O. Zelenika,Varaždin,Varaždin vs Rijeka,2024-08-11,0.00119319
O. Zelenika,Varaždin,Varaždin vs Slaven Koprivnica,2024-08-24,0.0028886
P. Marić,Slaven Koprivnica,Šibenik vs Slaven Koprivnica,2024-08-09,0.00459135
P. Pušić,Osijek,HNK Gorica vs Osijek,2024-08-18,0.26129816
P. Pušić,Osijek,Osijek vs Dinamo Zagreb,2024-08-11,0.0288689
P. Pušić,Osijek,Osijek vs Šibenik,2024-08-04,0.27895190999999997
P. Sučić,Dinamo Zagreb,Dinamo Zagreb vs HNK Gorica,2024-08-24,0.01249611
P. Sučić,Dinamo Zagreb,Dinamo Zagreb vs Istra 1961,2024-08-02,0.43917259000000003
P. Sučić,Dinamo Zagreb,Dinamo Zagreb vs Šibenik,2024-08-16,0.15516233000000001
P. Sučić,Dinamo Zagreb,Osijek vs Dinamo Zagreb,2024-08-11,0.020564330000000002
Pedro Lima,Osijek,HNK Gorica vs Osijek,2024-08-18,0.027757820000000002
Pedro Lima,Osijek,Osijek vs Dinamo Zagreb,2024-08-11,0.018425050000000002
Pedro Lima,Osijek,Osijek vs Šibenik,2024-08-04,0.0297086
R. Jurišić,Osijek,HNK Gorica vs Osijek,2024-08-18,0.13829808
R. Jurišić,Osijek,Osijek vs Dinamo Zagreb,2024-08-11,0.00971753
R. Jurišić,Osijek,Osijek vs Šibenik,2024-08-04,0.1857483
R. Kewal,Osijek,Osijek vs Dinamo Zagreb,2024-08-11,0.00195856
R. Miérez,Osijek,Osijek vs Šibenik,2024-08-04,0.05335093
R. Mudražija,Lokomotiva Zagreb,Lokomotiva Zagreb vs Hajduk Split,2024-08-11,0.12903881
R. Mudražija,Lokomotiva Zagreb,Lokomotiva Zagreb vs Šibenik,2024-08-23,0.50606351
R. Mudražija,Lokomotiva Zagreb,Rijeka vs Lokomotiva Zagreb,2024-08-04,0.15922691999999997
R. Mudražija,Lokomotiva Zagreb,Slaven Koprivnica vs Lokomotiva Zagreb,2024-08-17,0.09944695
R. Murić,Slaven Koprivnica,Hajduk Split vs Slaven Koprivnica,2024-08-04,0.12097667
R. Murić,Slaven Koprivnica,Slaven Koprivnica vs Lokomotiva Zagreb,2024-08-17,0.42323302000000007
R. Murić,Slaven Koprivnica,Varaždin vs Slaven Koprivnica,2024-08-24,0.015840479999999997
R. Murić,Slaven Koprivnica,Šibenik vs Slaven Koprivnica,2024-08-09,0.040173440000000005
R. Pierre-Gabriel,Dinamo Zagreb,Dinamo Zagreb vs Istra 1961,2024-08-02,0.02835069
R. Pierre-Gabriel,Dinamo Zagreb,Osijek vs Dinamo Zagreb,2024-08-11,0.26331513
R. Pukštas,Hajduk Split,Hajduk Split vs Slaven Koprivnica,2024-08-04,0.01102887
R. Pukštas,Hajduk Split,Hajduk Split vs Varaždin,2024-08-18,0.01571074
R. Pukštas,Hajduk Split,Lokomotiva Zagreb vs Hajduk Split,2024-08-11,0.43869338
R. Punčec,Šibenik,Dinamo Zagreb vs Šibenik,2024-08-16,0.00058398
R. Punčec,Šibenik,Lokomotiva Zagreb vs Šibenik,2024-08-23,0.00190416
R. Punčec,Šibenik,Osijek vs Šibenik,2024-08-04,0.00111307
R. Punčec,Šibenik,Šibenik vs Slaven Koprivnica,2024-08-09,0.00589132
Raúl Torrente,Dinamo Zagreb,Dinamo Zagreb vs HNK Gorica,2024-08-24,0.00901095
Raúl Torrente,Dinamo Zagreb,Dinamo Zagreb vs Istra 1961,2024-08-02,4.52e-05
Renan Guedes,Osijek,Osijek vs Šibenik,2024-08-04,0.0648533
S. Blagojević,Istra 1961,Dinamo Zagreb vs Istra 1961,2024-08-02,0.04069373
S. Blagojević,Istra 1961,Istra 1961 vs HNK Gorica,2024-08-10,0.0325192
S. Goričan,Lokomotiva Zagreb,Lokomotiva Zagreb vs Hajduk Split,2024-08-11,0.53061603
S. Goričan,Lokomotiva Zagreb,Lokomotiva Zagreb vs Šibenik,2024-08-23,0.6785393200000001
S. Goričan,Lokomotiva Zagreb,Rijeka vs Lokomotiva Zagreb,2024-08-04,0.01303649
S. Goričan,Lokomotiva Zagreb,Slaven Koprivnica vs Lokomotiva Zagreb,2024-08-17,0.49058121
S. Ilinković,Rijeka,Rijeka vs Istra 1961,2024-08-18,0.00622547
S. Ilinković,Rijeka,Rijeka vs Lokomotiva Zagreb,2024-08-04,0.06384436
S. Keller,Istra 1961,Istra 1961 vs HNK Gorica,2024-08-10,0.00015522
S. Keller,Istra 1961,Rijeka vs Istra 1961,2024-08-18,0.00491421
S. Kulenović,Dinamo Zagreb,Dinamo Zagreb vs HNK Gorica,2024-08-24,0.06788055
S. Kulenović,Dinamo Zagreb,Dinamo Zagreb vs Istra 1961,2024-08-02,0.01797992
S. Kulenović,Dinamo Zagreb,Dinamo Zagreb vs Šibenik,2024-08-16,0.06498611
S. Kulenović,Dinamo Zagreb,Osijek vs Dinamo Zagreb,2024-08-11,0.00014043
S. Lawal,Istra 1961,Dinamo Zagreb vs Istra 1961,2024-08-02,0.10074767999999999
S. Lawal,Istra 1961,Istra 1961 vs HNK Gorica,2024-08-10,0.13856780999999999
S. Lawal,Istra 1961,Rijeka vs Istra 1961,2024-08-18,0.00844051
S. Mkrtchyan,Osijek,HNK Gorica vs Osijek,2024-08-18,0.0023783
S. Mkrtchyan,Osijek,Osijek vs Dinamo Zagreb,2024-08-11,0.00495456
S. Mmaee,Dinamo Zagreb,Dinamo Zagreb vs HNK Gorica,2024-08-24,0.02411723
S. Mmaee,Dinamo Zagreb,Dinamo Zagreb vs Istra 1961,2024-08-02,0.00422104
S. Mmaee,Dinamo Zagreb,Dinamo Zagreb vs Šibenik,2024-08-16,0.04324457
S. Mmaee,Dinamo Zagreb,Osijek vs Dinamo Zagreb,2024-08-11,0.00760385
S. Perić,Šibenik,Dinamo Zagreb vs Šibenik,2024-08-16,0.00158699
S. Perić,Šibenik,Lokomotiva Zagreb vs Šibenik,2024-08-23,0.0009019
S. Perić,Šibenik,Osijek vs Šibenik,2024-08-04,0.0007544400000000001
S. Perić,Šibenik,Šibenik vs Slaven Koprivnica,2024-08-09,0.0034349199999999997
S. Radeljić,Rijeka,Rijeka vs Istra 1961,2024-08-18,0.0017926099999999998
S. Radeljić,Rijeka,Rijeka vs Lokomotiva Zagreb,2024-08-04,0.006724099999999999
S. Ristovski,Dinamo Zagreb,Dinamo Zagreb vs Istra 1961,2024-08-02,0.01648984
S. Ristovski,Dinamo Zagreb,Dinamo Zagreb vs Šibenik,2024-08-16,0.27694995
S. Ristovski,Dinamo Zagreb,Osijek vs Dinamo Zagreb,2024-08-11,0.13872336
S. Sagna,HNK Gorica,Dinamo Zagreb vs HNK Gorica,2024-08-24,0.00026395
T. Božić,Slaven Koprivnica,Hajduk Split vs Slaven Koprivnica,2024-08-04,0.00070985
T. Božić,Slaven Koprivnica,Slaven Koprivnica vs Lokomotiva Zagreb,2024-08-17,0.04222771
T. Božić,Slaven Koprivnica,Šibenik vs Slaven Koprivnica,2024-08-09,0.00520564
T. Duvnjak,Varaždin,Hajduk Split vs Varaždin,2024-08-18,0.011145
T. Duvnjak,Varaždin,Varaždin vs Rijeka,2024-08-11,0.00142983
T. Duvnjak,Varaždin,Varaždin vs Slaven Koprivnica,2024-08-24,0.00210593
T. Fruk,Rijeka,Rijeka vs Istra 1961,2024-08-18,0.07755958
T. Fruk,Rijeka,Rijeka vs Lokomotiva Zagreb,2024-08-04,0.01212658
T. Fruk,Rijeka,Varaždin vs Rijeka,2024-08-11,0.0201516
T. Kolega,Šibenik,Dinamo Zagreb vs Šibenik,2024-08-16,0.09363988999999999
T. Kolega,Šibenik,Lokomotiva Zagreb vs Šibenik,2024-08-23,0.08919621
T. Kolega,Šibenik,Osijek vs Šibenik,2024-08-04,0.36466986
T. Kolega,Šibenik,Šibenik vs Slaven Koprivnica,2024-08-09,0.10425577999999999
T. Majić,HNK Gorica,Dinamo Zagreb vs HNK Gorica,2024-08-24,0.00125837
T. Majić,HNK Gorica,HNK Gorica vs Varaždin,2024-08-03,0.00053724
T. Majić,HNK Gorica,Istra 1961 vs HNK Gorica,2024-08-10,0.0015448600000000001
T. Nevers,Varaždin,HNK Gorica vs Varaždin,2024-08-03,0.17304239999999999
T. Ogiwara,Dinamo Zagreb,Dinamo Zagreb vs Istra 1961,2024-08-02,0.00012272
T. Ogiwara,Dinamo Zagreb,Dinamo Zagreb vs Šibenik,2024-08-16,0.043242260000000005
V. Hodža,Rijeka,Rijeka vs Istra 1961,2024-08-18,0.00011716000000000001
V. Hodža,Rijeka,Rijeka vs Lokomotiva Zagreb,2024-08-04,0.04758909
V. Hodža,Rijeka,Varaždin vs Rijeka,2024-08-11,0.00838793
V. Jovanov,Varaždin,HNK Gorica vs Varaždin,2024-08-03,0.00022958
V. Jovanov,Varaždin,Varaždin vs Rijeka,2024-08-11,0.0
V. Jovanov,Varaždin,Varaždin vs Slaven Koprivnica,2024-08-24,0.00028922
V. Jugović,Osijek,HNK Gorica vs Osijek,2024-08-18,0.00469666
V. Jugović,Osijek,Osijek vs Dinamo Zagreb,2024-08-11,0.00802955
V. Jugović,Osijek,Osijek vs Šibenik,2024-08-04,0.03504964
V. Koski,Istra 1961,Dinamo Zagreb vs Istra 1961,2024-08-02,2.407e-05
V. Koski,Istra 1961,Istra 1961 vs HNK Gorica,2024-08-10,0.02088784
V. Koski,Istra 1961,Rijeka vs Istra 1961,2024-08-18,0.06484883
V. Majstorović,HNK Gorica,Dinamo Zagreb vs HNK Gorica,2024-08-24,0.004777399999999999
V. Majstorović,HNK Gorica,HNK Gorica vs Osijek,2024-08-18,0.00115564
V. Majstorović,HNK Gorica,HNK Gorica vs Varaždin,2024-08-03,0.00709268
V. Majstorović,HNK Gorica,Istra 1961 vs HNK Gorica,2024-08-10,0.05855909
V. Skrbin,HNK Gorica,HNK Gorica vs Osijek,2024-08-18,0.012077190000000002
V. Skrbin,HNK Gorica,HNK Gorica vs Varaždin,2024-08-03,0.01260588
V. Skrbin,HNK Gorica,Istra 1961 vs HNK Gorica,2024-08-10,0.00021327
V. Čaić,HNK Gorica,Dinamo Zagreb vs HNK Gorica,2024-08-24,0.00212411
V. Čaić,HNK Gorica,HNK Gorica vs Osijek,2024-08-18,0.01072257
V. Čaić,HNK Gorica,Istra 1961 vs HNK Gorica,2024-08-10,0.00191632
Z. Katalinić,Slaven Koprivnica,Šibenik vs Slaven Koprivnica,2024-08-09,0.00967364
Z. Šarlija,Hajduk Split,Hajduk Split vs Slaven Koprivnica,2024-08-04,0.00303368
Z. Šarlija,Hajduk Split,Lokomotiva Zagreb vs Hajduk Split,2024-08-11,0.05130833
Z. Šubarić,Lokomotiva Zagreb,Lokomotiva Zagreb vs Hajduk Split,2024-08-11,0.00269837
Z. Šubarić,Lokomotiva Zagreb,Lokomotiva Zagreb vs Šibenik,2024-08-23,0.00018383
Z. Šubarić,Lokomotiva Zagreb,Rijeka vs Lokomotiva Zagreb,2024-08-04,0.00127166
Z. Šubarić,Lokomotiva Zagreb,Slaven Koprivnica vs Lokomotiva Zagreb,2024-08-17,0.0006932
Š. Butić,Rijeka,Rijeka vs Istra 1961,2024-08-18,0.00165397
Š. Butić,Rijeka,Rijeka vs Lokomotiva Zagreb,2024-08-04,0.01360014
Š. Hrgović,Hajduk Split,Hajduk Split vs Varaždin,2024-08-18,0.34739936
Š. Mikolčić,Osijek,Osijek vs Dinamo Zagreb,2024-08-11,0.00206932
Š. Mikolčić,Osijek,Osijek vs Šibenik,2024-08-04,0.27060827
