id,firstName,lastName,shortFirstName,shortLastName,matchName,nationality,nationalityId,position,type,countryOfBirth,countryOfBirthId,shirtNumber,status,active,dateOfBirth,height,placeOfBirth,weight,foot,knownName,secondNationality,secondNationalityId
1f82a7l43cjr27qdif4l0ehw4,Eiríkur Örn,Beck,Eiríkur Orn,Beck,E. Beck,Iceland,4jjsm5a20nnxgw5cus6b7yxc6,Midfielder,player,Iceland,4jjsm5a20nnxgw5cus6b7yxc6,27.0,active,no,NaN,NaN,NaN,NaN,NaN,NaN,NaN,NaN
1i8k7uoh7y1j73o0tatk35gb9,Óskar Hrafn,Þorvaldsson,Óskar,Thorvaldsson,Ó. Þorvaldsson,Iceland,4jjsm5a20nnxgw5cus6b7yxc6,NaN,coach,Iceland,4jjsm5a20nnxgw5cus6b7yxc6,NaN,active,no,1973-10-25,181.0,NaN,NaN,NaN,NaN,NaN,NaN
1p55tuj89rysvgwv4ysjao4wl,Arnór Sveinn,Aðalsteinsson,Arnór,Adalsteinsson,A. Aðalsteinsson,Iceland,4jjsm5a20nnxgw5cus6b7yxc6,Defender,player,Iceland,4jjsm5a20nnxgw5cus6b7yxc6,5.0,active,yes,1986-01-26,181.0,Reykjavik,73.0,right,NaN,NaN,NaN
1peite40jwcxkpbkne96e740k,Kristófer,Máni Pálsson,Kristofer,Palsson,K. Pálsson,Iceland,4jjsm5a20nnxgw5cus6b7yxc6,Attacker,player,Iceland,4jjsm5a20nnxgw5cus6b7yxc6,2.0,active,yes,2005-06-05,182.0,NaN,NaN,NaN,NaN,NaN,NaN
1umdj6jlv69crvsoe4rwv75ec,Arnar Smári,Arnarsson,Arnar,Arnarsson,A. Arnarsson,Iceland,4jjsm5a20nnxgw5cus6b7yxc6,Attacker,player,Iceland,4jjsm5a20nnxgw5cus6b7yxc6,NaN,active,yes,2005-05-04,NaN,NaN,NaN,NaN,NaN,NaN,NaN
2hoyzk0qw79v7ta8urx924amt,Kristinn,Steindórsson,Kristinn,Steindórsson,K. Steindórsson,Iceland,4jjsm5a20nnxgw5cus6b7yxc6,Attacker,player,Iceland,4jjsm5a20nnxgw5cus6b7yxc6,10.0,active,yes,1990-04-29,178.0,Reykjavík,70.0,right,NaN,NaN,NaN
3g0xd9rds9relghxanr1f5vc9,Stefán Ingi,Sigurðarson,Stefán,Sigurdarson,S. Sigurðarson,Iceland,4jjsm5a20nnxgw5cus6b7yxc6,Attacker,player,Iceland,4jjsm5a20nnxgw5cus6b7yxc6,23.0,active,no,2001-01-27,NaN,NaN,NaN,NaN,NaN,NaN,NaN
3z6ty4kxmhvl4ypielw4gjowl,Andri Rafn,Yeoman,Andri,Yeoman,A. Yeoman,Iceland,4jjsm5a20nnxgw5cus6b7yxc6,Defender,player,Iceland,4jjsm5a20nnxgw5cus6b7yxc6,30.0,active,yes,1992-04-18,NaN,NaN,NaN,NaN,NaN,NaN,NaN
45tzh3ods6akvqj1fe7v7na50,Atli Þór,Gunnarsson,Atli,Gunnarsson,A. Gunnarsson,Iceland,4jjsm5a20nnxgw5cus6b7yxc6,Midfielder,player,Iceland,4jjsm5a20nnxgw5cus6b7yxc6,19.0,active,yes,2006-06-06,NaN,NaN,NaN,NaN,Atli Gunnarsson,NaN,NaN
4kq5l8rjy4tcnjgjv78ter1zp,Halldór,Árnason,Halldór,Árnason,H. Árnason,Iceland,4jjsm5a20nnxgw5cus6b7yxc6,NaN,coach,Iceland,4jjsm5a20nnxgw5cus6b7yxc6,NaN,active,yes,1984-05-16,NaN,NaN,NaN,NaN,NaN,NaN,NaN
4o1150mpv9nz55cwj9b0vblk9,Kristófer Ingi,Kristinsson,Kristófer,Kristinsson,K. Kristinsson,Iceland,4jjsm5a20nnxgw5cus6b7yxc6,Attacker,player,Iceland,4jjsm5a20nnxgw5cus6b7yxc6,23.0,active,yes,1999-04-07,190.0,Garðabær,71.0,right,NaN,NaN,NaN
5d6oa0urkujvwy0twpdbfsl3p,Damir,Muminović,Damir,Muminovic,D. Muminović,Iceland,4jjsm5a20nnxgw5cus6b7yxc6,Defender,player,Serbia,5w4ve503bjdsshwx9ho6jxzx0,4.0,active,yes,1990-05-13,NaN,NaN,NaN,NaN,NaN,Serbia,5w4ve503bjdsshwx9ho6jxzx0
5gtmy77ebg930jwh6rotkpilm,Oliver,Stefánsson,Oliver,Stefánsson,O. Stefánsson,Iceland,4jjsm5a20nnxgw5cus6b7yxc6,Defender,player,Iceland,4jjsm5a20nnxgw5cus6b7yxc6,28.0,active,no,2002-08-03,192.0,NaN,NaN,left,NaN,NaN,NaN
6rogc92mr2cwdmiuee82q0d79,Alexander Helgi,Sigurðarson,Alexander,Sigurdarson,A. Sigurðarson,Iceland,4jjsm5a20nnxgw5cus6b7yxc6,Midfielder,player,Iceland,4jjsm5a20nnxgw5cus6b7yxc6,6.0,active,yes,1996-04-08,NaN,NaN,NaN,NaN,NaN,NaN,NaN
70sun7z04dx0kz5jghz08a9ec,Hilmar Þór,Kjærnested Helgason,Hilmar,Helgason,H. Helgason,Iceland,4jjsm5a20nnxgw5cus6b7yxc6,Goalkeeper,player,Iceland,4jjsm5a20nnxgw5cus6b7yxc6,35.0,active,no,2005-02-24,NaN,NaN,NaN,NaN,NaN,NaN,NaN
7fda5vdd1yqd1t7hfui4r7vh0,Ásgeir Helgi,Orrason,Ásgeir,Orrason,Á. Orrason,Iceland,4jjsm5a20nnxgw5cus6b7yxc6,Defender,player,Iceland,4jjsm5a20nnxgw5cus6b7yxc6,26.0,active,no,2005-05-19,NaN,NaN,NaN,NaN,NaN,NaN,NaN
87ogzklhfctx78cbjwgh282j9,Höskuldur,Gunnlaugsson,Höskuldur,Gunnlaugsson,H. Gunnlaugsson,Iceland,4jjsm5a20nnxgw5cus6b7yxc6,Defender,player,Iceland,4jjsm5a20nnxgw5cus6b7yxc6,7.0,active,yes,1994-09-26,173.0,NaN,NaN,NaN,NaN,NaN,NaN
8sv1tavuq38iq6c0bar1a9clw,Dagur Örn,Fjeldsted,Dagur,Fjeldsted,D. Fjeldsted,Iceland,4jjsm5a20nnxgw5cus6b7yxc6,Midfielder,player,Iceland,4jjsm5a20nnxgw5cus6b7yxc6,16.0,active,yes,2005-04-28,NaN,NaN,NaN,NaN,NaN,NaN,NaN
9186v5jw32p3hfi8v7nfvkic5,Viktor Karl,Einarsson,Viktor,Einarsson,V. Einarsson,Iceland,4jjsm5a20nnxgw5cus6b7yxc6,Midfielder,player,Iceland,4jjsm5a20nnxgw5cus6b7yxc6,8.0,active,yes,1997-01-30,NaN,NaN,NaN,NaN,Viktor Einarsson,NaN,NaN
9d3o7jvtrmybswt14x5tq4hrd,Davíð,Ingvarsson,Davíd,Ingvarsson,D. Ingvarsson,Iceland,4jjsm5a20nnxgw5cus6b7yxc6,Defender,player,Iceland,4jjsm5a20nnxgw5cus6b7yxc6,25.0,active,no,1999-04-25,NaN,NaN,NaN,NaN,NaN,NaN,NaN
9zzg49vnaufp7j6yj7pcg6sb9,Anton Ari,Einarsson,Anton,Einarsson,A. Einarsson,Iceland,4jjsm5a20nnxgw5cus6b7yxc6,Goalkeeper,player,Iceland,4jjsm5a20nnxgw5cus6b7yxc6,1.0,active,yes,1994-08-25,NaN,Reykjavík,NaN,right,Anton Einarsson,NaN,NaN
b16xtb8sp7drt0gfxm1gz1c0k,Gabríel Snær,Hallsson,Gabriel,Snaer,G. Hallsson,Iceland,4jjsm5a20nnxgw5cus6b7yxc6,Midfielder,player,Iceland,4jjsm5a20nnxgw5cus6b7yxc6,NaN,active,no,2007-01-03,NaN,NaN,NaN,NaN,NaN,NaN,NaN
b3ac0j5us57m92q0d2k2kd1hx,Patrik,Johannesen,Patrik,Johannesen,P. Johannesen,Faroe Islands,1glg6jsz6v1fkk8y9pq4fqjc4,Attacker,player,Faroe Islands,1glg6jsz6v1fkk8y9pq4fqjc4,9.0,active,yes,1995-09-07,185.0,NaN,NaN,right,NaN,NaN,NaN
b4dwwo091jgva4ocypfvkla1g,Viktor Andri,Pétursson,Viktor,Pétursson,V. Pétursson,Iceland,4jjsm5a20nnxgw5cus6b7yxc6,Midfielder,player,Iceland,4jjsm5a20nnxgw5cus6b7yxc6,NaN,active,no,2004-07-06,NaN,NaN,NaN,NaN,NaN,NaN,NaN
bag719kcv7cq4xwjgmccw57o4,Ágúst Orri,Þorsteinsson,Ágúst,Thorsteinsson,Á. Þorsteinsson,Iceland,4jjsm5a20nnxgw5cus6b7yxc6,Midfielder,player,Iceland,4jjsm5a20nnxgw5cus6b7yxc6,15.0,active,no,2005-01-14,NaN,NaN,NaN,NaN,NaN,NaN,NaN
cvlnxfcxy57dvuhlo66jsb4a2,Eyþór Aron,Wöhler Lárusson,Eythór,Wöhler,E. Wöhler,Iceland,4jjsm5a20nnxgw5cus6b7yxc6,Attacker,player,Iceland,4jjsm5a20nnxgw5cus6b7yxc6,18.0,active,no,2002-01-28,NaN,NaN,NaN,NaN,NaN,NaN,NaN
d6kurlectkfyptx3fb4waz3f8,Bjarki Viðar,Björnsson,Bjarki,Björnsson,B. Björnsson,Iceland,4jjsm5a20nnxgw5cus6b7yxc6,Midfielder,player,Iceland,4jjsm5a20nnxgw5cus6b7yxc6,NaN,active,no,2005-01-14,174.0,NaN,NaN,right,NaN,NaN,NaN
d6mfcwc4144lnyodhyd1fd6ok,Tumi Fannar,Gunnarsson,Tumi,Gunnarsson,T. Gunnarsson,Iceland,4jjsm5a20nnxgw5cus6b7yxc6,Midfielder,player,Iceland,4jjsm5a20nnxgw5cus6b7yxc6,NaN,active,yes,2005-03-22,NaN,NaN,NaN,NaN,Tumi Gunnarsson,NaN,NaN
dm8yyt39uyshduq91pufi24q2,Jason Daði,Svanþórsson,Jason,Svanthórsson,J. Svanþórsson,Iceland,4jjsm5a20nnxgw5cus6b7yxc6,Midfielder,player,Iceland,4jjsm5a20nnxgw5cus6b7yxc6,14.0,active,no,1999-12-31,NaN,NaN,NaN,NaN,NaN,NaN,NaN
don13z5ywnv0du0y057n5y66t,Olíver,Sigurjónsson,Olíver,Sigurjónsson,O. Sigurjónsson,Iceland,4jjsm5a20nnxgw5cus6b7yxc6,Midfielder,player,Iceland,4jjsm5a20nnxgw5cus6b7yxc6,3.0,active,yes,1995-03-03,NaN,NaN,NaN,right,NaN,NaN,NaN
dsejp4g28ohj04p7gjin0qx3o,Hilmar,Karlsson,Hilmar,Karlsson,H. Karlsson,Iceland,4jjsm5a20nnxgw5cus6b7yxc6,Goalkeeper,player,Iceland,4jjsm5a20nnxgw5cus6b7yxc6,NaN,active,no,2006-08-29,NaN,NaN,NaN,NaN,NaN,NaN,NaN
dvgli93iyhzu9t5slbbxts178,Jón,Sölvi Símonarson,Jón,Símonarson,J. Símonarson,Iceland,4jjsm5a20nnxgw5cus6b7yxc6,Goalkeeper,player,Iceland,4jjsm5a20nnxgw5cus6b7yxc6,NaN,active,yes,2007-05-26,NaN,NaN,NaN,NaN,NaN,NaN,NaN
e0uh207qrn67d3ugjtjkbyqc5,Klæmint,Andrasson Olsen,Klæmint,Olsen,K. Olsen,Faroe Islands,1glg6jsz6v1fkk8y9pq4fqjc4,Attacker,player,Faroe Islands,1glg6jsz6v1fkk8y9pq4fqjc4,20.0,active,no,1990-07-17,185.0,Runavík,78.0,right,NaN,NaN,NaN
ehpnzj2apmfez56i2vggvhexh,Viktor Örn,Margeirsson,Viktor,Margeirsson,V. Margeirsson,Iceland,4jjsm5a20nnxgw5cus6b7yxc6,Defender,player,Iceland,4jjsm5a20nnxgw5cus6b7yxc6,21.0,active,yes,1994-07-22,NaN,NaN,NaN,NaN,NaN,NaN,NaN
ei0y0w6bvcjwrx1dupdlqazmx,Brynjar Atli,Bragason,Brynjar,Bragason,B. Bragason,Iceland,4jjsm5a20nnxgw5cus6b7yxc6,Goalkeeper,player,Iceland,4jjsm5a20nnxgw5cus6b7yxc6,12.0,active,yes,2000-04-01,NaN,NaN,NaN,NaN,NaN,NaN,NaN
eikthetfmpxyeqsisa7vs3hsl,Gísli,Eyjólfsson,Gísli,Eyjólfsson,G. Eyjólfsson,Iceland,4jjsm5a20nnxgw5cus6b7yxc6,Midfielder,player,Iceland,4jjsm5a20nnxgw5cus6b7yxc6,11.0,active,no,1994-05-31,180.0,NaN,77.0,right,NaN,NaN,NaN
ek6hjim80fw059a7u0buqpw4p,Ágúst Eðvald,Hlynsson,Ágúst,Hlynsson,Á. Hlynsson,Iceland,4jjsm5a20nnxgw5cus6b7yxc6,Midfielder,player,Iceland,4jjsm5a20nnxgw5cus6b7yxc6,22.0,active,no,2000-03-28,NaN,NaN,NaN,right,NaN,NaN,NaN
q8vi15wxv1sc9lshuzj1gz1m,Anton Logi,Lúðvíksson,Anton,Lúdvíksson,A. Lúðvíksson,Iceland,4jjsm5a20nnxgw5cus6b7yxc6,Midfielder,player,Iceland,4jjsm5a20nnxgw5cus6b7yxc6,13.0,active,no,2003-03-13,NaN,NaN,NaN,NaN,NaN,NaN,NaN
w28d5hfi86ynsg35024ssnah,Alex Freyr,Elísson,Alex,Elísson,A. Elísson,Iceland,4jjsm5a20nnxgw5cus6b7yxc6,Defender,player,Iceland,4jjsm5a20nnxgw5cus6b7yxc6,2.0,active,no,1997-10-09,NaN,NaN,NaN,right,NaN,NaN,NaN
11zsb2hlv5iytjhwclle651hx,Kjartan Henrý,Finnbogason,Kjartan,Finnbogason,K. Finnbogason,Iceland,4jjsm5a20nnxgw5cus6b7yxc6,Attacker,player,Iceland,4jjsm5a20nnxgw5cus6b7yxc6,9.0,active,no,1986-07-09,188.0,Reykjavik,83.0,right,NaN,NaN,NaN
1a4bm2clz63hs1wage5rpw844,Arngrímur Bjartur,Guðmundsson,Arngrímur,Gudmundsson,A. Guðmundsson,Iceland,4jjsm5a20nnxgw5cus6b7yxc6,Defender,player,Iceland,4jjsm5a20nnxgw5cus6b7yxc6,38.0,active,no,2005-03-14,NaN,NaN,NaN,NaN,Arngrímur Gudmundsson,NaN,NaN
1l4s94tyf8umuwf0ylqhikst1,Daði Freyr,Arnarsson,Dadi,Arnarsson,D. Arnarsson,Iceland,4jjsm5a20nnxgw5cus6b7yxc6,Goalkeeper,player,Iceland,4jjsm5a20nnxgw5cus6b7yxc6,24.0,active,yes,1998-09-23,NaN,NaN,NaN,NaN,Dadi Arnarsson,NaN,NaN
20zulqrn6cg0inbe0ojyxpivp,Sindri Kristinn,Ólafsson,Sindri,Ólafsson,S. Ólafsson,Iceland,4jjsm5a20nnxgw5cus6b7yxc6,Goalkeeper,player,Iceland,4jjsm5a20nnxgw5cus6b7yxc6,1.0,active,yes,1997-01-19,NaN,NaN,NaN,NaN,Sindri Ólafsson,NaN,NaN
2owpkqdm6b0uk2lmbt9y21gph,Máni Aust­mann,Hilmarsson,Máni,Hilmarsson,M. Hilmarsson,Iceland,4jjsm5a20nnxgw5cus6b7yxc6,Midfielder,player,Iceland,4jjsm5a20nnxgw5cus6b7yxc6,NaN,active,no,1998-06-02,NaN,NaN,NaN,NaN,NaN,NaN,NaN
31yu60kp0h6t4r2w67sv92gpg,Dagur Þór,Hafþórsson,Dagur,Hafthórsson,D. Hafþórsson,Iceland,4jjsm5a20nnxgw5cus6b7yxc6,Defender,player,Iceland,4jjsm5a20nnxgw5cus6b7yxc6,NaN,active,no,2003-01-13,NaN,NaN,NaN,NaN,NaN,NaN,NaN
3jthrc6cu4hbdeqthp7vebjoq,Haraldur Einar,Ásgrímsson,Haraldur,Ásgrímsson,H. Ásgrímsson,Iceland,4jjsm5a20nnxgw5cus6b7yxc6,Defender,player,Iceland,4jjsm5a20nnxgw5cus6b7yxc6,3.0,active,no,2000-06-16,NaN,NaN,NaN,NaN,NaN,NaN,NaN
4c364dz84t0qukqgyksphcsx6,Gyrðir Hrafn,Guðbrandsson,Gyrdir,Gudbrandsson,G. Guðbrandsson,Iceland,4jjsm5a20nnxgw5cus6b7yxc6,Midfielder,player,Iceland,4jjsm5a20nnxgw5cus6b7yxc6,5.0,active,yes,1999-03-30,NaN,NaN,NaN,NaN,NaN,NaN,NaN
4tbixjn88hzemnxg8mgeu4jmy,Kjartan Kári,Halldórsson,Kjartan,Halldórsson,K. Halldórsson,Iceland,4jjsm5a20nnxgw5cus6b7yxc6,Midfielder,player,Iceland,4jjsm5a20nnxgw5cus6b7yxc6,18.0,active,yes,2003-07-02,NaN,NaN,NaN,NaN,NaN,NaN,NaN
52v2ru861dfey5m0uc56ew1lg,Baldur Kári,Helgason,Baldur,Kári Helgason,B. Helgason,Iceland,4jjsm5a20nnxgw5cus6b7yxc6,Midfielder,player,Iceland,4jjsm5a20nnxgw5cus6b7yxc6,37.0,active,yes,2005-02-08,NaN,NaN,NaN,NaN,NaN,NaN,NaN
5kob5ak338whsu5tnu7dysfrp,Heimir,Guðjónsson,Heimir,Gudjónsson,H. Guðjónsson,Iceland,4jjsm5a20nnxgw5cus6b7yxc6,NaN,coach,Iceland,4jjsm5a20nnxgw5cus6b7yxc6,NaN,active,yes,1969-04-03,187.0,NaN,84.0,NaN,NaN,NaN,NaN
5pbjtkchy3uq80kanhc4h2axh,Finnur Orri,Margeirsson,Finnur,Margeirsson,F. Margeirsson,Iceland,4jjsm5a20nnxgw5cus6b7yxc6,Midfielder,player,Iceland,4jjsm5a20nnxgw5cus6b7yxc6,8.0,active,yes,1991-03-08,180.0,Reykjavik,75.0,right,NaN,NaN,NaN
6a8edcekj0726758j2p3v4slx,Davíð Þór,Viðarsson,David,Vidarsson,D. Viðarsson,Iceland,4jjsm5a20nnxgw5cus6b7yxc6,NaN,assistant coach,Iceland,4jjsm5a20nnxgw5cus6b7yxc6,NaN,active,yes,1984-04-24,187.0,Reykjavík,85.0,left,NaN,NaN,NaN
6l5coe4u8lwquq4n1r7721cr9,Eggert Gunnþór,Jónsson,Eggert,Jónsson,E. Jónsson,Iceland,4jjsm5a20nnxgw5cus6b7yxc6,Defender,player,Iceland,4jjsm5a20nnxgw5cus6b7yxc6,6.0,active,no,1988-08-18,188.0,Reykjavik,81.0,right,NaN,NaN,NaN
6r0yq4i1lk788h1euk5ztec5,Viðar Ari,Jónsson,Vidar Ari,Jónsson,V. Jónsson,Iceland,4jjsm5a20nnxgw5cus6b7yxc6,Midfielder,player,Iceland,4jjsm5a20nnxgw5cus6b7yxc6,23.0,active,no,1994-03-10,184.0,NaN,75.0,right,NaN,NaN,NaN
78hkvikknejo7qoescoz7uaqd,Hörður Ingi,Gunnarsson,Hördur,Gunnarsson,H. Gunnarsson,Iceland,4jjsm5a20nnxgw5cus6b7yxc6,Defender,player,Iceland,4jjsm5a20nnxgw5cus6b7yxc6,16.0,active,no,1998-08-14,184.0,Reykjavík,NaN,right,NaN,NaN,NaN
7i8cqab89dlqbzfi72xm8jsb8,Heiðar Máni,Hermannsson,Heidar,Hermannsson,Ḥ. Hermannsson,Iceland,4jjsm5a20nnxgw5cus6b7yxc6,Goalkeeper,player,Iceland,4jjsm5a20nnxgw5cus6b7yxc6,12.0,active,yes,2005-10-12,NaN,NaN,NaN,NaN,NaN,NaN,NaN
8lpo3lj2ps6ldv6at8eq54cno,Ísak,Atlason,Ísak,Atlason,Í. Atlason,Iceland,4jjsm5a20nnxgw5cus6b7yxc6,Attacker,player,Iceland,4jjsm5a20nnxgw5cus6b7yxc6,31.0,active,no,2007-01-24,NaN,NaN,NaN,NaN,NaN,NaN,NaN
90wkclyap4w8q4qv29btwzh05,Grétar Snær,Gunnarsson,Grétar,Gunnarsson,G. Gunnarsson,Iceland,4jjsm5a20nnxgw5cus6b7yxc6,Defender,player,Iceland,4jjsm5a20nnxgw5cus6b7yxc6,21.0,active,yes,1997-01-08,NaN,NaN,NaN,NaN,Grétar Gunnarsson,NaN,NaN
91u91o671y24nfws3oeazkic5,Steven,Lennon,Steven,Lennon,S. Lennon,Scotland,1xf68d0a8lnnq30hnnn8kr6ut,Attacker,player,Scotland,1xf68d0a8lnnq30hnnn8kr6ut,7.0,active,no,1988-01-20,170.0,Irvine,60.0,right,NaN,NaN,NaN
94z7p8s4gbq5sshk4zmiadisq,Jóhann Ægir,Arnarsson,Jóhann,Arnarsson,J. Arnarsson,Iceland,4jjsm5a20nnxgw5cus6b7yxc6,Defender,player,Iceland,4jjsm5a20nnxgw5cus6b7yxc6,27.0,active,yes,2002-12-09,NaN,NaN,NaN,NaN,Jóhann Arnarsson,NaN,NaN
9x6p3yrcb8ujaf6fucihdm21h,Björn Daníel,Sverrisson,Björn,Sverrisson,B. Sverrisson,Iceland,4jjsm5a20nnxgw5cus6b7yxc6,Midfielder,player,Iceland,4jjsm5a20nnxgw5cus6b7yxc6,10.0,active,yes,1990-05-29,183.0,Hafnarfjörður,78.0,left,NaN,NaN,NaN
amdo0gvq5yaascwon92mhyaga,Eetu,Mömmö,Eetu,Mömmö,E. Mömmö,Finland,2u07e54v5dprsugdvddpq5ync,Attacker,player,Finland,2u07e54v5dprsugdvddpq5ync,19.0,active,no,2002-05-04,NaN,NaN,NaN,NaN,NaN,NaN,NaN
aq847shdr4pvjnqioyxnpn90q,Róbert Thor,Valdimarsson,Róbert,Valdimarsson,R. Valdimarsson,Iceland,4jjsm5a20nnxgw5cus6b7yxc6,Defender,player,Iceland,4jjsm5a20nnxgw5cus6b7yxc6,NaN,active,no,2004-03-23,NaN,NaN,NaN,NaN,NaN,NaN,NaN
b5j2yt4u3l2qgaltye0ycw8b8,Bjarki,Steinsen Arnarsson,Bjarki,Arnarsson,B. Arnarsson,Iceland,4jjsm5a20nnxgw5cus6b7yxc6,Midfielder,player,Iceland,4jjsm5a20nnxgw5cus6b7yxc6,20.0,active,yes,2005-12-22,NaN,NaN,NaN,NaN,NaN,NaN,NaN
bolhq239atugpjpes5oijvnys,Þorri Stefán,Þorbjörnsson,Thorri,Thorbjörnsson,Þ. Þorbjörnsson,Iceland,4jjsm5a20nnxgw5cus6b7yxc6,Defender,player,Iceland,4jjsm5a20nnxgw5cus6b7yxc6,NaN,active,no,2006-08-04,NaN,NaN,NaN,NaN,NaN,NaN,NaN
c93w2tl8or2miohm40i2p6oyd,Dani,Hatakka,Dani,Hatakka,D. Hatakka,Finland,2u07e54v5dprsugdvddpq5ync,Defender,player,Finland,2u07e54v5dprsugdvddpq5ync,26.0,active,no,1994-03-12,185.0,Espoo,82.0,NaN,NaN,NaN,NaN
cgtiys9a71wdpto6tfsg9efvt,Arnór Borg,Guðjohnsen,Arnór,Gudjohnsen,A. Guðjohnsen,Iceland,4jjsm5a20nnxgw5cus6b7yxc6,Midfielder,player,Iceland,4jjsm5a20nnxgw5cus6b7yxc6,25.0,active,yes,2000-09-16,NaN,NaN,NaN,NaN,NaN,NaN,NaN
d7hxe7djxov6k2hcxgcbnu7tg,Dagur,Traustason,Dagur,Traustason,D. Traustason,Iceland,4jjsm5a20nnxgw5cus6b7yxc6,Attacker,player,Iceland,4jjsm5a20nnxgw5cus6b7yxc6,22.0,active,no,2005-03-24,NaN,NaN,NaN,NaN,NaN,NaN,NaN
dgmdkay09a5h8yal86xn6ex2h,Ástbjörn,Þórðarson,Ástbjörn,Thórdarson,Á. Þórðarson,Iceland,4jjsm5a20nnxgw5cus6b7yxc6,Defender,player,Iceland,4jjsm5a20nnxgw5cus6b7yxc6,2.0,active,yes,1999-07-26,NaN,NaN,NaN,NaN,NaN,NaN,NaN
dn8omh6mbqkk6d6s9390ocvhm,Oliver,Heiðarsson,Oliver,Heidarsson,O. Heiðarsson,Iceland,4jjsm5a20nnxgw5cus6b7yxc6,Midfielder,player,Iceland,4jjsm5a20nnxgw5cus6b7yxc6,22.0,active,no,2001-02-23,NaN,NaN,NaN,right,NaN,NaN,NaN
e15ul5wi52ujg5n95hd7fxf6c,Úlfur Ágúst,Björnsson,Úlfur,Björnsson,Ú. Björnsson,Iceland,4jjsm5a20nnxgw5cus6b7yxc6,Attacker,player,Iceland,4jjsm5a20nnxgw5cus6b7yxc6,33.0,active,yes,2003-06-12,NaN,NaN,NaN,NaN,NaN,NaN,NaN
e68wsj3hgc96r9uzqz3wa16qy,Davíð Snær,Jóhannsson,Davíd,Jóhannsson,D. Jóhannsson,Iceland,4jjsm5a20nnxgw5cus6b7yxc6,Midfielder,player,Norway,7f16iy4w8u8ogyn6pfooqwv5z,11.0,active,no,2002-06-15,176.0,Oslo,NaN,right,NaN,Norway,7f16iy4w8u8ogyn6pfooqwv5z
ecljs4imbajp6qcgn5faqvs6i,Logi Hrafn,Róbertsson,Logi,Róbertsson,L. Róbertsson,Iceland,4jjsm5a20nnxgw5cus6b7yxc6,Midfielder,player,Iceland,4jjsm5a20nnxgw5cus6b7yxc6,34.0,active,yes,2004-07-22,187.0,NaN,NaN,right,NaN,NaN,NaN
emvch5bi808s5y92rb740xmnd,Vuk Oskar,Dimitrijevic,Vuk,Dimitrijevic,V. Dimitrijevic,Iceland,4jjsm5a20nnxgw5cus6b7yxc6,Midfielder,player,Iceland,4jjsm5a20nnxgw5cus6b7yxc6,29.0,active,yes,2001-02-28,NaN,NaN,NaN,NaN,NaN,NaN,NaN
f2xpgtbb0ebfp250936anub1m,Ólafur Andrés,Guðmundsson,Ólafur,Gudmundsson,Ó. Guðmundsson,Iceland,4jjsm5a20nnxgw5cus6b7yxc6,Defender,player,Iceland,4jjsm5a20nnxgw5cus6b7yxc6,4.0,active,yes,2002-03-18,NaN,NaN,NaN,NaN,Ólafur Gudmundsson,NaN,NaN
1t6ifqjgdducyo4qmq1ocz8mi,Tryggvi Snær,Geirsson,Tryggvi Snær,Geirsson,T. Geirsson,Iceland,4jjsm5a20nnxgw5cus6b7yxc6,Midfielder,player,Iceland,4jjsm5a20nnxgw5cus6b7yxc6,20.0,active,yes,2000-06-11,NaN,NaN,NaN,NaN,NaN,NaN,NaN
2eyoucq3okoiri7azycltfdud,Ragnar,Sigurðsson,Ragnar,Sigurdsson,R. Sigurðsson,Iceland,4jjsm5a20nnxgw5cus6b7yxc6,NaN,coach,Iceland,4jjsm5a20nnxgw5cus6b7yxc6,NaN,active,no,1986-06-19,187.0,Reykjavík,77.0,right,NaN,NaN,NaN
32fospqs5sej7f33t7m4ioydw,Albert,Vésteinsson Östenberg,Albert,Vésteinsson Östenberg,A. Vésteinsson Östenberg,Sweden,1z6l2c33w2kyz9rdefs1d68nb,Midfielder,player,Iceland,4jjsm5a20nnxgw5cus6b7yxc6,NaN,active,no,2004-01-13,NaN,NaN,NaN,NaN,NaN,Iceland,4jjsm5a20nnxgw5cus6b7yxc6
369jnvtugsvuhfzmlxqk13622,Jón Þórir,Sveinsson,Jon,Sveinsson,J. Sveinsson,Iceland,4jjsm5a20nnxgw5cus6b7yxc6,NaN,coach,Iceland,4jjsm5a20nnxgw5cus6b7yxc6,NaN,active,no,1965-08-05,NaN,NaN,NaN,NaN,NaN,NaN,NaN
418pvntm5e5kcoeyjjnzm7hg4,Breki,Baldursson,Breki,Baldursson,B. Baldursson,Iceland,4jjsm5a20nnxgw5cus6b7yxc6,Midfielder,player,Iceland,4jjsm5a20nnxgw5cus6b7yxc6,15.0,active,yes,2006-08-11,NaN,NaN,NaN,NaN,NaN,NaN,NaN
466qumqamxuvfxndm8aka5ega,Benjamín,Jónsson,Benjamín,Jónsson,B. Jónsson,Iceland,4jjsm5a20nnxgw5cus6b7yxc6,Goalkeeper,player,Iceland,4jjsm5a20nnxgw5cus6b7yxc6,12.0,active,no,2003-10-03,NaN,NaN,NaN,NaN,Benjamín Jónsson,NaN,NaN
46fdm6q03j2ewxslx6g807efp,Daði,Lárusson,NaN,NaN,D. Lárusson,Iceland,4jjsm5a20nnxgw5cus6b7yxc6,NaN,assistant coach,Iceland,4jjsm5a20nnxgw5cus6b7yxc6,NaN,active,yes,1973-06-19,189.0,Hafnarfjörður,88.0,NaN,NaN,NaN,NaN
4pahxlj804u2yl4e43jci5jo5,Jannik,Holmsgaard Pohl,Jannik,Pohl,J. Pohl,Denmark,5adf60vwiw2f2mibyq1k4ex7i,Attacker,player,Denmark,5adf60vwiw2f2mibyq1k4ex7i,79.0,active,yes,1996-04-06,183.0,NaN,77.0,NaN,NaN,NaN,NaN
4vsldm98td96dfsm5aj0isvvu,Aron Snær,Ingason,Aron Snær,Ingason,A. Ingason,Iceland,4jjsm5a20nnxgw5cus6b7yxc6,Midfielder,player,Iceland,4jjsm5a20nnxgw5cus6b7yxc6,32.0,active,no,2001-10-26,NaN,NaN,NaN,NaN,NaN,NaN,NaN
55j2w17p3b5wplyaxyr1j05w5,Brynjar Gauti,Guðjónsson,Brynjar,Gudjónsson,B. Guðjónsson,Iceland,4jjsm5a20nnxgw5cus6b7yxc6,Defender,player,Iceland,4jjsm5a20nnxgw5cus6b7yxc6,69.0,active,yes,1992-02-27,NaN,NaN,NaN,NaN,NaN,NaN,NaN
5qeqfaisz051k2a8288wnafo5,Tiago Manuel,da Silva Fernandes,Tiago Manuel,da Silva Fernandes,Tiago Fernandes,Portugal,1nbm5i9a0403zzvltn17lxinc,Midfielder,player,Portugal,1nbm5i9a0403zzvltn17lxinc,28.0,active,yes,1995-03-31,NaN,Vila Franca de Xira,NaN,right,Tiago Fernandes,NaN,NaN
5u6mc85m9e57oe6v4eb30t0yc,Þórhallur,Víkingsson,NaN,NaN,Þ. Víkingsson,Iceland,4jjsm5a20nnxgw5cus6b7yxc6,NaN,assistant coach,Iceland,4jjsm5a20nnxgw5cus6b7yxc6,NaN,active,yes,1968-05-07,NaN,NaN,NaN,NaN,NaN,NaN,NaN
6t15ah5yehchej4hnuhhwh0ix,Aðalsteinn,Aðalsteinsson,NaN,NaN,A. Aðalsteinsson,Iceland,4jjsm5a20nnxgw5cus6b7yxc6,NaN,assistant coach,Iceland,4jjsm5a20nnxgw5cus6b7yxc6,NaN,active,yes,1962-04-25,NaN,NaN,NaN,NaN,NaN,NaN,NaN
6vzkxsust3h28ffsoarzhvg89,Frederico,Bello Saraiva,Frederico,Bello Saraiva,Fred Saraiva,Brazil,2vufyvpoxd9lfl9f6vpp7tz6y,Midfielder,player,Brazil,2vufyvpoxd9lfl9f6vpp7tz6y,10.0,active,yes,1996-08-15,172.0,Rio Grande,67.0,right,Fred Saraiva,Portugal,1nbm5i9a0403zzvltn17lxinc
707j6nel8nqw8xi3tb4yb09ud,Albert,Hafsteinsson,Albert,Hafsteinsson,A. Hafsteinsson,Iceland,4jjsm5a20nnxgw5cus6b7yxc6,Midfielder,player,Iceland,4jjsm5a20nnxgw5cus6b7yxc6,8.0,active,no,1996-06-05,NaN,NaN,NaN,NaN,NaN,NaN,NaN
79t23r0ikrthokheas3fljidx,Aron,Jóhannsson,Aron,Jóhannsson,A. Jóhannsson,Iceland,4jjsm5a20nnxgw5cus6b7yxc6,Midfielder,player,Iceland,4jjsm5a20nnxgw5cus6b7yxc6,7.0,active,no,1994-01-11,NaN,NaN,NaN,NaN,NaN,NaN,NaN
7maoxa883kp9kcks5l5133xsl,Adam Örn,Arnarson,Adam Örn,Arnarson,A. Arnarson,Iceland,4jjsm5a20nnxgw5cus6b7yxc6,Defender,player,Iceland,4jjsm5a20nnxgw5cus6b7yxc6,17.0,active,yes,1995-08-27,180.0,Akureyri,73.0,right,NaN,NaN,NaN
7sevhbfjac3imtd4gxtup0sq2,Anton Hrafn,Hallgrímsson,Anton,Hallgrímsson,A. Hallgrímsson,Iceland,4jjsm5a20nnxgw5cus6b7yxc6,Defender,player,Iceland,4jjsm5a20nnxgw5cus6b7yxc6,38.0,active,no,2002-10-30,NaN,NaN,NaN,NaN,NaN,NaN,NaN
7t8k22hzxw9gc97d2ttxzj7px,Hlynur Atli,Magnússon,Hlynur Atli,Magnússon,H. Magnússon,Iceland,4jjsm5a20nnxgw5cus6b7yxc6,Defender,player,Iceland,4jjsm5a20nnxgw5cus6b7yxc6,14.0,active,no,1990-09-11,NaN,NaN,NaN,right,Hlynur Atli Magnússon,NaN,NaN
7tfg8cc5f727d1znzssm2t7f9,Guðmundur,Magnússon,Gudmundur,Magnússon,G. Magnússon,Iceland,4jjsm5a20nnxgw5cus6b7yxc6,Attacker,player,Iceland,4jjsm5a20nnxgw5cus6b7yxc6,77.0,active,yes,1991-06-10,NaN,NaN,NaN,NaN,Gudmundur Magnússon,NaN,NaN
7wskswq0tx48swdk0z6t4zw9g,Anton Ari,Bjarkason,Anton,Bjarkason,A. Bjarkason,Iceland,4jjsm5a20nnxgw5cus6b7yxc6,Defender,player,Iceland,4jjsm5a20nnxgw5cus6b7yxc6,18.0,active,yes,2004-04-08,NaN,NaN,NaN,NaN,NaN,NaN,NaN
8axp5g3azgs1xgf9v6gfn70q2,Sigfús Árni,Guðmundsson,Sigfús,Gudmundsson,S. Guðmundsson,Iceland,4jjsm5a20nnxgw5cus6b7yxc6,Defender,player,Iceland,4jjsm5a20nnxgw5cus6b7yxc6,27.0,active,yes,2004-04-13,NaN,NaN,NaN,NaN,NaN,NaN,NaN
8z2firh6bhuq9te8h9vglilzp,Orri,Sigurjónsson,Orri,Sigurjónsson,O. Sigurjónsson,Iceland,4jjsm5a20nnxgw5cus6b7yxc6,Midfielder,player,Iceland,4jjsm5a20nnxgw5cus6b7yxc6,4.0,active,yes,1994-12-11,NaN,NaN,NaN,NaN,NaN,NaN,NaN
98z1h0zmjg3rdstu51p5qk8ic,Mikael Trausti,Viðarsson,Mikael,Vidarsson,M. Viðarsson,Iceland,4jjsm5a20nnxgw5cus6b7yxc6,Defender,player,Iceland,4jjsm5a20nnxgw5cus6b7yxc6,29.0,active,no,2005-01-15,NaN,NaN,NaN,NaN,NaN,NaN,NaN
9li1b9tnewbe7273bdb8a90r8,Þengill,Orrason,Thengill,Orrason,Þ. Orrason,Iceland,4jjsm5a20nnxgw5cus6b7yxc6,Defender,player,Iceland,4jjsm5a20nnxgw5cus6b7yxc6,NaN,active,yes,2005-09-09,176.0,NaN,NaN,right,NaN,NaN,NaN
9s8mcj280ag3k0wh1tg9e2gkq,Magnús,Þórðarson,Magnús,Thórdarson,M. Þórðarson,Iceland,4jjsm5a20nnxgw5cus6b7yxc6,Midfielder,player,Iceland,4jjsm5a20nnxgw5cus6b7yxc6,11.0,active,yes,1999-11-22,NaN,NaN,NaN,NaN,NaN,NaN,NaN
9shfh4hwnfdny8d38jj7x3j6x,Aron Kári,Aðalsteinsson,Aron,Adalsteinsson,A. Aðalsteinsson,Iceland,4jjsm5a20nnxgw5cus6b7yxc6,Defender,player,Iceland,4jjsm5a20nnxgw5cus6b7yxc6,26.0,active,yes,1999-07-09,NaN,NaN,NaN,NaN,NaN,NaN,NaN
9yvanqi097mgyaqvdyhkyb9ck,Viktor Bjarki,Daðason,Viktor,Dadason,V. Daðason,Iceland,4jjsm5a20nnxgw5cus6b7yxc6,Attacker,player,Iceland,4jjsm5a20nnxgw5cus6b7yxc6,31.0,active,no,2008-06-30,193.0,NaN,NaN,right,NaN,NaN,NaN
a38r7o1r53fw45jx84nkp1al1,Delphin Dougie Jerk,Tshiembe,Delphin,Tshiembe,D. Tshiembe,Denmark,5adf60vwiw2f2mibyq1k4ex7i,Defender,player,Congo DR,6xq2smnxqvc5bh7vzza9ljiy9,5.0,active,no,1991-12-07,188.0,Kinshasa,85.0,right,NaN,NaN,NaN
ahd13cmryzpkr2a447osizhn8,Freyr,Sigurðsson,Freyr,Sigurdsson,F. Sigurðsson,Iceland,4jjsm5a20nnxgw5cus6b7yxc6,Midfielder,player,Iceland,4jjsm5a20nnxgw5cus6b7yxc6,33.0,active,no,2005-12-28,NaN,NaN,NaN,NaN,NaN,NaN,NaN
b2lzk8gda6ld78j210umtasph,Ólafur,Íshólm Ólafsson,Ólafur,Ólafsson,Ó. Ólafsson,Iceland,4jjsm5a20nnxgw5cus6b7yxc6,Goalkeeper,player,Iceland,4jjsm5a20nnxgw5cus6b7yxc6,1.0,active,yes,1995-05-08,NaN,NaN,NaN,NaN,NaN,NaN,NaN
b6i17jnpkow5bcssdxdnxpbai,Már,Ægisson,Mar,Ægisson,M. Ægisson,Iceland,4jjsm5a20nnxgw5cus6b7yxc6,Midfielder,player,Iceland,4jjsm5a20nnxgw5cus6b7yxc6,23.0,active,yes,2000-01-11,NaN,NaN,NaN,NaN,NaN,NaN,NaN
cug9djx1up87epy92n8mla590,Alexander,Arnarsson,Alexander,Arnarsson,A. Arnarsson,Iceland,4jjsm5a20nnxgw5cus6b7yxc6,Goalkeeper,player,Iceland,4jjsm5a20nnxgw5cus6b7yxc6,NaN,active,no,NaN,NaN,NaN,NaN,NaN,NaN,NaN,NaN
dqc8fdy84mlml4dwwi2xous,Markús Páll,Ellertsson,Markús,Ellertsson,M. Ellertsson,Iceland,4jjsm5a20nnxgw5cus6b7yxc6,Midfielder,player,Iceland,4jjsm5a20nnxgw5cus6b7yxc6,NaN,active,no,2006-02-06,NaN,NaN,NaN,NaN,NaN,NaN,NaN
dz6ir33bunw879ui9vf9txpm1,Óskar,Jónsson,Óskar,Jónsson,Ó. Jónsson,Iceland,4jjsm5a20nnxgw5cus6b7yxc6,Midfielder,player,Iceland,4jjsm5a20nnxgw5cus6b7yxc6,22.0,active,yes,1997-01-28,NaN,NaN,NaN,NaN,Óskar Jónsson,NaN,NaN
e1h0gtv0kpne5sy8ezafq6ehh,Þórir,Guðjónsson,Thórir,Gudjónsson,Þ. Guðjónsson,Iceland,4jjsm5a20nnxgw5cus6b7yxc6,Defender,player,Iceland,4jjsm5a20nnxgw5cus6b7yxc6,9.0,active,no,1991-04-07,NaN,NaN,NaN,NaN,Thórir Gudjónsson,NaN,NaN
f2zc80ehmj4zh5qimxnwno1sk,Egill Otti,Vilhjálmsson,Egill,Vilhjálmsson,E. Vilhjálmsson,Iceland,4jjsm5a20nnxgw5cus6b7yxc6,Attacker,player,Iceland,4jjsm5a20nnxgw5cus6b7yxc6,25.0,active,yes,2004-09-15,NaN,NaN,NaN,NaN,NaN,NaN,NaN
rpj2lnxwfmhnv3tf6x952y5m,Ion,Perelló Machí,Ion,Perelló,Ion Perelló,Spain,49ih1pwv3ahshdf8uzrimi54c,Midfielder,player,Spain,49ih1pwv3ahshdf8uzrimi54c,8.0,active,no,1998-05-07,NaN,NaN,NaN,NaN,NaN,NaN,NaN
1b7ni2ue7o4ap5zwkhcbcb7fu,Axel Máni,Guðbjörnsson,Axel,Gudbjörnsson,Axel Guðbjörnsson,Iceland,4jjsm5a20nnxgw5cus6b7yxc6,Defender,player,Iceland,4jjsm5a20nnxgw5cus6b7yxc6,15.0,active,yes,2002-07-05,NaN,NaN,NaN,NaN,Axel Gudbjörnsson,NaN,NaN
1pcc8wuqlin8l7kzlu4xv4xcl,Olgeir,Sigurgeirsson,Olgeir,Sigurgeirsson,O. Sigurgeirsson,Iceland,4jjsm5a20nnxgw5cus6b7yxc6,NaN,assistant coach,Iceland,4jjsm5a20nnxgw5cus6b7yxc6,NaN,active,yes,1982-10-22,NaN,NaN,NaN,NaN,NaN,NaN,NaN
1wlddp2l9xr7xmc42vzck0ine,Arnór Gauti,Jónsson,Arnór,Jónsson,A. Jónsson,Iceland,4jjsm5a20nnxgw5cus6b7yxc6,Midfielder,player,Iceland,4jjsm5a20nnxgw5cus6b7yxc6,4.0,active,no,2002-05-31,NaN,NaN,NaN,NaN,Arnór Jónsson,NaN,NaN
25uk6f92cspte2gz542tll1p1,Pétur,Bjarnason,Pétur,Bjarnason,P. Bjarnason,Iceland,4jjsm5a20nnxgw5cus6b7yxc6,Attacker,player,Iceland,4jjsm5a20nnxgw5cus6b7yxc6,9.0,active,no,1997-01-25,NaN,NaN,NaN,NaN,Pétur Bjarnason,NaN,NaN
4w9lg2iydcj1kmlpfu5xgkqac,Ómar Björn,Stefánsson,Ómar,Stefánsson,Ómar Stefánsson,Iceland,4jjsm5a20nnxgw5cus6b7yxc6,Attacker,player,Iceland,4jjsm5a20nnxgw5cus6b7yxc6,22.0,active,yes,2004-03-25,NaN,NaN,NaN,NaN,Ómar Stefánsson,NaN,NaN
5v8bab8hho1b02lkp15ijgmh,Jón Ívan,Rivine,Jón,Rivine,J. Rivine,Iceland,4jjsm5a20nnxgw5cus6b7yxc6,Goalkeeper,player,Iceland,4jjsm5a20nnxgw5cus6b7yxc6,12.0,active,no,1996-06-10,NaN,NaN,NaN,NaN,NaN,NaN,NaN
6a6w5v9pwh31mni0uhgpw3cic,Óskar,Borgþórsson,Óskar,Borgthórsson,Ó. Borgþórsson,Iceland,4jjsm5a20nnxgw5cus6b7yxc6,Midfielder,player,Iceland,4jjsm5a20nnxgw5cus6b7yxc6,77.0,active,no,2003-07-15,NaN,NaN,NaN,NaN,NaN,NaN,NaN
6j6ojqfc7fm88hsmmhb06v5qt,Orri Sveinn,Stefánsson,Orri,Stefánsson,Orri Stefánsson,Iceland,4jjsm5a20nnxgw5cus6b7yxc6,Defender,player,Iceland,4jjsm5a20nnxgw5cus6b7yxc6,5.0,active,yes,1996-02-20,NaN,NaN,NaN,NaN,Orri Stefánsson,NaN,NaN
7dlkbqd6x4nhvqgu7qospuy21,Michael John,Kingdon,NaN,NaN,M. Kingdon,Iceland,4jjsm5a20nnxgw5cus6b7yxc6,NaN,assistant coach,Iceland,4jjsm5a20nnxgw5cus6b7yxc6,NaN,active,yes,1997-11-04,188.0,NaN,78.0,NaN,NaN,NaN,NaN
87tdo84gc13rr4gxq2qkkeeqc,Theodór Ingi,Óskarsson,Theodór,Óskarsson,T. Óskarsson,Iceland,4jjsm5a20nnxgw5cus6b7yxc6,Midfielder,player,Iceland,4jjsm5a20nnxgw5cus6b7yxc6,7.0,active,yes,2006-01-23,NaN,NaN,NaN,NaN,NaN,NaN,NaN
8edccxdv51iafg5z1leoidzbo,Stefán Gísli,Stefánsson,Stefán,Stefánsson,S. Stefánsson,Iceland,4jjsm5a20nnxgw5cus6b7yxc6,Defender,player,Iceland,4jjsm5a20nnxgw5cus6b7yxc6,13.0,active,yes,2006-05-16,NaN,NaN,NaN,NaN,Stefán Stefánsson,NaN,NaN
8hlbqayje1aqb2oznmsafcd79,Daði,Ólafsson,Dadi,Ólafsson,D. Ólafsson,Iceland,4jjsm5a20nnxgw5cus6b7yxc6,Defender,player,Iceland,4jjsm5a20nnxgw5cus6b7yxc6,NaN,active,yes,1994-01-05,NaN,NaN,NaN,NaN,NaN,NaN,NaN
8thyqx0nihdxoo314mxmjpot1,Ragnar Bragi,Sveinsson,Ragnar,Sveinsson,R. Sveinsson,Iceland,4jjsm5a20nnxgw5cus6b7yxc6,Midfielder,player,Iceland,4jjsm5a20nnxgw5cus6b7yxc6,8.0,active,yes,1994-12-18,NaN,NaN,NaN,NaN,NaN,NaN,NaN
8zpi3a29eds7h2svwos3kj5xx,Thorleifur,Óskarsson,NaN,NaN,T. Óskarsson,Iceland,4jjsm5a20nnxgw5cus6b7yxc6,NaN,assistant coach,Iceland,4jjsm5a20nnxgw5cus6b7yxc6,NaN,active,yes,NaN,NaN,NaN,NaN,NaN,NaN,NaN,NaN
92pk383d104meguxaxh6ovmz8,Þóroddur,Víkingsson,Thóroddur,Víkingsson,Þóroddur Víkingsson,Iceland,4jjsm5a20nnxgw5cus6b7yxc6,Attacker,player,Iceland,4jjsm5a20nnxgw5cus6b7yxc6,25.0,active,yes,2004-01-05,NaN,NaN,NaN,NaN,NaN,NaN,NaN
9bk0d3pen9gjxogvrcvsryvvt,Arnór Breki,Ásþórsson,Arnór,Ásthorsson,A. Ásþórsson,Iceland,4jjsm5a20nnxgw5cus6b7yxc6,Defender,player,Iceland,4jjsm5a20nnxgw5cus6b7yxc6,27.0,active,yes,1998-02-08,NaN,NaN,NaN,NaN,NaN,NaN,NaN
9dl5nxvia4wxmu4sdqthvb23u,Frosti,Brynjólfsson,Frosti,Brynjólfsson,F. Brynjólfsson,Iceland,4jjsm5a20nnxgw5cus6b7yxc6,Midfielder,player,Iceland,4jjsm5a20nnxgw5cus6b7yxc6,6.0,active,no,2000-04-16,NaN,NaN,NaN,NaN,NaN,NaN,NaN
9udm0jhp7xd1dis8org2pglm2,Nikulás Val,Gunnarsson,Nikulás,Gunnarsson,N. Gunnarsson,Iceland,4jjsm5a20nnxgw5cus6b7yxc6,Midfielder,player,Iceland,4jjsm5a20nnxgw5cus6b7yxc6,18.0,active,yes,2000-01-17,NaN,NaN,NaN,NaN,NaN,NaN,NaN
b8d82j8uf9gtvmkfqh1x4cjbp,Ólafur Karl,Finsen,Ólafur,Finsen,Ó. Finsen,Iceland,4jjsm5a20nnxgw5cus6b7yxc6,Attacker,player,Iceland,4jjsm5a20nnxgw5cus6b7yxc6,80.0,active,no,1992-03-30,180.0,NaN,NaN,right,NaN,NaN,NaN
bel9js6jo5bthqveflp9tmexg,Þorkell,Víkingsson,NaN,NaN,Þorkell Víkingsson,Iceland,4jjsm5a20nnxgw5cus6b7yxc6,Midfielder,player,Iceland,4jjsm5a20nnxgw5cus6b7yxc6,NaN,active,no,NaN,185.0,NaN,NaN,right,NaN,NaN,NaN
bmxuh8ep8s08173tlqhl0fa39,Elís Rafn,Björnsson,Elís,Björnsson,E. Björnsson,Iceland,4jjsm5a20nnxgw5cus6b7yxc6,Defender,player,Iceland,4jjsm5a20nnxgw5cus6b7yxc6,24.0,active,no,1992-10-13,NaN,NaN,NaN,NaN,NaN,NaN,NaN
bn6klx7ql8qh49jz37km977x1,Ásgeir,Eyþórsson,Ásgeir,Eythórsson,Á. Eyþórsson,Iceland,4jjsm5a20nnxgw5cus6b7yxc6,Defender,player,Iceland,4jjsm5a20nnxgw5cus6b7yxc6,2.0,active,yes,1993-04-29,NaN,NaN,NaN,NaN,Ásgeir Eythórsson,NaN,NaN
c3fgn30eh2dlhaa0g46j9wtii,Birkir,Eyþórsson,Birkir,Eythórsson,B. Eyþórsson,Iceland,4jjsm5a20nnxgw5cus6b7yxc6,Midfielder,player,Iceland,4jjsm5a20nnxgw5cus6b7yxc6,17.0,active,yes,2000-05-07,NaN,NaN,NaN,NaN,Birkir Eythórsson,NaN,NaN
c3syeig8njhifqyzfuh53zac4,Guðmundur Rafn,Ingason,Gudmundur,Ingason,G. Ingason,Iceland,4jjsm5a20nnxgw5cus6b7yxc6,Goalkeeper,player,Iceland,4jjsm5a20nnxgw5cus6b7yxc6,30.0,active,yes,2004-08-13,NaN,NaN,NaN,NaN,NaN,NaN,NaN
c81mnernwn4ki77vjkbg9z2wa,Benedikt Daríus,Garðarsson,Benedikt,Gardarsson,B. Garðarsson,Iceland,4jjsm5a20nnxgw5cus6b7yxc6,Midfielder,player,Iceland,4jjsm5a20nnxgw5cus6b7yxc6,10.0,active,yes,1999-05-02,NaN,NaN,NaN,NaN,NaN,NaN,NaN
canhiz7s7t4pnsegxqnyfjavp,Rúnar Páll,Sigmundsson,Rúnar,Sigmundsson,R. Sigmundsson,Iceland,4jjsm5a20nnxgw5cus6b7yxc6,NaN,coach,Iceland,4jjsm5a20nnxgw5cus6b7yxc6,NaN,active,yes,1974-05-05,NaN,NaN,NaN,NaN,NaN,NaN,NaN
co3kf9ypaf86ybgd89yv0tyzu,Valgeir Árni,Svansson,Valgeir,Svansson,V. Svansson,Iceland,4jjsm5a20nnxgw5cus6b7yxc6,Defender,player,Iceland,4jjsm5a20nnxgw5cus6b7yxc6,21.0,active,no,1998-01-28,NaN,NaN,NaN,NaN,NaN,NaN,NaN
cvkw667kybc5qqa481s3vtvqh,Unnar Steinn,Ingvarsson,Unnar,Ingvarsson,U. Ingvarsson,Iceland,4jjsm5a20nnxgw5cus6b7yxc6,Defender,player,Iceland,4jjsm5a20nnxgw5cus6b7yxc6,3.0,active,yes,2000-11-12,NaN,NaN,NaN,right,NaN,NaN,NaN
dttyh3fpis2y1iy4tnvlcnpt6,Ólafur Kristófer,Helgason,Ólafur,Helgason,Ó. Helgason,Iceland,4jjsm5a20nnxgw5cus6b7yxc6,Goalkeeper,player,Iceland,4jjsm5a20nnxgw5cus6b7yxc6,1.0,active,yes,2002-10-24,NaN,NaN,NaN,NaN,NaN,NaN,NaN
du437ll7tc2yeeng8ebxtmne1,Þórður Gunnar,Hafþórsson,Thórdur,Hafthórsson,Þ. Hafþórsson,Iceland,4jjsm5a20nnxgw5cus6b7yxc6,Midfielder,player,Iceland,4jjsm5a20nnxgw5cus6b7yxc6,11.0,active,yes,2001-08-10,NaN,NaN,NaN,NaN,NaN,NaN,NaN
em4zanvckl4o7sj8y3njd4jro,Sveinn Gísli,Þorkelsson,Sveinn,Thorkelsson,S. Þorkelsson,Iceland,4jjsm5a20nnxgw5cus6b7yxc6,Defender,player,Iceland,4jjsm5a20nnxgw5cus6b7yxc6,20.0,active,no,2003-08-19,NaN,NaN,NaN,NaN,NaN,NaN,NaN
enbmsycw266wtfn67sf1fvz10,Stefán Logi,Sigurjónsson,Stefán,Sigurjónsson,S. Sigurjónsson,Iceland,4jjsm5a20nnxgw5cus6b7yxc6,Defender,player,Iceland,4jjsm5a20nnxgw5cus6b7yxc6,NaN,active,no,NaN,NaN,NaN,NaN,NaN,NaN,NaN,NaN
eoy2ubqs4szlml11curgvf85w,Aron Snær,Guðbjörnsson,Aron,Gudbjörnsson,Aron Guðbjörnsson,Iceland,4jjsm5a20nnxgw5cus6b7yxc6,Midfielder,player,Iceland,4jjsm5a20nnxgw5cus6b7yxc6,23.0,active,yes,2004-04-22,NaN,NaN,NaN,NaN,Aron Gudbjörnsson,NaN,NaN
pzeu4a7cgm5iklqinm7ls79x,Emil,Ásmundsson,Emil,Ásmundsson,E. Ásmundsson,Iceland,4jjsm5a20nnxgw5cus6b7yxc6,Midfielder,player,Iceland,4jjsm5a20nnxgw5cus6b7yxc6,16.0,active,yes,1995-01-08,NaN,NaN,NaN,NaN,NaN,NaN,NaN
13nfbso78aicjh821y5h6se7d,Atli Hrafn,Andrason,Atli,Andrason,A. Andrason,Iceland,4jjsm5a20nnxgw5cus6b7yxc6,Attacker,player,Iceland,4jjsm5a20nnxgw5cus6b7yxc6,10.0,active,yes,1999-01-04,180.0,Reykjavík,NaN,right,NaN,NaN,NaN
15ja1q6ag424a00lwlv0blq3u,Ívar Orri,Gissurarson,Ívar,Gissurarson,Í. Gissurarson,Iceland,4jjsm5a20nnxgw5cus6b7yxc6,Defender,player,Iceland,4jjsm5a20nnxgw5cus6b7yxc6,3.0,active,no,2003-07-03,NaN,NaN,NaN,NaN,NaN,NaN,NaN
166xiuq5kyfcrloue88mirm22,Marciano,Aziz,Marciano,Aziz,M. Aziz,Belgium,4wbzjcclyefma1ourvjsu4q2j,Midfielder,player,Belgium,4wbzjcclyefma1ourvjsu4q2j,11.0,active,no,2001-07-13,172.0,Eupen,NaN,right,NaN,NaN,NaN
1933g3r03hylu5r9crvbkbvv8,Kristján Snær,Frostason,Kristján,Frostason,K. Frostason,Iceland,4jjsm5a20nnxgw5cus6b7yxc6,Defender,player,Iceland,4jjsm5a20nnxgw5cus6b7yxc6,2.0,active,yes,2005-06-28,NaN,NaN,NaN,NaN,NaN,NaN,NaN
1ax36nk137qy4ig6o5oihp68l,Leifur Andri,Leifsson,Leifur,Leifsson,L. Leifsson,Iceland,4jjsm5a20nnxgw5cus6b7yxc6,Defender,player,Iceland,4jjsm5a20nnxgw5cus6b7yxc6,4.0,active,yes,1989-10-11,NaN,NaN,NaN,NaN,NaN,NaN,NaN
23qcsn2ydkdoytx15gtdoy6p6,Sigurbergur Áki,Jörundsson,Sigurbergur,Jörundsson,S. Jörundsson,Iceland,4jjsm5a20nnxgw5cus6b7yxc6,Defender,player,Iceland,4jjsm5a20nnxgw5cus6b7yxc6,20.0,active,no,2004-03-16,NaN,NaN,NaN,NaN,NaN,NaN,NaN
27dgoxmkzlopi4mifbhya5gr8,Ísak Aron,Ómarsson,Ísak,Ómarsson,Í. Ómarsson,Iceland,4jjsm5a20nnxgw5cus6b7yxc6,Defender,player,Iceland,4jjsm5a20nnxgw5cus6b7yxc6,NaN,active,yes,2004-06-19,NaN,NaN,NaN,NaN,NaN,NaN,NaN
2929mm98e23a3v30h9d7z1pg4,Hassan,Jalloh,Hassan,Jalloh,H. Jalloh,Australia,u5ieemi69z72c3bgczyy68lo,Attacker,player,Australia,u5ieemi69z72c3bgczyy68lo,23.0,active,no,1998-08-29,185.0,NaN,NaN,NaN,NaN,Sierra Leone,7kilikg56sxc0dsd6168dr57b
2jsd8ju9v6l4dv8t1jcq5yjmd,Birkir Valur,Jónsson,Birkir,Jónsson,B. Jónsson,Iceland,4jjsm5a20nnxgw5cus6b7yxc6,Defender,player,Iceland,4jjsm5a20nnxgw5cus6b7yxc6,6.0,active,yes,1998-11-02,185.0,Reykjavík,NaN,right,Birkir Jónsson,NaN,NaN
2s3r5i0gq3tmx67y7o029nn6c,Stéfan,Stéfansson,Stéfan,Stéfansson,S. Stéfansson,Iceland,4jjsm5a20nnxgw5cus6b7yxc6,Goalkeeper,player,Iceland,4jjsm5a20nnxgw5cus6b7yxc6,1.0,active,yes,2004-07-22,NaN,NaN,NaN,NaN,NaN,NaN,NaN
3e3iornyvm03cbixgyfkvb9xw,Ahmad,Faqa,Ahmad,Faqa,Ahmad Faqa,Sweden,1z6l2c33w2kyz9rdefs1d68nb,Defender,player,Syria,3tsnzfkszhsktmhsmwar1tvp8,5.0,active,no,2003-01-10,187.0,Qamishli,83.0,NaN,Ahmad Faqa,Syria,3tsnzfkszhsktmhsmwar1tvp8
3v6g1fe8nzsagt0rd0tiqe5n8,Atli Þór,Jónasson,Atli,Jónasson,A. Jónasson,Iceland,4jjsm5a20nnxgw5cus6b7yxc6,Attacker,player,Iceland,4jjsm5a20nnxgw5cus6b7yxc6,30.0,active,yes,2002-08-01,NaN,NaN,NaN,NaN,NaN,NaN,NaN
4e3ph3igta7s2siz5yeukzyms,Amin,Cosic,Amin,Cosic,A. Cosic,Iceland,4jjsm5a20nnxgw5cus6b7yxc6,Midfielder,player,Iceland,4jjsm5a20nnxgw5cus6b7yxc6,26.0,active,no,2005-10-27,NaN,NaN,NaN,NaN,NaN,NaN,NaN
4tjcz5bw0uk76w52bs4ithwyc,Andri Már,Harðarson,Andri Már,Hardarson,A. Harðarson,Iceland,4jjsm5a20nnxgw5cus6b7yxc6,Midfielder,player,Iceland,4jjsm5a20nnxgw5cus6b7yxc6,22.0,active,yes,2002-08-28,NaN,NaN,NaN,NaN,NaN,NaN,NaN
5gc4aouty93b7kbin9cpgrdre,Anton,Søjberg Horup,Anton,Søjberg,A. Søjberg,Denmark,5adf60vwiw2f2mibyq1k4ex7i,Attacker,player,Denmark,5adf60vwiw2f2mibyq1k4ex7i,9.0,active,no,2000-12-21,NaN,NaN,NaN,NaN,NaN,NaN,NaN
66u08ddqjpfrb3f49czmb6b55,Oliver,Haurits,Oliver,Haurits,O. Haurits,Denmark,5adf60vwiw2f2mibyq1k4ex7i,Attacker,player,Denmark,5adf60vwiw2f2mibyq1k4ex7i,NaN,active,yes,2000-12-12,186.0,NaN,80.0,NaN,NaN,NaN,NaN
6z5wuilw5slt067f8sam1yh91,Viktor Bjarki,Arnarsson,NaN,NaN,V. Arnarsson,Iceland,4jjsm5a20nnxgw5cus6b7yxc6,NaN,assistant coach,Iceland,4jjsm5a20nnxgw5cus6b7yxc6,NaN,active,yes,1983-01-22,NaN,NaN,NaN,NaN,NaN,NaN,NaN
73m8ud6v7yby3m8ktp7wuow0k,Birnir Breki,Burknason,Birnir,Burknason,B. Burknason,Iceland,4jjsm5a20nnxgw5cus6b7yxc6,Midfielder,player,Iceland,4jjsm5a20nnxgw5cus6b7yxc6,19.0,active,yes,2006-06-04,NaN,NaN,NaN,NaN,NaN,NaN,NaN
90ckmxko5ejjliy62mxhcqhg,Tumi,Þorvarsson,Tumi,Thorvarsson,T. Þorvarsson,Iceland,4jjsm5a20nnxgw5cus6b7yxc6,Midfielder,player,Iceland,4jjsm5a20nnxgw5cus6b7yxc6,28.0,active,yes,2005-02-15,NaN,NaN,NaN,NaN,NaN,NaN,NaN
92oh0zoo7xl4lg6mu5mjk3jdh,Atli,Arnarson,Atli,Arnarson,A. Arnarson,Iceland,4jjsm5a20nnxgw5cus6b7yxc6,Midfielder,player,Iceland,4jjsm5a20nnxgw5cus6b7yxc6,18.0,active,yes,1993-11-29,NaN,NaN,NaN,NaN,NaN,NaN,NaN
9p3wbf4jfeqoq8np2uzf96hd6,Teitur,Magnússon,Teitur,Magnússon,T. Magnússon,Iceland,4jjsm5a20nnxgw5cus6b7yxc6,Defender,player,Iceland,4jjsm5a20nnxgw5cus6b7yxc6,24.0,active,no,2001-06-24,NaN,NaN,NaN,NaN,NaN,NaN,NaN
bq76wwpxv4de72yyzzzew7y7d,Örvar,Eggertsson,Örvar,Eggertsson,Ö. Eggertsson,Iceland,4jjsm5a20nnxgw5cus6b7yxc6,Attacker,player,Iceland,4jjsm5a20nnxgw5cus6b7yxc6,7.0,active,no,1999-02-28,NaN,NaN,NaN,NaN,NaN,NaN,NaN
civvv5ns1omb20m4omsdoiklx,Arnar Freyr,Ólafsson,Arnar,Ólafsson,A. Ólafsson,Iceland,4jjsm5a20nnxgw5cus6b7yxc6,Goalkeeper,player,Iceland,4jjsm5a20nnxgw5cus6b7yxc6,25.0,active,yes,1993-03-06,NaN,NaN,NaN,NaN,NaN,NaN,NaN
cvlnxfcxy57dvuhlo66jsb4a2,Eyþór Aron,Wöhler Lárusson,Eythór,Wöhler,E. Wöhler,Iceland,4jjsm5a20nnxgw5cus6b7yxc6,Attacker,player,Iceland,4jjsm5a20nnxgw5cus6b7yxc6,77.0,active,no,2002-01-28,NaN,NaN,NaN,NaN,NaN,NaN,NaN
db493bal3xocb3o1aae7c64us,Karl Ágúst,Karlsson,Karl,Karlsson,K. Karlsson,Iceland,4jjsm5a20nnxgw5cus6b7yxc6,Midfielder,player,Iceland,4jjsm5a20nnxgw5cus6b7yxc6,29.0,active,no,2007-05-11,NaN,NaN,NaN,NaN,NaN,NaN,NaN
dchbnzrrm8g5mrv0e4gwg71be,Brynjar Snær,Pálsson,Brynjar,Pálsson,B. Pálsson,Iceland,4jjsm5a20nnxgw5cus6b7yxc6,Midfielder,player,Iceland,4jjsm5a20nnxgw5cus6b7yxc6,14.0,active,yes,2001-11-11,NaN,NaN,NaN,NaN,NaN,NaN,NaN
dplldck8fd2r0gz15cocvjyl1,Ívar Örn,Jónsson,Ívar,Jónsson,Í. Jónsson,Iceland,4jjsm5a20nnxgw5cus6b7yxc6,Defender,player,Iceland,4jjsm5a20nnxgw5cus6b7yxc6,21.0,active,yes,1994-02-02,183.0,NaN,NaN,left,Ívar Jónsson,NaN,NaN
e42g1uivy9sp28kjpg759anyt,Arnþór Ari,Atlason,Arnthor,Atlason,A. Atlason,Iceland,4jjsm5a20nnxgw5cus6b7yxc6,Midfielder,player,Iceland,4jjsm5a20nnxgw5cus6b7yxc6,8.0,active,yes,1993-10-12,NaN,NaN,NaN,NaN,NaN,NaN,NaN
eg25mhe4j8tx3mjdw9y9wdct0,Benedikt,Briem,Benedikt,Briem,B. Briem,Iceland,4jjsm5a20nnxgw5cus6b7yxc6,Goalkeeper,player,Iceland,4jjsm5a20nnxgw5cus6b7yxc6,12.0,active,no,NaN,NaN,NaN,NaN,NaN,NaN,NaN,NaN
ejt6y6c028hs6pm39fvldah3o,Hákon Freyr,Jónsson,Hákon,Jónsson,H. Jónsson,Iceland,4jjsm5a20nnxgw5cus6b7yxc6,Midfielder,player,Iceland,4jjsm5a20nnxgw5cus6b7yxc6,15.0,active,no,2003-11-30,NaN,NaN,NaN,NaN,Hákon Jónsson,NaN,NaN
el8upjgq5zj3bpr6noak51o9g,Ómar Ingi,Guðmundsson,Ómar,Gudmundsson,Ó. Guðmundsson,Iceland,4jjsm5a20nnxgw5cus6b7yxc6,NaN,coach,Iceland,4jjsm5a20nnxgw5cus6b7yxc6,NaN,active,yes,1986-04-24,NaN,NaN,NaN,NaN,NaN,NaN,NaN
ou7ou7q8n9qikyt10w83cb2s,Eiður Atli,Rúnarsson,Eidur,Rúnarsson,E. Rúnarsson,Iceland,4jjsm5a20nnxgw5cus6b7yxc6,Defender,player,Iceland,4jjsm5a20nnxgw5cus6b7yxc6,16.0,active,no,2002-02-06,NaN,NaN,NaN,NaN,NaN,NaN,NaN
1dlx1f8v5ais84i3i6hru31lh,Hallgrímur,Jónasson,Hallgrímur,Jónasson,H. Jónasson,Iceland,4jjsm5a20nnxgw5cus6b7yxc6,NaN,coach,Iceland,4jjsm5a20nnxgw5cus6b7yxc6,NaN,active,yes,1986-05-04,184.0,Húsavík,80.0,right,NaN,NaN,NaN
1p2okbl0cghwhx0wwpxsw3jdh,Steinþór Freyr,Þórsteinsson,Steinthór,Thórsteinsson,S. Þórsteinsson,Iceland,4jjsm5a20nnxgw5cus6b7yxc6,Midfielder,player,Iceland,4jjsm5a20nnxgw5cus6b7yxc6,23.0,active,no,1985-07-29,171.0,Kópavogur,68.0,right,NaN,NaN,NaN
1v1v7z7ej6broznjp1anupp90,Steingrímur,Örn Eiðsson,NaN,NaN,S. Örn Eiðsson,Iceland,4jjsm5a20nnxgw5cus6b7yxc6,NaN,assistant coach,Iceland,4jjsm5a20nnxgw5cus6b7yxc6,NaN,active,yes,1972-08-06,NaN,NaN,NaN,NaN,NaN,NaN,NaN
2fes9y2veaugv2v8eue9okf84,Valdimar Logi,Sævarsson,Valdimar,Sævarsson,V. Sævarsson,Iceland,4jjsm5a20nnxgw5cus6b7yxc6,Midfielder,player,Iceland,4jjsm5a20nnxgw5cus6b7yxc6,44.0,active,yes,2006-06-12,NaN,NaN,NaN,NaN,NaN,NaN,NaN
2v5ix8pwgcdrb3v6tim1tl3is,Kristoffer,Forgaard Paulsen,Kristoffer,Paulsen,K. Paulsen,Norway,7f16iy4w8u8ogyn6pfooqwv5z,Defender,player,Norway,7f16iy4w8u8ogyn6pfooqwv5z,16.0,active,no,2004-01-31,192.0,NaN,NaN,NaN,NaN,NaN,NaN
381vrdne8tq32r6gu1hc5dp05,Steinþór Már,Auðunsson,Steinthór,Audunsson,S. Auðunsson,Iceland,4jjsm5a20nnxgw5cus6b7yxc6,Goalkeeper,player,Iceland,4jjsm5a20nnxgw5cus6b7yxc6,13.0,active,yes,1990-02-23,NaN,NaN,NaN,NaN,NaN,NaN,NaN
385vnfpb2tpg3rd6yb4v0cout,Andri Fannar,Stefánsson,Andri,Stefánsson,A. Stefánsson,Iceland,4jjsm5a20nnxgw5cus6b7yxc6,Midfielder,player,Iceland,4jjsm5a20nnxgw5cus6b7yxc6,14.0,active,yes,1991-04-22,176.0,NaN,NaN,right,NaN,NaN,NaN
3dmmttxuri43rqfzaa7rc76j9,Pætur,Joensson Petersen,Pætur,Petersen,P. Petersen,Faroe Islands,1glg6jsz6v1fkk8y9pq4fqjc4,Attacker,player,Faroe Islands,1glg6jsz6v1fkk8y9pq4fqjc4,8.0,active,no,1998-03-29,NaN,NaN,NaN,NaN,Pætur Petersen,NaN,NaN
3h1pue77i6174qhu5o88i5dlg,Breki Hólm,Baldursson,Breki,Baldursson,B. Baldursson,Iceland,4jjsm5a20nnxgw5cus6b7yxc6,Attacker,player,Iceland,4jjsm5a20nnxgw5cus6b7yxc6,16.0,active,yes,2005-07-26,NaN,NaN,NaN,NaN,NaN,NaN,NaN
4ck18i4d06tuemlgtoex8djop,Daníel,Hafsteinsson,Daníel,Hafsteinsson,D. Hafsteinsson,Iceland,4jjsm5a20nnxgw5cus6b7yxc6,Midfielder,player,Iceland,4jjsm5a20nnxgw5cus6b7yxc6,7.0,active,yes,1999-11-12,NaN,NaN,NaN,NaN,NaN,NaN,NaN
4e6t70lgpbaagndf7e1h9vjoq,Sveinn Margeir,Hauksson,Sveinn,Hauksson,S. Hauksson,Iceland,4jjsm5a20nnxgw5cus6b7yxc6,Midfielder,player,Iceland,4jjsm5a20nnxgw5cus6b7yxc6,30.0,active,yes,2001-11-02,NaN,NaN,NaN,NaN,NaN,NaN,NaN
4nrw2ukm5nf6n6a16qdlrb5rd,Ívar Örn,Árnason,Ívar,Árnason,Í. Árnason,Iceland,4jjsm5a20nnxgw5cus6b7yxc6,Defender,player,Iceland,4jjsm5a20nnxgw5cus6b7yxc6,5.0,active,yes,1996-04-12,NaN,NaN,NaN,NaN,Ívar Árnason,NaN,NaN
5htxts9xs8fxaz78eb1er4edx,Jóan Símun,Edmundsson,Jóan,Edmundsson,J. Edmundsson,Faroe Islands,1glg6jsz6v1fkk8y9pq4fqjc4,Attacker,player,Faroe Islands,1glg6jsz6v1fkk8y9pq4fqjc4,6.0,active,no,1991-07-26,185.0,Toftir,83.0,left,NaN,NaN,NaN
5w4htmknzrbnl4rsyl2aokt7t,Þórri Mar,Þórisson,Thórri,Thórisson,Þ. Þórisson,Iceland,4jjsm5a20nnxgw5cus6b7yxc6,Defender,player,Iceland,4jjsm5a20nnxgw5cus6b7yxc6,27.0,active,no,1999-08-13,NaN,NaN,NaN,NaN,Thórri Thórisson,NaN,NaN
6oid1zv8qh4b2d7c5aq75gvtg,Hrannar Mar,Steingrímsson,Hrannar,Steingrímsson,H. Steingrímsson,Iceland,4jjsm5a20nnxgw5cus6b7yxc6,Defender,player,Iceland,4jjsm5a20nnxgw5cus6b7yxc6,NaN,active,no,1992-06-10,NaN,NaN,NaN,NaN,NaN,NaN,NaN
6pm05tn2ooqf3oe0e8kt6v578,Sindri,Sigurðarson,Sindri,Sigurdarson,S. Sigurðarson,Iceland,4jjsm5a20nnxgw5cus6b7yxc6,Midfielder,player,Iceland,4jjsm5a20nnxgw5cus6b7yxc6,NaN,active,yes,2005-02-11,NaN,NaN,NaN,NaN,NaN,NaN,NaN
6swftmu97i7gl9klctswzzhg4,Ingimar,Torbjørnsson Støle,Ingimar,Støle,I. Støle,Iceland,4jjsm5a20nnxgw5cus6b7yxc6,Defender,player,Iceland,4jjsm5a20nnxgw5cus6b7yxc6,26.0,active,yes,2004-01-19,NaN,NaN,NaN,NaN,NaN,Norway,7f16iy4w8u8ogyn6pfooqwv5z
77zozbltxse3ywhz8pl0aw2y1,Jakob Snær,Árnason,Jakob,Árnason,J. Árnason,Iceland,4jjsm5a20nnxgw5cus6b7yxc6,Attacker,player,Iceland,4jjsm5a20nnxgw5cus6b7yxc6,29.0,active,yes,1997-07-04,NaN,NaN,NaN,NaN,Jakob Árnason,NaN,NaN
7omt89p24e3g7ps4vxl1vfk0k,Mikael Breki,Þórðarson,Mikael,Thórdarson,M. Þórðarson,Iceland,4jjsm5a20nnxgw5cus6b7yxc6,Midfielder,player,Iceland,4jjsm5a20nnxgw5cus6b7yxc6,21.0,active,yes,2007-02-20,NaN,NaN,NaN,NaN,NaN,NaN,NaN
7predrc434lbpkqstn96cpdsk,Gabriel Lukas Freitas,Meira,Gabriel,Meira,G. Meira,Iceland,4jjsm5a20nnxgw5cus6b7yxc6,Midfielder,player,Iceland,4jjsm5a20nnxgw5cus6b7yxc6,99.0,active,no,2006-07-31,NaN,NaN,NaN,NaN,NaN,NaN,NaN
7upgxx5pkwolebhl5ulg1w50q,Birgir,Baldvinsson,Birgir,Baldvinsson,B. Baldvinsson,Iceland,4jjsm5a20nnxgw5cus6b7yxc6,Defender,player,Iceland,4jjsm5a20nnxgw5cus6b7yxc6,2.0,active,yes,2001-01-10,NaN,NaN,NaN,NaN,NaN,NaN,NaN
8ryvjrt82qdrlk249wizk12vp,Ásgeir,Sigurgeirsson,Ásgeir,Sigurgeirsson,Á. Sigurgeirsson,Iceland,4jjsm5a20nnxgw5cus6b7yxc6,Attacker,player,Iceland,4jjsm5a20nnxgw5cus6b7yxc6,11.0,active,yes,1996-12-11,NaN,NaN,NaN,NaN,NaN,NaN,NaN
9yjo66p00q10dglppyg4yipzo,Sigurður Brynjar,Þórisson,Sigurdur,Thórisson,S. Þórisson,Iceland,4jjsm5a20nnxgw5cus6b7yxc6,Defender,player,Iceland,4jjsm5a20nnxgw5cus6b7yxc6,32.0,active,no,2004-01-13,NaN,NaN,NaN,NaN,Sigurdur Thórisson,NaN,NaN
ab8x9rhl4tef9mqz2uzzg6cix,Harley Bryn,Willard,Harley,Willard,H. Willard,Scotland,1xf68d0a8lnnq30hnnn8kr6ut,Midfielder,player,England,1fk5l4hkqk12i7zske6mcqju6,37.0,active,yes,1997-09-04,180.0,London,65.0,NaN,NaN,England,1fk5l4hkqk12i7zske6mcqju6
aini4vl9ne9db3fec9bzenhzp,Rodrigo,Gómez Mateo,Rodrigo,Gómez Mateo,Rodri,Spain,49ih1pwv3ahshdf8uzrimi54c,Midfielder,player,Spain,49ih1pwv3ahshdf8uzrimi54c,4.0,active,yes,1989-02-09,NaN,Orihuela,NaN,NaN,Rodri,NaN,NaN
b4ffy39rimcfhu66yflwba8t0,Ívar,Arnbro Þórhallsson,Ívar,Thórhallsson,Í. Þórhallsson,Iceland,4jjsm5a20nnxgw5cus6b7yxc6,Goalkeeper,player,Iceland,4jjsm5a20nnxgw5cus6b7yxc6,1.0,active,no,2006-05-25,NaN,NaN,NaN,NaN,NaN,NaN,NaN
b7lfjjmdtaq9fd2dxfig6b8b9,Hrannar Björn,Steingrímsson,Hrannar,Steingrímsson,Hrannar Steingrímsson,Iceland,4jjsm5a20nnxgw5cus6b7yxc6,Defender,player,Iceland,4jjsm5a20nnxgw5cus6b7yxc6,22.0,active,yes,1992-06-19,NaN,NaN,NaN,NaN,Hrannar Steingrímsson,NaN,NaN
bxu5dr1iczfweuxfupwtje7kl,Hallgrímur Mar,Steingrímsson,Hallgrímur,Steingrímsson,Hallgrímur Steingrímsson,Iceland,4jjsm5a20nnxgw5cus6b7yxc6,Midfielder,player,Iceland,4jjsm5a20nnxgw5cus6b7yxc6,10.0,active,yes,1990-10-02,NaN,NaN,NaN,NaN,Hallgrímur Steingrímsson,NaN,NaN
crl80qssuv2hd9lw79mr18qok,Björgvin Máni,Bjarnason,Björgvin,Bjarnason,B. Bjarnason,Iceland,4jjsm5a20nnxgw5cus6b7yxc6,Midfielder,player,Iceland,4jjsm5a20nnxgw5cus6b7yxc6,NaN,active,no,2004-05-06,NaN,NaN,NaN,NaN,NaN,NaN,NaN
cym3dfnwose81msj6x0dnuoyd,Kristijan,Jajalo,Kristijan,Jajalo,K. Jajalo,Bosnia and Herzegovina,4fue8u54361o79fbiu9qwxjer,Goalkeeper,player,Bosnia and Herzegovina,4fue8u54361o79fbiu9qwxjer,12.0,active,yes,1993-03-04,NaN,NaN,NaN,NaN,NaN,Croatia,37hlakrwxyuzovaeoo4sezusp
d2gabd3340rs5oz5kfvrunrpw,Jóhann Mikael,Ingólfsson,Jóhann,Ingólfsson,J. Ingólfsson,Iceland,4jjsm5a20nnxgw5cus6b7yxc6,Goalkeeper,player,Iceland,4jjsm5a20nnxgw5cus6b7yxc6,NaN,active,yes,2007-03-12,NaN,NaN,NaN,NaN,NaN,NaN,NaN
dzaqu4a0ruhe32nuwtfoyj52i,Bjarni,Aðalsteinsson,Bjarni,Adalsteinsson,B. Aðalsteinsson,Iceland,4jjsm5a20nnxgw5cus6b7yxc6,Midfielder,player,Iceland,4jjsm5a20nnxgw5cus6b7yxc6,77.0,active,yes,1999-09-01,NaN,NaN,NaN,NaN,Bjarni Adalsteinsson,NaN,NaN
ebo940tm8dxj92toyt4gnkg7o,Árni Veigar,Árnason,Árni,Árnason,Á. Árnason,Iceland,4jjsm5a20nnxgw5cus6b7yxc6,Attacker,player,Iceland,4jjsm5a20nnxgw5cus6b7yxc6,NaN,active,no,2007-02-10,NaN,NaN,NaN,NaN,Árni Árnason,NaN,NaN
u66q1nwy5wrrvtkb6xk2h80l,Elfar Árni,Aðal­steins­son,Elfar,Adalsteinsson,E. Aðal­steins­son,Iceland,4jjsm5a20nnxgw5cus6b7yxc6,Attacker,player,Iceland,4jjsm5a20nnxgw5cus6b7yxc6,9.0,active,yes,1990-08-12,NaN,NaN,NaN,NaN,Elfar Adalsteinsson,NaN,NaN
w28d5hfi86ynsg35024ssnah,Alex Freyr,Elísson,Alex,Elísson,A. Elísson,Iceland,4jjsm5a20nnxgw5cus6b7yxc6,Defender,player,Iceland,4jjsm5a20nnxgw5cus6b7yxc6,33.0,active,no,1997-10-09,NaN,NaN,NaN,right,NaN,NaN,NaN
y7xdxkfg2xgix4kdebwa9psl,Dušan,Brković,Dusan,Brkovic,D. Brković,Serbia,5w4ve503bjdsshwx9ho6jxzx0,Defender,player,Serbia,5w4ve503bjdsshwx9ho6jxzx0,3.0,active,no,1989-01-20,182.0,Užice,80.0,right,NaN,NaN,NaN
19hzpe1n577d6o8ammvronswk,Eiður Baldvin,Baldvinsson,Eidur,Baldvinsson,E. Baldvinsson,Iceland,4jjsm5a20nnxgw5cus6b7yxc6,Attacker,player,Iceland,4jjsm5a20nnxgw5cus6b7yxc6,NaN,active,no,2004-08-03,NaN,NaN,NaN,NaN,NaN,NaN,NaN
1qy1fe9abj8m4y69ug10tdh3p,Atli,Sigurjónsson,Atli,Sigurjónsson,A. Sigurjónsson,Iceland,4jjsm5a20nnxgw5cus6b7yxc6,Midfielder,player,Iceland,4jjsm5a20nnxgw5cus6b7yxc6,23.0,active,yes,1991-07-01,NaN,NaN,NaN,NaN,NaN,NaN,NaN
1xqlj7mfn2mmosi4iaaptzo5w,Magnús Valur,Valþórsson,Magnús,Valþórsson,M. Valþórsson,Iceland,4jjsm5a20nnxgw5cus6b7yxc6,Defender,player,Iceland,4jjsm5a20nnxgw5cus6b7yxc6,NaN,active,no,NaN,NaN,NaN,NaN,NaN,NaN,NaN,NaN
2ebmq7lsmgpld94c0qdbezotm,Finnur Tómas,Pálmason,Finnur,Pálmason,F. Pálmason,Iceland,4jjsm5a20nnxgw5cus6b7yxc6,Defender,player,Iceland,4jjsm5a20nnxgw5cus6b7yxc6,7.0,active,yes,2001-02-12,NaN,NaN,NaN,NaN,NaN,NaN,NaN
2hkicgp8zeqz4fif67rdhg2c5,Kristinn,Jónsson,Kristinn,Jónsson,K. Jónsson,Iceland,4jjsm5a20nnxgw5cus6b7yxc6,Defender,player,Iceland,4jjsm5a20nnxgw5cus6b7yxc6,19.0,active,no,1990-08-04,174.0,NaN,74.0,left,Kristinn Jónsson,NaN,NaN
2lsv3xzudv78cddzsvl76zgx6,Pontus Karl Algot,Lindgren,Pontus,Lindgren,P. Lindgren,Sweden,1z6l2c33w2kyz9rdefs1d68nb,Defender,player,Sweden,1z6l2c33w2kyz9rdefs1d68nb,15.0,active,no,2000-12-13,NaN,NaN,NaN,NaN,NaN,NaN,NaN
2q6sb58hub7xdy96endeu5v1m,Jóhannes Kristinn,Bjarnason,Jóhannes,Bjarnason,J. Bjarnason,Iceland,4jjsm5a20nnxgw5cus6b7yxc6,Midfielder,player,Iceland,4jjsm5a20nnxgw5cus6b7yxc6,4.0,active,yes,2005-02-24,NaN,NaN,NaN,right,Jóhannes Bjarnason,NaN,NaN
4arnwf84ujrp9m3eap6u02plg,Viktor Orri,Guðmundsson,Viktor,Gudmundsson,V. Guðmundsson,Iceland,4jjsm5a20nnxgw5cus6b7yxc6,Defender,player,Iceland,4jjsm5a20nnxgw5cus6b7yxc6,30.0,active,yes,NaN,NaN,NaN,NaN,NaN,Viktor Gudmundsson,NaN,NaN
4kxcncxtl34rjdsvg6nem9re1,Simen,Lillevik Kjellevold,Simen,Lillevik,S. Lillevik,Norway,7f16iy4w8u8ogyn6pfooqwv5z,Goalkeeper,player,Norway,7f16iy4w8u8ogyn6pfooqwv5z,1.0,active,no,1994-11-07,NaN,NaN,NaN,NaN,NaN,NaN,NaN
4vpytltbg9ojlh4zp8qtifoq1,Sigurður Bjartur,Hallsson,Sigurdur,Hallsson,S. Hallsson,Iceland,4jjsm5a20nnxgw5cus6b7yxc6,Attacker,player,Iceland,4jjsm5a20nnxgw5cus6b7yxc6,33.0,active,no,1999-09-01,NaN,NaN,NaN,NaN,NaN,NaN,NaN
5iizc6makgt9rxoz8un3hjv1l,Ægir Jarl,Jónasson,Ægir,Jónasson,Æ. Jónasson,Iceland,4jjsm5a20nnxgw5cus6b7yxc6,Midfielder,player,Iceland,4jjsm5a20nnxgw5cus6b7yxc6,14.0,active,no,1998-03-08,NaN,NaN,NaN,right,NaN,NaN,NaN
5rx96hv9nc6oub1cvua5h26i2,Ole Martin,Nesselquist,NaN,NaN,O. Nesselquist,Norway,7f16iy4w8u8ogyn6pfooqwv5z,NaN,assistant coach,Norway,7f16iy4w8u8ogyn6pfooqwv5z,NaN,active,no,1993-06-24,NaN,NaN,NaN,NaN,NaN,NaN,NaN
6vvif14zd0corqwdfzsnbx6hg,Rúrik,Gunnarsson,Rúrik,Gunnarsson,R. Gunnarsson,Iceland,4jjsm5a20nnxgw5cus6b7yxc6,Defender,player,Iceland,4jjsm5a20nnxgw5cus6b7yxc6,NaN,active,yes,2005-03-09,NaN,NaN,NaN,NaN,NaN,NaN,NaN
6wl9x60uqcaqmkqjykwclt1m2,Luke Morgan Conrad,Rae,Luke,Rae,L. Rae,England,1fk5l4hkqk12i7zske6mcqju6,Midfielder,player,England,1fk5l4hkqk12i7zske6mcqju6,17.0,active,yes,2000-12-27,NaN,NaN,NaN,NaN,NaN,NaN,NaN
6zkf8tic6nro08uaklod19t61,Stefán Árni,Geirsson,Stefán,Geirsson,S. Geirsson,Iceland,4jjsm5a20nnxgw5cus6b7yxc6,Midfielder,player,Iceland,4jjsm5a20nnxgw5cus6b7yxc6,9.0,active,yes,2000-11-06,NaN,NaN,NaN,NaN,NaN,NaN,NaN
71blmimt1xkib6l1oerimsefo,Jón Arnar,Sigurðsson,Jón,Sigurdsson,J. Sigurðsson,Iceland,4jjsm5a20nnxgw5cus6b7yxc6,Defender,player,Iceland,4jjsm5a20nnxgw5cus6b7yxc6,25.0,active,no,2007-05-03,NaN,NaN,NaN,NaN,NaN,NaN,NaN
7djiu062df2mock06lrukjw0l,Aron Snær,Friðriksson,Aron,Fridriksson,A. Friðriksson,Iceland,4jjsm5a20nnxgw5cus6b7yxc6,Goalkeeper,player,Iceland,4jjsm5a20nnxgw5cus6b7yxc6,13.0,active,no,1997-01-29,NaN,NaN,NaN,NaN,NaN,NaN,NaN
82r01yf1nmp0goby07719ln11,Beitir,Ólafsson,Beitir,Ólafsson,B. Ólafsson,Iceland,4jjsm5a20nnxgw5cus6b7yxc6,Goalkeeper,player,Iceland,4jjsm5a20nnxgw5cus6b7yxc6,NaN,active,no,1986-07-02,NaN,NaN,NaN,NaN,NaN,NaN,NaN
8cujog9nbsn2kafq1yw809rai,Birgir Steinn,Styrmisson,Birgir,Styrmisson,B. Styrmisson,Iceland,4jjsm5a20nnxgw5cus6b7yxc6,Defender,player,Iceland,4jjsm5a20nnxgw5cus6b7yxc6,21.0,active,yes,2004-06-07,NaN,NaN,NaN,NaN,NaN,NaN,NaN
90wkclyap4w8q4qv29btwzh05,Grétar Snær,Gunnarsson,Grétar,Gunnarsson,G. Gunnarsson,Iceland,4jjsm5a20nnxgw5cus6b7yxc6,Defender,player,Iceland,4jjsm5a20nnxgw5cus6b7yxc6,6.0,active,no,1997-01-08,NaN,NaN,NaN,NaN,Grétar Gunnarsson,NaN,NaN
92mfx74bv9bd1cqi34i9wf40k,Benoný,Breki Andrésson,Benoný,Andrésson,B. Andrésson,Iceland,4jjsm5a20nnxgw5cus6b7yxc6,Attacker,player,Iceland,4jjsm5a20nnxgw5cus6b7yxc6,20.0,active,yes,2005-08-03,NaN,NaN,NaN,NaN,Benoný Andrésson,NaN,NaN
94t1sbb9p3vaw296h86gmxv8q,Jakob Franz,Pálsson,Jakob,Pálsson,J. Pálsson,Iceland,4jjsm5a20nnxgw5cus6b7yxc6,Defender,player,Iceland,4jjsm5a20nnxgw5cus6b7yxc6,5.0,active,no,2003-01-07,NaN,NaN,NaN,NaN,Jakob Pálsson,NaN,NaN
9o5q2frdb3ah9fzeyhgumftre,Benedikt,Jóhannsson,Benedikt,Jóhannsson,B. Jóhannsson,Iceland,4jjsm5a20nnxgw5cus6b7yxc6,Attacker,player,Iceland,4jjsm5a20nnxgw5cus6b7yxc6,NaN,active,no,2001-12-09,NaN,NaN,NaN,NaN,NaN,NaN,NaN
a1q3qx9smyrvy53n8e30wcr85,Rúnar,Kristinsson,Rúnar,Kristinsson,R. Kristinsson,Iceland,4jjsm5a20nnxgw5cus6b7yxc6,NaN,coach,Iceland,4jjsm5a20nnxgw5cus6b7yxc6,NaN,active,no,1969-09-05,NaN,NaN,NaN,NaN,NaN,NaN,NaN
c5cp8m7dagu09rr6vgwnp4tsl,Kennie,Knak Chopart,Kennie,Chopart,K. Chopart,Denmark,5adf60vwiw2f2mibyq1k4ex7i,Defender,player,Denmark,5adf60vwiw2f2mibyq1k4ex7i,11.0,active,no,1990-06-01,NaN,NaN,NaN,NaN,NaN,NaN,NaN
c7vt71wbrxc5csp2crih30c7p,Olav,Øby,Olav,Øby,O. Øby,Norway,7f16iy4w8u8ogyn6pfooqwv5z,Midfielder,player,Norway,7f16iy4w8u8ogyn6pfooqwv5z,8.0,active,no,1994-10-13,181.0,Sarpsborg,76.0,right,NaN,NaN,NaN
ckzczxjb1jmzz6gby40l6onbo,Lúkas Magni,Magnason,Lúkas Magni,Magnason,L. Magnason,Iceland,4jjsm5a20nnxgw5cus6b7yxc6,Defender,player,Iceland,4jjsm5a20nnxgw5cus6b7yxc6,15.0,active,yes,2005-02-18,NaN,NaN,NaN,NaN,NaN,NaN,NaN
d00nw11kd9t8dg42btdx3ou8k,Hrafn,Tómasson,Hrafn,Tómasson,H. Tómasson,Iceland,4jjsm5a20nnxgw5cus6b7yxc6,Midfielder,player,Iceland,4jjsm5a20nnxgw5cus6b7yxc6,26.0,active,yes,2003-07-15,NaN,NaN,NaN,NaN,NaN,NaN,NaN
dugvnlvkjsqwmhha5q8eox6uh,Aron Kristófer,Lárusson,Aron,Lárusson,A. Lárusson,Iceland,4jjsm5a20nnxgw5cus6b7yxc6,Defender,player,Iceland,4jjsm5a20nnxgw5cus6b7yxc6,18.0,active,yes,1998-09-17,NaN,Akureyri,NaN,NaN,NaN,NaN,NaN
eeg5vkl134psossocp3qz3x05,Theodór Elmar,Bjarnason,Elmar,Bjarnason,E. Bjarnason,Iceland,4jjsm5a20nnxgw5cus6b7yxc6,Midfielder,player,Iceland,4jjsm5a20nnxgw5cus6b7yxc6,16.0,active,yes,1987-03-04,183.0,Reykjavík,78.0,right,Elmar Bjarnason,NaN,NaN
eupf0h6o7w45uhw0wqolrvjrp,Aron Þórður,Albertsson,Aron,Albertsson,A. Albertsson,Iceland,4jjsm5a20nnxgw5cus6b7yxc6,Midfielder,player,Iceland,4jjsm5a20nnxgw5cus6b7yxc6,29.0,active,yes,1996-06-27,NaN,NaN,NaN,right,NaN,NaN,NaN
qfggmfva5mhl3qu9p6v5h87p,Kristján Flóki,Finnbogason,Kristján,Finnbogason,K. Finnbogason,Iceland,4jjsm5a20nnxgw5cus6b7yxc6,Attacker,player,Iceland,4jjsm5a20nnxgw5cus6b7yxc6,10.0,active,yes,1995-01-12,190.0,NaN,NaN,right,NaN,NaN,NaN
183rchl3bu6k1j1y06b1qas4,Ísak Daði,Ívarsson,Ísak,Ívarsson,Í. Ívarsson,Iceland,4jjsm5a20nnxgw5cus6b7yxc6,Midfielder,player,Iceland,4jjsm5a20nnxgw5cus6b7yxc6,26.0,active,no,2004-07-03,NaN,NaN,NaN,NaN,NaN,NaN,NaN
18v62rks61r7osny0b6qxslhx,Mathias,Brinch Rosenørn,Mathias,Rosenørn,M. Rosenørn,Denmark,5adf60vwiw2f2mibyq1k4ex7i,Goalkeeper,player,Denmark,5adf60vwiw2f2mibyq1k4ex7i,13.0,active,no,1993-05-11,184.0,NaN,81.0,NaN,NaN,NaN,NaN
1yqqli8y1nso9zdvjnt9749w4,Aron Örn,Hákonarson,Aron,Hákonarson,A. Hákonarson,Iceland,4jjsm5a20nnxgw5cus6b7yxc6,Defender,player,Iceland,4jjsm5a20nnxgw5cus6b7yxc6,NaN,active,yes,2004-01-20,NaN,NaN,NaN,NaN,Aron Hákonarson,NaN,NaN
23vk4ogajs0wgg4vn35limk0l,Bergsteinn,Magnússon,NaN,NaN,B. Magnússon,Iceland,4jjsm5a20nnxgw5cus6b7yxc6,Goalkeeper,player,Iceland,4jjsm5a20nnxgw5cus6b7yxc6,NaN,active,no,1994-03-03,NaN,NaN,NaN,NaN,NaN,NaN,NaN
2m1zn1nokma0lavziwy0z68a2,Edon,Osmani,Edon,Osmani,E. Osmani,Iceland,4jjsm5a20nnxgw5cus6b7yxc6,Midfielder,player,Iceland,4jjsm5a20nnxgw5cus6b7yxc6,19.0,active,yes,2000-03-25,NaN,NaN,NaN,NaN,NaN,NaN,NaN
2v69e834xm2zqlq9bi7580k8a,Sebastian Freyr,Karlsson,NaN,NaN,S. Karlsson,Iceland,4jjsm5a20nnxgw5cus6b7yxc6,Midfielder,player,Iceland,4jjsm5a20nnxgw5cus6b7yxc6,NaN,active,no,2002-07-02,NaN,NaN,NaN,NaN,NaN,NaN,NaN
47gz95zp1bfjucbeawajfvnys,Valur Þór,Hákonarson,Valur,Hákonarson,V. Hákonarson,Iceland,4jjsm5a20nnxgw5cus6b7yxc6,Midfielder,player,Iceland,4jjsm5a20nnxgw5cus6b7yxc6,99.0,active,yes,2004-01-20,NaN,NaN,NaN,NaN,Valur Hákonarson,NaN,NaN
4msx4y1c0chsky7zideqg3zzd,Ásgeir Páll,Magnússon,Ásgeir,Magnússon,Ásgeir Páll Magnússon,Iceland,4jjsm5a20nnxgw5cus6b7yxc6,Defender,player,Iceland,4jjsm5a20nnxgw5cus6b7yxc6,22.0,active,yes,2000-09-07,NaN,NaN,NaN,NaN,Ásgeir Magnússon,NaN,NaN
4wenei4x070s1wp5zsbexr76c,Dagur,Margeirsson,Dagur,Margeirsson,D. Margeirsson,Iceland,4jjsm5a20nnxgw5cus6b7yxc6,Defender,player,Iceland,4jjsm5a20nnxgw5cus6b7yxc6,15.0,active,no,2003-05-18,NaN,NaN,NaN,NaN,NaN,NaN,NaN
58zfakiiuk7f10t858r1qyyqy,Jóhann Þór,Arnarsson,Jóhann,Arnarsson,J. Arnarsson,Iceland,4jjsm5a20nnxgw5cus6b7yxc6,Attacker,player,Iceland,4jjsm5a20nnxgw5cus6b7yxc6,38.0,active,no,2002-05-07,NaN,NaN,NaN,NaN,NaN,NaN,NaN
5r73t5v03uuuq67e5zjj15u51,Ernir,Bjarnason,Ernir,Bjarnason,E. Bjarnason,Iceland,4jjsm5a20nnxgw5cus6b7yxc6,Midfielder,player,Iceland,4jjsm5a20nnxgw5cus6b7yxc6,18.0,active,no,1997-08-22,NaN,NaN,NaN,NaN,NaN,NaN,NaN
67iuqfijm1h3db1j85g111rf8,Ásgeir Orri,Magnússon,Ásgeir,Magnússon,Ásgeir Orri Magnússon,Iceland,4jjsm5a20nnxgw5cus6b7yxc6,Goalkeeper,player,Iceland,4jjsm5a20nnxgw5cus6b7yxc6,24.0,active,yes,2004-03-03,NaN,NaN,NaN,NaN,Ásgeir Magnússon,NaN,NaN
6turn4ldmbtm70gxsnwgdelpm,Jordan Thomas William,Smylie,Jordan,Smylie,J. Smylie,Australia,u5ieemi69z72c3bgczyy68lo,Attacker,player,Australia,u5ieemi69z72c3bgczyy68lo,89.0,active,no,2000-02-28,NaN,NaN,NaN,NaN,NaN,NaN,NaN
7m5o6a6qalbd18ryisbzqbufp,Frans,Elvarsson,Frans,Elvarsson,F. Elvarsson,Iceland,4jjsm5a20nnxgw5cus6b7yxc6,Midfielder,player,Iceland,4jjsm5a20nnxgw5cus6b7yxc6,25.0,active,yes,1990-08-14,NaN,NaN,NaN,NaN,NaN,NaN,NaN
87xbu9wj5uqfr9fskjyn3ofrp,Daníel,Gylfason,Daníel,Gylfason,D. Gylfason,Iceland,4jjsm5a20nnxgw5cus6b7yxc6,Midfielder,player,Iceland,4jjsm5a20nnxgw5cus6b7yxc6,9.0,active,no,1993-07-30,NaN,NaN,NaN,NaN,NaN,NaN,NaN
8c7nl7ybyfsp38g0dn2ewm31l,Sindri Þór,Guðmundsson,Sindri,Gudmundsson,S. Guðmundsson,Iceland,4jjsm5a20nnxgw5cus6b7yxc6,Midfielder,player,Iceland,4jjsm5a20nnxgw5cus6b7yxc6,16.0,active,no,1997-08-11,NaN,NaN,NaN,NaN,Sindri Gudmundsson,NaN,NaN
8fvp91foejpy4x8l25npzpih,Marley,Blair,Marley,Blair,M. Blair,England,1fk5l4hkqk12i7zske6mcqju6,Midfielder,player,England,1fk5l4hkqk12i7zske6mcqju6,86.0,active,no,1999-10-05,190.0,Huddersfield,NaN,right,NaN,Jamaica,gimxu1vjwoa2xrecyd9gtyoc
8giy2szh3h88wvvm3ds87r7bp,Robert,Hehedosh,Robert,Gegedosh,R. Hehedosh,Ukraine,315w6fk6umfzf4qvba3t55u61,Attacker,player,Ukraine,315w6fk6umfzf4qvba3t55u61,89.0,active,no,1993-05-02,180.0,Svaliava,73.0,NaN,NaN,NaN,NaN
8l5fo4sm2uw0c3xei3grv8x5h,Gunnlaugur Fannar,Guðmundsson,Gunnlaugur,Gudmundsson,G. Guðmundsson,Iceland,4jjsm5a20nnxgw5cus6b7yxc6,Defender,player,Iceland,4jjsm5a20nnxgw5cus6b7yxc6,17.0,active,no,1994-07-17,NaN,NaN,NaN,NaN,Gunnlaugur Gudmundsson,NaN,NaN
8utyte6jg6whtfb4ewlm22yok,Róbert,Ingi Njarðarson,Róbert,Njardarson,R. Ingi Njarðarson,Iceland,4jjsm5a20nnxgw5cus6b7yxc6,Midfielder,player,Iceland,4jjsm5a20nnxgw5cus6b7yxc6,21.0,active,no,2003-05-23,NaN,NaN,NaN,NaN,NaN,NaN,NaN
916j042acxb82ppwez74ydplh,Oleksii,Kovtun,Oleksii,Kovtun,O. Kovtun,Ukraine,315w6fk6umfzf4qvba3t55u61,Defender,player,Ukraine,315w6fk6umfzf4qvba3t55u61,50.0,active,yes,1995-02-05,186.0,Kyiv,79.0,NaN,NaN,NaN,NaN
9i6im6c4e5lxcpws03mtrqtck,Gabríel Máni,Sævarsson,Gabriel,Sævarsson,Gabríel Máni Sævarsson,Iceland,4jjsm5a20nnxgw5cus6b7yxc6,Defender,player,Iceland,4jjsm5a20nnxgw5cus6b7yxc6,8.0,active,yes,NaN,NaN,NaN,NaN,NaN,Gabriel Máni Sævarsson,NaN,NaN
a8latkrmxfihv73vprqqo3fqi,Viktor Andri,Hafþórsson,Viktor,Hafthórsson,V. Hafþórsson,Iceland,4jjsm5a20nnxgw5cus6b7yxc6,Midfielder,player,Iceland,4jjsm5a20nnxgw5cus6b7yxc6,7.0,active,no,2001-08-16,NaN,NaN,NaN,NaN,NaN,NaN,NaN
aqx4m5zk87mqwrqt6icromtw5,Magnús Þór,Magnússon,Magnús,Magnússon,M. Magnússon,Iceland,4jjsm5a20nnxgw5cus6b7yxc6,Defender,player,Iceland,4jjsm5a20nnxgw5cus6b7yxc6,5.0,active,no,1992-02-20,192.0,NaN,NaN,right,Magnús Magnússon,NaN,NaN
avzhip8lc0f1i3aqo9dufpj9x,Ignacio,Heras Anglada,Ignacio,Heras Anglada,Nacho Heras,Spain,49ih1pwv3ahshdf8uzrimi54c,Defender,player,Spain,49ih1pwv3ahshdf8uzrimi54c,4.0,active,yes,1991-08-27,180.0,Madrid,75.0,NaN,Nacho Heras,NaN,NaN
bd6v0zvpshxanjumvot2c1h49,Dagur Ingi,Valsson,Dagur,Valsson,D. Valsson,Iceland,4jjsm5a20nnxgw5cus6b7yxc6,Midfielder,player,Iceland,4jjsm5a20nnxgw5cus6b7yxc6,10.0,active,yes,1999-09-06,NaN,NaN,NaN,NaN,NaN,NaN,NaN
brqjclsjoxcm5w66dym463hex,Sami,Kamel,Sami,Kamel,S. Kamel,Denmark,5adf60vwiw2f2mibyq1k4ex7i,Midfielder,player,Iraq,1uzblzx1s42jn6zk6hivjzby8,23.0,active,yes,1993-12-16,184.0,NaN,82.0,NaN,NaN,Iraq,1uzblzx1s42jn6zk6hivjzby8
c0jna5jixq8825fb11g871kgl,Sigurður Ragnar,Eyjólfsson,Siggi,Eyjólfsson,S. Eyjólfsson,Iceland,4jjsm5a20nnxgw5cus6b7yxc6,NaN,coach,Iceland,4jjsm5a20nnxgw5cus6b7yxc6,NaN,active,no,1973-12-01,NaN,Reykjavík,NaN,NaN,NaN,NaN,NaN
c7mlqi1mvxuymdtywwl132vv9,Rúnar,Gissurarson,Rúnar,Gissurarson,R. Gissurarson,Iceland,4jjsm5a20nnxgw5cus6b7yxc6,Goalkeeper,player,Iceland,4jjsm5a20nnxgw5cus6b7yxc6,12.0,active,yes,1986-11-23,NaN,NaN,NaN,NaN,NaN,NaN,NaN
c9cs9ic1sizffj37x9o0d2rit,Jóhann Birnir,Gudmundsson,Jóhann,Gudmundsson,J. Gudmundsson,Iceland,4jjsm5a20nnxgw5cus6b7yxc6,NaN,assistant coach,Iceland,4jjsm5a20nnxgw5cus6b7yxc6,NaN,active,yes,1977-12-05,NaN,Reykjavík,NaN,NaN,Jóhann Gudmundsson,NaN,NaN
c9gidoefx390qjw37pec1k4r8,Gabríel Aron,Sævarsson,Gabríel,Sævarsson,Gabríel Aron Sævarsson,Iceland,4jjsm5a20nnxgw5cus6b7yxc6,Midfielder,player,Iceland,4jjsm5a20nnxgw5cus6b7yxc6,28.0,active,yes,2006-03-07,190.0,NaN,NaN,right,NaN,NaN,NaN
d53xw3ekoi1qa5068wcvj5x5g,Axel Ingi,Jóhannesson,Axel,Jóhannesson,A. Jóhannesson,Iceland,4jjsm5a20nnxgw5cus6b7yxc6,Defender,player,Iceland,4jjsm5a20nnxgw5cus6b7yxc6,3.0,active,yes,2004-06-02,NaN,NaN,NaN,NaN,NaN,NaN,NaN
dbz91v9etwx6o9bejc4g5czpx,Haraldur Freyr,Guðmundsson,Haraldur,Gudmundsson,H. Guðmundsson,Iceland,4jjsm5a20nnxgw5cus6b7yxc6,NaN,assistant coach,Iceland,4jjsm5a20nnxgw5cus6b7yxc6,NaN,active,no,1981-12-14,189.0,Keflavík,NaN,NaN,NaN,NaN,NaN
dz7jp2ldh6dvywahohvelfqsq,Helgi Bergmann,Hermannsson,Helgi Bergmann,Hermannsson,H. Hermannsson,Iceland,4jjsm5a20nnxgw5cus6b7yxc6,Goalkeeper,player,Iceland,4jjsm5a20nnxgw5cus6b7yxc6,NaN,active,no,2002-03-16,NaN,NaN,NaN,NaN,NaN,NaN,NaN
e5ctptboh5equ0yexosqpoo2x,Stefan Alexander,Ljubicic,Stefan,Ljubicic,S. Ljubicic,Iceland,4jjsm5a20nnxgw5cus6b7yxc6,Attacker,player,Iceland,4jjsm5a20nnxgw5cus6b7yxc6,11.0,active,no,1999-10-05,194.0,Keflavík,89.0,NaN,NaN,NaN,NaN
e8diyluv86kix6yzccub4ljis,Alex Þór,Reynisson,Alex,Reynisson,A. Reynisson,Iceland,4jjsm5a20nnxgw5cus6b7yxc6,Attacker,player,Iceland,4jjsm5a20nnxgw5cus6b7yxc6,2.0,active,yes,2006-06-28,NaN,NaN,NaN,NaN,NaN,NaN,NaN
e8zfzcc6q2jznkkwpmisjlfro,Guðjón Pétur,Stefánsson,Gudjón,Stefánsson,G. Stefánsson,Iceland,4jjsm5a20nnxgw5cus6b7yxc6,Midfielder,player,Iceland,4jjsm5a20nnxgw5cus6b7yxc6,14.0,active,yes,2003-05-01,NaN,NaN,NaN,NaN,NaN,NaN,NaN
elvkl0bd6qkjradopnd6u0vdh,Sindri Snær,Magnússon,Sindri,Magnússon,S. Magnússon,Iceland,4jjsm5a20nnxgw5cus6b7yxc6,Midfielder,player,Iceland,4jjsm5a20nnxgw5cus6b7yxc6,6.0,active,yes,1992-02-18,NaN,NaN,NaN,NaN,Sindri Magnússon,NaN,NaN
j990hw2e0o7spu9c98w7tu51,Muhamed,Alghoul,Muhamed,Alghoul,M. Alghoul,Croatia,37hlakrwxyuzovaeoo4sezusp,Midfielder,player,Croatia,37hlakrwxyuzovaeoo4sezusp,9.0,active,no,1996-04-09,164.0,Zagreb,60.0,NaN,NaN,Palestine,1iq272xbm8xx01hiu7thq4tgt
1pjcqjqqgmh70fwjbbqn2q0ut,Guðmundur,Kristjánsson,Gudmundur,Kristjánsson,G. Kristjánsson,Iceland,4jjsm5a20nnxgw5cus6b7yxc6,Defender,player,Iceland,4jjsm5a20nnxgw5cus6b7yxc6,5.0,active,yes,1989-03-01,181.0,Kópavogur,84.0,right,NaN,NaN,NaN
23qcsn2ydkdoytx15gtdoy6p6,Sigurbergur Áki,Jörundsson,Sigurbergur,Jörundsson,S. Jörundsson,Iceland,4jjsm5a20nnxgw5cus6b7yxc6,Defender,player,Iceland,4jjsm5a20nnxgw5cus6b7yxc6,20.0,active,no,2004-03-16,NaN,NaN,NaN,NaN,NaN,NaN,NaN
2q00nmrl2v3qic916ejnli6i2,Adolf Daði,Birgisson,Adolf,Birgisson,A. Birgisson,Iceland,4jjsm5a20nnxgw5cus6b7yxc6,Attacker,player,Iceland,4jjsm5a20nnxgw5cus6b7yxc6,11.0,active,yes,2004-06-03,NaN,NaN,NaN,NaN,NaN,NaN,NaN
3crf22n61xvt82prs00qqkwr9,Hilmar Árni,Halldórsson,Hilmar,Halldórsson,H. Halldórsson,Iceland,4jjsm5a20nnxgw5cus6b7yxc6,Midfielder,player,Iceland,4jjsm5a20nnxgw5cus6b7yxc6,10.0,active,yes,1992-02-14,NaN,NaN,NaN,NaN,NaN,NaN,NaN
3m2o0t6siupip9y3sco71fe5m,Eggert Aron,Guðmundsson,Eggert,Gudmundsson,E. Guðmundsson,Iceland,4jjsm5a20nnxgw5cus6b7yxc6,Midfielder,player,Iceland,4jjsm5a20nnxgw5cus6b7yxc6,7.0,active,no,2004-02-08,177.0,NaN,70.0,right,NaN,NaN,NaN
3ncpzmu2wa4pte56k15zlad7u,Tristan Freyr,Ingólfsson,Tristan,Ingólfsson,T. Ingólfsson,Iceland,4jjsm5a20nnxgw5cus6b7yxc6,Midfielder,player,Iceland,4jjsm5a20nnxgw5cus6b7yxc6,3.0,active,yes,1999-04-07,NaN,NaN,NaN,NaN,NaN,NaN,NaN
3s9oqau9g5k7uqyq38p8a9jpw,Gunnar Orri,Olsen,Gunnar,Olsen,G. Olsen,Iceland,4jjsm5a20nnxgw5cus6b7yxc6,Midfielder,player,Iceland,4jjsm5a20nnxgw5cus6b7yxc6,NaN,active,no,2008-03-15,NaN,NaN,NaN,right,NaN,NaN,NaN
3u0424q9qh6oee1r27nt72f9x,Fjalar,Þorgeirsson,NaN,NaN,F. Þorgeirsson,Iceland,4jjsm5a20nnxgw5cus6b7yxc6,NaN,assistant coach,Iceland,4jjsm5a20nnxgw5cus6b7yxc6,NaN,active,yes,1977-01-18,NaN,NaN,NaN,NaN,NaN,NaN,NaN
4glcn5w97vlm0phedmrjk8d79,Haraldur,Björnsson,Haraldur,Björnsson,H. Björnsson,Iceland,4jjsm5a20nnxgw5cus6b7yxc6,Goalkeeper,player,Iceland,4jjsm5a20nnxgw5cus6b7yxc6,1.0,active,no,1989-01-11,192.0,Reykjavík,95.0,right,NaN,NaN,NaN
5dpd9ax8lpgnpo5f7zeoi0t05,Emil,Atlason,Emil,Atlason,E. Atlason,Iceland,4jjsm5a20nnxgw5cus6b7yxc6,Attacker,player,Iceland,4jjsm5a20nnxgw5cus6b7yxc6,22.0,active,yes,1993-07-22,189.0,NaN,NaN,right,NaN,NaN,NaN
5i0xqzky9nw3mh6xbhkybzt2h,Sindri Þór,Ingimarsson,Sindri,Ingimarsson,S. Ingimarsson,Iceland,4jjsm5a20nnxgw5cus6b7yxc6,Defender,player,Iceland,4jjsm5a20nnxgw5cus6b7yxc6,6.0,active,yes,1998-11-24,NaN,NaN,NaN,NaN,NaN,NaN,NaN
5jv1cz5aukp60cmigju9x4tbe,Þorbergur Þór,Steinarsson,Thorbergur,Steinarsson,Þ. Steinarsson,Iceland,4jjsm5a20nnxgw5cus6b7yxc6,Midfielder,player,Iceland,4jjsm5a20nnxgw5cus6b7yxc6,14.0,active,no,2000-07-07,NaN,NaN,NaN,NaN,NaN,NaN,NaN
5zutmrdtp207dz89p8io8nxpm,Jóhann Árni,Gunnarsson,Jóhann,Gunnarsson,J. Gunnarsson,Iceland,4jjsm5a20nnxgw5cus6b7yxc6,Midfielder,player,Iceland,4jjsm5a20nnxgw5cus6b7yxc6,8.0,active,yes,2001-04-06,NaN,NaN,NaN,NaN,NaN,NaN,NaN
626hpe19ahgh1tcvlb53gym7d,Sigurður Sveinn,Þórðarson,NaN,NaN,S. Þórðarson,Iceland,4jjsm5a20nnxgw5cus6b7yxc6,NaN,assistant coach,Iceland,4jjsm5a20nnxgw5cus6b7yxc6,NaN,active,yes,NaN,NaN,NaN,NaN,NaN,NaN,NaN,NaN
6i0o4wiye3mj6n84krywcz2s5,Heiðar,Ægisson,Heidar,Ægisson,H. Ægisson,Iceland,4jjsm5a20nnxgw5cus6b7yxc6,Defender,player,Iceland,4jjsm5a20nnxgw5cus6b7yxc6,2.0,active,yes,1995-08-10,NaN,NaN,NaN,NaN,NaN,NaN,NaN
6o0hhlp0c4m61qdm6bzlm6dxw,Helgi Fróði,Ingason,Helgi,Ingason,H. Ingason,Iceland,4jjsm5a20nnxgw5cus6b7yxc6,Midfielder,player,Iceland,4jjsm5a20nnxgw5cus6b7yxc6,35.0,active,yes,2005-12-06,NaN,NaN,NaN,NaN,Helgi Ingason,NaN,NaN
7f27b2vpbb41wldxjxio29o7p,Jökull,Ingason Elísabetarson,Jökull,Elisabetarson,J. Elísabetarson,Iceland,4jjsm5a20nnxgw5cus6b7yxc6,NaN,coach,Iceland,4jjsm5a20nnxgw5cus6b7yxc6,NaN,active,yes,1984-04-26,175.0,NaN,65.0,NaN,NaN,NaN,NaN
7ibfw77zng0sh9dv2h0srauol,Árni Snær,Ólafsson,Árni,Ólafsson,Á. Ólafsson,Iceland,4jjsm5a20nnxgw5cus6b7yxc6,Goalkeeper,player,Iceland,4jjsm5a20nnxgw5cus6b7yxc6,12.0,active,yes,1991-08-16,NaN,NaN,NaN,NaN,NaN,NaN,NaN
82l5nfs4tbphdh1w7415grbbo,Henrik Máni B.,Hilmarsson,Henrik,Hilmarsson,H. Hilmarsson,Iceland,4jjsm5a20nnxgw5cus6b7yxc6,Defender,player,Iceland,4jjsm5a20nnxgw5cus6b7yxc6,31.0,active,no,2003-02-16,NaN,NaN,NaN,NaN,Henrik Hilmarsson,NaN,NaN
8t7m5ta7wnh0kjo3yvxdgc7h1,Joseph,Arthur Gibbs,Joey,Gibbs,J. Gibbs,Australia,u5ieemi69z72c3bgczyy68lo,Attacker,player,Australia,u5ieemi69z72c3bgczyy68lo,23.0,active,no,1992-06-13,173.0,Gosford,70.0,NaN,NaN,NaN,NaN
9lc9ufqy9qvu0158o4s3pekus,Elvar Máni,Guðmundsson,Elvar,Gudmundsson,E. Guðmundsson,Iceland,4jjsm5a20nnxgw5cus6b7yxc6,Midfielder,player,Iceland,4jjsm5a20nnxgw5cus6b7yxc6,NaN,active,yes,2006-01-26,NaN,NaN,NaN,NaN,NaN,NaN,NaN
9lwlp05boa032ettcmgexynkl,Þórarinn Ingi,Valdimarsson,Thórarinn,Valdimarsson,Þ. Valdimarsson,Iceland,4jjsm5a20nnxgw5cus6b7yxc6,Defender,player,Iceland,4jjsm5a20nnxgw5cus6b7yxc6,15.0,active,yes,1990-04-23,175.0,Vestmannaeyjar,73.0,left,NaN,NaN,NaN
9shzoahw01069twqf1vu6nb4k,Róbert Frosti,Þorkelsson,Róbert,Thorkelsson,R. Þorkelsson,Iceland,4jjsm5a20nnxgw5cus6b7yxc6,Midfielder,player,Iceland,4jjsm5a20nnxgw5cus6b7yxc6,80.0,active,yes,2005-08-18,NaN,NaN,NaN,NaN,NaN,NaN,NaN
9ug79z9viwockmrnfv1haw44,Örvar Logi,Örvarsson,Örvar,Örvarsson,Ö. Örvarsson,Iceland,4jjsm5a20nnxgw5cus6b7yxc6,Defender,player,Iceland,4jjsm5a20nnxgw5cus6b7yxc6,32.0,active,yes,2003-07-30,NaN,NaN,NaN,NaN,NaN,NaN,NaN
ab02e16m1xjpvikw2umu1mjo4,Kjartan Már,Kjartansson,Kjartan,Kjartansson,K. Kjartansson,Iceland,4jjsm5a20nnxgw5cus6b7yxc6,Midfielder,player,Iceland,4jjsm5a20nnxgw5cus6b7yxc6,30.0,active,yes,2006-07-14,NaN,NaN,NaN,NaN,NaN,NaN,NaN
ay6mgdylpu08d9pydxejbd562,Ísak Andri,Sigurgeirsson,Ísak,Sigurgeirsson,Í. Sigurgeirsson,Iceland,4jjsm5a20nnxgw5cus6b7yxc6,Attacker,player,Iceland,4jjsm5a20nnxgw5cus6b7yxc6,NaN,active,no,2003-09-11,NaN,NaN,NaN,NaN,NaN,NaN,NaN
b4iq9a4k9m5oikufzz92x7mdw,Guðmundur Baldvin,Nökkvason,Gudmundur,Nökkvason,G. Nökkvason,Iceland,4jjsm5a20nnxgw5cus6b7yxc6,Midfielder,player,Iceland,4jjsm5a20nnxgw5cus6b7yxc6,NaN,active,no,2004-04-27,NaN,NaN,NaN,NaN,NaN,NaN,NaN
bmal77uood5fpsa99uqik25uc,Haukur Örn,Brink,Haukur,Brink,H. Brink,Iceland,4jjsm5a20nnxgw5cus6b7yxc6,Attacker,player,Iceland,4jjsm5a20nnxgw5cus6b7yxc6,37.0,active,yes,2005-05-03,NaN,NaN,NaN,NaN,NaN,NaN,NaN
bo0etfb8vquovjp4fxr8a6dp1,Kristian Dirks,Riis,Kristian,Riis,K. Riis,Denmark,5adf60vwiw2f2mibyq1k4ex7i,Defender,player,Denmark,5adf60vwiw2f2mibyq1k4ex7i,NaN,active,no,1997-02-17,189.0,Haderslev,84.0,right,NaN,NaN,NaN
byxmq0h2ohlvpibkay898pf4l,Ágúst Þór,Gylfason,Ágúst,Gylfason,Á. Gylfason,Iceland,4jjsm5a20nnxgw5cus6b7yxc6,NaN,coach,Iceland,4jjsm5a20nnxgw5cus6b7yxc6,NaN,active,no,1971-08-01,180.0,NaN,NaN,NaN,NaN,NaN,NaN
c4y7xn20n4t53v5d1zrjeh2sq,Baldur Logi,Guðlaugsson,Baldur,Gudlaugsson,B. Guðlaugsson,Iceland,4jjsm5a20nnxgw5cus6b7yxc6,Attacker,player,Iceland,4jjsm5a20nnxgw5cus6b7yxc6,28.0,active,yes,2002-01-21,NaN,NaN,NaN,NaN,NaN,NaN,NaN
clp5nng5i4qyi9iq1vzwgu1ud,Daníel,Laxdal,Daníel,Laxdal,D. Laxdal,Iceland,4jjsm5a20nnxgw5cus6b7yxc6,Defender,player,Iceland,4jjsm5a20nnxgw5cus6b7yxc6,9.0,active,yes,1986-09-22,NaN,NaN,NaN,NaN,NaN,NaN,NaN
dak9whre8q75xl1b1l728amwa,Viktor Reynir,Oddgeirsson,Viktor,Oddgeirsson,V. Oddgeirsson,Iceland,4jjsm5a20nnxgw5cus6b7yxc6,Goalkeeper,player,Iceland,4jjsm5a20nnxgw5cus6b7yxc6,33.0,active,yes,2003-02-24,NaN,NaN,NaN,NaN,NaN,NaN,NaN
em8puitxzajrp033t572fvlcl,Andri,Adolphsson,Andri,Adolphsson,A. Adolphsson,Iceland,4jjsm5a20nnxgw5cus6b7yxc6,Defender,player,Iceland,4jjsm5a20nnxgw5cus6b7yxc6,17.0,active,yes,1992-12-01,NaN,NaN,NaN,NaN,NaN,NaN,NaN
uvb76ed5n6rhkbevd0kee311,Björn,Berg Bryde,Björn,Bryde,B. Bryde,Iceland,4jjsm5a20nnxgw5cus6b7yxc6,Defender,player,Iceland,4jjsm5a20nnxgw5cus6b7yxc6,24.0,active,no,1992-07-08,NaN,NaN,NaN,NaN,NaN,NaN,NaN
14f0iv65bjzpviz5ln4zz4uz9,Kristinn Freyr,Sigurðsson,Kristinn,Sigurdsson,K. Sigurðsson,Iceland,4jjsm5a20nnxgw5cus6b7yxc6,Midfielder,player,Iceland,4jjsm5a20nnxgw5cus6b7yxc6,10.0,active,yes,1991-12-25,177.0,NaN,76.0,NaN,Kristinn Sigurdsson,NaN,NaN
1m50a598kkw0yrk3a0aujchyh,Guðmundur Andri,Tryggvason,Gudmundur,Tryggvason,G. Tryggvason,Iceland,4jjsm5a20nnxgw5cus6b7yxc6,Attacker,player,Iceland,4jjsm5a20nnxgw5cus6b7yxc6,14.0,active,yes,1999-11-04,182.0,Tromsø,NaN,right,NaN,NaN,NaN
253za05jf3mmaqkjndm10d2lm,Hlynur Freyr,Karlsson,Hlynur,Karlsson,H. Karlsson,Iceland,4jjsm5a20nnxgw5cus6b7yxc6,Defender,player,Iceland,4jjsm5a20nnxgw5cus6b7yxc6,3.0,active,no,2004-04-06,NaN,NaN,NaN,right,NaN,NaN,NaN
25dqdc2ov6okt4wop1czi5nv8,Kristján,Hjörvar Sigurkarlsson,Kristján,Sigurkarlsson,K. Sigurkarlsson,Iceland,4jjsm5a20nnxgw5cus6b7yxc6,Goalkeeper,player,Iceland,4jjsm5a20nnxgw5cus6b7yxc6,NaN,active,no,2005-04-12,NaN,NaN,NaN,NaN,NaN,NaN,NaN
2ks2c22tnwq41pp68qin07bl6,Lúkas Logi,Heimisson,Lúkas,Heimisson,L. Heimisson,Iceland,4jjsm5a20nnxgw5cus6b7yxc6,Midfielder,player,Iceland,4jjsm5a20nnxgw5cus6b7yxc6,17.0,active,yes,2003-04-04,NaN,NaN,NaN,NaN,NaN,NaN,NaN
2ppcnb8wrmck0rzncnpffzpck,Djordje,Biberdzic,Djordje,Biberdzic,D. Biberdzic,Serbia,5w4ve503bjdsshwx9ho6jxzx0,Midfielder,player,Serbia,5w4ve503bjdsshwx9ho6jxzx0,34.0,active,no,2004-04-30,NaN,Kragujevac,NaN,NaN,NaN,NaN,NaN
2vc2xfro7xof1kosajpxydyj8,Helber Josua,Catano Catano,Helber,Josua Catano,H. Catano,Iceland,4jjsm5a20nnxgw5cus6b7yxc6,Midfielder,player,Iceland,4jjsm5a20nnxgw5cus6b7yxc6,26.0,active,no,2006-03-25,NaN,NaN,NaN,NaN,Helber Catano,NaN,NaN
2vs1czv5lhrgd9z494mfayl05,Orri Sigurður,Ómarsson,Orri,Ómarsson,O. Ómarsson,Iceland,4jjsm5a20nnxgw5cus6b7yxc6,Defender,player,Iceland,4jjsm5a20nnxgw5cus6b7yxc6,20.0,active,yes,1995-02-18,187.0,NaN,78.0,NaN,NaN,NaN,NaN
36getp56va89i4kwylyq6e66t,Birkir Már,Sævarsson,Birkir,Sævarsson,B. Sævarsson,Iceland,4jjsm5a20nnxgw5cus6b7yxc6,Defender,player,Iceland,4jjsm5a20nnxgw5cus6b7yxc6,2.0,active,yes,1984-11-11,187.0,Reykjavík,81.0,right,NaN,NaN,NaN
3cub2xioboxemgef6cg72e9cl,Patrick,Pedersen,Patrick,Pedersen,P. Pedersen,Denmark,5adf60vwiw2f2mibyq1k4ex7i,Attacker,player,Denmark,5adf60vwiw2f2mibyq1k4ex7i,9.0,active,yes,1991-11-25,179.0,Hirtshals,NaN,NaN,NaN,NaN,NaN
3fdkeunjv8j6ojf0osj0um8yd,Elfar Freyr,Helgason,Elfar,Helgason,E. Helgason,Iceland,4jjsm5a20nnxgw5cus6b7yxc6,Defender,player,Iceland,4jjsm5a20nnxgw5cus6b7yxc6,4.0,active,yes,1989-07-27,NaN,Reykjavík,NaN,NaN,NaN,NaN,NaN
3tox4xcc3bntuq84jccz4biz9,Arnar,Grétarsson,Arnar,Grétarsson,A. Grétarsson,Iceland,4jjsm5a20nnxgw5cus6b7yxc6,NaN,coach,Iceland,4jjsm5a20nnxgw5cus6b7yxc6,NaN,active,yes,1972-02-20,180.0,Reykjav,NaN,NaN,NaN,NaN,NaN
4fipsalfitfnrzw8soizl2u50,Eyþór Örn,Eyþórsson,Eyþór,Eyþórsson,E. Eyþórsson,Iceland,4jjsm5a20nnxgw5cus6b7yxc6,Attacker,player,Iceland,4jjsm5a20nnxgw5cus6b7yxc6,32.0,active,no,2004-02-09,NaN,NaN,NaN,NaN,NaN,NaN,NaN
6bi88p9hdserfd74zsr44xq1g,Thomas Ari,Arnarsson,Thomas,Arnarsson,T. Arnarsson,Iceland,4jjsm5a20nnxgw5cus6b7yxc6,Attacker,player,Iceland,4jjsm5a20nnxgw5cus6b7yxc6,31.0,active,no,2007-01-20,NaN,NaN,NaN,NaN,NaN,NaN,NaN
71mjqyembgfq65lhsk3dkvkoa,Adam Ægir,Pálsson,Adam,Pálsson,A. Pálsson,Iceland,4jjsm5a20nnxgw5cus6b7yxc6,Midfielder,player,Iceland,4jjsm5a20nnxgw5cus6b7yxc6,23.0,active,no,1998-06-07,NaN,NaN,NaN,NaN,Adam Pálsson,NaN,NaN
89knlnak6w4dwoqxot13y311w,Þorsteinn Emil,Jónsson,Thorsteinn,Jónsson,Þ. Jónsson,Iceland,4jjsm5a20nnxgw5cus6b7yxc6,Midfielder,player,Iceland,4jjsm5a20nnxgw5cus6b7yxc6,18.0,active,no,2004-02-13,NaN,NaN,NaN,NaN,NaN,NaN,NaN
8w0dh7ofet61bhphpiuj5mb1m,Orri Hrafn,Kjartansson,Orri,Kjartansson,O. Kjartansson,Iceland,4jjsm5a20nnxgw5cus6b7yxc6,Midfielder,player,Iceland,4jjsm5a20nnxgw5cus6b7yxc6,19.0,active,no,2002-02-05,NaN,NaN,NaN,NaN,NaN,NaN,NaN
97bom04546uuqzgc8waq95jv9,Hólmar Örn,Eyjólfsson,Hólmar,Eyjólfsson,H. Eyjólfsson,Iceland,4jjsm5a20nnxgw5cus6b7yxc6,Defender,player,Iceland,4jjsm5a20nnxgw5cus6b7yxc6,15.0,active,yes,1990-08-06,190.0,Sauðárkrókur,86.0,right,NaN,NaN,NaN
9y5eij3f3g3ycqqbkbwxw5g45,Haukur Páll,Sigurðsson,Haukur,Sigurdsson,H. Sigurðsson,Iceland,4jjsm5a20nnxgw5cus6b7yxc6,Midfielder,player,Iceland,4jjsm5a20nnxgw5cus6b7yxc6,7.0,active,no,1987-08-05,176.0,NaN,NaN,right,NaN,NaN,NaN
a43xjbpjl6cewwp2n1mrm8g7o,Óliver Steinar,Guðmundsson,Óliver,Gudmundsson,Ó. Guðmundsson,Iceland,4jjsm5a20nnxgw5cus6b7yxc6,Midfielder,player,Iceland,4jjsm5a20nnxgw5cus6b7yxc6,29.0,active,no,2004-05-17,189.0,NaN,NaN,right,NaN,NaN,NaN
ambxxwnggct5ke5q68y3dsv84,Hilmar Starri,Hilmarsson,Hilmar,Hilmarsson,H. Hilmarsson,Iceland,4jjsm5a20nnxgw5cus6b7yxc6,Defender,player,Iceland,4jjsm5a20nnxgw5cus6b7yxc6,33.0,active,no,2004-07-27,200.0,NaN,90.0,NaN,NaN,NaN,NaN
aq8krdru4qxunj1nufewudqms,Dagur,Óli Grétarsson,Dagur,Grétarsson,D. Grétarsson,Iceland,4jjsm5a20nnxgw5cus6b7yxc6,Midfielder,player,Iceland,4jjsm5a20nnxgw5cus6b7yxc6,27.0,active,no,2005-06-23,NaN,NaN,NaN,NaN,Dagur Grétarsson,NaN,NaN
arakguglkc4oprichyf7guluc,Elmar Freyr,Hauksson,Elmar,Hauksson,E. Hauksson,Iceland,4jjsm5a20nnxgw5cus6b7yxc6,Midfielder,player,Iceland,4jjsm5a20nnxgw5cus6b7yxc6,NaN,active,yes,2006-05-08,NaN,NaN,NaN,NaN,NaN,NaN,NaN
bf1ditnf4irte4ysghvy7rf85,Sigurður Egill,Lárusson,Sigurdur,Lárusson,S. Lárusson,Iceland,4jjsm5a20nnxgw5cus6b7yxc6,Attacker,player,Iceland,4jjsm5a20nnxgw5cus6b7yxc6,11.0,active,yes,1992-01-22,182.0,NaN,NaN,left,NaN,NaN,NaN
bgs7djau45zhzknsqvom3wycp,Viktor Örlygur,Andrason,Viktor,Andrason,V. Andrason,Iceland,4jjsm5a20nnxgw5cus6b7yxc6,Midfielder,player,Iceland,4jjsm5a20nnxgw5cus6b7yxc6,8.0,active,yes,2000-02-05,NaN,NaN,NaN,NaN,NaN,NaN,NaN
c4esrbgbv6v715768v2cb676d,Frederik August,Albrecht Schram,Frederik,Schram,F. Schram,Iceland,4jjsm5a20nnxgw5cus6b7yxc6,Goalkeeper,player,Denmark,5adf60vwiw2f2mibyq1k4ex7i,1.0,active,yes,1995-01-19,198.0,Dragør,92.0,NaN,NaN,Denmark,5adf60vwiw2f2mibyq1k4ex7i
d2ha5kqnyt55vdcl5ddxbvzkl,Sveinn Sigurður,Jóhannesson,Sveinn,Jóhannesson,S. Jóhannesson,Iceland,4jjsm5a20nnxgw5cus6b7yxc6,Goalkeeper,player,Iceland,4jjsm5a20nnxgw5cus6b7yxc6,25.0,active,no,1995-01-22,NaN,NaN,NaN,NaN,NaN,NaN,NaN
dbqpj3htkctcv5gsulerh3qj8,Alexander Aron,Tómasson,Alexander,Tómasson,A. Tómasson,Iceland,4jjsm5a20nnxgw5cus6b7yxc6,Midfielder,player,Iceland,4jjsm5a20nnxgw5cus6b7yxc6,28.0,active,no,2004-04-10,NaN,NaN,NaN,NaN,NaN,NaN,NaN
dvxr5q7207g9wcadkon6brnx1,Andri Rúnar,Bjarnason,Andri,Bjarnason,A. Bjarnason,Iceland,4jjsm5a20nnxgw5cus6b7yxc6,Attacker,player,Iceland,4jjsm5a20nnxgw5cus6b7yxc6,99.0,active,no,1990-11-12,193.0,NaN,NaN,NaN,Andri Bjarnason,NaN,NaN
dydkq2rw9qaxvc28t6yfc8auh,Tryggvi Hrafn,Haraldsson,Tryggvi,Haraldsson,T. Haraldsson,Iceland,4jjsm5a20nnxgw5cus6b7yxc6,Attacker,player,Iceland,4jjsm5a20nnxgw5cus6b7yxc6,12.0,active,yes,1996-09-30,180.0,NaN,73.0,NaN,NaN,NaN,NaN
e5r6tw8no8r5lk6h1i7p6cfai,Kristófer,Jónsson,Kristófer,Jónsson,K. Jónsson,Iceland,4jjsm5a20nnxgw5cus6b7yxc6,Midfielder,player,Iceland,4jjsm5a20nnxgw5cus6b7yxc6,8.0,active,no,2003-03-03,NaN,NaN,NaN,NaN,NaN,NaN,NaN
e6aji0rmpd5sho84o6muy90id,Aron,Jóhannsson,Aron,Jóhannsson,A. Jóhannsson,USA,7hr2f89v44y65dyu9k92vprwn,Attacker,player,USA,7hr2f89v44y65dyu9k92vprwn,22.0,active,yes,1990-11-10,184.0,Mobile,70.0,right,NaN,Iceland,4jjsm5a20nnxgw5cus6b7yxc6
el851rhxo0q4m9k44e3iblyqc,Bjarmi,Kristinsson,Bjarmi,Kristinsson,B. Kristinsson,Iceland,4jjsm5a20nnxgw5cus6b7yxc6,Defender,player,Iceland,4jjsm5a20nnxgw5cus6b7yxc6,77.0,active,no,2004-06-05,NaN,NaN,NaN,NaN,NaN,NaN,NaN
ivc6xsxpwsl0wue8ig0kdi3t,Birkir,Heimisson,Birkir,Heimisson,B. Heimisson,Iceland,4jjsm5a20nnxgw5cus6b7yxc6,Midfielder,player,Iceland,4jjsm5a20nnxgw5cus6b7yxc6,5.0,active,no,2000-02-12,NaN,NaN,NaN,NaN,Birkir Heimisson,NaN,NaN
1ab7kipb2rwgqb4nimg43gbqi,Danijel Dejan,Djuric,Danijel,Djuric,D. Djuric,Iceland,4jjsm5a20nnxgw5cus6b7yxc6,Attacker,player,Bulgaria,5a1vsxg8tbnsk65iefq1q8tlt,19.0,active,yes,2003-01-05,174.0,Varna,NaN,right,NaN,Bulgaria,5a1vsxg8tbnsk65iefq1q8tlt
1qmzeeb40l821ansofd4nxyxg,Hákon Dagur,Matthíasson,Hákon,Matthíasson,H. Matthíasson,Iceland,4jjsm5a20nnxgw5cus6b7yxc6,Defender,player,Iceland,4jjsm5a20nnxgw5cus6b7yxc6,25.0,active,no,2005-08-03,NaN,NaN,NaN,NaN,NaN,NaN,NaN
25ytwmg2c5xcqp5ta12oznm22,Ari,Sigurpálsson,Ari,Sigurpálsson,A. Sigurpálsson,Iceland,4jjsm5a20nnxgw5cus6b7yxc6,Attacker,player,Iceland,4jjsm5a20nnxgw5cus6b7yxc6,17.0,active,yes,2003-03-17,NaN,NaN,NaN,NaN,NaN,NaN,NaN
2afavc1jn5y1ygm8gm96f0lxw,Hrannar Ingi,Magnússon,Hrannar,Magnússon,H. Magnússon,Iceland,4jjsm5a20nnxgw5cus6b7yxc6,Defender,player,Iceland,4jjsm5a20nnxgw5cus6b7yxc6,30.0,active,no,2005-05-04,175.0,NaN,NaN,right,NaN,NaN,NaN
2rj24u5gl3j5je4g48ao44qtx,Erlingur,Agnarsson,Erlingur,Agnarsson,E. Agnarsson,Iceland,4jjsm5a20nnxgw5cus6b7yxc6,Attacker,player,Iceland,4jjsm5a20nnxgw5cus6b7yxc6,7.0,active,yes,1998-03-05,NaN,NaN,NaN,NaN,NaN,NaN,NaN
2u7zlcfa3dzuntjsgbpufns2d,Arnar,Bergmann Gunnlaugsson,Arnar,Gunnlaugsson,A. Gunnlaugsson,Iceland,4jjsm5a20nnxgw5cus6b7yxc6,NaN,coach,Iceland,4jjsm5a20nnxgw5cus6b7yxc6,NaN,active,yes,1973-03-06,182.0,Akranes,76.0,NaN,NaN,NaN,NaN
4bodulgu84u47qlx9krqzg1ec,Sölvi,Stefánsson,Sölvi,Stefánsson,S. Stefánsson,Iceland,4jjsm5a20nnxgw5cus6b7yxc6,Defender,player,Iceland,4jjsm5a20nnxgw5cus6b7yxc6,26.0,active,no,2007-06-18,193.0,NaN,NaN,right,NaN,NaN,NaN
4viy0nok44vpnqvzrivuf22y2,Kyle Douglas,McLagan,Kyle,McLagan,K. McLagan,USA,7hr2f89v44y65dyu9k92vprwn,Defender,player,USA,7hr2f89v44y65dyu9k92vprwn,5.0,active,no,1995-10-14,183.0,NaN,NaN,NaN,NaN,NaN,NaN
5ghzqanbf8v432ekwypz71exh,Ingvar,Jónsson,Ingvar,Jónsson,I. Jónsson,Iceland,4jjsm5a20nnxgw5cus6b7yxc6,Goalkeeper,player,Iceland,4jjsm5a20nnxgw5cus6b7yxc6,1.0,active,yes,1989-10-18,186.0,Keflavík,77.0,right,Ingvar Jónsson,NaN,NaN
6c9jzebimd3c53gpxa35sxzah,Logi,Tómasson,Logi,Tómasson,L. Tómasson,Iceland,4jjsm5a20nnxgw5cus6b7yxc6,Defender,player,Iceland,4jjsm5a20nnxgw5cus6b7yxc6,NaN,active,no,2000-09-13,182.0,NaN,NaN,left,NaN,NaN,NaN
6u5djuy905cnoyqryybwiou7d,Karl Friðleifur,Gunnarsson,Karl,Gunnarsson,K. Gunnarsson,Iceland,4jjsm5a20nnxgw5cus6b7yxc6,Defender,player,Iceland,4jjsm5a20nnxgw5cus6b7yxc6,22.0,active,yes,2001-07-06,NaN,NaN,NaN,NaN,NaN,NaN,NaN
74xe5fmdk3zhqijffx6e3613o,Sindri Björn,Hjaltested,Sindri,Björn,S. Björn,Iceland,4jjsm5a20nnxgw5cus6b7yxc6,Defender,player,Iceland,4jjsm5a20nnxgw5cus6b7yxc6,NaN,active,no,2004-05-09,180.0,NaN,NaN,right,NaN,NaN,NaN
7id6meq135kgxrts9waudjbis,Þorri Heiðar,Bergmann,Thorri,Bergmann,Þ. Bergmann,Iceland,4jjsm5a20nnxgw5cus6b7yxc6,Attacker,player,Iceland,4jjsm5a20nnxgw5cus6b7yxc6,NaN,active,no,2007-03-08,NaN,NaN,NaN,NaN,NaN,NaN,NaN
7n7yfeanjj70l059iu3tntq6t,Sölvi Geir,Ottesen Jónsson,Solvi,Geir,S. Ottesen,Iceland,4jjsm5a20nnxgw5cus6b7yxc6,NaN,assistant coach,Iceland,4jjsm5a20nnxgw5cus6b7yxc6,NaN,active,yes,1984-02-18,188.0,Reykjavík,82.0,right,NaN,NaN,NaN
8ds68x5kakn2m85ls8r9fyyhg,Jóhann Kanfory,Tjörvason,Jóhann,Tjörvason,J. Tjörvason,Iceland,4jjsm5a20nnxgw5cus6b7yxc6,Midfielder,player,Iceland,4jjsm5a20nnxgw5cus6b7yxc6,14.0,active,no,2006-08-02,NaN,NaN,NaN,NaN,NaN,NaN,NaN
8e92436hintolh0p1bbw29eqd,Matthías,Vilhjálmsson,Matthías,Vilhjálmsson,M. Vilhjálmsson,Iceland,4jjsm5a20nnxgw5cus6b7yxc6,Midfielder,player,Iceland,4jjsm5a20nnxgw5cus6b7yxc6,27.0,active,yes,1987-01-30,185.0,Reykjavík,85.0,right,NaN,NaN,NaN
8usynge181yxisdxkstt3c3px,Gunnar,Vatnhamar,Gunnar,Vatnhamar,G. Vatnhamar,Faroe Islands,1glg6jsz6v1fkk8y9pq4fqjc4,Defender,player,Faroe Islands,1glg6jsz6v1fkk8y9pq4fqjc4,6.0,active,yes,1995-03-29,NaN,NaN,NaN,NaN,NaN,NaN,NaN
8yvjubvq7e5ilmr9g2nh6h9lh,Pablo Oshan Battuto,Punyed Dubón,Pablo,Punyed,P. Punyed,El Salvador,6jovhn8du7uhbedi92voitt3k,Midfielder,player,USA,7hr2f89v44y65dyu9k92vprwn,10.0,active,yes,1990-04-18,NaN,Miami,NaN,NaN,NaN,USA,7hr2f89v44y65dyu9k92vprwn
9e8zexonqj93mb2706k5ewbv8,Uggi Jóhann,Auðunsson,Uggi,Audunsson,U. Auðunsson,Iceland,4jjsm5a20nnxgw5cus6b7yxc6,Goalkeeper,player,Iceland,4jjsm5a20nnxgw5cus6b7yxc6,99.0,active,yes,2004-12-04,NaN,NaN,NaN,NaN,NaN,NaN,NaN
9hufbc18q36y9z42mz3a9qd5g,Daði,Berg Jónsson,Dadi,Jónsson,D. Jónsson,Iceland,4jjsm5a20nnxgw5cus6b7yxc6,Defender,player,Iceland,4jjsm5a20nnxgw5cus6b7yxc6,3.0,active,yes,2006-06-11,183.0,NaN,NaN,left,Dadi Jónsson,NaN,NaN
alhnldqbziirmyn3kj1ona044,Gísli Gottskálk,Þórðarson,Gísli,Thórdarson,G. Þórðarson,Iceland,4jjsm5a20nnxgw5cus6b7yxc6,Midfielder,player,Iceland,4jjsm5a20nnxgw5cus6b7yxc6,11.0,active,yes,2004-09-12,NaN,NaN,NaN,NaN,NaN,NaN,NaN
b3trqgol2gifo82io9qgh03x1,Peter Oliver,Ekroth,Oliver,Ekroth,O. Ekroth,Sweden,1z6l2c33w2kyz9rdefs1d68nb,Defender,player,Sweden,1z6l2c33w2kyz9rdefs1d68nb,4.0,active,yes,1992-01-18,187.0,NaN,80.0,right,NaN,NaN,NaN
cgtiys9a71wdpto6tfsg9efvt,Arnór Borg,Guðjohnsen,Arnór,Gudjohnsen,A. Guðjohnsen,Iceland,4jjsm5a20nnxgw5cus6b7yxc6,Midfielder,player,Iceland,4jjsm5a20nnxgw5cus6b7yxc6,15.0,active,no,2000-09-16,NaN,NaN,NaN,NaN,NaN,NaN,NaN
d7nx940m1bs3895u6vnu8ah1x,Birnir Snær,Ingason,Birnir,Ingason,B. Ingason,Iceland,4jjsm5a20nnxgw5cus6b7yxc6,Midfielder,player,Iceland,4jjsm5a20nnxgw5cus6b7yxc6,18.0,active,no,1996-12-04,186.0,NaN,78.0,right,NaN,NaN,NaN
dlwwwbs5p66fun6v9ho76npw5,Nikolaj Andreas,Hansen,Nikolaj,Hansen,N. Hansen,Denmark,5adf60vwiw2f2mibyq1k4ex7i,Attacker,player,Denmark,5adf60vwiw2f2mibyq1k4ex7i,23.0,active,yes,1993-03-15,192.0,NaN,79.0,right,NaN,NaN,NaN
doryp28w8ovkynmxjg8bcdrkl,Aron Elís,Þrándarson,Aron,Thrándarson,A. Þrándarson,Iceland,4jjsm5a20nnxgw5cus6b7yxc6,Midfielder,player,Iceland,4jjsm5a20nnxgw5cus6b7yxc6,21.0,active,yes,1994-11-10,187.0,Reykjavik,83.0,right,NaN,NaN,NaN
dpcd6869zffk9ykjvz19eq02d,Davíð Örn,Atlason,Davíd,Atlason,D. Atlason,Iceland,4jjsm5a20nnxgw5cus6b7yxc6,Defender,player,Iceland,4jjsm5a20nnxgw5cus6b7yxc6,24.0,active,yes,1994-08-18,NaN,NaN,NaN,NaN,NaN,NaN,NaN
e5k4pu9qjkyld7hgr4n07s639,Þórður,Ingason,Thórdur,Ingason,Þ. Ingason,Iceland,4jjsm5a20nnxgw5cus6b7yxc6,Goalkeeper,player,Iceland,4jjsm5a20nnxgw5cus6b7yxc6,16.0,active,no,1988-03-30,189.0,NaN,NaN,right,Thórdur Ingason,NaN,NaN
ejco4bcx1c9uurhb53n3moxd5,Helgi,Guðjónsson,Helgi,Gudjónsson,H. Guðjónsson,Iceland,4jjsm5a20nnxgw5cus6b7yxc6,Attacker,player,Iceland,4jjsm5a20nnxgw5cus6b7yxc6,9.0,active,yes,1999-08-04,NaN,NaN,NaN,both,NaN,NaN,NaN
em4zanvckl4o7sj8y3njd4jro,Sveinn Gísli,Þorkelsson,Sveinn,Thorkelsson,S. Þorkelsson,Iceland,4jjsm5a20nnxgw5cus6b7yxc6,Defender,player,Iceland,4jjsm5a20nnxgw5cus6b7yxc6,2.0,active,no,2003-08-19,NaN,NaN,NaN,NaN,NaN,NaN,NaN
f3m19trq1w6uzw7mk4m307v11,Halldór Smári,Sigurðsson,Halldór,Sigurdsson,H. Sigurðsson,Iceland,4jjsm5a20nnxgw5cus6b7yxc6,Defender,player,Iceland,4jjsm5a20nnxgw5cus6b7yxc6,12.0,active,yes,1988-10-04,NaN,NaN,NaN,NaN,NaN,NaN,NaN
121qmyolh4bn7fias8nm5fr9x,Mikkel,Vandal Hasling,Mikkel,Hasling,M. Hasling,Denmark,5adf60vwiw2f2mibyq1k4ex7i,Goalkeeper,player,Denmark,5adf60vwiw2f2mibyq1k4ex7i,21.0,active,yes,1991-08-22,184.0,NaN,NaN,right,NaN,NaN,NaN
1x5l5c8f8i4yxf5ftvmf6s6lm,Elvis,Okello Isaks Bwomono,Elvis,Bwomono,E. Bwomono,Uganda,1j6yonplolalz6goyopv7xd1k,Defender,player,Uganda,1j6yonplolalz6goyopv7xd1k,27.0,active,no,1998-11-29,175.0,Kampala,63.0,right,NaN,England,1fk5l4hkqk12i7zske6mcqju6
25ey3dogec215xhqtddjgu1ux,Halldór Jón Sigurður,Þórðarson,Halldór,Thórdarson,H. Þórðarson,Iceland,4jjsm5a20nnxgw5cus6b7yxc6,Attacker,player,Iceland,4jjsm5a20nnxgw5cus6b7yxc6,28.0,active,no,1996-07-12,NaN,NaN,NaN,NaN,NaN,NaN,NaN
2cpttmsnj1rqqxwt7n0qzixg5,Alex Freyr,Hilmarsson,Alex,Hilmarsson,A. Hilmarsson,Iceland,4jjsm5a20nnxgw5cus6b7yxc6,Midfielder,player,Iceland,4jjsm5a20nnxgw5cus6b7yxc6,25.0,active,yes,1993-07-26,180.0,NaN,NaN,right,Alex Hilmarsson,NaN,NaN
325zk75hovwk2k3kx608am5t5,Nökkvi Már,Nökkvason,Nökkvi,Nökkvason,N. Nökkvason,Iceland,4jjsm5a20nnxgw5cus6b7yxc6,Defender,player,Iceland,4jjsm5a20nnxgw5cus6b7yxc6,4.0,active,yes,2000-07-02,183.0,Vestmannaeyjar,NaN,NaN,NaN,NaN,NaN
3em1so9duk8cs39z9hafr0fmc,Richard Larkland,King,Richard,King,R. King,Jamaica,gimxu1vjwoa2xrecyd9gtyoc,Defender,player,Jamaica,gimxu1vjwoa2xrecyd9gtyoc,26.0,active,no,2001-11-27,187.0,Clarendon,NaN,right,NaN,NaN,NaN
3gvdo9rjaq1gr7ybh297klv55,Felix Örn,Friðriksson,Felix,Fridriksson,F. Friðriksson,Iceland,4jjsm5a20nnxgw5cus6b7yxc6,Defender,player,Iceland,4jjsm5a20nnxgw5cus6b7yxc6,3.0,active,yes,1999-03-16,NaN,Vestmannaeyjar,NaN,left,NaN,NaN,NaN
3noewo9cyggb58rpq4jy53qj8,Jón Jökull,Hjaltason,Jón,Hjaltason,J. Hjaltason,Iceland,4jjsm5a20nnxgw5cus6b7yxc6,Midfielder,player,Iceland,4jjsm5a20nnxgw5cus6b7yxc6,6.0,active,no,2001-04-09,NaN,NaN,NaN,NaN,NaN,NaN,NaN
4enaqt7doh2uvz9srq7wwpkwk,Ólafur Haukur,Arilíusson,Ólafur,Arilíusson,Ó. Arilíusson,Iceland,4jjsm5a20nnxgw5cus6b7yxc6,Midfielder,player,Iceland,4jjsm5a20nnxgw5cus6b7yxc6,24.0,active,no,2004-04-05,NaN,NaN,NaN,NaN,NaN,NaN,NaN
5aocd8ha3hl7fd1l8tg1zufsa,Dwayne,Atkinson,Dwayne,Atkinson,D. Atkinson,Jamaica,gimxu1vjwoa2xrecyd9gtyoc,Midfielder,player,Jamaica,gimxu1vjwoa2xrecyd9gtyoc,13.0,active,no,2002-05-05,NaN,Kingston,NaN,NaN,NaN,NaN,NaN
6ysbvl2yr2rd6ekkzwtay611x,Eiður Aron,Sigurbjörnsson,Eidur,Sigurbjörnsson,E. Sigurbjörnsson,Iceland,4jjsm5a20nnxgw5cus6b7yxc6,Defender,player,Iceland,4jjsm5a20nnxgw5cus6b7yxc6,23.0,active,no,1990-02-26,187.0,Vestmannaeyjar,NaN,right,NaN,NaN,NaN
72rtgb2qfyqzqz4ndus148xzo,Arnór Sölvi,Harðarson,Arnór,Hardarson,A. Harðarson,Iceland,4jjsm5a20nnxgw5cus6b7yxc6,Midfielder,player,Iceland,4jjsm5a20nnxgw5cus6b7yxc6,44.0,active,yes,2004-11-26,NaN,NaN,NaN,NaN,NaN,NaN,NaN
7cx9ul50g5gkpgcg8qq0eqcq1,Sigurður Arnar,Magnússon,Sigurdur,Magnússon,S. Magnússon,Iceland,4jjsm5a20nnxgw5cus6b7yxc6,Defender,player,Iceland,4jjsm5a20nnxgw5cus6b7yxc6,2.0,active,yes,1999-06-30,NaN,NaN,NaN,right,Sigurdur Magnússon,NaN,NaN
7h6cpzj5976tx0bx4r7177ydx,Sigurður Grétar,Benónýsson,Sigurdur,Benónysson,S. Benónýsson,Iceland,4jjsm5a20nnxgw5cus6b7yxc6,Attacker,player,Iceland,4jjsm5a20nnxgw5cus6b7yxc6,11.0,active,yes,1996-08-27,NaN,NaN,NaN,NaN,NaN,NaN,NaN
7lb2jto7hui2080og6kyc8639,Breki,Ómarsson,Breki,Ómarsson,B. Ómarsson,Iceland,4jjsm5a20nnxgw5cus6b7yxc6,Attacker,player,Iceland,4jjsm5a20nnxgw5cus6b7yxc6,19.0,active,yes,1998-08-10,186.0,Vestmannaeyjar,NaN,NaN,Breki Ómarsson,NaN,NaN
7zsls4rhrfmcvc4walql9yj56,Arnar Breki,Gunnarsson,Arnar,Gunnarsson,A. Gunnarsson,Iceland,4jjsm5a20nnxgw5cus6b7yxc6,Attacker,player,Iceland,4jjsm5a20nnxgw5cus6b7yxc6,14.0,active,yes,2002-05-23,NaN,Vestmannaeyjar,NaN,NaN,NaN,NaN,NaN
925nzjtsdtg25yrln81c6uyy2,Sverrir Páll,Hjaltested,Sverrir,Hjaltested,S. Hjaltested,Iceland,4jjsm5a20nnxgw5cus6b7yxc6,Attacker,player,Iceland,4jjsm5a20nnxgw5cus6b7yxc6,9.0,active,yes,2000-06-27,181.0,NaN,NaN,NaN,NaN,NaN,NaN
9puxyyt94y1vg1ci5tv3e2s45,Hermann,Hreiðarsson,Hermann,Hreidarsson,H. Hreiðarsson,Iceland,4jjsm5a20nnxgw5cus6b7yxc6,NaN,coach,Iceland,4jjsm5a20nnxgw5cus6b7yxc6,NaN,active,yes,1974-07-11,NaN,Reykjavík,NaN,NaN,NaN,NaN,NaN
9tiohlu5ws4hhkzvh3eyuhk44,Hermann Þór,Ragnarsson,Hermann,Ragnarsson,H. Ragnarsson,Iceland,4jjsm5a20nnxgw5cus6b7yxc6,Attacker,player,Iceland,4jjsm5a20nnxgw5cus6b7yxc6,22.0,active,yes,2003-07-31,NaN,NaN,NaN,NaN,NaN,NaN,NaN
a3j6pwydxtg9b7wf3sh5gyi8l,Jón,Ingason,Jón,Ingason,J. Ingason,Iceland,4jjsm5a20nnxgw5cus6b7yxc6,Defender,player,Iceland,4jjsm5a20nnxgw5cus6b7yxc6,5.0,active,yes,1995-09-21,186.0,Reykjavík,NaN,left,NaN,NaN,NaN
aiw3uh190grn75dhh8nihif4k,Bjarki Björn,Gunnarsson,Bjarki,Gunnarsson,B. Gunnarsson,Iceland,4jjsm5a20nnxgw5cus6b7yxc6,Midfielder,player,Iceland,4jjsm5a20nnxgw5cus6b7yxc6,8.0,active,no,2000-06-06,171.0,NaN,NaN,NaN,Bjarki Gunnarsson,NaN,NaN
buc4ftazqhnmgz3ixnt7j6fe2,Eyþór Daði,Kjartansson,Eythór,Kjartansson,E. Kjartansson,Iceland,4jjsm5a20nnxgw5cus6b7yxc6,Midfielder,player,Iceland,4jjsm5a20nnxgw5cus6b7yxc6,18.0,active,yes,2000-06-20,NaN,Vestmannaeyjar,NaN,NaN,NaN,NaN,NaN
cbceals9gkfqlywg94zzzlgb9,Filip,Valenčič,Filip,Valencic,F. Valenčič,Slovenia,63vptz9g2ckqnnlxhd1oqn4xq,Midfielder,player,Slovenia,63vptz9g2ckqnnlxhd1oqn4xq,10.0,active,no,1992-01-07,183.0,Ljubljana,NaN,left,NaN,NaN,NaN
cihkgod7dbm5o2k5c58ewcjkk,Nikolay,Grekov,Nikolay,Emilov Grekov,N. Grekov,Bulgaria,5a1vsxg8tbnsk65iefq1q8tlt,NaN,assistant coach,Bulgaria,5a1vsxg8tbnsk65iefq1q8tlt,NaN,active,yes,1986-09-11,NaN,NaN,NaN,NaN,NaN,NaN,NaN
cs2aokbdnvyzasyg1doiqblqt,Michaël Jordan,N'kololo,Jordan,N'Kololo,J. N'kololo,Congo DR,6xq2smnxqvc5bh7vzza9ljiy9,Midfielder,player,France,7gww28djs405rfga69smki84o,NaN,active,no,1992-11-09,183.0,Créteil,78.0,right,NaN,NaN,NaN
dkxwrry02v62e8uewdsdyz7dg,Dagur,Einarsson,Dagur,Einarsson,D. Einarsson,Iceland,4jjsm5a20nnxgw5cus6b7yxc6,Midfielder,player,Iceland,4jjsm5a20nnxgw5cus6b7yxc6,NaN,active,no,2004-11-27,NaN,NaN,NaN,NaN,NaN,NaN,NaN
dn8omh6mbqkk6d6s9390ocvhm,Oliver,Heiðarsson,Oliver,Heidarsson,O. Heiðarsson,Iceland,4jjsm5a20nnxgw5cus6b7yxc6,Midfielder,player,Iceland,4jjsm5a20nnxgw5cus6b7yxc6,17.0,active,yes,2001-02-23,NaN,NaN,NaN,right,NaN,NaN,NaN
drbnlhv023rfrduuxg8m7c1nu,Jón Kristinn,Elíasson,Jón,Elíasson,J. Elíasson,Iceland,4jjsm5a20nnxgw5cus6b7yxc6,Goalkeeper,player,Iceland,4jjsm5a20nnxgw5cus6b7yxc6,1.0,active,yes,2001-03-20,NaN,NaN,NaN,NaN,NaN,NaN,NaN
dtx312i7bh9ta1nl4f4k7lus4,Viggó,Valgeirsson,Viggó,Valgeirsson,V. Valgeirsson,Iceland,4jjsm5a20nnxgw5cus6b7yxc6,Defender,player,Iceland,4jjsm5a20nnxgw5cus6b7yxc6,NaN,active,yes,2006-03-23,NaN,NaN,NaN,NaN,NaN,NaN,NaN
dzh7uv6408uf6zkkyy4yv6dt6,Guðjón Ernir,Hrafnkelsson,Gudjón,Hrafnkelsson,G. Hrafnkelsson,Iceland,4jjsm5a20nnxgw5cus6b7yxc6,Defender,player,Iceland,4jjsm5a20nnxgw5cus6b7yxc6,7.0,active,yes,2001-08-19,NaN,NaN,NaN,NaN,NaN,NaN,NaN
eqrymyds4rbsioa4vf7nctt61,Guy,Smit,Guy,Smit,G. Smit,Netherlands,6hzi5pltnz67q4la8yli9qfv6,Goalkeeper,player,Netherlands,6hzi5pltnz67q4la8yli9qfv6,12.0,active,no,1996-01-19,NaN,Nijmegen,NaN,NaN,NaN,NaN,NaN
f0ip30hmi0fv1xocqg23npd9m,Tómas Bent,Magnússon,Tómas,Magnússon,T. Magnússon,Iceland,4jjsm5a20nnxgw5cus6b7yxc6,Midfielder,player,Iceland,4jjsm5a20nnxgw5cus6b7yxc6,16.0,active,yes,2002-08-14,NaN,NaN,NaN,NaN,Tómas Magnússon,NaN,NaN
oqzbltpbyuc05umx9odvk445,Kévin,Bru,Kévin,Bru,K. Bru,Mauritius,7cypj0lbirqhd1l81ulhflstr,Midfielder,player,France,7gww28djs405rfga69smki84o,NaN,active,no,1988-12-12,182.0,Paris,71.0,right,NaN,France,7gww28djs405rfga69smki84o
