playerName,team_name,label,date,possessionValue.pvValue,possessionValue.pvAdded
A. Abdallah,Guingamp,Guingamp vs Le Mans,2025-08-09,0.1857443,0.0645474
A. Abdallah,Guingamp,Guingamp vs Red Star,2025-08-23,0.1221122,0.010174899999999999
A. Abdallah,Guingamp,Reims vs Guingamp,2025-08-16,0.387287,0.11969349999999998
A. Aiki,Bastia,Le Mans vs Bastia,2025-08-22,0.0,0.0
A. Appiah,Amiens SC,Amiens SC vs Annecy,2025-08-22,0.3243476,-0.0808038
A. Appiah,Amiens SC,Amiens SC vs Reims,2025-08-11,0.1551455,-0.021339400000000005
A. Appiah,Amiens SC,Red Star vs Amiens SC,2025-08-15,0.388573,0.1105496
A. Boakye,Saint-Étienne,Boulogne vs Saint-Étienne,2025-08-23,0.28037080000000003,0.023779099999999997
A. Boakye,Saint-Étienne,Laval vs Saint-Étienne,2025-08-09,0.8260033,0.2918366
A. Boakye,Saint-Étienne,Saint-Étienne vs Rodez,2025-08-16,0.6205274000000001,0.2662662
A. Bobichon,Pau,Bastia vs Pau,2025-08-15,0.3014605,-0.012591600000000005
A. Bobichon,Pau,Pau vs Annecy,2025-08-09,0.2256312,-0.024633199999999997
A. Bojang,Reims,Amiens SC vs Reims,2025-08-11,0.3228344,-0.0338923
A. Bojang,Reims,Reims vs Guingamp,2025-08-16,0.9729755,0.49256099999999997
A. Boutrah,Bastia,Bastia vs Pau,2025-08-15,0.721579,0.2871604
A. Boutrah,Bastia,Le Mans vs Bastia,2025-08-22,0.2689588,-0.12360349999999999
A. Briançon,Pau,Bastia vs Pau,2025-08-15,0.21162620000000001,0.0259875
A. Briançon,Pau,Pau vs Annecy,2025-08-09,0.1573737,0.0920469
A. Chabane,Amiens SC,Amiens SC vs Annecy,2025-08-22,0.22662000000000002,0.014196699999999994
A. Chabane,Amiens SC,Amiens SC vs Reims,2025-08-11,0.14995920000000001,0.0774547
A. Chabane,Amiens SC,Red Star vs Amiens SC,2025-08-15,0.3451609,0.1508009
A. Chibozo,Amiens SC,Amiens SC vs Reims,2025-08-11,0.0011995,0.0006932
A. Dabasse,Nancy,Rodez vs Nancy,2025-08-09,0.0191798,-0.0093245
A. Daho,Dunkerque,Annecy vs Dunkerque,2025-08-16,0.0446266,-0.0747001
A. Daho,Dunkerque,Dunkerque vs Nancy,2025-08-22,0.08096600000000001,-0.0631681
A. Demouchy,Guingamp,Guingamp vs Le Mans,2025-08-09,0.1929325,0.1038156
A. Demouchy,Guingamp,Guingamp vs Red Star,2025-08-23,0.1145574,0.0460787
A. Demouchy,Guingamp,Reims vs Guingamp,2025-08-16,0.3335129,0.2144693
A. Diakité,Troyes,Troyes vs Montpellier,2025-08-23,0.0261544,-0.058684700000000006
A. El Farissi,Boulogne,Boulogne vs Saint-Étienne,2025-08-23,0.1507662,-0.0368017
A. El Farissi,Boulogne,Nancy vs Boulogne,2025-08-15,0.17448429999999998,0.002084200000000003
A. Faurand-Tournaire,Laval,Grenoble vs Laval,2025-08-15,0.0075231,0.0002922
A. Faurand-Tournaire,Laval,Laval vs Saint-Étienne,2025-08-09,0.0093677,0.0001842
A. Faurand-Tournaire,Laval,Rodez vs Laval,2025-08-22,0.0051018999999999995,-0.0011897000000000001
A. Georgen,Dunkerque,Dunkerque vs Nancy,2025-08-22,0.5318789,0.30213809999999997
A. Hachem,Red Star,Guingamp vs Red Star,2025-08-23,0.0087209,-0.006274200000000001
A. Hachem,Red Star,Montpellier vs Red Star,2025-08-09,0.1464751,0.057392399999999996
A. Hachem,Red Star,Red Star vs Amiens SC,2025-08-15,0.023990499999999998,-0.008039999999999999
A. Hbouch,Annecy,Amiens SC vs Annecy,2025-08-22,0.8607349,0.3560122
A. Hbouch,Annecy,Annecy vs Dunkerque,2025-08-16,0.48023710000000003,0.1080387
A. Hbouch,Annecy,Pau vs Annecy,2025-08-09,0.6192947999999999,0.22794930000000002
A. Hemia,Guingamp,Guingamp vs Le Mans,2025-08-09,0.5518493,0.17325790000000002
A. Hemia,Guingamp,Guingamp vs Red Star,2025-08-23,0.4719835,0.0033735000000000084
A. Hemia,Guingamp,Reims vs Guingamp,2025-08-16,0.2066197,-0.0563737
A. Hunou,Clermont,Clermont vs Grenoble,2025-08-22,0.0943055,-0.002721600000000001
A. Hunou,Clermont,Clermont vs Troyes,2025-08-15,0.1562507,-0.1177804
A. Hunou,Clermont,Dunkerque vs Clermont,2025-08-09,0.0858461,0.0030711999999999983
A. Julloux,Nancy,Dunkerque vs Nancy,2025-08-22,0.0483767,0.022195799999999998
A. Julloux,Nancy,Nancy vs Boulogne,2025-08-15,0.1335747,0.041439800000000006
A. Julloux,Nancy,Rodez vs Nancy,2025-08-09,0.1691988,-0.006821499999999998
A. Kanté,Dunkerque,Annecy vs Dunkerque,2025-08-16,0.1090896,0.08930959999999999
A. Kanté,Dunkerque,Dunkerque vs Nancy,2025-08-22,0.0397111,-0.0528488
A. Kashi,Annecy,Amiens SC vs Annecy,2025-08-22,0.2187543,0.0713722
A. Kashi,Annecy,Annecy vs Dunkerque,2025-08-16,0.20005799999999999,0.117389
A. Kashi,Annecy,Pau vs Annecy,2025-08-09,0.0752094,0.022673600000000002
A. Larose,Annecy,Annecy vs Dunkerque,2025-08-16,0.0145275,0.005587900000000001
A. Lauray,Le Mans,Le Mans vs Bastia,2025-08-22,0.3477465,0.019134500000000002
A. Lauray,Le Mans,Le Mans vs Montpellier,2025-08-18,0.3934052,0.0983342
A. Linguet,Dunkerque,Annecy vs Dunkerque,2025-08-16,0.1603559,0.036135799999999996
A. Linguet,Dunkerque,Dunkerque vs Clermont,2025-08-09,0.483753,0.1667509
A. Linguet,Dunkerque,Dunkerque vs Nancy,2025-08-22,0.1415575,0.029612600000000003
A. Léautey,Amiens SC,Amiens SC vs Annecy,2025-08-22,1.3371174,0.13949740000000002
A. Léautey,Amiens SC,Amiens SC vs Reims,2025-08-11,0.3398553,0.1230961
A. Léautey,Amiens SC,Red Star vs Amiens SC,2025-08-15,0.6736269,0.1867629
A. Lô,Amiens SC,Amiens SC vs Annecy,2025-08-22,0.021918,0.0055061
A. Lô,Amiens SC,Amiens SC vs Reims,2025-08-11,0.0044816,0.0013605
A. Lô,Amiens SC,Red Star vs Amiens SC,2025-08-15,0.0,0.0
A. Mille,Troyes,Clermont vs Troyes,2025-08-15,0.3300307,-0.019159800000000005
A. Mille,Troyes,Troyes vs Grenoble,2025-08-09,0.7494225999999999,0.12142619999999998
A. Mille,Troyes,Troyes vs Montpellier,2025-08-23,0.3309105,-0.0355729
A. Monfray,Troyes,Clermont vs Troyes,2025-08-15,0.1891524,0.076455
A. Monfray,Troyes,Troyes vs Grenoble,2025-08-09,0.3267576,0.12310460000000001
A. Monfray,Troyes,Troyes vs Montpellier,2025-08-23,0.2470548,0.1132588
A. Moueffek,Saint-Étienne,Boulogne vs Saint-Étienne,2025-08-23,0.3427968,0.009475299999999996
A. Moueffek,Saint-Étienne,Laval vs Saint-Étienne,2025-08-09,0.5465213,0.3499988
A. Moueffek,Saint-Étienne,Saint-Étienne vs Rodez,2025-08-16,0.233379,-0.082227
A. Nade,Troyes,Clermont vs Troyes,2025-08-15,0.06962080000000001,0.0461815
A. Ouzenadji,Troyes,Troyes vs Grenoble,2025-08-09,0.0,-0.015276
A. Ouzenadji,Troyes,Troyes vs Montpellier,2025-08-23,0.0,0.0
A. Pelmard,Clermont,Clermont vs Grenoble,2025-08-22,0.1201871,0.0691781
A. Pelmard,Clermont,Dunkerque vs Clermont,2025-08-09,0.193656,0.0648501
A. Phliponeau,Troyes,Clermont vs Troyes,2025-08-15,0.0726659,0.0016240000000000013
A. Phliponeau,Troyes,Troyes vs Grenoble,2025-08-09,0.2385561,0.0628654
A. Pinot,Boulogne,Boulogne vs Saint-Étienne,2025-08-23,0.0392137,0.006446099999999999
A. Platret,Boulogne,Nancy vs Boulogne,2025-08-15,0.1697444,0.07219719999999999
A. Rabillard,Le Mans,Guingamp vs Le Mans,2025-08-09,0.19913809999999998,0.054377299999999996
A. Rabillard,Le Mans,Le Mans vs Montpellier,2025-08-18,0.1822553,-0.022874999999999996
A. Ribelin,Le Mans,Guingamp vs Le Mans,2025-08-09,0.2727073,0.10045989999999999
A. Ribelin,Le Mans,Le Mans vs Bastia,2025-08-22,0.2310511,-0.0078529
A. Ribelin,Le Mans,Le Mans vs Montpellier,2025-08-18,0.2651162,0.0620076
A. Roncaglia,Bastia,Bastia vs Pau,2025-08-15,0.1124537,0.0582795
A. Roncaglia,Bastia,Le Mans vs Bastia,2025-08-22,0.0750705,0.0301422
A. Sagna,Guingamp,Reims vs Guingamp,2025-08-16,0.2116796,0.0284594
A. Saïd,Clermont,Dunkerque vs Clermont,2025-08-09,0.018282200000000002,-0.0043058
A. Sekongo,Dunkerque,Annecy vs Dunkerque,2025-08-16,0.1780443,0.09696679999999999
A. Sekongo,Dunkerque,Dunkerque vs Clermont,2025-08-09,0.3400838,-0.11252679999999998
A. Sekongo,Dunkerque,Dunkerque vs Nancy,2025-08-22,0.298767,0.1626518
A. Sissoko,Guingamp,Guingamp vs Le Mans,2025-08-09,0.4537663,0.1347614
A. Sissoko,Guingamp,Guingamp vs Red Star,2025-08-23,0.3761575,0.1430207
A. Sissoko,Guingamp,Reims vs Guingamp,2025-08-16,0.3589402,0.1077202
A. Tia,Reims,Amiens SC vs Reims,2025-08-11,0.0636342,0.0135226
A. Tia,Reims,Reims vs Guingamp,2025-08-16,0.230682,-0.012920199999999996
A. Trouillet,Rodez,Rodez vs Laval,2025-08-22,0.3357709,0.004632400000000002
A. Trouillet,Rodez,Rodez vs Nancy,2025-08-09,0.4372973,0.170701
A. Trouillet,Rodez,Saint-Étienne vs Rodez,2025-08-16,0.1337665,0.024019699999999998
A. Yahi,Annecy,Pau vs Annecy,2025-08-09,0.0059375999999999995,-0.0245196
A. Zaouai,Bastia,Bastia vs Pau,2025-08-15,0.019301699999999998,-0.0083183
A. Zossou,Dunkerque,Annecy vs Dunkerque,2025-08-16,0.4587694,0.2025614
A. Zossou,Dunkerque,Dunkerque vs Clermont,2025-08-09,0.5751723,0.3306999
A. Zossou,Dunkerque,Dunkerque vs Nancy,2025-08-22,0.2946489,-0.013861499999999988
Abdoul Koné,Reims,Amiens SC vs Reims,2025-08-11,0.2032228,0.074776
Abdoul Koné,Reims,Reims vs Guingamp,2025-08-16,0.1859792,-0.001605600000000003
Abner,Dunkerque,Annecy vs Dunkerque,2025-08-16,0.2250577,0.037737
Abner,Dunkerque,Dunkerque vs Clermont,2025-08-09,0.2903349,0.0797631
Abner,Dunkerque,Dunkerque vs Nancy,2025-08-22,0.1614122,0.0552728
Adrián Ortolá,Guingamp,Guingamp vs Le Mans,2025-08-09,0.0363397,0.0071625000000000005
Adrián Ortolá,Guingamp,Guingamp vs Red Star,2025-08-23,0.0592021,0.0218037
Adrián Ortolá,Guingamp,Reims vs Guingamp,2025-08-16,0.0461122,0.0097907
Alexandre Mendy,Montpellier,Le Mans vs Montpellier,2025-08-18,0.5603277,0.2859511
Alexandre Mendy,Montpellier,Montpellier vs Red Star,2025-08-09,0.0831635,-0.014977300000000002
Alexandre Mendy,Montpellier,Troyes vs Montpellier,2025-08-23,0.32149859999999997,0.2419812
B. Bokangu,Nancy,Dunkerque vs Nancy,2025-08-22,0.2940503,0.2290572
B. Bokangu,Nancy,Nancy vs Boulogne,2025-08-15,0.079048,0.0112656
B. Bokangu,Nancy,Rodez vs Nancy,2025-08-09,0.21653630000000001,0.0767505
B. Danger,Red Star,Guingamp vs Red Star,2025-08-23,0.028656200000000003,0.0210505
B. Danger,Red Star,Red Star vs Amiens SC,2025-08-15,0.08704970000000001,-0.0028667
B. Guillaume,Le Mans,Guingamp vs Le Mans,2025-08-09,0.1675888,0.06471650000000001
B. Mouazan,Grenoble,Clermont vs Grenoble,2025-08-22,0.0021288,0.00047010000000000004
B. Mouazan,Grenoble,Grenoble vs Laval,2025-08-15,0.0751699,-0.0665378
B. Mouazan,Grenoble,Troyes vs Grenoble,2025-08-09,0.030843500000000003,-0.3094094
B. Oggad,Le Mans,Le Mans vs Bastia,2025-08-22,0.0967265,0.07163380000000001
B. Oggad,Le Mans,Le Mans vs Montpellier,2025-08-18,0.046228,0.0161737
B. Old,Saint-Étienne,Boulogne vs Saint-Étienne,2025-08-23,0.0267939,0.0260204
B. Old,Saint-Étienne,Laval vs Saint-Étienne,2025-08-09,0.2634195,-0.005346599999999996
B. Old,Saint-Étienne,Saint-Étienne vs Rodez,2025-08-16,0.037694200000000004,-0.0144498
B. Omeragić,Montpellier,Le Mans vs Montpellier,2025-08-18,0.2071051,0.1127536
B. Omeragić,Montpellier,Montpellier vs Red Star,2025-08-09,0.2133615,0.0497157
B. Omeragić,Montpellier,Troyes vs Montpellier,2025-08-23,0.0742359,-0.042044
C. Billemaz,Annecy,Amiens SC vs Annecy,2025-08-22,0.239203,0.1039772
C. Billemaz,Annecy,Annecy vs Dunkerque,2025-08-16,0.47184380000000004,0.2555958
C. Billemaz,Annecy,Pau vs Annecy,2025-08-09,0.1565322,-0.04911769999999999
C. Dressel,Grenoble,Grenoble vs Laval,2025-08-15,0.0,0.0
C. El Hansar,Nancy,Nancy vs Boulogne,2025-08-15,0.008386,0.0074638
C. El Hansar,Nancy,Rodez vs Nancy,2025-08-09,0.2381262,0.1754839
C. Fatou,Boulogne,Boulogne vs Saint-Étienne,2025-08-23,0.10407040000000001,0.005679300000000001
C. Fatou,Boulogne,Nancy vs Boulogne,2025-08-15,0.18655100000000002,-0.0566808
C. Issanchou,Rodez,Rodez vs Laval,2025-08-22,0.0129191,-0.0085662
C. Jolibois,Rodez,Rodez vs Laval,2025-08-22,0.1378905,0.0289828
C. Jolibois,Rodez,Rodez vs Nancy,2025-08-09,0.031464500000000006,0.026348800000000002
C. Jolibois,Rodez,Saint-Étienne vs Rodez,2025-08-16,0.1024735,0.046817700000000004
C. Jullien,Montpellier,Le Mans vs Montpellier,2025-08-18,0.07641579999999999,0.013818700000000001
C. Jullien,Montpellier,Montpellier vs Red Star,2025-08-09,0.1197363,0.0282374
C. Jullien,Montpellier,Troyes vs Montpellier,2025-08-23,0.0008114,-0.0002812
C. Konaté,Clermont,Clermont vs Grenoble,2025-08-22,0.3891493,0.040582300000000016
C. Konaté,Clermont,Clermont vs Troyes,2025-08-15,0.0,0.0
C. Makutungu,Annecy,Amiens SC vs Annecy,2025-08-22,0.1320118,0.046862600000000004
C. Makutungu,Annecy,Annecy vs Dunkerque,2025-08-16,0.1055618,0.036382199999999996
C. Makutungu,Annecy,Pau vs Annecy,2025-08-09,0.0776614,0.0643616
C. Mandouki,Laval,Grenoble vs Laval,2025-08-15,0.0322479,0.0128604
C. Mandouki,Laval,Laval vs Saint-Étienne,2025-08-09,0.018645500000000002,0.0155133
C. Mandouki,Laval,Rodez vs Laval,2025-08-22,0.0952338,0.06751309999999999
C. Vincent,Bastia,Bastia vs Pau,2025-08-15,0.4003602,0.1362866
C. Vincent,Bastia,Le Mans vs Bastia,2025-08-22,0.4098814,0.22617030000000002
Chico Lamba,Saint-Étienne,Boulogne vs Saint-Étienne,2025-08-23,0.3617553,0.1198998
Chico Lamba,Saint-Étienne,Laval vs Saint-Étienne,2025-08-09,0.1430402,0.07618459999999999
Chico Lamba,Saint-Étienne,Saint-Étienne vs Rodez,2025-08-16,0.1208652,0.0491968
D. Appiah,Saint-Étienne,Laval vs Saint-Étienne,2025-08-09,0.3260061,0.0859883
D. Appiah,Saint-Étienne,Saint-Étienne vs Rodez,2025-08-16,0.0650846,-0.013587799999999999
D. Durand,Red Star,Guingamp vs Red Star,2025-08-23,0.2668256,0.0286741
D. Durand,Red Star,Montpellier vs Red Star,2025-08-09,0.1717651,-0.0611479
D. Durand,Red Star,Red Star vs Amiens SC,2025-08-15,0.6775255,0.1602498
D. Durivaux,Red Star,Guingamp vs Red Star,2025-08-23,0.2168189,0.0914828
D. Durivaux,Red Star,Montpellier vs Red Star,2025-08-09,0.24846130000000002,0.0917639
D. Durivaux,Red Star,Red Star vs Amiens SC,2025-08-15,0.6648761,0.2843545
D. Gomis,Guingamp,Guingamp vs Le Mans,2025-08-09,0.1442446,0.034568
D. Gomis,Guingamp,Guingamp vs Red Star,2025-08-23,0.3177694,0.1259108
D. Gomis,Guingamp,Reims vs Guingamp,2025-08-16,0.2240052,0.0412034
D. Guidi,Bastia,Bastia vs Pau,2025-08-15,0.0556681,0.025202
D. Guidi,Bastia,Le Mans vs Bastia,2025-08-22,0.0804996,0.0167599
D. Guèye,Le Mans,Guingamp vs Le Mans,2025-08-09,0.1278371,0.0389701
D. Guèye,Le Mans,Le Mans vs Bastia,2025-08-22,0.2807033,0.1426863
D. Guèye,Le Mans,Le Mans vs Montpellier,2025-08-18,0.44950829999999997,0.0524255
D. Louiserre,Guingamp,Guingamp vs Le Mans,2025-08-09,0.1441508,-0.018856699999999997
D. Louiserre,Guingamp,Guingamp vs Red Star,2025-08-23,0.1701219,-0.006230899999999999
D. Louiserre,Guingamp,Reims vs Guingamp,2025-08-16,0.40316240000000003,0.2608233
D. Mazou-Sacko,Rodez,Rodez vs Laval,2025-08-22,0.4568364,0.1901948
D. Mazou-Sacko,Rodez,Rodez vs Nancy,2025-08-09,0.177963,0.0390008
D. Mazou-Sacko,Rodez,Saint-Étienne vs Rodez,2025-08-16,0.2433115,0.1003659
D. Meddah,Pau,Bastia vs Pau,2025-08-15,0.2215501,0.10071390000000001
D. Meddah,Pau,Pau vs Annecy,2025-08-09,0.1924891,0.0810693
D. N'Landu,Guingamp,Guingamp vs Le Mans,2025-08-09,0.1574916,0.1184298
D. N'Landu,Guingamp,Guingamp vs Red Star,2025-08-23,0.1895606,0.0063502
D. N'Landu,Guingamp,Reims vs Guingamp,2025-08-16,0.0105474,-0.0058341999999999995
D. Ourega,Guingamp,Guingamp vs Le Mans,2025-08-09,0.1372747,0.006555099999999998
D. Ourega,Guingamp,Guingamp vs Red Star,2025-08-23,0.1779288,0.019826300000000005
D. Ourega,Guingamp,Reims vs Guingamp,2025-08-16,0.031091900000000002,0.017273900000000002
D. Sylla,Red Star,Guingamp vs Red Star,2025-08-23,0.2043098,0.021855299999999998
D. Sylla,Red Star,Montpellier vs Red Star,2025-08-09,0.3449958,0.026945799999999992
D. Sylla,Red Star,Red Star vs Amiens SC,2025-08-15,0.6590324,0.2534733
D. Thiam,Boulogne,Boulogne vs Saint-Étienne,2025-08-23,0.1579948,0.06374579999999999
D. Thiam,Boulogne,Nancy vs Boulogne,2025-08-15,0.1501999,0.0591591
Diogo Queirós,Dunkerque,Annecy vs Dunkerque,2025-08-16,0.0973186,0.0119024
Diogo Queirós,Dunkerque,Dunkerque vs Clermont,2025-08-09,0.3209617,0.0864491
E. Annan,Saint-Étienne,Boulogne vs Saint-Étienne,2025-08-23,0.7960430000000001,0.30572249999999995
E. Annan,Saint-Étienne,Laval vs Saint-Étienne,2025-08-09,0.2655618,0.014733599999999998
E. Annan,Saint-Étienne,Saint-Étienne vs Rodez,2025-08-16,0.3631165,0.1070078
E. Bardeli,Dunkerque,Annecy vs Dunkerque,2025-08-16,0.4323257,0.06739880000000001
E. Bardeli,Dunkerque,Dunkerque vs Clermont,2025-08-09,1.4024754,0.210312
E. Bardeli,Dunkerque,Dunkerque vs Nancy,2025-08-22,0.2886591,-0.0848459
E. Basilio,Nancy,Dunkerque vs Nancy,2025-08-22,0.060083199999999996,0.010887200000000001
E. Basilio,Nancy,Nancy vs Boulogne,2025-08-15,0.0825844,0.029119399999999997
E. Basilio,Nancy,Rodez vs Nancy,2025-08-09,0.0713911,0.0218518
E. Clavreul,Laval,Grenoble vs Laval,2025-08-15,0.1397154,0.0787665
E. Clavreul,Laval,Laval vs Saint-Étienne,2025-08-09,0.0170746,-0.038406800000000005
E. Clavreul,Laval,Rodez vs Laval,2025-08-22,0.0346977,-0.0467774
E. Jaouen,Reims,Amiens SC vs Reims,2025-08-11,0.040307,0.009613199999999999
E. Jaouen,Reims,Reims vs Guingamp,2025-08-16,0.09026039999999999,0.025767699999999998
E. Koffi,Guingamp,Guingamp vs Le Mans,2025-08-09,0.1870429,0.011864499999999997
E. Koffi,Guingamp,Guingamp vs Red Star,2025-08-23,0.13237870000000002,0.049345
E. Mpembele,Boulogne,Boulogne vs Saint-Étienne,2025-08-23,0.0268184,-0.0021304
E. Quarshie,Le Mans,Guingamp vs Le Mans,2025-08-09,0.10003630000000001,0.0244968
E. Quarshie,Le Mans,Le Mans vs Bastia,2025-08-22,0.0456788,0.0257238
E. Quarshie,Le Mans,Le Mans vs Montpellier,2025-08-18,0.1923175,0.025166800000000003
E. Sarıkaya,Grenoble,Clermont vs Grenoble,2025-08-22,0.1299821,0.0440786
E. Sylvestre,Grenoble,Clermont vs Grenoble,2025-08-22,0.3503195,0.2295904
E. Sylvestre,Grenoble,Grenoble vs Laval,2025-08-15,0.07876040000000001,0.038931
E. Sylvestre,Grenoble,Troyes vs Grenoble,2025-08-09,0.0280158,-0.0461458
E. Tchato,Montpellier,Le Mans vs Montpellier,2025-08-18,0.417171,0.16835599999999998
E. Tchato,Montpellier,Montpellier vs Red Star,2025-08-09,0.1812871,0.03920149999999999
E. Tchato,Montpellier,Troyes vs Montpellier,2025-08-23,0.4733277,0.2466128
E. Zabi,Reims,Amiens SC vs Reims,2025-08-11,0.6588661,0.3440881
E. Zabi,Reims,Reims vs Guingamp,2025-08-16,0.5441041,-0.04182759999999999
E. Zuliani,Pau,Bastia vs Pau,2025-08-15,0.3008287,0.1736407
E. Zuliani,Pau,Pau vs Annecy,2025-08-09,0.4634783,0.2873542
Everson,Montpellier,Le Mans vs Montpellier,2025-08-18,0.0472313,0.0064682
Everson,Montpellier,Troyes vs Montpellier,2025-08-23,0.15145830000000002,-0.1660553
F. Bohnert,Bastia,Bastia vs Pau,2025-08-15,0.43027909999999997,0.177944
F. Bohnert,Bastia,Le Mans vs Bastia,2025-08-22,0.2231511,0.0883724
F. Boulet,Boulogne,Nancy vs Boulogne,2025-08-15,0.0,0.0
F. Diédhiou,Clermont,Clermont vs Grenoble,2025-08-22,0.5554163,-0.1080089
F. Diédhiou,Clermont,Clermont vs Troyes,2025-08-15,0.20112649999999999,0.1095758
F. Diédhiou,Clermont,Dunkerque vs Clermont,2025-08-09,0.11519599999999999,-0.0094709
F. El Mahboub,Montpellier,Troyes vs Montpellier,2025-08-23,0.0,0.0
F. Escales,Annecy,Amiens SC vs Annecy,2025-08-22,0.0741374,0.005582999999999999
F. Escales,Annecy,Annecy vs Dunkerque,2025-08-16,0.047415,0.010839900000000001
F. Escales,Annecy,Pau vs Annecy,2025-08-09,0.036048,0.007689800000000002
F. Lajugie,Annecy,Amiens SC vs Annecy,2025-08-22,0.048018200000000004,0.0111979
F. Lajugie,Annecy,Annecy vs Dunkerque,2025-08-16,0.0328133,-0.0006084999999999997
F. Lajugie,Annecy,Pau vs Annecy,2025-08-09,0.154717,0.06362759999999999
F. Maouassa,Nancy,Dunkerque vs Nancy,2025-08-22,0.13041799999999998,0.10443680000000001
F. Nsakala,Annecy,Pau vs Annecy,2025-08-09,0.1644001,0.0728442
F. Tardieu,Saint-Étienne,Boulogne vs Saint-Étienne,2025-08-23,0.6875193,0.1924601
F. Tardieu,Saint-Étienne,Laval vs Saint-Étienne,2025-08-09,0.5580714,0.1437609
F. Tardieu,Saint-Étienne,Saint-Étienne vs Rodez,2025-08-16,0.4046647,0.032797700000000006
F. Tomi,Bastia,Bastia vs Pau,2025-08-15,0.3069497,0.0004190000000000092
F. Tomi,Bastia,Le Mans vs Bastia,2025-08-22,0.11474720000000001,0.0065599000000000005
G. Kondo,Dunkerque,Annecy vs Dunkerque,2025-08-16,0.234986,0.0522135
G. Kondo,Dunkerque,Dunkerque vs Clermont,2025-08-09,0.2350447,0.0955334
G. Kondo,Dunkerque,Dunkerque vs Nancy,2025-08-22,0.2478625,0.1427933
G. Larsonneur,Saint-Étienne,Boulogne vs Saint-Étienne,2025-08-23,0.0205825,0.007492
G. Larsonneur,Saint-Étienne,Laval vs Saint-Étienne,2025-08-09,0.0322397,-0.0031037
G. Larsonneur,Saint-Étienne,Saint-Étienne vs Rodez,2025-08-16,0.0424206,0.0141466
G. Ott,Guingamp,Guingamp vs Le Mans,2025-08-09,0.5372939999999999,0.05956039999999999
G. Ott,Guingamp,Guingamp vs Red Star,2025-08-23,0.42289329999999997,-0.0627381
G. Ott,Guingamp,Reims vs Guingamp,2025-08-16,0.3334671,0.1368543
G. Paquiez,Grenoble,Clermont vs Grenoble,2025-08-22,0.3926893,0.2227055
G. Paquiez,Grenoble,Grenoble vs Laval,2025-08-15,0.18517820000000002,0.023393200000000003
G. Poussin,Red Star,Guingamp vs Red Star,2025-08-23,0.0392352,0.0083035
G. Trani,Red Star,Guingamp vs Red Star,2025-08-23,0.0077665,0.0027431999999999995
G. Trani,Red Star,Montpellier vs Red Star,2025-08-09,0.1385738,0.0452384
G. Trani,Red Star,Red Star vs Amiens SC,2025-08-15,0.5210897,-0.0687041
G. Versini,Pau,Bastia vs Pau,2025-08-15,0.8106777000000001,0.4930523
G. Versini,Pau,Pau vs Annecy,2025-08-09,0.82388,0.4462034
G. Yassine,Dunkerque,Annecy vs Dunkerque,2025-08-16,0.1118128,-0.016311799999999998
G. Yassine,Dunkerque,Dunkerque vs Clermont,2025-08-09,0.8411915,0.3618549
G. Yassine,Dunkerque,Dunkerque vs Nancy,2025-08-22,0.3081852,0.020566199999999993
H. Benali,Red Star,Guingamp vs Red Star,2025-08-23,0.1054312,0.0791956
H. Benali,Red Star,Red Star vs Amiens SC,2025-08-15,0.0169676,-0.0387681
H. Ibrahim,Reims,Amiens SC vs Reims,2025-08-11,0.0188066,-0.008514900000000002
H. Ibrahim,Reims,Reims vs Guingamp,2025-08-16,0.11727499999999999,-0.0865135
H. Keïta,Clermont,Clermont vs Grenoble,2025-08-22,0.0377477,-0.0035380999999999998
H. Keïta,Clermont,Clermont vs Troyes,2025-08-15,0.1417785,0.0754861
H. Keïta,Clermont,Dunkerque vs Clermont,2025-08-09,0.1267179,0.0378596
H. Saivet,Clermont,Clermont vs Grenoble,2025-08-22,0.4275372,0.030149399999999996
H. Saivet,Clermont,Clermont vs Troyes,2025-08-15,0.3035876,0.014173599999999996
H. Saivet,Clermont,Dunkerque vs Clermont,2025-08-09,0.2064498,0.052641600000000004
H. Sekine,Reims,Amiens SC vs Reims,2025-08-11,0.20113330000000001,0.004514900000000002
H. Sekine,Reims,Reims vs Guingamp,2025-08-16,0.5722589,0.1376343
H. Touré,Boulogne,Boulogne vs Saint-Étienne,2025-08-23,0.0767926,0.032137
H. Touré,Boulogne,Nancy vs Boulogne,2025-08-15,0.12053,0.0802824
H. Voyer,Le Mans,Guingamp vs Le Mans,2025-08-09,0.1282035,0.0313063
H. Voyer,Le Mans,Le Mans vs Bastia,2025-08-22,0.1121407,0.0326746
H. Voyer,Le Mans,Le Mans vs Montpellier,2025-08-18,0.2090814,0.0920657
I. Baldé,Rodez,Rodez vs Nancy,2025-08-09,0.1582788,0.0401949
I. Baldé,Rodez,Saint-Étienne vs Rodez,2025-08-16,0.13780140000000002,0.0406749
I. Boura,Troyes,Clermont vs Troyes,2025-08-15,0.2356156,0.059639500000000005
I. Boura,Troyes,Troyes vs Grenoble,2025-08-09,0.8526383,0.3294519
I. Boura,Troyes,Troyes vs Montpellier,2025-08-23,0.3221652,-0.09203629999999999
I. Cardona,Saint-Étienne,Boulogne vs Saint-Étienne,2025-08-23,0.2704278,0.09034599999999998
I. Cardona,Saint-Étienne,Laval vs Saint-Étienne,2025-08-09,0.1130626,-0.1842368
I. Cardona,Saint-Étienne,Saint-Étienne vs Rodez,2025-08-16,0.2110729,0.0585908
I. Coulibaly,Clermont,Clermont vs Grenoble,2025-08-22,0.3511069,0.1801723
I. Coulibaly,Clermont,Clermont vs Troyes,2025-08-15,0.2981426,-0.012458300000000002
I. Coulibaly,Clermont,Dunkerque vs Clermont,2025-08-09,0.060523,-0.0268916
I. Fakili,Clermont,Clermont vs Grenoble,2025-08-22,0.6546668,0.2205931
I. Fakili,Clermont,Clermont vs Troyes,2025-08-15,0.0882697,0.0685098
I. Fofana,Amiens SC,Amiens SC vs Annecy,2025-08-22,0.2738375,0.055592800000000005
I. Fofana,Amiens SC,Amiens SC vs Reims,2025-08-11,0.2423301,0.165908
I. Fofana,Amiens SC,Red Star vs Amiens SC,2025-08-15,0.1770102,-0.012023100000000009
I. Karamoko,Bastia,Bastia vs Pau,2025-08-15,0.1466298,0.13340580000000002
I. Karamoko,Bastia,Le Mans vs Bastia,2025-08-22,0.0339923,-0.019581499999999998
I. Koné,Boulogne,Boulogne vs Saint-Étienne,2025-08-23,0.1036842,0.0288543
I. Koné,Boulogne,Nancy vs Boulogne,2025-08-15,0.0827624,0.027902200000000002
I. Miladinović,Saint-Étienne,Laval vs Saint-Étienne,2025-08-09,0.1502891,-0.0365009
I. Raache,Annecy,Pau vs Annecy,2025-08-09,0.0006594,0.0006594
J. Assoumou,Troyes,Clermont vs Troyes,2025-08-15,0.6079084,0.2732988
J. Assoumou,Troyes,Troyes vs Grenoble,2025-08-09,0.9754795,0.3232326
J. Assoumou,Troyes,Troyes vs Montpellier,2025-08-23,0.3827558,0.1573411
J. Astic,Clermont,Clermont vs Grenoble,2025-08-22,0.023632399999999998,-4.250000000000087e-05
J. Benet,Grenoble,Clermont vs Grenoble,2025-08-22,0.6907890999999999,0.24687869999999998
J. Benet,Grenoble,Grenoble vs Laval,2025-08-15,0.7969624,0.3380723
J. Benet,Grenoble,Troyes vs Grenoble,2025-08-09,0.1488824,0.0010493999999999998
J. Boyer,Boulogne,Boulogne vs Saint-Étienne,2025-08-23,0.3828281,0.17288489999999998
J. Boyer,Boulogne,Nancy vs Boulogne,2025-08-15,0.42334499999999997,0.2709164
J. Bultel,Boulogne,Boulogne vs Saint-Étienne,2025-08-23,0.16303600000000001,0.057279199999999995
J. Chotard,Montpellier,Montpellier vs Red Star,2025-08-09,0.0323841,0.0098469
J. Duffus,Saint-Étienne,Boulogne vs Saint-Étienne,2025-08-23,0.1342837,-0.2591467
J. Duffus,Saint-Étienne,Saint-Étienne vs Rodez,2025-08-16,0.1451116,-0.0446612
J. Eickmayer,Red Star,Guingamp vs Red Star,2025-08-23,0.0798131,0.0234582
J. Eickmayer,Red Star,Montpellier vs Red Star,2025-08-09,0.1271902,0.0405996
J. Eickmayer,Red Star,Red Star vs Amiens SC,2025-08-15,0.5546757,0.1864284
J. Evan's,Rodez,Rodez vs Laval,2025-08-22,0.4481393,0.2081684
J. Evan's,Rodez,Rodez vs Nancy,2025-08-09,0.7092657,0.551741
J. Evan's,Rodez,Saint-Étienne vs Rodez,2025-08-16,0.2364375,-0.0645646
J. Evans,Nancy,Dunkerque vs Nancy,2025-08-22,0.0950352,0.0404901
J. Evans,Nancy,Nancy vs Boulogne,2025-08-15,0.0536084,-0.0583061
J. Evans,Nancy,Rodez vs Nancy,2025-08-09,0.5136957,0.3121329
J. Gastien,Clermont,Clermont vs Grenoble,2025-08-22,0.49527859999999996,0.0459259
J. Gastien,Clermont,Clermont vs Troyes,2025-08-15,0.2041088,0.0766353
J. Gastien,Clermont,Dunkerque vs Clermont,2025-08-09,0.0387269,0.008323300000000002
J. Hatchi,Guingamp,Guingamp vs Le Mans,2025-08-09,0.07819290000000001,-0.0210407
J. Hatchi,Guingamp,Guingamp vs Red Star,2025-08-23,0.4101776,0.18205829999999998
J. Hatchi,Guingamp,Reims vs Guingamp,2025-08-16,0.0099943,-0.0032992
J. Ikanga A Ngele,Red Star,Guingamp vs Red Star,2025-08-23,0.166541,0.0929266
J. Ikanga A Ngele,Red Star,Montpellier vs Red Star,2025-08-09,0.268993,0.084452
J. Ikanga A Ngele,Red Star,Red Star vs Amiens SC,2025-08-15,0.5230881,0.21869670000000002
J. Janneh,Bastia,Bastia vs Pau,2025-08-15,0.1566381,0.0521357
J. Janneh,Bastia,Le Mans vs Bastia,2025-08-22,0.1627567,0.047961000000000004
J. Kalulu,Pau,Bastia vs Pau,2025-08-15,0.2825018,0.0789843
J. Kalulu,Pau,Pau vs Annecy,2025-08-09,0.24868990000000002,-0.1111275
J. Kouadio,Annecy,Amiens SC vs Annecy,2025-08-22,0.0788279,0.0401355
J. Kouadio,Annecy,Annecy vs Dunkerque,2025-08-16,0.0383146,-0.014866
J. Kouadio,Annecy,Pau vs Annecy,2025-08-09,0.0756983,0.0182642
J. Laporte,Montpellier,Le Mans vs Montpellier,2025-08-18,0.060281400000000006,0.0335087
J. Laporte,Montpellier,Montpellier vs Red Star,2025-08-09,0.1503561,0.048093699999999996
J. Laporte,Montpellier,Troyes vs Montpellier,2025-08-23,0.18402759999999999,0.1102412
J. Maggiotti,Laval,Grenoble vs Laval,2025-08-15,0.0575714,0.0188112
J. Maggiotti,Laval,Laval vs Saint-Étienne,2025-08-09,0.25907610000000003,0.006458500000000004
J. Maggiotti,Laval,Rodez vs Laval,2025-08-22,0.0768185,-0.0724593
J. Matumona,Guingamp,Guingamp vs Le Mans,2025-08-09,0.0627042,0.0168796
J. Mendes,Rodez,Rodez vs Laval,2025-08-22,0.1420397,0.027429000000000002
J. Mendes,Rodez,Rodez vs Nancy,2025-08-09,0.5403798,0.36675269999999993
J. Mendes,Rodez,Saint-Étienne vs Rodez,2025-08-16,0.3130496,0.10629729999999998
J. Mlakar,Amiens SC,Amiens SC vs Annecy,2025-08-22,0.0701402,-0.010459299999999998
J. Okumu,Reims,Amiens SC vs Reims,2025-08-11,0.0146204,0.0076148000000000006
J. Patrick,Reims,Reims vs Guingamp,2025-08-16,0.0466037,-0.0013762000000000006
J. Placide,Bastia,Bastia vs Pau,2025-08-15,0.0152526,-0.0001981
J. Placide,Bastia,Le Mans vs Bastia,2025-08-22,0.056868,0.0111727
J. Ruiz,Pau,Bastia vs Pau,2025-08-15,0.0844376,0.026421800000000002
J. Ruiz,Pau,Pau vs Annecy,2025-08-09,0.2230737,0.1033463
J. Sebas,Bastia,Bastia vs Pau,2025-08-15,0.2237666,0.09319039999999999
J. Sebas,Bastia,Le Mans vs Bastia,2025-08-22,0.4087694,0.3397368
J. Siebatcheu,Reims,Amiens SC vs Reims,2025-08-11,0.4238217,-0.014523000000000003
J. Siebatcheu,Reims,Reims vs Guingamp,2025-08-16,0.1557504,0.0573205
J. Siwe,Guingamp,Guingamp vs Le Mans,2025-08-09,0.1413663,0.02784189999999999
J. Siwe,Guingamp,Guingamp vs Red Star,2025-08-23,0.2752352,-0.07835270000000001
J. Siwe,Guingamp,Reims vs Guingamp,2025-08-16,0.1912763,0.1757147
J. Tiendrébéogo,Annecy,Amiens SC vs Annecy,2025-08-22,0.18774760000000001,-0.008374099999999994
J. Tiendrébéogo,Annecy,Pau vs Annecy,2025-08-09,0.2938771,0.1720103
J. Vercruysse,Le Mans,Guingamp vs Le Mans,2025-08-09,0.53289,0.14691900000000002
J. Vercruysse,Le Mans,Le Mans vs Bastia,2025-08-22,0.3002546,-0.026319799999999997
J. Vercruysse,Le Mans,Le Mans vs Montpellier,2025-08-18,0.1917259,-0.0749918
João Ferreira,Saint-Étienne,Boulogne vs Saint-Étienne,2025-08-23,0.6032133,0.1855805
João Ferreira,Saint-Étienne,Laval vs Saint-Étienne,2025-08-09,0.0797527,0.0181902
João Ferreira,Saint-Étienne,Saint-Étienne vs Rodez,2025-08-16,0.2561287,0.0634419
Junior Ndiaye,Montpellier,Le Mans vs Montpellier,2025-08-18,0.034503,-0.0282086
K. Bamba,Clermont,Clermont vs Grenoble,2025-08-22,0.7064181,0.3785674
K. Bamba,Clermont,Clermont vs Troyes,2025-08-15,0.3254195,-0.0385562
K. Bamba,Clermont,Dunkerque vs Clermont,2025-08-09,0.1839071,0.0198311
K. Boto,Clermont,Clermont vs Grenoble,2025-08-22,0.5824837,0.34444870000000005
K. Boto,Clermont,Clermont vs Troyes,2025-08-15,0.1400108,0.024066199999999996
K. Boto,Clermont,Dunkerque vs Clermont,2025-08-09,0.034150099999999996,0.0191428
K. Cissé,Red Star,Guingamp vs Red Star,2025-08-23,0.5503651,0.2589927
K. Cissé,Red Star,Montpellier vs Red Star,2025-08-09,0.3242902,0.106946
K. Cissé,Red Star,Red Star vs Amiens SC,2025-08-15,0.8809519,0.1606661
K. Fayad,Montpellier,Montpellier vs Red Star,2025-08-09,0.0040073,0.0021658
K. Gasnier,Pau,Pau vs Annecy,2025-08-09,0.047490199999999996,-0.030448899999999994
K. Kaïboué,Amiens SC,Amiens SC vs Annecy,2025-08-22,0.334782,0.1861656
K. Kaïboué,Amiens SC,Amiens SC vs Reims,2025-08-11,0.1389621,-0.015617999999999998
K. Kaïboué,Amiens SC,Red Star vs Amiens SC,2025-08-15,0.0723159,0.0197498
K. Nagera,Rodez,Rodez vs Laval,2025-08-22,0.2971221,0.2570016
K. Nagera,Rodez,Rodez vs Nancy,2025-08-09,0.014409600000000002,-0.0222517
K. Nagera,Rodez,Saint-Étienne vs Rodez,2025-08-16,0.1280771,-0.0013566999999999989
K. Sidibé,Guingamp,Guingamp vs Le Mans,2025-08-09,0.1380566,0.0270684
K. Sidibé,Guingamp,Guingamp vs Red Star,2025-08-23,0.4496081,0.2081596
K. Sidibé,Guingamp,Reims vs Guingamp,2025-08-16,0.13977820000000002,0.0385163
K. Tejan,Dunkerque,Annecy vs Dunkerque,2025-08-16,0.17826430000000001,-0.134167
K. Tejan,Dunkerque,Dunkerque vs Clermont,2025-08-09,0.09778919999999999,0.0081179
K. Tejan,Dunkerque,Dunkerque vs Nancy,2025-08-22,0.3561414,0.2181668
L. Abanda,Le Mans,Guingamp vs Le Mans,2025-08-09,0.192948,0.162034
L. Abanda,Le Mans,Le Mans vs Bastia,2025-08-22,0.4072576,0.24304810000000002
L. Abanda,Le Mans,Le Mans vs Montpellier,2025-08-18,0.1717252,0.0696251
L. Calodat,Le Mans,Guingamp vs Le Mans,2025-08-09,0.0699832,-0.003152600000000003
L. Calodat,Le Mans,Le Mans vs Bastia,2025-08-22,0.17600559999999998,0.010051700000000002
L. Calodat,Le Mans,Le Mans vs Montpellier,2025-08-18,0.0900667,-0.021611199999999997
L. Etoga,Bastia,Bastia vs Pau,2025-08-15,0.0601957,0.0331757
L. Etoga,Bastia,Le Mans vs Bastia,2025-08-22,0.3538431,0.26967280000000005
L. Gadegbeku,Saint-Étienne,Laval vs Saint-Étienne,2025-08-09,0.2520591,0.004369699999999999
L. Gadegbeku,Saint-Étienne,Saint-Étienne vs Rodez,2025-08-16,0.050195,0.0117163
L. Laurent,Rodez,Rodez vs Laval,2025-08-22,0.0686599,0.0452122
L. Laurent,Rodez,Rodez vs Nancy,2025-08-09,0.1680541,0.0832764
L. Laurent,Rodez,Saint-Étienne vs Rodez,2025-08-16,0.19595620000000002,0.1108284
L. Mafouta,Guingamp,Guingamp vs Le Mans,2025-08-09,0.125169,0.015209500000000003
L. Mafouta,Guingamp,Guingamp vs Red Star,2025-08-23,0.4974789,0.1643366
L. Mafouta,Guingamp,Reims vs Guingamp,2025-08-16,0.2229819,0.11036560000000001
L. Maronnier,Troyes,Clermont vs Troyes,2025-08-15,0.3460764,-0.021741800000000002
L. Maronnier,Troyes,Troyes vs Grenoble,2025-08-09,0.6143614,0.16386810000000002
L. Maronnier,Troyes,Troyes vs Montpellier,2025-08-23,0.3258639,0.035188899999999995
L. Mincarelli,Montpellier,Le Mans vs Montpellier,2025-08-18,0.0828354,0.0151871
L. Mincarelli,Montpellier,Montpellier vs Red Star,2025-08-09,0.1336423,0.0252192
L. Mincarelli,Montpellier,Troyes vs Montpellier,2025-08-23,0.0688749,0.0117126
L. Mouyokolo,Grenoble,Clermont vs Grenoble,2025-08-22,0.1220193,0.0524408
L. Mouyokolo,Grenoble,Grenoble vs Laval,2025-08-15,0.0867661,0.0625162
L. Mouyokolo,Grenoble,Troyes vs Grenoble,2025-08-09,0.1284085,0.061165899999999995
L. Raillot,Boulogne,Boulogne vs Saint-Étienne,2025-08-23,0.3697361,0.2974744
L. Raillot,Boulogne,Nancy vs Boulogne,2025-08-15,0.0543591,0.032336300000000005
L. Socka Bongué,Clermont,Clermont vs Troyes,2025-08-15,0.0556636,0.0385857
L. Socka Bongué,Clermont,Dunkerque vs Clermont,2025-08-09,0.0056948,-5.190000000000012e-05
L. Stassin,Saint-Étienne,Boulogne vs Saint-Étienne,2025-08-23,0.2059368,0.0621776
L. Stassin,Saint-Étienne,Saint-Étienne vs Rodez,2025-08-16,0.075713,0.0542637
L. Traoré,Saint-Étienne,Laval vs Saint-Étienne,2025-08-09,0.0234446,0.0018908000000000006
M. Achi,Rodez,Rodez vs Laval,2025-08-22,0.0170751,-0.011113600000000001
M. Achi,Rodez,Rodez vs Nancy,2025-08-09,0.0278554,0.012962099999999999
M. Achi,Rodez,Saint-Étienne vs Rodez,2025-08-16,0.059305800000000006,-0.0729119
M. Adeline,Troyes,Clermont vs Troyes,2025-08-15,0.295944,-0.0365836
M. Adeline,Troyes,Troyes vs Grenoble,2025-08-09,0.16147040000000001,-0.038110899999999996
M. Adeline,Troyes,Troyes vs Montpellier,2025-08-23,0.3901729,0.07753369999999998
M. Adiléhou,Laval,Grenoble vs Laval,2025-08-15,0.0084642,0.0038827999999999996
M. Adiléhou,Laval,Laval vs Saint-Étienne,2025-08-09,0.1002682,0.0364197
M. Adiléhou,Laval,Rodez vs Laval,2025-08-22,0.0,0.0
M. Ahamada,Red Star,Montpellier vs Red Star,2025-08-09,0.0510696,0.0381296
M. Baaloudj,Rodez,Rodez vs Nancy,2025-08-09,0.12386090000000001,0.0535886
M. Baaloudj,Rodez,Saint-Étienne vs Rodez,2025-08-16,0.057087399999999996,-0.0064587
M. Bangré,Grenoble,Clermont vs Grenoble,2025-08-22,0.3476141,0.1881341
M. Bangré,Grenoble,Troyes vs Grenoble,2025-08-09,0.1347003,0.053921199999999996
M. Blé,Bastia,Bastia vs Pau,2025-08-15,0.10941379999999999,0.0693044
M. Blé,Bastia,Le Mans vs Bastia,2025-08-22,0.055415900000000004,-0.0659061
M. Bouchouari,Rodez,Rodez vs Laval,2025-08-22,0.8520568,0.2896705
M. Bouchouari,Rodez,Rodez vs Nancy,2025-08-09,0.8245152,0.42193169999999997
M. Bouchouari,Rodez,Saint-Étienne vs Rodez,2025-08-16,0.3036891,-0.0810682
M. Camara,Laval,Grenoble vs Laval,2025-08-15,0.2506713,0.070998
M. Camara,Laval,Laval vs Saint-Étienne,2025-08-09,0.1994035,0.0819542
M. Camara,Laval,Rodez vs Laval,2025-08-22,0.5710292,0.2707305
M. Carlier,Nancy,Dunkerque vs Nancy,2025-08-22,0.1815868,0.068215
M. Carlier,Nancy,Nancy vs Boulogne,2025-08-15,0.2583695,0.1817155
M. Caufriez,Clermont,Clermont vs Grenoble,2025-08-22,0.071996,0.0015670000000000007
M. Caufriez,Clermont,Clermont vs Troyes,2025-08-15,0.1599404,0.0193042
M. Caufriez,Clermont,Dunkerque vs Clermont,2025-08-09,0.10173299999999999,0.0251359
M. Commaret,Laval,Grenoble vs Laval,2025-08-15,0.1687329,0.0905863
M. Commaret,Laval,Laval vs Saint-Étienne,2025-08-09,0.164033,0.0816237
M. Commaret,Laval,Rodez vs Laval,2025-08-22,0.31316130000000003,0.16613840000000002
M. Corredor,Rodez,Rodez vs Laval,2025-08-22,0.0042373,0.0042373
M. Detourbet,Troyes,Clermont vs Troyes,2025-08-15,0.5932764,0.2101466
M. Detourbet,Troyes,Troyes vs Grenoble,2025-08-09,0.5951487,0.061036599999999996
M. Detourbet,Troyes,Troyes vs Montpellier,2025-08-23,0.2132645,0.002828699999999996
M. Diakhon,Reims,Amiens SC vs Reims,2025-08-11,0.6630256,0.2454875
M. Diop,Grenoble,Clermont vs Grenoble,2025-08-22,0.0399989,0.0023017999999999997
M. Diop,Grenoble,Grenoble vs Laval,2025-08-15,0.044663600000000005,0.021803100000000002
M. Diop,Grenoble,Troyes vs Grenoble,2025-08-09,0.1067028,0.0406109
M. Diop,Troyes,Clermont vs Troyes,2025-08-15,0.3323006,0.13158830000000002
M. Diop,Troyes,Troyes vs Grenoble,2025-08-09,0.44304319999999997,0.0834243
M. Diop,Troyes,Troyes vs Montpellier,2025-08-23,0.39737130000000004,0.1657753
M. Douane,Clermont,Dunkerque vs Clermont,2025-08-09,0.0552122,0.008488100000000002
M. El Idrissy,Troyes,Clermont vs Troyes,2025-08-15,0.3645073,0.05534219999999999
M. El Idrissy,Troyes,Troyes vs Grenoble,2025-08-09,0.40225310000000003,0.1348232
M. El Idrissy,Troyes,Troyes vs Montpellier,2025-08-23,0.515406,0.3309784
M. Essimi,Dunkerque,Dunkerque vs Clermont,2025-08-09,0.1533624,0.06893669999999999
M. Expérience,Nancy,Dunkerque vs Nancy,2025-08-22,0.387433,0.1737292
M. Expérience,Nancy,Nancy vs Boulogne,2025-08-15,0.3361061,0.0965145
M. Gbane,Reims,Amiens SC vs Reims,2025-08-11,0.3286406,0.1296891
M. Gbane,Reims,Reims vs Guingamp,2025-08-16,0.2053326,-0.0234027
M. Huard,Red Star,Guingamp vs Red Star,2025-08-23,0.1306988,0.016814500000000003
M. Huard,Red Star,Red Star vs Amiens SC,2025-08-15,0.6643509,0.2444519
M. Ifnaoui,Troyes,Clermont vs Troyes,2025-08-15,0.265429,0.023659200000000005
M. Ifnaoui,Troyes,Troyes vs Montpellier,2025-08-23,0.0785359,-0.0315901
M. Jaber,Saint-Étienne,Boulogne vs Saint-Étienne,2025-08-23,0.3880721,0.11461570000000001
M. Jaber,Saint-Étienne,Saint-Étienne vs Rodez,2025-08-16,0.4560016,0.1487811
M. Magnin,Rodez,Rodez vs Laval,2025-08-22,0.127871,0.0491978
M. Magnin,Rodez,Rodez vs Nancy,2025-08-09,0.135209,0.0618429
M. Magnin,Rodez,Saint-Étienne vs Rodez,2025-08-16,0.1031832,0.0534702
M. Manitu,Amiens SC,Amiens SC vs Annecy,2025-08-22,0.10389380000000001,0.07890319999999999
M. Mion,Grenoble,Clermont vs Grenoble,2025-08-22,0.2802346,-0.1886588
M. Mion,Grenoble,Grenoble vs Laval,2025-08-15,0.0886698,0.0557415
M. Mion,Grenoble,Troyes vs Grenoble,2025-08-09,0.024075,-0.0742686
M. Nadé,Saint-Étienne,Boulogne vs Saint-Étienne,2025-08-23,0.2614095,0.1159961
M. Nadé,Saint-Étienne,Laval vs Saint-Étienne,2025-08-09,0.1413797,0.053614400000000006
M. Nadé,Saint-Étienne,Saint-Étienne vs Rodez,2025-08-16,0.2213528,0.0831527
M. Niflore,Dunkerque,Annecy vs Dunkerque,2025-08-16,0.0466863,0.0109979
M. Niflore,Dunkerque,Dunkerque vs Clermont,2025-08-09,0.0278001,0.0127697
M. Robin,Le Mans,Guingamp vs Le Mans,2025-08-09,0.1754383,0.019326100000000002
M. Robin,Le Mans,Le Mans vs Bastia,2025-08-22,0.0185162,-0.015809999999999998
M. Robin,Le Mans,Le Mans vs Montpellier,2025-08-18,0.11198970000000001,0.0023339999999999993
M. Rossignol,Le Mans,Guingamp vs Le Mans,2025-08-09,0.1021864,-0.012175699999999998
M. Rossignol,Le Mans,Le Mans vs Bastia,2025-08-22,0.4416605,0.2380164
M. Rossignol,Le Mans,Le Mans vs Montpellier,2025-08-18,0.1689127,0.062264
M. Samassa,Laval,Grenoble vs Laval,2025-08-15,0.0663911,0.023813900000000002
M. Samassa,Laval,Laval vs Saint-Étienne,2025-08-09,0.04117,0.0082781
M. Samassa,Laval,Rodez vs Laval,2025-08-22,0.0206866,0.0055679
M. Sellouki,Laval,Grenoble vs Laval,2025-08-15,0.1618016,-0.039336399999999994
M. Sellouki,Laval,Laval vs Saint-Étienne,2025-08-09,0.5962683,0.0930467
M. Sellouki,Laval,Rodez vs Laval,2025-08-22,0.8805424,0.1797274
M. Tchokounté,Laval,Grenoble vs Laval,2025-08-15,0.0649117,0.001925300000000003
M. Tchokounté,Laval,Laval vs Saint-Étienne,2025-08-09,0.2042736,-0.028788400000000002
M. Tchokounté,Laval,Rodez vs Laval,2025-08-22,0.1646019,-0.023678599999999994
M. Veillon,Annecy,Amiens SC vs Annecy,2025-08-22,0.0205076,0.0164621
M. Veillon,Annecy,Annecy vs Dunkerque,2025-08-16,0.0978408,0.0031917000000000004
M. Veillon,Annecy,Pau vs Annecy,2025-08-09,0.1223936,0.0449759
M. Xantippe,Grenoble,Clermont vs Grenoble,2025-08-22,0.2323741,0.058712099999999996
M. Xantippe,Grenoble,Grenoble vs Laval,2025-08-15,0.3910476,0.018714499999999995
M. Xantippe,Grenoble,Troyes vs Grenoble,2025-08-09,0.2821296,0.1439924
Marcos Lavín,Dunkerque,Dunkerque vs Nancy,2025-08-22,0.0448583,0.0099878
N. Binet,Boulogne,Boulogne vs Saint-Étienne,2025-08-23,0.2113531,0.0930385
N. Binet,Boulogne,Nancy vs Boulogne,2025-08-15,0.1336065,0.036429
N. Boissé,Le Mans,Guingamp vs Le Mans,2025-08-09,0.0247646,0.00039220000000000053
N. El Hannach,Montpellier,Le Mans vs Montpellier,2025-08-18,0.23364780000000002,0.04846759999999999
N. El Hannach,Montpellier,Troyes vs Montpellier,2025-08-23,0.1010506,0.0227733
N. El Jamali,Saint-Étienne,Boulogne vs Saint-Étienne,2025-08-23,0.0107223,-0.0002218999999999997
N. El Jamali,Saint-Étienne,Laval vs Saint-Étienne,2025-08-09,0.1821789,0.062314100000000004
N. Elphege,Grenoble,Clermont vs Grenoble,2025-08-22,0.3689569,0.030809099999999996
N. Elphege,Grenoble,Grenoble vs Laval,2025-08-15,0.035054,-0.004662200000000001
N. Elphege,Grenoble,Troyes vs Grenoble,2025-08-09,0.20153910000000003,0.1041138
N. Fatar,Boulogne,Boulogne vs Saint-Étienne,2025-08-23,0.0320449,-0.1568065
N. Fatar,Boulogne,Nancy vs Boulogne,2025-08-15,0.019615,-0.019796400000000002
N. Fernandez-Veliz,Nancy,Dunkerque vs Nancy,2025-08-22,0.1019689,0.0402581
N. Fernandez-Veliz,Nancy,Nancy vs Boulogne,2025-08-15,0.17696420000000002,0.0802107
N. Fernandez-Veliz,Nancy,Rodez vs Nancy,2025-08-09,0.12341389999999999,0.0790908
N. Galves,Rodez,Rodez vs Nancy,2025-08-09,0.0655509,-0.2624133
N. Glossoa,Pau,Pau vs Annecy,2025-08-09,0.135903,0.09137909999999999
N. Kocik,Le Mans,Guingamp vs Le Mans,2025-08-09,0.034373100000000004,0.00022980000000000006
N. Kocik,Le Mans,Le Mans vs Bastia,2025-08-22,0.0640168,0.0123115
N. Kocik,Le Mans,Le Mans vs Montpellier,2025-08-18,0.0457214,0.009199
N. Lemaître,Troyes,Clermont vs Troyes,2025-08-15,0.028079800000000002,0.0005742
N. Lemaître,Troyes,Troyes vs Grenoble,2025-08-09,0.0552794,0.0195458
N. Lemaître,Troyes,Troyes vs Montpellier,2025-08-23,0.0255412,-6.229999999999985e-05
N. Mbuku,Montpellier,Le Mans vs Montpellier,2025-08-18,0.6412694,0.013195799999999985
N. Mbuku,Montpellier,Montpellier vs Red Star,2025-08-09,0.3765353,0.1655701
N. Mbuku,Montpellier,Troyes vs Montpellier,2025-08-23,0.4603596,0.09104999999999999
N. Mupemba,Laval,Laval vs Saint-Étienne,2025-08-09,0.14924980000000002,0.0664943
N. Mupemba,Laval,Rodez vs Laval,2025-08-22,0.0668228,0.0544166
N. Pallois,Reims,Amiens SC vs Reims,2025-08-11,0.2518437,0.126844
N. Pallois,Reims,Reims vs Guingamp,2025-08-16,0.23317870000000002,0.1311157
N. Parravicini,Bastia,Le Mans vs Bastia,2025-08-22,0.0432933,-0.0940403
N. Pays,Montpellier,Montpellier vs Red Star,2025-08-09,0.1945334,0.07882789999999999
N. Raveyre,Pau,Bastia vs Pau,2025-08-15,0.0381435,0.0045612
N. Raveyre,Pau,Pau vs Annecy,2025-08-09,0.0676812,0.0044949000000000005
N. Saint-Ruf,Nancy,Dunkerque vs Nancy,2025-08-22,0.0744041,0.004573199999999998
N. Saint-Ruf,Nancy,Nancy vs Boulogne,2025-08-15,0.1073832,0.0572725
N. Saint-Ruf,Nancy,Rodez vs Nancy,2025-08-09,0.0644161,0.03369659999999999
N. Talbot,Amiens SC,Red Star vs Amiens SC,2025-08-15,0.0340194,-0.010621700000000001
N. Zahui,Grenoble,Clermont vs Grenoble,2025-08-22,0.34825609999999996,0.1471806
N. Zahui,Grenoble,Grenoble vs Laval,2025-08-15,0.2560558,0.04246359999999998
N. Zahui,Grenoble,Troyes vs Grenoble,2025-08-09,0.1252983,0.0104576
N. Zohoré,Boulogne,Boulogne vs Saint-Étienne,2025-08-23,0.0565059,0.012090900000000002
N. Zohoré,Boulogne,Nancy vs Boulogne,2025-08-15,0.0778263,0.0362726
NaN,Amiens SC,Amiens SC vs Annecy,2025-08-22,0.0,0.0
NaN,Amiens SC,Amiens SC vs Reims,2025-08-11,0.0,0.0
NaN,Amiens SC,Red Star vs Amiens SC,2025-08-15,0.0,0.0
NaN,Annecy,Amiens SC vs Annecy,2025-08-22,0.0,0.0
NaN,Annecy,Annecy vs Dunkerque,2025-08-16,0.0,0.0
NaN,Annecy,Pau vs Annecy,2025-08-09,0.0,0.0
NaN,Bastia,Bastia vs Pau,2025-08-15,0.0,0.0
NaN,Bastia,Le Mans vs Bastia,2025-08-22,0.0,0.0
NaN,Boulogne,Boulogne vs Saint-Étienne,2025-08-23,0.0,0.0
NaN,Boulogne,Nancy vs Boulogne,2025-08-15,0.0,0.0
NaN,Clermont,Clermont vs Grenoble,2025-08-22,0.0,0.0
NaN,Clermont,Clermont vs Troyes,2025-08-15,0.0,0.0
NaN,Clermont,Dunkerque vs Clermont,2025-08-09,0.0,0.0
NaN,Dunkerque,Annecy vs Dunkerque,2025-08-16,0.0,0.0
NaN,Dunkerque,Dunkerque vs Clermont,2025-08-09,0.0,0.0
NaN,Dunkerque,Dunkerque vs Nancy,2025-08-22,0.0,0.0
NaN,Grenoble,Clermont vs Grenoble,2025-08-22,0.0,0.0
NaN,Grenoble,Grenoble vs Laval,2025-08-15,0.0,0.0
NaN,Grenoble,Troyes vs Grenoble,2025-08-09,0.0,0.0
NaN,Guingamp,Guingamp vs Le Mans,2025-08-09,0.0,0.0
NaN,Guingamp,Guingamp vs Red Star,2025-08-23,0.0,0.0
NaN,Guingamp,Reims vs Guingamp,2025-08-16,0.0,0.0
NaN,Laval,Grenoble vs Laval,2025-08-15,0.0,0.0
NaN,Laval,Laval vs Saint-Étienne,2025-08-09,0.0,0.0
NaN,Laval,Rodez vs Laval,2025-08-22,0.0,0.0
NaN,Le Mans,Guingamp vs Le Mans,2025-08-09,0.0,0.0
NaN,Le Mans,Le Mans vs Bastia,2025-08-22,0.0,0.0
NaN,Le Mans,Le Mans vs Montpellier,2025-08-18,0.0,0.0
NaN,Montpellier,Le Mans vs Montpellier,2025-08-18,0.0,0.0
NaN,Montpellier,Montpellier vs Red Star,2025-08-09,0.0,0.0
NaN,Montpellier,Troyes vs Montpellier,2025-08-23,0.0,0.0
NaN,Nancy,Dunkerque vs Nancy,2025-08-22,0.0,0.0
NaN,Nancy,Nancy vs Boulogne,2025-08-15,0.0,0.0
NaN,Nancy,Rodez vs Nancy,2025-08-09,0.0,0.0
NaN,Pau,Bastia vs Pau,2025-08-15,0.0,0.0
NaN,Pau,Pau vs Annecy,2025-08-09,0.0,0.0
NaN,Red Star,Guingamp vs Red Star,2025-08-23,0.0,0.0
NaN,Red Star,Montpellier vs Red Star,2025-08-09,0.0,0.0
NaN,Red Star,Red Star vs Amiens SC,2025-08-15,0.0,0.0
NaN,Reims,Amiens SC vs Reims,2025-08-11,0.0,0.0
NaN,Reims,Reims vs Guingamp,2025-08-16,0.0,0.0
NaN,Rodez,Rodez vs Laval,2025-08-22,0.0,0.0
NaN,Rodez,Rodez vs Nancy,2025-08-09,0.0,0.0
NaN,Rodez,Saint-Étienne vs Rodez,2025-08-16,0.0,0.0
NaN,Saint-Étienne,Boulogne vs Saint-Étienne,2025-08-23,0.0,0.0
NaN,Saint-Étienne,Laval vs Saint-Étienne,2025-08-09,0.0,0.0
NaN,Saint-Étienne,Saint-Étienne vs Rodez,2025-08-16,0.0,0.0
NaN,Troyes,Clermont vs Troyes,2025-08-15,0.0,0.0
NaN,Troyes,Troyes vs Grenoble,2025-08-09,0.0,0.0
NaN,Troyes,Troyes vs Montpellier,2025-08-23,0.0,0.0
O. Diakité,Reims,Reims vs Guingamp,2025-08-16,0.3085064,0.2897709
O. Diop,Clermont,Clermont vs Grenoble,2025-08-22,0.3019256,0.141982
O. Diop,Clermont,Clermont vs Troyes,2025-08-15,0.1966648,0.0930738
O. Diop,Clermont,Dunkerque vs Clermont,2025-08-09,0.1261095,0.06569620000000001
O. Joly,Rodez,Rodez vs Laval,2025-08-22,0.15018140000000002,0.016709
O. Joly,Rodez,Rodez vs Nancy,2025-08-09,0.1752121,0.0744731
O. Joly,Rodez,Saint-Étienne vs Rodez,2025-08-16,0.040317399999999996,0.0086711
O. Kanté,Pau,Pau vs Annecy,2025-08-09,0.0180786,0.0097286
O. Sadik,Pau,Pau vs Annecy,2025-08-09,0.0564901,-0.0233329
O. Sidibé,Nancy,Dunkerque vs Nancy,2025-08-22,0.1197534,-0.0118889
O. Sidibé,Nancy,Nancy vs Boulogne,2025-08-15,0.0724839,-0.029277700000000004
O. Sidibé,Nancy,Rodez vs Nancy,2025-08-09,0.5073386,0.20306999999999997
P. Bernardoni,Amiens SC,Amiens SC vs Annecy,2025-08-22,0.0384381,-0.0035459999999999997
P. Bernardoni,Amiens SC,Amiens SC vs Reims,2025-08-11,0.031659400000000004,-0.0044602
P. Bernardoni,Amiens SC,Red Star vs Amiens SC,2025-08-15,0.0823364,0.0234151
P. Carraro Injai,Amiens SC,Amiens SC vs Reims,2025-08-11,0.1333205,0.101733
P. Diong,Dunkerque,Dunkerque vs Nancy,2025-08-22,0.0498645,0.0146724
P. Gozzi,Troyes,Clermont vs Troyes,2025-08-15,0.1116961,0.0394489
P. Gozzi,Troyes,Troyes vs Grenoble,2025-08-09,0.2163573,0.0903917
P. Gozzi,Troyes,Troyes vs Montpellier,2025-08-23,0.1319322,0.0591036
P. Lemonnier,Red Star,Guingamp vs Red Star,2025-08-23,0.06135430000000001,0.015986500000000004
P. Lemonnier,Red Star,Montpellier vs Red Star,2025-08-09,0.0798957,0.0376757
P. Lemonnier,Red Star,Red Star vs Amiens SC,2025-08-15,0.2467373,0.008974299999999994
P. Mboup,Pau,Bastia vs Pau,2025-08-15,0.19696929999999999,-0.030757000000000007
P. Ouotro,Nancy,Nancy vs Boulogne,2025-08-15,0.09518589999999999,0.012514099999999998
P. Ouotro,Nancy,Rodez vs Nancy,2025-08-09,0.0709969,0.0006848000000000002
P. Venot,Annecy,Amiens SC vs Annecy,2025-08-22,0.1169373,-0.0695316
P. Venot,Annecy,Annecy vs Dunkerque,2025-08-16,0.1703451,0.10717389999999999
P. Venot,Annecy,Pau vs Annecy,2025-08-09,0.037635300000000003,0.016045800000000002
Q. Beunardeau,Red Star,Montpellier vs Red Star,2025-08-09,0.0122223,-0.0021494
Q. Beunardeau,Red Star,Red Star vs Amiens SC,2025-08-15,0.0164263,-0.00014599999999999986
Q. Braat,Rodez,Rodez vs Laval,2025-08-22,0.0303509,0.004889600000000002
Q. Braat,Rodez,Rodez vs Nancy,2025-08-09,0.037456500000000004,0.0012144999999999986
Q. Braat,Rodez,Saint-Étienne vs Rodez,2025-08-16,0.0350997,0.004550200000000001
Q. Paris,Annecy,Amiens SC vs Annecy,2025-08-22,0.07306270000000001,-0.0254147
Q. Paris,Annecy,Annecy vs Dunkerque,2025-08-16,0.0632677,-0.0096958
R. Bamba,Nancy,Dunkerque vs Nancy,2025-08-22,0.43115370000000003,0.27863509999999997
R. Hachem,Red Star,Guingamp vs Red Star,2025-08-23,0.2021964,-0.05284819999999999
R. Hachem,Red Star,Montpellier vs Red Star,2025-08-09,0.1856082,0.059109999999999996
R. Hachem,Red Star,Red Star vs Amiens SC,2025-08-15,0.3715203,0.1200385
R. Lipinski,Rodez,Rodez vs Laval,2025-08-22,0.20543440000000002,0.106056
R. Lipinski,Rodez,Rodez vs Nancy,2025-08-09,0.2492688,0.1338394
R. Lipinski,Rodez,Saint-Étienne vs Rodez,2025-08-16,0.1919542,0.0798049
R. Lutin,Amiens SC,Amiens SC vs Annecy,2025-08-22,0.2180195,-0.0316722
R. Lutin,Amiens SC,Amiens SC vs Reims,2025-08-11,0.6947751,0.4692435
R. Lutin,Amiens SC,Red Star vs Amiens SC,2025-08-15,0.3172121,0.08591540000000002
R. Murcy,Troyes,Troyes vs Grenoble,2025-08-09,0.0,0.0
R. Neelakandan,Annecy,Amiens SC vs Annecy,2025-08-22,0.2051103,0.0498542
R. Neelakandan,Annecy,Annecy vs Dunkerque,2025-08-16,0.48865390000000003,0.371274
R. Neelakandan,Annecy,Pau vs Annecy,2025-08-09,0.0127524,-0.0118906
R. Ponti,Rodez,Saint-Étienne vs Rodez,2025-08-16,0.1633292,0.0807445
R. Touzghar,Pau,Bastia vs Pau,2025-08-15,0.3554387,-0.09077120000000001
R. Touzghar,Pau,Pau vs Annecy,2025-08-09,0.3559748,-0.1338228
S. Bakayoko,Amiens SC,Amiens SC vs Annecy,2025-08-22,0.12152500000000001,0.0489978
S. Bakayoko,Amiens SC,Amiens SC vs Reims,2025-08-11,0.18424410000000002,0.1622523
S. Bakayoko,Amiens SC,Red Star vs Amiens SC,2025-08-15,0.045341900000000004,0.0087922
S. Beusnard,Pau,Bastia vs Pau,2025-08-15,0.0441813,0.0129616
S. Delos,Grenoble,Clermont vs Grenoble,2025-08-22,0.232006,0.1229809
S. Delos,Grenoble,Grenoble vs Laval,2025-08-15,0.0355704,-0.0051872
S. Delos,Grenoble,Troyes vs Grenoble,2025-08-09,0.5093532000000001,0.3750962
S. Diba,Grenoble,Clermont vs Grenoble,2025-08-22,0.2460916,-0.0347013
S. Diba,Grenoble,Grenoble vs Laval,2025-08-15,0.2074081,-0.0331814
S. Diba,Grenoble,Troyes vs Grenoble,2025-08-09,0.216247,0.0866819
S. Duflos,Boulogne,Boulogne vs Saint-Étienne,2025-08-23,0.1125334,0.0490627
S. Duflos,Boulogne,Nancy vs Boulogne,2025-08-15,0.038559500000000003,-0.005866299999999999
S. Gourville,Boulogne,Boulogne vs Saint-Étienne,2025-08-23,0.1888011,0.13021239999999998
S. Gourville,Boulogne,Nancy vs Boulogne,2025-08-15,0.2686067,0.0673168
S. Karamoko,Pau,Bastia vs Pau,2025-08-15,0.032213900000000004,0.013372900000000002
S. Khaoui,Red Star,Guingamp vs Red Star,2025-08-23,0.189258,0.0460205
S. Khaoui,Red Star,Montpellier vs Red Star,2025-08-09,0.1281442,0.0487258
S. Khaoui,Red Star,Red Star vs Amiens SC,2025-08-15,0.3162744,-0.0699447
S. Lebouath,Pau,Bastia vs Pau,2025-08-15,0.048217199999999995,-0.0049096999999999995
S. Lebouath,Pau,Pau vs Annecy,2025-08-09,0.0356945,-0.030674
S. Mambo,Grenoble,Grenoble vs Laval,2025-08-15,0.1673934,0.0884609
S. Mambo,Grenoble,Troyes vs Grenoble,2025-08-09,0.2606176,0.1769358
S. Ngapandouetnbu,Montpellier,Le Mans vs Montpellier,2025-08-18,0.0262943,-0.00011520000000000006
S. Ngapandouetnbu,Montpellier,Troyes vs Montpellier,2025-08-23,0.0419135,0.00018170000000000108
S. Renel,Red Star,Guingamp vs Red Star,2025-08-23,0.0164427,0.0141221
S. Renel,Red Star,Montpellier vs Red Star,2025-08-09,0.0492437,0.008152099999999999
S. Renel,Red Star,Red Star vs Amiens SC,2025-08-15,0.2614004,0.1432447
S. Sanna,Laval,Grenoble vs Laval,2025-08-15,0.3661542,0.06746740000000001
S. Sanna,Laval,Laval vs Saint-Étienne,2025-08-09,0.18191179999999998,0.0025616999999999923
S. Sanna,Laval,Rodez vs Laval,2025-08-22,0.3199688,0.1098937
S. Yohou,Le Mans,Guingamp vs Le Mans,2025-08-09,0.027164,0.0159243
S. Yohou,Le Mans,Le Mans vs Bastia,2025-08-22,0.09360979999999999,-0.06615210000000002
S. Yohou,Le Mans,Le Mans vs Montpellier,2025-08-18,0.0648043,0.0220177
Sergio Akieme,Reims,Amiens SC vs Reims,2025-08-11,0.3459459,0.061609399999999995
Sergio Akieme,Reims,Reims vs Guingamp,2025-08-16,0.7675761,0.46033999999999997
T. Ahile,Guingamp,Guingamp vs Red Star,2025-08-23,0.1021132,0.026538
T. Arconte,Pau,Bastia vs Pau,2025-08-15,0.2322982,0.09028040000000001
T. Arconte,Pau,Pau vs Annecy,2025-08-09,0.0164727,-0.0037194
T. Arconte,Rodez,Rodez vs Laval,2025-08-22,0.2175577,-0.0066234000000000015
T. Averlant,Amiens SC,Amiens SC vs Annecy,2025-08-22,0.6532328,0.1019459
T. Averlant,Amiens SC,Amiens SC vs Reims,2025-08-11,0.2590921,0.033746000000000005
T. Averlant,Amiens SC,Red Star vs Amiens SC,2025-08-15,0.1371434,0.011685899999999999
T. Bouriaud,Nancy,Dunkerque vs Nancy,2025-08-22,0.3859654,0.12684689999999998
T. Bouriaud,Nancy,Nancy vs Boulogne,2025-08-15,0.1042433,-0.055605299999999996
T. Bouriaud,Nancy,Rodez vs Nancy,2025-08-09,0.3704274,-0.2278749
T. Chennahi,Montpellier,Le Mans vs Montpellier,2025-08-18,0.0399575,0.015993
T. Chennahi,Montpellier,Troyes vs Montpellier,2025-08-23,0.08668210000000001,0.0446666
T. Coulibaly,Montpellier,Le Mans vs Montpellier,2025-08-18,0.3296961,0.16656279999999998
T. Coulibaly,Montpellier,Montpellier vs Red Star,2025-08-09,0.3916261,0.05402079999999999
T. Coulibaly,Montpellier,Troyes vs Montpellier,2025-08-23,0.1072093,0.058747600000000004
T. Delphis,Annecy,Amiens SC vs Annecy,2025-08-22,0.138359,0.013597699999999999
T. Delphis,Annecy,Annecy vs Dunkerque,2025-08-16,0.1292985,-0.0465171
T. Delphis,Annecy,Pau vs Annecy,2025-08-09,0.2041483,0.0962035
T. Diarra,Reims,Amiens SC vs Reims,2025-08-11,0.191975,0.0820722
T. Diarra,Reims,Reims vs Guingamp,2025-08-16,0.2577621,0.05350059999999999
T. Ducrocq,Bastia,Bastia vs Pau,2025-08-15,0.1303717,-0.006293299999999997
T. Eyoum,Le Mans,Guingamp vs Le Mans,2025-08-09,0.11517079999999999,0.037931599999999996
T. Eyoum,Le Mans,Le Mans vs Bastia,2025-08-22,0.1100189,0.040145
T. Eyoum,Le Mans,Le Mans vs Montpellier,2025-08-18,0.2061292,0.08942180000000001
T. Guivarch,Clermont,Clermont vs Grenoble,2025-08-22,0.0405281,0.00016169999999999997
T. Guivarch,Clermont,Clermont vs Troyes,2025-08-15,0.0322213,0.0102711
T. Guivarch,Clermont,Dunkerque vs Clermont,2025-08-09,0.0642165,0.0020111
T. Luvambo,Le Mans,Le Mans vs Bastia,2025-08-22,0.0848836,0.023429899999999997
T. Luvambo,Le Mans,Le Mans vs Montpellier,2025-08-18,0.20168209999999998,0.0590068
T. Massock,Dunkerque,Annecy vs Dunkerque,2025-08-16,0.0705413,0.0359762
T. Massock,Dunkerque,Dunkerque vs Clermont,2025-08-09,0.1115238,0.064404
T. Massock,Dunkerque,Dunkerque vs Nancy,2025-08-22,0.078351,0.011737000000000003
T. Meynadier,Bastia,Bastia vs Pau,2025-08-15,0.0167285,-0.0109467
T. Meynadier,Bastia,Le Mans vs Bastia,2025-08-22,0.0577669,0.0401477
T. Monconduit,Amiens SC,Amiens SC vs Annecy,2025-08-22,0.17369500000000002,0.0054815
T. Monconduit,Amiens SC,Amiens SC vs Reims,2025-08-11,0.22086250000000002,0.054438099999999996
T. Monconduit,Amiens SC,Red Star vs Amiens SC,2025-08-15,0.3341527,0.09828679999999998
T. Pellenard,Laval,Laval vs Saint-Étienne,2025-08-09,0.2024197,0.0999499
T. Pouilly,Pau,Bastia vs Pau,2025-08-15,0.5246873,0.0514434
T. Pouilly,Pau,Pau vs Annecy,2025-08-09,0.18192250000000001,0.020052
T. Rambaud,Annecy,Amiens SC vs Annecy,2025-08-22,0.0921077,-0.09338840000000001
T. Rambaud,Annecy,Annecy vs Dunkerque,2025-08-16,0.0187572,-0.0024997
T. Rambaud,Annecy,Pau vs Annecy,2025-08-09,0.1233622,-0.023722999999999998
T. Sainte-Luce,Montpellier,Le Mans vs Montpellier,2025-08-18,0.4358983,0.11460900000000002
T. Sainte-Luce,Montpellier,Montpellier vs Red Star,2025-08-09,0.0922616,0.0359555
T. Sainte-Luce,Montpellier,Troyes vs Montpellier,2025-08-23,0.0122525,0.0098998
T. Savanier,Montpellier,Montpellier vs Red Star,2025-08-09,0.0991256,0.0540441
T. Teuma,Reims,Amiens SC vs Reims,2025-08-11,0.4569284,-0.0738497
T. Teuma,Reims,Reims vs Guingamp,2025-08-16,0.6472831,0.1605656
T. Thomas,Laval,Grenoble vs Laval,2025-08-15,0.0993962,0.004053600000000001
T. Thomas,Laval,Laval vs Saint-Étienne,2025-08-09,0.2067474,-0.054680099999999995
T. Thomas,Laval,Rodez vs Laval,2025-08-22,0.2374841,0.020366000000000002
T. Valls,Grenoble,Clermont vs Grenoble,2025-08-22,0.4150632,0.0920913
T. Valls,Grenoble,Grenoble vs Laval,2025-08-15,0.3318693,0.1579951
T. Valls,Grenoble,Troyes vs Grenoble,2025-08-09,0.1913028,0.011642000000000003
T. Vargas,Laval,Grenoble vs Laval,2025-08-15,0.666457,0.3072974
T. Vargas,Laval,Laval vs Saint-Étienne,2025-08-09,0.1279494,-0.052866899999999994
T. Vargas,Laval,Rodez vs Laval,2025-08-22,0.3399394,-0.2009054
V. Džodić,Montpellier,Montpellier vs Red Star,2025-08-09,0.0678877,0.0011271000000000009
V. Kany,Red Star,Montpellier vs Red Star,2025-08-09,0.0643874,0.0046226
V. Lobry,Amiens SC,Amiens SC vs Annecy,2025-08-22,0.23324730000000002,0.011307600000000004
V. Lobry,Amiens SC,Amiens SC vs Reims,2025-08-11,0.23097710000000002,0.015680100000000002
V. Lobry,Amiens SC,Red Star vs Amiens SC,2025-08-15,0.6657472,0.4920679
V. Pajot,Annecy,Amiens SC vs Annecy,2025-08-22,0.0890158,0.027025400000000005
V. Pajot,Annecy,Annecy vs Dunkerque,2025-08-16,0.2016976,0.0431917
V. Sasso,Dunkerque,Annecy vs Dunkerque,2025-08-16,0.1280797,0.008325799999999998
V. Sasso,Dunkerque,Dunkerque vs Clermont,2025-08-09,0.2430128,0.1520677
V. Sasso,Dunkerque,Dunkerque vs Nancy,2025-08-22,0.1532513,0.0534284
W. Bianda,Laval,Grenoble vs Laval,2025-08-15,0.1734652,0.0648152
W. Bianda,Laval,Rodez vs Laval,2025-08-22,0.104947,0.049781
W. Bouabdeli,Nancy,Dunkerque vs Nancy,2025-08-22,0.2424094,0.044304800000000005
W. Bouabdeli,Nancy,Nancy vs Boulogne,2025-08-15,0.4089911,0.21419209999999997
W. Bouabdeli,Nancy,Rodez vs Nancy,2025-08-09,0.2758387,0.0833108
W. Harhouz,Le Mans,Guingamp vs Le Mans,2025-08-09,0.2328085,0.1813814
W. Harhouz,Le Mans,Le Mans vs Bastia,2025-08-22,0.143521,-0.009496499999999995
W. Kokolo,Laval,Grenoble vs Laval,2025-08-15,0.3244292,0.1009266
W. Kokolo,Laval,Laval vs Saint-Étienne,2025-08-09,0.5046346,0.2540066
W. Kokolo,Laval,Rodez vs Laval,2025-08-22,0.1362141,-0.09124639999999999
Y. Demoncy,Reims,Reims vs Guingamp,2025-08-16,0.032765100000000005,-0.0004309000000000001
Y. Diaby,Grenoble,Clermont vs Grenoble,2025-08-22,0.06202920000000001,0.0560715
Y. Diaby,Grenoble,Grenoble vs Laval,2025-08-15,0.34835530000000003,0.1475105
Y. Diaby,Grenoble,Troyes vs Grenoble,2025-08-09,0.2729452,0.0943284
Y. Ikia Dimi,Amiens SC,Amiens SC vs Annecy,2025-08-22,0.018670100000000002,-0.0435475
Y. Ikia Dimi,Amiens SC,Amiens SC vs Reims,2025-08-11,0.035105399999999995,-0.08922690000000001
Y. Ikia Dimi,Amiens SC,Red Star vs Amiens SC,2025-08-15,0.023707500000000003,-0.032138900000000005
Y. Mouanga,Montpellier,Le Mans vs Montpellier,2025-08-18,0.309877,0.1302649
Y. Mouanga,Montpellier,Montpellier vs Red Star,2025-08-09,0.166925,-0.09803629999999999
Y. Mouanga,Montpellier,Troyes vs Montpellier,2025-08-23,0.1674767,0.0977719
Y. Rafii,Amiens SC,Amiens SC vs Reims,2025-08-11,0.030179400000000002,-0.0396109
Y. Salmier,Clermont,Clermont vs Grenoble,2025-08-22,0.1570529,0.0681975
Y. Salmier,Clermont,Clermont vs Troyes,2025-08-15,0.1817818,0.0766794
Y. Salmier,Clermont,Dunkerque vs Clermont,2025-08-09,0.0957776,-0.0603356
Yohan Tavares,Laval,Grenoble vs Laval,2025-08-15,0.09873950000000001,0.0472823
Yohan Tavares,Laval,Rodez vs Laval,2025-08-22,0.0678854,0.0184289
Z. Ariss,Bastia,Bastia vs Pau,2025-08-15,0.4042798,0.2193578
Z. Ariss,Bastia,Le Mans vs Bastia,2025-08-22,0.3051491,0.1133109
Z. Davitashvili,Saint-Étienne,Boulogne vs Saint-Étienne,2025-08-23,0.8475619,0.03392359999999999
Z. Davitashvili,Saint-Étienne,Laval vs Saint-Étienne,2025-08-09,0.3583419,0.0854982
Z. Davitashvili,Saint-Étienne,Saint-Étienne vs Rodez,2025-08-16,0.4232924,0.1060257
Z. Fdaouch,Nancy,Dunkerque vs Nancy,2025-08-22,0.1087853,0.008617600000000003
Z. Fdaouch,Nancy,Nancy vs Boulogne,2025-08-15,0.3815158,0.082063
Z. Fdaouch,Nancy,Rodez vs Nancy,2025-08-09,0.5148896000000001,0.1432232
Z. Koné,Boulogne,Boulogne vs Saint-Étienne,2025-08-23,0.1480448,-0.2250435
Z. Koné,Boulogne,Nancy vs Boulogne,2025-08-15,0.1423012,0.0415024
Z. Ztouti,Nancy,Nancy vs Boulogne,2025-08-15,0.018330400000000004,0.0042959
Z. Ztouti,Nancy,Rodez vs Nancy,2025-08-09,0.2310751,-0.035909
Íñigo Eguaras,Dunkerque,Dunkerque vs Nancy,2025-08-22,0.1649901,0.0977434
Ć. Suljić,Nancy,Dunkerque vs Nancy,2025-08-22,0.0801929,0.00035830000000000063
Ć. Suljić,Nancy,Nancy vs Boulogne,2025-08-15,0.0926126,-0.0321921
Ć. Suljić,Nancy,Rodez vs Nancy,2025-08-09,0.1960166,0.0005804000000000039
